Tick,TotalEnergy(kWh),AverageEnergy(kWh)
0,2.6220000000000003,1.9487922934267465
1,3.2430000000000003,1.9487922934267465
2,3.2430000000000003,1.9487922934267465
3,3.2430000000000003,1.9487922934267465
4,3.2430000000000003,1.9487922934267465
5,3.2430000000000003,1.9487922934267465
6,3.2430000000000003,1.9487922934267465
7,3.2430000000000003,1.9487922934267465
8,3.2430000000000003,1.9487922934267465
9,3.2430000000000003,1.9487922934267465
10,3.2430000000000003,1.9487922934267465
11,3.2430000000000003,1.9487922934267465
12,3.2430000000000003,1.9487922934267465
13,3.2430000000000003,1.9487922934267465
14,3.2430000000000003,1.9487922934267465
15,3.2430000000000003,1.9487922934267465
16,3.2430000000000003,1.9487922934267465
17,3.2430000000000003,1.9487922934267465
18,3.2430000000000003,1.9487922934267465
19,3.2430000000000003,1.9487922934267465
20,3.2430000000000003,1.9487922934267465
21,3.2430000000000003,1.9487922934267465
22,3.2430000000000003,1.9487922934267465
23,3.2430000000000003,1.9487922934267465
24,3.2430000000000003,1.9487922934267465
25,3.2430000000000003,1.9487922934267465
26,3.2430000000000003,1.9487922934267465
27,3.2430000000000003,1.9487922934267465
28,3.2430000000000003,1.9487922934267465
29,3.2430000000000003,1.9487922934267465
30,3.2430000000000003,1.9487922934267465
31,3.2430000000000003,1.9487922934267465
32,3.2430000000000003,1.9487922934267465
33,3.2430000000000003,1.9487922934267465
34,3.2430000000000003,1.9487922934267465
35,3.2430000000000003,1.9487922934267465
36,3.2430000000000003,1.9487922934267465
37,3.2430000000000003,1.9487922934267465
38,3.2430000000000003,1.9487922934267465
39,3.2430000000000003,1.9487922934267465
40,3.2430000000000003,1.9487922934267465
41,3.2430000000000003,1.9487922934267465
42,3.2430000000000003,1.9487922934267465
43,3.2430000000000003,1.9487922934267465
44,3.2430000000000003,1.9487922934267465
45,3.2430000000000003,1.9487922934267465
46,3.2430000000000003,1.9487922934267465
47,3.2430000000000003,1.9487922934267465
48,3.2430000000000003,1.9487922934267465
49,3.2430000000000003,1.9487922934267465
50,3.2430000000000003,1.9487922934267465
51,3.2430000000000003,1.9487922934267465
52,3.2430000000000003,1.9487922934267465
53,3.2430000000000003,1.9487922934267465
54,3.2430000000000003,1.9487922934267465
55,3.2430000000000003,1.9487922934267465
56,3.2430000000000003,1.9487922934267465
57,3.2430000000000003,1.9487922934267465
58,3.2430000000000003,1.9487922934267465
59,3.2430000000000003,1.9487922934267465
60,3.2430000000000003,1.9487922934267465
61,3.2430000000000003,1.9487922934267465
62,3.2430000000000003,1.9487922934267465
63,3.2430000000000003,1.9487922934267465
64,3.2430000000000003,1.9487922934267465
65,3.2430000000000003,1.9487922934267465
66,3.2430000000000003,1.9487922934267465
67,3.2430000000000003,1.9487922934267465
68,3.2430000000000003,1.9487922934267465
69,3.2430000000000003,1.9487922934267465
70,3.2430000000000003,1.9487922934267465
71,3.2430000000000003,1.9487922934267465
72,3.2430000000000003,1.9487922934267465
73,3.2430000000000003,1.9487922934267465
74,3.2430000000000003,1.9487922934267465
75,3.2430000000000003,1.9487922934267465
76,3.2430000000000003,1.9487922934267465
77,3.2430000000000003,1.9487922934267465
78,3.2430000000000003,1.9487922934267465
79,3.2430000000000003,1.9487922934267465
80,3.2430000000000003,1.9487922934267465
81,3.2430000000000003,1.9487922934267465
82,3.2430000000000003,1.9487922934267465
83,3.2430000000000003,1.9487922934267465
84,3.2430000000000003,1.9487922934267465
85,3.2430000000000003,1.9487922934267465
86,3.2430000000000003,1.9487922934267465
87,3.2430000000000003,1.9487922934267465
88,3.2430000000000003,1.9487922934267465
89,3.2430000000000003,1.9487922934267465
90,3.2430000000000003,1.9487922934267465
91,3.2430000000000003,1.9487922934267465
92,3.2430000000000003,1.9487922934267465
93,3.2430000000000003,1.9487922934267465
94,3.2430000000000003,1.9487922934267465
95,3.2430000000000003,1.9487922934267465
96,3.2430000000000003,1.9487922934267465
97,3.2430000000000003,1.9487922934267465
98,3.2430000000000003,1.9487922934267465
99,3.2430000000000003,1.9487922934267465
100,3.2430000000000003,1.9487922934267465
101,3.2430000000000003,1.9487922934267465
102,3.2430000000000003,1.9487922934267465
103,3.2430000000000003,1.9487922934267465
104,3.2430000000000003,1.9487922934267465
105,3.2430000000000003,1.9487922934267465
106,3.2430000000000003,1.9487922934267465
107,3.2430000000000003,1.9487922934267465
108,3.2430000000000003,1.9487922934267465
109,3.2430000000000003,1.9487922934267465
110,3.2430000000000003,1.9487922934267465
111,3.2430000000000003,1.9487922934267465
112,3.2430000000000003,1.9487922934267465
113,3.2430000000000003,1.9487922934267465
114,3.2430000000000003,1.9487922934267465
115,3.2430000000000003,1.9487922934267465
116,3.2430000000000003,1.9487922934267465
117,3.2430000000000003,1.9487922934267465
118,3.2430000000000003,1.9487922934267465
119,3.2430000000000003,1.9487922934267465
120,3.2430000000000003,1.9487922934267465
121,3.2430000000000003,1.9487922934267465
122,3.2430000000000003,1.9487922934267465
123,3.2430000000000003,1.9487922934267465
124,3.2430000000000003,1.9487922934267465
125,3.2430000000000003,1.9487922934267465
126,3.2430000000000003,1.9487922934267465
127,3.2430000000000003,1.9487922934267465
128,3.2430000000000003,1.9487922934267465
129,3.2430000000000003,1.9487922934267465
130,3.2430000000000003,1.9487922934267465
131,3.2430000000000003,1.9487922934267465
132,3.2430000000000003,1.9487922934267465
133,3.2430000000000003,1.9487922934267465
134,3.2430000000000003,1.9487922934267465
135,3.2430000000000003,1.9487922934267465
136,3.2430000000000003,1.9487922934267465
137,3.2430000000000003,1.9487922934267465
138,3.2430000000000003,1.9487922934267465
139,3.2430000000000003,1.9487922934267465
140,3.2430000000000003,1.9487922934267465
141,3.2430000000000003,1.9487922934267465
142,3.2430000000000003,1.9487922934267465
143,3.2430000000000003,1.9487922934267465
144,3.2430000000000003,1.9487922934267465
145,3.2430000000000003,1.9487922934267465
146,3.2430000000000003,1.9487922934267465
147,3.2430000000000003,1.9487922934267465
148,3.2430000000000003,1.9487922934267465
149,3.2430000000000003,1.9487922934267465
150,3.2430000000000003,1.9487922934267465
151,3.2430000000000003,1.9487922934267465
152,3.2430000000000003,1.9487922934267465
153,3.2430000000000003,1.9487922934267465
154,3.2430000000000003,1.9487922934267465
155,3.2430000000000003,1.9487922934267465
156,3.2430000000000003,1.9487922934267465
157,3.2430000000000003,1.9487922934267465
158,3.2430000000000003,1.9487922934267465
159,3.2430000000000003,1.9487922934267465
160,3.2430000000000003,1.9487922934267465
161,3.2430000000000003,1.9487922934267465
162,3.2430000000000003,1.9487922934267465
163,3.2430000000000003,1.9487922934267465
164,3.2430000000000003,1.9487922934267465
165,3.2430000000000003,1.9487922934267465
166,3.2430000000000003,1.9487922934267465
167,3.2430000000000003,1.9487922934267465
168,3.2430000000000003,1.9487922934267465
169,3.2430000000000003,1.9487922934267465
170,3.2430000000000003,1.9487922934267465
171,3.2430000000000003,1.9487922934267465
172,3.2430000000000003,1.9487922934267465
173,3.2430000000000003,1.9487922934267465
174,3.2430000000000003,1.9487922934267465
175,3.2430000000000003,1.9487922934267465
176,3.2430000000000003,1.9487922934267465
177,3.2430000000000003,1.9487922934267465
178,3.2430000000000003,1.9487922934267465
179,3.2430000000000003,1.9487922934267465
180,3.2430000000000003,1.9487922934267465
181,3.2430000000000003,1.9487922934267465
182,3.2430000000000003,1.9487922934267465
183,3.2430000000000003,1.9487922934267465
184,3.2430000000000003,1.9487922934267465
185,3.2430000000000003,1.9487922934267465
186,3.2430000000000003,1.9487922934267465
187,3.2430000000000003,1.9487922934267465
188,3.2430000000000003,1.9487922934267465
189,3.2430000000000003,1.9487922934267465
190,3.2430000000000003,1.9487922934267465
191,3.2430000000000003,1.9487922934267465
192,3.2430000000000003,1.9487922934267465
193,3.2430000000000003,1.9487922934267465
194,3.2430000000000003,1.9487922934267465
195,3.2430000000000003,1.9487922934267465
196,3.2430000000000003,1.9487922934267465
197,3.2430000000000003,1.9487922934267465
198,3.2430000000000003,1.9487922934267465
199,3.2430000000000003,1.9487922934267465
200,3.2430000000000003,1.9487922934267465
201,3.2430000000000003,1.9487922934267465
202,3.2430000000000003,1.9487922934267465
203,3.2430000000000003,1.9487922934267465
204,3.2430000000000003,1.9487922934267465
205,3.2430000000000003,1.9487922934267465
206,3.2430000000000003,1.9487922934267465
207,3.2430000000000003,1.9487922934267465
208,3.2430000000000003,1.9487922934267465
209,3.2430000000000003,1.9487922934267465
210,3.2430000000000003,1.9487922934267465
211,3.2430000000000003,1.9487922934267465
212,3.2430000000000003,1.9487922934267465
213,3.2430000000000003,1.9487922934267465
214,3.2430000000000003,1.9487922934267465
215,3.2430000000000003,1.9487922934267465
216,3.2430000000000003,1.9487922934267465
217,3.2430000000000003,1.9487922934267465
218,3.2430000000000003,1.9487922934267465
219,3.2430000000000003,1.9487922934267465
220,3.2430000000000003,1.9487922934267465
221,3.2430000000000003,1.9487922934267465
222,3.2430000000000003,1.9487922934267465
223,3.2430000000000003,1.9487922934267465
224,3.2430000000000003,1.9487922934267465
225,3.2430000000000003,1.9487922934267465
226,3.2430000000000003,1.9487922934267465
227,3.2430000000000003,1.9487922934267465
228,3.2430000000000003,1.9487922934267465
229,3.2430000000000003,1.9487922934267465
230,3.2430000000000003,1.9487922934267465
231,3.2430000000000003,1.9487922934267465
232,3.2430000000000003,1.9487922934267465
233,3.2430000000000003,1.9487922934267465
234,3.2430000000000003,1.9487922934267465
235,3.2430000000000003,1.9487922934267465
236,3.2430000000000003,1.9487922934267465
237,3.2430000000000003,1.9487922934267465
238,3.2430000000000003,1.9487922934267465
239,3.2430000000000003,1.9487922934267465
240,3.2430000000000003,1.9487922934267465
241,3.2430000000000003,1.9487922934267465
242,3.2430000000000003,1.9487922934267465
243,3.2430000000000003,1.9487922934267465
244,3.2430000000000003,1.9487922934267465
245,3.2430000000000003,1.9487922934267465
246,3.2430000000000003,1.9487922934267465
247,3.2430000000000003,1.9487922934267465
248,3.2430000000000003,1.9487922934267465
249,3.2430000000000003,1.9487922934267465
250,3.2430000000000003,1.9487922934267465
251,3.2430000000000003,1.9487922934267465
252,3.2430000000000003,1.9487922934267465
253,3.2430000000000003,1.9487922934267465
254,3.2430000000000003,1.9487922934267465
255,3.2430000000000003,1.9487922934267465
256,3.2430000000000003,1.9487922934267465
257,3.2430000000000003,1.9487922934267465
258,3.2430000000000003,1.9487922934267465
259,3.2430000000000003,1.9487922934267465
260,3.2430000000000003,1.9487922934267465
261,3.2430000000000003,1.9487922934267465
262,3.2430000000000003,1.9487922934267465
263,3.2430000000000003,1.9487922934267465
264,3.2430000000000003,1.9487922934267465
265,3.2430000000000003,1.9487922934267465
266,3.2430000000000003,1.9487922934267465
267,3.2430000000000003,1.9487922934267465
268,3.2430000000000003,1.9487922934267465
269,3.2430000000000003,1.9487922934267465
270,3.2430000000000003,1.9487922934267465
271,3.2430000000000003,1.9487922934267465
272,3.2430000000000003,1.9487922934267465
273,3.2430000000000003,1.9487922934267465
274,3.2430000000000003,1.9487922934267465
275,3.2430000000000003,1.9487922934267465
276,3.2430000000000003,1.9487922934267465
277,3.2430000000000003,1.9487922934267465
278,3.2430000000000003,1.9487922934267465
279,3.2430000000000003,1.9487922934267465
280,3.2430000000000003,1.9487922934267465
281,3.2430000000000003,1.9487922934267465
282,3.2430000000000003,1.9487922934267465
283,3.2430000000000003,1.9487922934267465
284,3.2430000000000003,1.9487922934267465
285,3.2430000000000003,1.9487922934267465
286,3.2430000000000003,1.9487922934267465
287,3.2430000000000003,1.9487922934267465
288,3.2430000000000003,1.9487922934267465
289,3.2430000000000003,1.9487922934267465
290,3.2430000000000003,1.9487922934267465
291,3.2430000000000003,1.9487922934267465
292,3.2430000000000003,1.9487922934267465
293,3.2430000000000003,1.9487922934267465
294,3.2430000000000003,1.9487922934267465
295,3.2430000000000003,1.9487922934267465
296,3.2430000000000003,1.9487922934267465
297,3.2430000000000003,1.9487922934267465
298,3.2430000000000003,1.9487922934267465
299,3.2430000000000003,1.9487922934267465
300,3.2430000000000003,1.9487922934267465
301,3.2430000000000003,1.9487922934267465
302,3.2430000000000003,1.9487922934267465
303,3.2430000000000003,1.9487922934267465
304,3.2430000000000003,1.9487922934267465
305,3.2430000000000003,1.9487922934267465
306,3.2430000000000003,1.9487922934267465
307,3.2430000000000003,1.9487922934267465
308,3.2430000000000003,1.9487922934267465
309,3.2430000000000003,1.9487922934267465
310,3.2430000000000003,1.9487922934267465
311,3.2430000000000003,1.9487922934267465
312,3.2430000000000003,1.9487922934267465
313,3.2430000000000003,1.9487922934267465
314,3.2430000000000003,1.9487922934267465
315,3.2430000000000003,1.9487922934267465
316,3.2430000000000003,1.9487922934267465
317,3.2430000000000003,1.9487922934267465
318,3.2430000000000003,1.9487922934267465
319,3.2430000000000003,1.9487922934267465
320,3.2430000000000003,1.9487922934267465
321,3.2430000000000003,1.9487922934267465
322,3.2430000000000003,1.9487922934267465
323,3.2430000000000003,1.9487922934267465
324,3.2430000000000003,1.9487922934267465
325,3.2430000000000003,1.9487922934267465
326,3.2430000000000003,1.9487922934267465
327,3.2430000000000003,1.9487922934267465
328,3.2430000000000003,1.9487922934267465
329,3.2430000000000003,1.9487922934267465
330,3.2430000000000003,1.9487922934267465
331,3.2430000000000003,1.9487922934267465
332,3.2430000000000003,1.9487922934267465
333,3.2430000000000003,1.9487922934267465
334,3.2430000000000003,1.9487922934267465
335,3.2430000000000003,1.9487922934267465
336,3.2430000000000003,1.9487922934267465
337,3.2430000000000003,1.9487922934267465
338,3.2430000000000003,1.9487922934267465
339,3.2430000000000003,1.9487922934267465
340,3.2430000000000003,1.9487922934267465
341,3.2430000000000003,1.9487922934267465
342,3.2430000000000003,1.9487922934267465
343,3.2430000000000003,1.9487922934267465
344,3.2430000000000003,1.9487922934267465
345,3.2430000000000003,1.9487922934267465
346,3.2430000000000003,1.9487922934267465
347,3.2430000000000003,1.9487922934267465
348,3.2430000000000003,1.9487922934267465
349,3.2430000000000003,1.9487922934267465
350,3.2430000000000003,1.9487922934267465
351,3.2430000000000003,1.9487922934267465
352,3.2430000000000003,1.9487922934267465
353,3.2430000000000003,1.9487922934267465
354,3.2430000000000003,1.9487922934267465
355,3.2430000000000003,1.9487922934267465
356,3.2430000000000003,1.9487922934267465
357,3.2430000000000003,1.9487922934267465
358,3.2430000000000003,1.9487922934267465
359,3.2430000000000003,1.9487922934267465
360,3.2430000000000003,1.9487922934267465
361,3.2430000000000003,1.9487922934267465
362,3.2430000000000003,1.9487922934267465
363,3.2430000000000003,1.9487922934267465
364,3.2430000000000003,1.9487922934267465
365,3.2430000000000003,1.9487922934267465
366,3.2430000000000003,1.9487922934267465
367,3.2430000000000003,1.9487922934267465
368,3.2430000000000003,1.9487922934267465
369,3.2430000000000003,1.9487922934267465
370,3.2430000000000003,1.9487922934267465
371,3.2430000000000003,1.9487922934267465
372,3.2430000000000003,1.9487922934267465
373,3.2430000000000003,1.9487922934267465
374,3.2430000000000003,1.9487922934267465
375,3.2430000000000003,1.9487922934267465
376,3.2430000000000003,1.9487922934267465
377,3.2430000000000003,1.9487922934267465
378,3.2430000000000003,1.9487922934267465
379,3.2430000000000003,1.9487922934267465
380,3.2430000000000003,1.9487922934267465
381,3.2430000000000003,1.9487922934267465
382,3.2430000000000003,1.9487922934267465
383,3.2430000000000003,1.9487922934267465
384,3.2430000000000003,1.9487922934267465
385,3.2430000000000003,1.9487922934267465
386,3.2430000000000003,1.9487922934267465
387,3.2430000000000003,1.9487922934267465
388,3.2430000000000003,1.9487922934267465
389,3.2430000000000003,1.9487922934267465
390,3.2430000000000003,1.9487922934267465
391,3.2430000000000003,1.9487922934267465
392,3.2430000000000003,1.9487922934267465
393,3.2430000000000003,1.9487922934267465
394,3.2430000000000003,1.9487922934267465
395,3.2430000000000003,1.9487922934267465
396,3.2430000000000003,1.9487922934267465
397,3.2430000000000003,1.9487922934267465
398,3.2430000000000003,1.9487922934267465
399,3.2430000000000003,1.9487922934267465
400,3.2430000000000003,1.9487922934267465
401,3.2430000000000003,1.9487922934267465
402,3.2430000000000003,1.9487922934267465
403,3.2430000000000003,1.9487922934267465
404,3.2430000000000003,1.9487922934267465
405,3.2430000000000003,1.9487922934267465
406,3.2430000000000003,1.9487922934267465
407,3.2430000000000003,1.9487922934267465
408,3.2430000000000003,1.9487922934267465
409,3.2430000000000003,1.9487922934267465
410,3.2430000000000003,1.9487922934267465
411,3.2430000000000003,1.9487922934267465
412,3.2430000000000003,1.9487922934267465
413,3.2430000000000003,1.9487922934267465
414,3.2430000000000003,1.9487922934267465
415,3.2430000000000003,1.9487922934267465
416,3.2430000000000003,1.9487922934267465
417,3.2430000000000003,1.9487922934267465
418,3.2430000000000003,1.9487922934267465
419,3.2430000000000003,1.9487922934267465
420,3.2430000000000003,1.9487922934267465
421,3.2430000000000003,1.9487922934267465
422,3.2430000000000003,1.9487922934267465
423,3.2430000000000003,1.9487922934267465
424,3.2430000000000003,1.9487922934267465
425,3.2430000000000003,1.9487922934267465
426,3.2430000000000003,1.9487922934267465
427,3.2430000000000003,1.9487922934267465
428,3.2430000000000003,1.9487922934267465
429,3.2430000000000003,1.9487922934267465
430,3.2430000000000003,1.9487922934267465
431,3.2430000000000003,1.9487922934267465
432,3.2430000000000003,1.9487922934267465
433,3.2430000000000003,1.9487922934267465
434,3.2430000000000003,1.9487922934267465
435,3.2430000000000003,1.9487922934267465
436,3.2430000000000003,1.9487922934267465
437,3.2430000000000003,1.9487922934267465
438,3.2430000000000003,1.9487922934267465
439,3.2430000000000003,1.9487922934267465
440,3.2430000000000003,1.9487922934267465
441,3.2430000000000003,1.9487922934267465
442,3.2430000000000003,1.9487922934267465
443,3.2430000000000003,1.9487922934267465
444,3.2430000000000003,1.9487922934267465
445,3.2430000000000003,1.9487922934267465
446,3.2430000000000003,1.9487922934267465
447,3.2430000000000003,1.9487922934267465
448,3.2430000000000003,1.9487922934267465
449,3.2430000000000003,1.9487922934267465
450,3.2430000000000003,1.9487922934267465
451,3.2430000000000003,1.9487922934267465
452,3.2430000000000003,1.9487922934267465
453,3.2430000000000003,1.9487922934267465
454,3.2430000000000003,1.9487922934267465
455,3.2430000000000003,1.9487922934267465
456,3.2430000000000003,1.9487922934267465
457,3.2430000000000003,1.9487922934267465
458,3.2430000000000003,1.9487922934267465
459,3.2430000000000003,1.9487922934267465
460,3.2430000000000003,1.9487922934267465
461,3.2430000000000003,1.9487922934267465
462,3.2430000000000003,1.9487922934267465
463,3.2430000000000003,1.9487922934267465
464,3.2430000000000003,1.9487922934267465
465,3.2430000000000003,1.9487922934267465
466,3.2430000000000003,1.9487922934267465
467,3.2430000000000003,1.9487922934267465
468,3.2430000000000003,1.9487922934267465
469,3.2430000000000003,1.9487922934267465
470,3.2430000000000003,1.9487922934267465
471,3.2430000000000003,1.9487922934267465
472,3.2430000000000003,1.9487922934267465
473,3.2430000000000003,1.9487922934267465
474,3.2430000000000003,1.9487922934267465
475,3.2430000000000003,1.9487922934267465
476,3.2430000000000003,1.9487922934267465
477,3.2430000000000003,1.9487922934267465
478,3.2430000000000003,1.9487922934267465
479,3.2430000000000003,1.9487922934267465
480,3.2430000000000003,1.9487922934267465
481,3.2430000000000003,1.9487922934267465
482,3.2430000000000003,1.9487922934267465
483,3.2430000000000003,1.9487922934267465
484,3.2430000000000003,1.9487922934267465
485,3.2430000000000003,1.9487922934267465
486,3.2430000000000003,1.9487922934267465
487,3.2430000000000003,1.9487922934267465
488,3.2430000000000003,1.9487922934267465
489,3.2430000000000003,1.9487922934267465
490,3.2430000000000003,1.9487922934267465
491,3.2430000000000003,1.9487922934267465
492,3.2430000000000003,1.9487922934267465
493,3.2430000000000003,1.9487922934267465
494,3.2430000000000003,1.9487922934267465
495,3.2430000000000003,1.9487922934267465
496,3.2430000000000003,1.9487922934267465
497,3.2430000000000003,1.9487922934267465
498,3.2430000000000003,1.9487922934267465
499,3.2430000000000003,1.9487922934267465
500,3.2430000000000003,1.9487922934267465
501,3.2430000000000003,1.9487922934267465
502,3.2430000000000003,1.9487922934267465
503,3.2430000000000003,1.9487922934267465
504,3.2430000000000003,1.9487922934267465
505,3.2430000000000003,1.9487922934267465
506,3.2430000000000003,1.9487922934267465
507,3.2430000000000003,1.9487922934267465
508,3.2430000000000003,1.9487922934267465
509,3.2430000000000003,1.9487922934267465
510,3.2430000000000003,1.9487922934267465
511,3.2430000000000003,1.9487922934267465
512,3.2430000000000003,1.9487922934267465
513,3.2430000000000003,1.9487922934267465
514,3.2430000000000003,1.9487922934267465
515,3.2430000000000003,1.9487922934267465
516,3.2430000000000003,1.9487922934267465
517,3.2430000000000003,1.9487922934267465
518,3.2430000000000003,1.9487922934267465
519,3.2430000000000003,1.9487922934267465
520,3.2430000000000003,1.9487922934267465
521,3.2430000000000003,1.9487922934267465
522,3.2430000000000003,1.9487922934267465
523,3.2430000000000003,1.9487922934267465
524,3.2430000000000003,1.9487922934267465
525,3.2430000000000003,1.9487922934267465
526,3.2430000000000003,1.9487922934267465
527,3.2430000000000003,1.9487922934267465
528,3.2430000000000003,1.9487922934267465
529,3.2430000000000003,1.9487922934267465
530,3.2430000000000003,1.9487922934267465
531,3.2430000000000003,1.9487922934267465
532,3.2430000000000003,1.9487922934267465
533,3.2430000000000003,1.9487922934267465
534,3.2430000000000003,1.9487922934267465
535,3.2430000000000003,1.9487922934267465
536,3.2430000000000003,1.9487922934267465
537,3.2430000000000003,1.9487922934267465
538,3.2430000000000003,1.9487922934267465
539,3.2430000000000003,1.9487922934267465
540,3.2430000000000003,1.9487922934267465
541,3.2430000000000003,1.9487922934267465
542,3.2430000000000003,1.9487922934267465
543,3.2430000000000003,1.9487922934267465
544,3.2430000000000003,1.9487922934267465
545,3.2430000000000003,1.9487922934267465
546,3.2430000000000003,1.9487922934267465
547,3.2430000000000003,1.9487922934267465
548,3.2430000000000003,1.9487922934267465
549,3.2430000000000003,1.9487922934267465
550,3.2430000000000003,1.9487922934267465
551,3.2430000000000003,1.9487922934267465
552,3.2430000000000003,1.9487922934267465
553,3.2430000000000003,1.9487922934267465
554,3.2430000000000003,1.9487922934267465
555,3.2430000000000003,1.9487922934267465
556,3.2430000000000003,1.9487922934267465
557,3.2430000000000003,1.9487922934267465
558,3.2430000000000003,1.9487922934267465
559,3.2430000000000003,1.9487922934267465
560,3.2430000000000003,1.9487922934267465
561,3.2430000000000003,1.9487922934267465
562,3.2430000000000003,1.9487922934267465
563,3.2430000000000003,1.9487922934267465
564,3.2430000000000003,1.9487922934267465
565,3.2430000000000003,1.9487922934267465
566,3.2430000000000003,1.9487922934267465
567,3.2430000000000003,1.9487922934267465
568,3.2430000000000003,1.9487922934267465
569,3.2430000000000003,1.9487922934267465
570,3.2430000000000003,1.9487922934267465
571,3.2430000000000003,1.9487922934267465
572,3.2430000000000003,1.9487922934267465
573,3.2430000000000003,1.9487922934267465
574,3.2430000000000003,1.9487922934267465
575,3.2430000000000003,1.9487922934267465
576,3.2430000000000003,1.9487922934267465
577,3.2430000000000003,1.9487922934267465
578,3.2430000000000003,1.9487922934267465
579,3.2430000000000003,1.9487922934267465
580,3.2430000000000003,1.9487922934267465
581,3.2430000000000003,1.9487922934267465
582,3.2430000000000003,1.9487922934267465
583,3.2430000000000003,1.9487922934267465
584,3.2430000000000003,1.9487922934267465
585,3.2430000000000003,1.9487922934267465
586,3.2430000000000003,1.9487922934267465
587,3.2430000000000003,1.9487922934267465
588,3.2430000000000003,1.9487922934267465
589,3.2430000000000003,1.9487922934267465
590,3.2430000000000003,1.9487922934267465
591,3.2430000000000003,1.9487922934267465
592,3.2430000000000003,1.9487922934267465
593,3.2430000000000003,1.9487922934267465
594,3.2430000000000003,1.9487922934267465
595,3.2430000000000003,1.9487922934267465
596,3.2430000000000003,1.9487922934267465
597,3.2430000000000003,1.9487922934267465
598,3.2430000000000003,1.9487922934267465
599,3.2430000000000003,1.9487922934267465
600,3.2430000000000003,1.9487922934267465
601,3.2430000000000003,1.9487922934267465
602,3.2430000000000003,1.9487922934267465
603,3.2430000000000003,1.9487922934267465
604,3.2430000000000003,1.9487922934267465
605,3.2430000000000003,1.9487922934267465
606,3.2430000000000003,1.9487922934267465
607,3.2430000000000003,1.9487922934267465
608,3.2430000000000003,1.9487922934267465
609,3.2430000000000003,1.9487922934267465
610,3.2430000000000003,1.9487922934267465
611,3.2430000000000003,1.9487922934267465
612,3.2430000000000003,1.9487922934267465
613,3.2430000000000003,1.9487922934267465
614,3.2430000000000003,1.9487922934267465
615,3.2430000000000003,1.9487922934267465
616,3.2430000000000003,1.9487922934267465
617,3.2430000000000003,1.9487922934267465
618,3.2430000000000003,1.9487922934267465
619,3.2430000000000003,1.9487922934267465
620,3.2430000000000003,1.9487922934267465
621,3.2430000000000003,1.9487922934267465
622,3.2430000000000003,1.9487922934267465
623,3.2430000000000003,1.9487922934267465
624,3.2430000000000003,1.9487922934267465
625,3.2430000000000003,1.9487922934267465
626,3.2430000000000003,1.9487922934267465
627,3.2430000000000003,1.9487922934267465
628,3.2430000000000003,1.9487922934267465
629,3.2430000000000003,1.9487922934267465
630,3.2430000000000003,1.9487922934267465
631,3.2430000000000003,1.9487922934267465
632,3.2430000000000003,1.9487922934267465
633,3.2430000000000003,1.9487922934267465
634,3.2430000000000003,1.9487922934267465
635,3.2430000000000003,1.9487922934267465
636,3.2430000000000003,1.9487922934267465
637,3.2430000000000003,1.9487922934267465
638,3.2430000000000003,1.9487922934267465
639,3.2430000000000003,1.9487922934267465
640,3.2430000000000003,1.9487922934267465
641,3.2430000000000003,1.9487922934267465
642,3.2430000000000003,1.9487922934267465
643,3.2430000000000003,1.9487922934267465
644,3.2430000000000003,1.9487922934267465
645,3.2430000000000003,1.9487922934267465
646,3.2430000000000003,1.9487922934267465
647,3.2430000000000003,1.9487922934267465
648,3.2430000000000003,1.9487922934267465
649,3.2430000000000003,1.9487922934267465
650,3.2430000000000003,1.9487922934267465
651,3.2430000000000003,1.9487922934267465
652,3.2430000000000003,1.9487922934267465
653,3.2430000000000003,1.9487922934267465
654,3.2430000000000003,1.9487922934267465
655,3.2430000000000003,1.9487922934267465
656,3.2430000000000003,1.9487922934267465
657,3.2430000000000003,1.9487922934267465
658,3.2430000000000003,1.9487922934267465
659,3.2430000000000003,1.9487922934267465
660,3.2430000000000003,1.9487922934267465
661,3.2430000000000003,1.9487922934267465
662,3.2430000000000003,1.9487922934267465
663,3.2430000000000003,1.9487922934267465
664,3.2430000000000003,1.9487922934267465
665,3.2430000000000003,1.9487922934267465
666,3.2430000000000003,1.9487922934267465
667,3.2430000000000003,1.9487922934267465
668,3.2430000000000003,1.9487922934267465
669,3.2430000000000003,1.9487922934267465
670,3.2430000000000003,1.9487922934267465
671,3.2430000000000003,1.9487922934267465
672,3.2430000000000003,1.9487922934267465
673,3.2430000000000003,1.9487922934267465
674,3.2430000000000003,1.9487922934267465
675,3.2430000000000003,1.9487922934267465
676,3.2430000000000003,1.9487922934267465
677,3.2430000000000003,1.9487922934267465
678,3.2430000000000003,1.9487922934267465
679,3.2430000000000003,1.9487922934267465
680,3.2430000000000003,1.9487922934267465
681,3.2430000000000003,1.9487922934267465
682,3.2430000000000003,1.9487922934267465
683,3.2430000000000003,1.9487922934267465
684,3.2430000000000003,1.9487922934267465
685,3.2430000000000003,1.9487922934267465
686,3.2430000000000003,1.9487922934267465
687,3.2430000000000003,1.9487922934267465
688,3.2430000000000003,1.9487922934267465
689,3.2430000000000003,1.9487922934267465
690,3.2430000000000003,1.9487922934267465
691,3.2430000000000003,1.9487922934267465
692,3.2430000000000003,1.9487922934267465
693,3.2430000000000003,1.9487922934267465
694,3.2430000000000003,1.9487922934267465
695,3.2430000000000003,1.9487922934267465
696,3.2430000000000003,1.9487922934267465
697,3.2430000000000003,1.9487922934267465
698,3.2430000000000003,1.9487922934267465
699,3.2430000000000003,1.9487922934267465
700,3.2430000000000003,1.9487922934267465
701,3.2430000000000003,1.9487922934267465
702,3.2430000000000003,1.9487922934267465
703,3.2430000000000003,1.9487922934267465
704,3.2430000000000003,1.9487922934267465
705,3.2430000000000003,1.9487922934267465
706,3.2430000000000003,1.9487922934267465
707,3.2430000000000003,1.9487922934267465
708,3.2430000000000003,1.9487922934267465
709,3.2430000000000003,1.9487922934267465
710,3.2430000000000003,1.9487922934267465
711,3.2430000000000003,1.9487922934267465
712,3.2430000000000003,1.9487922934267465
713,3.2430000000000003,1.9487922934267465
714,3.2430000000000003,1.9487922934267465
715,3.2430000000000003,1.9487922934267465
716,3.2430000000000003,1.9487922934267465
717,3.2430000000000003,1.9487922934267465
718,3.2430000000000003,1.9487922934267465
719,3.2430000000000003,1.9487922934267465
720,3.2430000000000003,1.9487922934267465
721,3.2430000000000003,1.9487922934267465
722,3.2430000000000003,1.9487922934267465
723,3.2430000000000003,1.9487922934267465
724,3.2430000000000003,1.9487922934267465
725,3.2430000000000003,1.9487922934267465
726,3.2430000000000003,1.9487922934267465
727,3.2430000000000003,1.9487922934267465
728,3.2430000000000003,1.9487922934267465
729,3.2430000000000003,1.9487922934267465
730,3.2430000000000003,1.9487922934267465
731,3.2430000000000003,1.9487922934267465
732,3.2430000000000003,1.9487922934267465
733,3.2430000000000003,1.9487922934267465
734,3.2430000000000003,1.9487922934267465
735,3.2430000000000003,1.9487922934267465
736,3.2430000000000003,1.9487922934267465
737,3.2430000000000003,1.9487922934267465
738,3.2430000000000003,1.9487922934267465
739,3.2430000000000003,1.9487922934267465
740,3.2430000000000003,1.9487922934267465
741,3.2430000000000003,1.9487922934267465
742,3.2430000000000003,1.9487922934267465
743,3.2430000000000003,1.9487922934267465
744,3.2430000000000003,1.9487922934267465
745,3.2430000000000003,1.9487922934267465
746,3.2430000000000003,1.9487922934267465
747,3.2430000000000003,1.9487922934267465
748,3.2430000000000003,1.9487922934267465
749,3.2430000000000003,1.9487922934267465
750,3.2430000000000003,1.9487922934267465
751,3.2430000000000003,1.9487922934267465
752,3.2430000000000003,1.9487922934267465
753,3.2430000000000003,1.9487922934267465
754,3.2430000000000003,1.9487922934267465
755,3.2430000000000003,1.9487922934267465
756,3.2430000000000003,1.9487922934267465
757,3.2430000000000003,1.9487922934267465
758,3.2430000000000003,1.9487922934267465
759,3.2430000000000003,1.9487922934267465
760,3.2430000000000003,1.9487922934267465
761,3.2430000000000003,1.9487922934267465
762,3.2430000000000003,1.9487922934267465
763,3.2430000000000003,1.9487922934267465
764,3.2430000000000003,1.9487922934267465
765,3.2430000000000003,1.9487922934267465
766,3.2430000000000003,1.9487922934267465
767,3.2430000000000003,1.9487922934267465
768,3.2430000000000003,1.9487922934267465
769,3.2430000000000003,1.9487922934267465
770,3.2430000000000003,1.9487922934267465
771,3.2430000000000003,1.9487922934267465
772,3.2430000000000003,1.9487922934267465
773,3.2430000000000003,1.9487922934267465
774,3.2430000000000003,1.9487922934267465
775,3.2430000000000003,1.9487922934267465
776,3.2430000000000003,1.9487922934267465
777,3.2430000000000003,1.9487922934267465
778,3.2430000000000003,1.9487922934267465
779,3.2430000000000003,1.9487922934267465
780,3.2430000000000003,1.9487922934267465
781,3.2430000000000003,1.9487922934267465
782,3.2430000000000003,1.9487922934267465
783,3.2430000000000003,1.9487922934267465
784,3.2430000000000003,1.9487922934267465
785,3.2430000000000003,1.9487922934267465
786,3.2430000000000003,1.9487922934267465
787,3.2430000000000003,1.9487922934267465
788,3.2430000000000003,1.9487922934267465
789,3.2430000000000003,1.9487922934267465
790,3.2430000000000003,1.9487922934267465
791,3.2430000000000003,1.9487922934267465
792,3.2430000000000003,1.9487922934267465
793,3.2430000000000003,1.9487922934267465
794,3.2430000000000003,1.9487922934267465
795,3.2430000000000003,1.9487922934267465
796,3.2430000000000003,1.9487922934267465
797,3.2430000000000003,1.9487922934267465
798,3.2430000000000003,1.9487922934267465
799,3.2430000000000003,1.9487922934267465
800,3.2430000000000003,1.9487922934267465
801,3.2430000000000003,1.9487922934267465
802,3.2430000000000003,1.9487922934267465
803,3.2430000000000003,1.9487922934267465
804,3.2430000000000003,1.9487922934267465
805,3.2430000000000003,1.9487922934267465
806,3.2430000000000003,1.9487922934267465
807,3.2430000000000003,1.9487922934267465
808,3.2430000000000003,1.9487922934267465
809,3.2430000000000003,1.9487922934267465
810,3.2430000000000003,1.9487922934267465
811,3.2430000000000003,1.9487922934267465
812,3.2430000000000003,1.9487922934267465
813,3.2430000000000003,1.9487922934267465
814,3.2430000000000003,1.9487922934267465
815,3.2430000000000003,1.9487922934267465
816,3.2430000000000003,1.9487922934267465
817,3.2430000000000003,1.9487922934267465
818,3.2430000000000003,1.9487922934267465
819,3.2430000000000003,1.9487922934267465
820,3.2430000000000003,1.9487922934267465
821,3.2430000000000003,1.9487922934267465
822,3.2430000000000003,1.9487922934267465
823,3.2430000000000003,1.9487922934267465
824,3.2430000000000003,1.9487922934267465
825,3.2430000000000003,1.9487922934267465
826,3.2430000000000003,1.9487922934267465
827,3.2430000000000003,1.9487922934267465
828,3.2430000000000003,1.9487922934267465
829,3.2430000000000003,1.9487922934267465
830,3.2430000000000003,1.9487922934267465
831,3.2430000000000003,1.9487922934267465
832,3.2430000000000003,1.9487922934267465
833,3.2430000000000003,1.9487922934267465
834,3.2430000000000003,1.9487922934267465
835,3.2430000000000003,1.9487922934267465
836,3.2430000000000003,1.9487922934267465
837,3.2430000000000003,1.9487922934267465
838,3.2430000000000003,1.9487922934267465
839,3.2430000000000003,1.9487922934267465
840,3.2430000000000003,1.9487922934267465
841,3.2430000000000003,1.9487922934267465
842,3.2430000000000003,1.9487922934267465
843,3.2430000000000003,1.9487922934267465
844,3.2430000000000003,1.9487922934267465
845,3.2430000000000003,1.9487922934267465
846,3.2430000000000003,1.9487922934267465
847,3.2430000000000003,1.9487922934267465
848,3.2430000000000003,1.9487922934267465
849,3.2430000000000003,1.9487922934267465
850,3.2430000000000003,1.9487922934267465
851,3.2430000000000003,1.9487922934267465
852,3.2430000000000003,1.9487922934267465
853,3.2430000000000003,1.9487922934267465
854,3.2430000000000003,1.9487922934267465
855,3.2430000000000003,1.9487922934267465
856,3.2430000000000003,1.9487922934267465
857,3.2430000000000003,1.9487922934267465
858,3.2430000000000003,1.9487922934267465
859,3.2430000000000003,1.9487922934267465
860,3.2430000000000003,1.9487922934267465
861,3.2430000000000003,1.9487922934267465
862,3.2430000000000003,1.9487922934267465
863,3.2430000000000003,1.9487922934267465
864,3.2430000000000003,1.9487922934267465
865,3.2430000000000003,1.9487922934267465
866,3.2430000000000003,1.9487922934267465
867,3.2430000000000003,1.9487922934267465
868,3.2430000000000003,1.9487922934267465
869,3.2430000000000003,1.9487922934267465
870,3.2430000000000003,1.9487922934267465
871,3.2430000000000003,1.9487922934267465
872,3.2430000000000003,1.9487922934267465
873,3.2430000000000003,1.9487922934267465
874,3.2430000000000003,1.9487922934267465
875,3.2430000000000003,1.9487922934267465
876,3.2430000000000003,1.9487922934267465
877,3.2430000000000003,1.9487922934267465
878,3.2430000000000003,1.9487922934267465
879,3.2430000000000003,1.9487922934267465
880,3.2430000000000003,1.9487922934267465
881,3.2430000000000003,1.9487922934267465
882,3.2430000000000003,1.9487922934267465
883,3.2430000000000003,1.9487922934267465
884,3.2430000000000003,1.9487922934267465
885,3.2430000000000003,1.9487922934267465
886,3.2430000000000003,1.9487922934267465
887,3.2430000000000003,1.9487922934267465
888,3.2430000000000003,1.9487922934267465
889,3.2430000000000003,1.9487922934267465
890,3.2430000000000003,1.9487922934267465
891,3.2430000000000003,1.9487922934267465
892,3.2430000000000003,1.9487922934267465
893,3.2430000000000003,1.9487922934267465
894,3.2430000000000003,1.9487922934267465
895,3.2430000000000003,1.9487922934267465
896,3.2430000000000003,1.9487922934267465
897,3.2430000000000003,1.9487922934267465
898,3.2430000000000003,1.9487922934267465
899,3.2430000000000003,1.9487922934267465
900,3.2430000000000003,1.9487922934267465
901,3.2430000000000003,1.9487922934267465
902,3.2430000000000003,1.9487922934267465
903,3.2430000000000003,1.9487922934267465
904,3.2430000000000003,1.9487922934267465
905,3.2430000000000003,1.9487922934267465
906,3.2430000000000003,1.9487922934267465
907,3.2430000000000003,1.9487922934267465
908,3.2430000000000003,1.9487922934267465
909,3.2430000000000003,1.9487922934267465
910,3.2430000000000003,1.9487922934267465
911,3.2430000000000003,1.9487922934267465
912,3.2430000000000003,1.9487922934267465
913,3.2430000000000003,1.9487922934267465
914,3.2430000000000003,1.9487922934267465
915,3.2430000000000003,1.9487922934267465
916,3.2430000000000003,1.9487922934267465
917,3.2430000000000003,1.9487922934267465
918,3.2430000000000003,1.9487922934267465
919,3.2430000000000003,1.9487922934267465
920,3.2430000000000003,1.9487922934267465
921,3.2430000000000003,1.9487922934267465
922,3.2430000000000003,1.9487922934267465
923,3.2430000000000003,1.9487922934267465
924,3.2430000000000003,1.9487922934267465
925,3.2430000000000003,1.9487922934267465
926,3.2430000000000003,1.9487922934267465
927,3.2430000000000003,1.9487922934267465
928,3.2430000000000003,1.9487922934267465
929,3.2430000000000003,1.9487922934267465
930,3.2430000000000003,1.9487922934267465
931,3.2430000000000003,1.9487922934267465
932,3.2430000000000003,1.9487922934267465
933,3.2430000000000003,1.9487922934267465
934,3.2430000000000003,1.9487922934267465
935,3.2430000000000003,1.9487922934267465
936,3.2430000000000003,1.9487922934267465
937,3.2430000000000003,1.9487922934267465
938,3.2430000000000003,1.9487922934267465
939,3.2430000000000003,1.9487922934267465
940,3.2430000000000003,1.9487922934267465
941,3.2430000000000003,1.9487922934267465
942,3.2430000000000003,1.9487922934267465
943,3.2430000000000003,1.9487922934267465
944,3.2430000000000003,1.9487922934267465
945,3.2430000000000003,1.9487922934267465
946,3.2430000000000003,1.9487922934267465
947,3.2430000000000003,1.9487922934267465
948,3.2430000000000003,1.9487922934267465
949,3.2430000000000003,1.9487922934267465
950,3.2430000000000003,1.9487922934267465
951,3.2430000000000003,1.9487922934267465
952,3.2430000000000003,1.9487922934267465
953,3.2430000000000003,1.9487922934267465
954,3.2430000000000003,1.9487922934267465
955,3.2430000000000003,1.9487922934267465
956,3.2430000000000003,1.9487922934267465
957,3.2430000000000003,1.9487922934267465
958,3.2430000000000003,1.9487922934267465
959,3.2430000000000003,1.9487922934267465
960,3.2430000000000003,1.9487922934267465
961,3.2430000000000003,1.9487922934267465
962,3.2430000000000003,1.9487922934267465
963,3.2430000000000003,1.9487922934267465
964,3.2430000000000003,1.9487922934267465
965,3.2430000000000003,1.9487922934267465
966,3.2430000000000003,1.9487922934267465
967,3.2430000000000003,1.9487922934267465
968,3.2430000000000003,1.9487922934267465
969,3.2430000000000003,1.9487922934267465
970,3.2430000000000003,1.9487922934267465
971,3.2430000000000003,1.9487922934267465
972,3.2430000000000003,1.9487922934267465
973,3.2430000000000003,1.9487922934267465
974,3.2430000000000003,1.9487922934267465
975,3.2430000000000003,1.9487922934267465
976,3.2430000000000003,1.9487922934267465
977,3.2430000000000003,1.9487922934267465
978,3.2430000000000003,1.9487922934267465
979,3.2430000000000003,1.9487922934267465
980,3.2430000000000003,1.9487922934267465
981,3.2430000000000003,1.9487922934267465
982,3.2430000000000003,1.9487922934267465
983,3.2430000000000003,1.9487922934267465
984,3.2430000000000003,1.9487922934267465
985,3.2430000000000003,1.9487922934267465
986,3.2430000000000003,1.9487922934267465
987,3.2430000000000003,1.9487922934267465
988,3.2430000000000003,1.9487922934267465
989,3.2430000000000003,1.9487922934267465
990,3.2430000000000003,1.9487922934267465
991,3.2430000000000003,1.9487922934267465
992,3.2430000000000003,1.9487922934267465
993,3.2430000000000003,1.9487922934267465
994,3.2430000000000003,1.9487922934267465
995,3.2430000000000003,1.9487922934267465
996,3.2430000000000003,1.9487922934267465
997,3.2430000000000003,1.9487922934267465
998,3.2430000000000003,1.9487922934267465
999,3.2430000000000003,1.9487922934267465
1000,3.2430000000000003,1.9487922934267465
1001,3.2430000000000003,1.9487922934267465
1002,3.2430000000000003,1.9487922934267465
1003,3.2430000000000003,1.9487922934267465
1004,3.2430000000000003,1.9487922934267465
1005,3.2430000000000003,1.9487922934267465
1006,3.2430000000000003,1.9487922934267465
1007,3.2430000000000003,1.9487922934267465
1008,3.2430000000000003,1.9487922934267465
1009,3.2220000000000004,1.9487922934267465
1010,3.1080000000000005,1.9487922934267465
1011,3.1080000000000005,1.9487922934267465
1012,3.1080000000000005,1.9487922934267465
1013,3.1080000000000005,1.9487922934267465
1014,3.1080000000000005,1.9487922934267465
1015,3.1080000000000005,1.9487922934267465
1016,3.1080000000000005,1.9487922934267465
1017,3.1080000000000005,1.9487922934267465
1018,3.1080000000000005,1.9487922934267465
1019,3.1080000000000005,1.9487922934267465
1020,3.1080000000000005,1.9487922934267465
1021,3.1080000000000005,1.9487922934267465
1022,3.1080000000000005,1.9487922934267465
1023,3.1080000000000005,1.9487922934267465
1024,3.1080000000000005,1.9487922934267465
1025,3.1080000000000005,1.9487922934267465
1026,3.1080000000000005,1.9487922934267465
1027,3.1080000000000005,1.9487922934267465
1028,3.1080000000000005,1.9487922934267465
1029,3.1080000000000005,1.9487922934267465
1030,3.1080000000000005,1.9487922934267465
1031,3.1080000000000005,1.9487922934267465
1032,3.1080000000000005,1.9487922934267465
1033,3.1080000000000005,1.9487922934267465
1034,3.1080000000000005,1.9487922934267465
1035,3.1080000000000005,1.9487922934267465
1036,3.1080000000000005,1.9487922934267465
1037,3.1080000000000005,1.9487922934267465
1038,3.1080000000000005,1.9487922934267465
1039,3.1080000000000005,1.9487922934267465
1040,3.1080000000000005,1.9487922934267465
1041,3.1080000000000005,1.9487922934267465
1042,3.1080000000000005,1.9487922934267465
1043,3.1080000000000005,1.9487922934267465
1044,3.1080000000000005,1.9487922934267465
1045,3.1080000000000005,1.9487922934267465
1046,3.1080000000000005,1.9487922934267465
1047,3.1080000000000005,1.9487922934267465
1048,3.1080000000000005,1.9487922934267465
1049,3.1080000000000005,1.9487922934267465
1050,3.1080000000000005,1.9487922934267465
1051,3.1080000000000005,1.9487922934267465
1052,3.1080000000000005,1.9487922934267465
1053,3.1080000000000005,1.9487922934267465
1054,3.1080000000000005,1.9487922934267465
1055,3.1080000000000005,1.9487922934267465
1056,3.1080000000000005,1.9487922934267465
1057,3.1080000000000005,1.9487922934267465
1058,3.1080000000000005,1.9487922934267465
1059,3.1080000000000005,1.9487922934267465
1060,3.1080000000000005,1.9487922934267465
1061,3.1080000000000005,1.9487922934267465
1062,3.1080000000000005,1.9487922934267465
1063,3.1080000000000005,1.9487922934267465
1064,3.1080000000000005,1.9487922934267465
1065,3.1080000000000005,1.9487922934267465
1066,3.1080000000000005,1.9487922934267465
1067,3.1080000000000005,1.9487922934267465
1068,3.1080000000000005,1.9487922934267465
1069,3.1080000000000005,1.9487922934267465
1070,3.1080000000000005,1.9487922934267465
1071,3.1080000000000005,1.9487922934267465
1072,3.1080000000000005,1.9487922934267465
1073,3.1080000000000005,1.9487922934267465
1074,3.1080000000000005,1.9487922934267465
1075,3.1080000000000005,1.9487922934267465
1076,3.1080000000000005,1.9487922934267465
1077,3.1080000000000005,1.9487922934267465
1078,3.1080000000000005,1.9487922934267465
1079,3.1080000000000005,1.9487922934267465
1080,3.1080000000000005,1.9487922934267465
1081,3.1080000000000005,1.9487922934267465
1082,3.1080000000000005,1.9487922934267465
1083,3.1080000000000005,1.9487922934267465
1084,3.1080000000000005,1.9487922934267465
1085,3.1080000000000005,1.9487922934267465
1086,3.1080000000000005,1.9487922934267465
1087,3.1080000000000005,1.9487922934267465
1088,3.1080000000000005,1.9487922934267465
1089,3.1080000000000005,1.9487922934267465
1090,3.1080000000000005,1.9487922934267465
1091,3.1080000000000005,1.9487922934267465
1092,3.1080000000000005,1.9487922934267465
1093,3.1080000000000005,1.9487922934267465
1094,3.1080000000000005,1.9487922934267465
1095,3.1080000000000005,1.9487922934267465
1096,3.1080000000000005,1.9487922934267465
1097,3.1080000000000005,1.9487922934267465
1098,3.1080000000000005,1.9487922934267465
1099,3.1080000000000005,1.9487922934267465
1100,3.1080000000000005,1.9487922934267465
1101,3.1080000000000005,1.9487922934267465
1102,3.1080000000000005,1.9487922934267465
1103,3.1080000000000005,1.9487922934267465
1104,3.1080000000000005,1.9487922934267465
1105,3.1080000000000005,1.9487922934267465
1106,3.1080000000000005,1.9487922934267465
1107,3.1080000000000005,1.9487922934267465
1108,3.1080000000000005,1.9487922934267465
1109,3.1080000000000005,1.9487922934267465
1110,3.1080000000000005,1.9487922934267465
1111,3.1080000000000005,1.9487922934267465
1112,3.1080000000000005,1.9487922934267465
1113,3.1080000000000005,1.9487922934267465
1114,3.1080000000000005,1.9487922934267465
1115,3.1080000000000005,1.9487922934267465
1116,3.1080000000000005,1.9487922934267465
1117,3.1080000000000005,1.9487922934267465
1118,3.1080000000000005,1.9487922934267465
1119,3.1080000000000005,1.9487922934267465
1120,3.1080000000000005,1.9487922934267465
1121,3.1080000000000005,1.9487922934267465
1122,3.1080000000000005,1.9487922934267465
1123,3.1080000000000005,1.9487922934267465
1124,3.1080000000000005,1.9487922934267465
1125,3.1080000000000005,1.9487922934267465
1126,3.1080000000000005,1.9487922934267465
1127,3.1080000000000005,1.9487922934267465
1128,3.1080000000000005,1.9487922934267465
1129,3.1080000000000005,1.9487922934267465
1130,3.1080000000000005,1.9487922934267465
1131,3.1080000000000005,1.9487922934267465
1132,3.1080000000000005,1.9487922934267465
1133,3.1080000000000005,1.9487922934267465
1134,3.1080000000000005,1.9487922934267465
1135,3.1080000000000005,1.9487922934267465
1136,3.1080000000000005,1.9487922934267465
1137,3.1080000000000005,1.9487922934267465
1138,3.1080000000000005,1.9487922934267465
1139,3.1080000000000005,1.9487922934267465
1140,3.1080000000000005,1.9487922934267465
1141,3.1080000000000005,1.9487922934267465
1142,3.1080000000000005,1.9487922934267465
1143,3.1080000000000005,1.9487922934267465
1144,3.1080000000000005,1.9487922934267465
1145,3.1080000000000005,1.9487922934267465
1146,3.1080000000000005,1.9487922934267465
1147,3.1080000000000005,1.9487922934267465
1148,3.1080000000000005,1.9487922934267465
1149,3.1080000000000005,1.9487922934267465
1150,3.1080000000000005,1.9487922934267465
1151,3.1080000000000005,1.9487922934267465
1152,3.1080000000000005,1.9487922934267465
1153,3.1080000000000005,1.9487922934267465
1154,3.1080000000000005,1.9487922934267465
1155,3.1080000000000005,1.9487922934267465
1156,3.1080000000000005,1.9487922934267465
1157,3.1080000000000005,1.9487922934267465
1158,3.1080000000000005,1.9487922934267465
1159,3.1080000000000005,1.9487922934267465
1160,3.1080000000000005,1.9487922934267465
1161,3.1080000000000005,1.9487922934267465
1162,3.1080000000000005,1.9487922934267465
1163,3.1080000000000005,1.9487922934267465
1164,3.1080000000000005,1.9487922934267465
1165,3.1080000000000005,1.9487922934267465
1166,3.1080000000000005,1.9487922934267465
1167,3.1080000000000005,1.9487922934267465
1168,3.1080000000000005,1.9487922934267465
1169,3.1080000000000005,1.9487922934267465
1170,3.1080000000000005,1.9487922934267465
1171,3.1080000000000005,1.9487922934267465
1172,3.1080000000000005,1.9487922934267465
1173,3.1080000000000005,1.9487922934267465
1174,3.1080000000000005,1.9487922934267465
1175,3.1080000000000005,1.9487922934267465
1176,3.1080000000000005,1.9487922934267465
1177,3.1080000000000005,1.9487922934267465
1178,3.1080000000000005,1.9487922934267465
1179,3.1080000000000005,1.9487922934267465
1180,3.1080000000000005,1.9487922934267465
1181,3.1080000000000005,1.9487922934267465
1182,3.1080000000000005,1.9487922934267465
1183,3.1080000000000005,1.9487922934267465
1184,3.1080000000000005,1.9487922934267465
1185,3.1080000000000005,1.9487922934267465
1186,3.1080000000000005,1.9487922934267465
1187,3.1080000000000005,1.9487922934267465
1188,3.1080000000000005,1.9487922934267465
1189,3.1080000000000005,1.9487922934267465
1190,3.1080000000000005,1.9487922934267465
1191,3.1080000000000005,1.9487922934267465
1192,3.1080000000000005,1.9487922934267465
1193,3.1080000000000005,1.9487922934267465
1194,3.1080000000000005,1.9487922934267465
1195,3.1080000000000005,1.9487922934267465
1196,3.1080000000000005,1.9487922934267465
1197,3.1080000000000005,1.9487922934267465
1198,3.1080000000000005,1.9487922934267465
1199,3.1080000000000005,1.9487922934267465
1200,3.1080000000000005,1.9487922934267465
1201,3.1080000000000005,1.9487922934267465
1202,3.1080000000000005,1.9487922934267465
1203,3.1080000000000005,1.9487922934267465
1204,3.1080000000000005,1.9487922934267465
1205,3.1080000000000005,1.9487922934267465
1206,3.1080000000000005,1.9487922934267465
1207,3.1080000000000005,1.9487922934267465
1208,3.1080000000000005,1.9487922934267465
1209,3.1080000000000005,1.9487922934267465
1210,3.1080000000000005,1.9487922934267465
1211,3.1080000000000005,1.9487922934267465
1212,3.1080000000000005,1.9487922934267465
1213,3.1080000000000005,1.9487922934267465
1214,3.1080000000000005,1.9487922934267465
1215,3.1080000000000005,1.9487922934267465
1216,3.1080000000000005,1.9487922934267465
1217,3.1080000000000005,1.9487922934267465
1218,3.1080000000000005,1.9487922934267465
1219,3.1080000000000005,1.9487922934267465
1220,3.1080000000000005,1.9487922934267465
1221,3.1080000000000005,1.9487922934267465
1222,3.1080000000000005,1.9487922934267465
1223,3.1080000000000005,1.9487922934267465
1224,3.1080000000000005,1.9487922934267465
1225,3.1080000000000005,1.9487922934267465
1226,3.1080000000000005,1.9487922934267465
1227,3.1080000000000005,1.9487922934267465
1228,3.1080000000000005,1.9487922934267465
1229,3.1080000000000005,1.9487922934267465
1230,3.1080000000000005,1.9487922934267465
1231,3.1080000000000005,1.9487922934267465
1232,3.1080000000000005,1.9487922934267465
1233,3.1080000000000005,1.9487922934267465
1234,3.1080000000000005,1.9487922934267465
1235,3.1080000000000005,1.9487922934267465
1236,3.1080000000000005,1.9487922934267465
1237,3.1080000000000005,1.9487922934267465
1238,3.1080000000000005,1.9487922934267465
1239,3.1080000000000005,1.9487922934267465
1240,3.1080000000000005,1.9487922934267465
1241,3.1080000000000005,1.9487922934267465
1242,3.1080000000000005,1.9487922934267465
1243,3.1080000000000005,1.9487922934267465
1244,3.1080000000000005,1.9487922934267465
1245,3.1080000000000005,1.9487922934267465
1246,3.1080000000000005,1.9487922934267465
1247,3.1080000000000005,1.9487922934267465
1248,3.1080000000000005,1.9487922934267465
1249,3.1080000000000005,1.9487922934267465
1250,3.1080000000000005,1.9487922934267465
1251,3.1080000000000005,1.9487922934267465
1252,3.1080000000000005,1.9487922934267465
1253,3.1080000000000005,1.9487922934267465
1254,3.1080000000000005,1.9487922934267465
1255,3.1080000000000005,1.9487922934267465
1256,3.1080000000000005,1.9487922934267465
1257,3.1080000000000005,1.9487922934267465
1258,3.1080000000000005,1.9487922934267465
1259,3.1080000000000005,1.9487922934267465
1260,3.1080000000000005,1.9487922934267465
1261,3.1080000000000005,1.9487922934267465
1262,3.1080000000000005,1.9487922934267465
1263,3.1080000000000005,1.9487922934267465
1264,3.1080000000000005,1.9487922934267465
1265,3.1080000000000005,1.9487922934267465
1266,3.1080000000000005,1.9487922934267465
1267,3.1080000000000005,1.9487922934267465
1268,3.1080000000000005,1.9487922934267465
1269,3.1080000000000005,1.9487922934267465
1270,3.1080000000000005,1.9487922934267465
1271,3.1080000000000005,1.9487922934267465
1272,3.1080000000000005,1.9487922934267465
1273,3.1080000000000005,1.9487922934267465
1274,3.1080000000000005,1.9487922934267465
1275,3.1080000000000005,1.9487922934267465
1276,3.1080000000000005,1.9487922934267465
1277,3.1080000000000005,1.9487922934267465
1278,3.1080000000000005,1.9487922934267465
1279,3.1080000000000005,1.9487922934267465
1280,3.1080000000000005,1.9487922934267465
1281,3.1080000000000005,1.9487922934267465
1282,3.1080000000000005,1.9487922934267465
1283,3.1080000000000005,1.9487922934267465
1284,3.1080000000000005,1.9487922934267465
1285,3.1080000000000005,1.9487922934267465
1286,3.1080000000000005,1.9487922934267465
1287,3.1080000000000005,1.9487922934267465
1288,3.1080000000000005,1.9487922934267465
1289,3.1080000000000005,1.9487922934267465
1290,3.1080000000000005,1.9487922934267465
1291,3.1080000000000005,1.9487922934267465
1292,3.1080000000000005,1.9487922934267465
1293,3.1080000000000005,1.9487922934267465
1294,3.1080000000000005,1.9487922934267465
1295,3.1080000000000005,1.9487922934267465
1296,3.1080000000000005,1.9487922934267465
1297,3.1080000000000005,1.9487922934267465
1298,3.1080000000000005,1.9487922934267465
1299,3.1080000000000005,1.9487922934267465
1300,3.1080000000000005,1.9487922934267465
1301,3.1080000000000005,1.9487922934267465
1302,3.1080000000000005,1.9487922934267465
1303,3.1080000000000005,1.9487922934267465
1304,3.1080000000000005,1.9487922934267465
1305,3.1080000000000005,1.9487922934267465
1306,3.1080000000000005,1.9487922934267465
1307,3.1080000000000005,1.9487922934267465
1308,3.1080000000000005,1.9487922934267465
1309,3.1080000000000005,1.9487922934267465
1310,3.1080000000000005,1.9487922934267465
1311,3.1080000000000005,1.9487922934267465
1312,3.1080000000000005,1.9487922934267465
1313,3.1080000000000005,1.9487922934267465
1314,3.1080000000000005,1.9487922934267465
1315,3.1080000000000005,1.9487922934267465
1316,3.1080000000000005,1.9487922934267465
1317,3.1080000000000005,1.9487922934267465
1318,3.1080000000000005,1.9487922934267465
1319,3.1080000000000005,1.9487922934267465
1320,3.1080000000000005,1.9487922934267465
1321,3.1080000000000005,1.9487922934267465
1322,3.1080000000000005,1.9487922934267465
1323,3.1080000000000005,1.9487922934267465
1324,3.1080000000000005,1.9487922934267465
1325,3.1080000000000005,1.9487922934267465
1326,3.1080000000000005,1.9487922934267465
1327,3.1080000000000005,1.9487922934267465
1328,3.1080000000000005,1.9487922934267465
1329,3.1080000000000005,1.9487922934267465
1330,3.1080000000000005,1.9487922934267465
1331,3.1080000000000005,1.9487922934267465
1332,3.1080000000000005,1.9487922934267465
1333,3.1080000000000005,1.9487922934267465
1334,3.1080000000000005,1.9487922934267465
1335,3.1080000000000005,1.9487922934267465
1336,3.1080000000000005,1.9487922934267465
1337,3.1080000000000005,1.9487922934267465
1338,3.1080000000000005,1.9487922934267465
1339,3.1080000000000005,1.9487922934267465
1340,3.1080000000000005,1.9487922934267465
1341,3.1080000000000005,1.9487922934267465
1342,3.1080000000000005,1.9487922934267465
1343,3.1080000000000005,1.9487922934267465
1344,3.1080000000000005,1.9487922934267465
1345,3.1080000000000005,1.9487922934267465
1346,3.1080000000000005,1.9487922934267465
1347,3.1080000000000005,1.9487922934267465
1348,3.1080000000000005,1.9487922934267465
1349,3.1080000000000005,1.9487922934267465
1350,3.1080000000000005,1.9487922934267465
1351,3.1080000000000005,1.9487922934267465
1352,3.1080000000000005,1.9487922934267465
1353,3.1080000000000005,1.9487922934267465
1354,3.1080000000000005,1.9487922934267465
1355,3.1080000000000005,1.9487922934267465
1356,3.1080000000000005,1.9487922934267465
1357,3.1080000000000005,1.9487922934267465
1358,3.1080000000000005,1.9487922934267465
1359,3.1080000000000005,1.9487922934267465
1360,3.1080000000000005,1.9487922934267465
1361,3.1080000000000005,1.9487922934267465
1362,3.1080000000000005,1.9487922934267465
1363,3.1080000000000005,1.9487922934267465
1364,3.1080000000000005,1.9487922934267465
1365,3.1080000000000005,1.9487922934267465
1366,3.1080000000000005,1.9487922934267465
1367,3.1080000000000005,1.9487922934267465
1368,3.1080000000000005,1.9487922934267465
1369,3.1080000000000005,1.9487922934267465
1370,3.1080000000000005,1.9487922934267465
1371,3.1080000000000005,1.9487922934267465
1372,3.1080000000000005,1.9487922934267465
1373,3.1080000000000005,1.9487922934267465
1374,3.1080000000000005,1.9487922934267465
1375,3.1080000000000005,1.9487922934267465
1376,3.1080000000000005,1.9487922934267465
1377,3.1080000000000005,1.9487922934267465
1378,3.1080000000000005,1.9487922934267465
1379,3.1080000000000005,1.9487922934267465
1380,3.1080000000000005,1.9487922934267465
1381,3.1080000000000005,1.9487922934267465
1382,3.1080000000000005,1.9487922934267465
1383,3.1080000000000005,1.9487922934267465
1384,3.1080000000000005,1.9487922934267465
1385,3.1080000000000005,1.9487922934267465
1386,3.1080000000000005,1.9487922934267465
1387,3.1080000000000005,1.9487922934267465
1388,3.1080000000000005,1.9487922934267465
1389,3.1080000000000005,1.9487922934267465
1390,3.1080000000000005,1.9487922934267465
1391,3.1080000000000005,1.9487922934267465
1392,3.1080000000000005,1.9487922934267465
1393,3.1080000000000005,1.9487922934267465
1394,3.1080000000000005,1.9487922934267465
1395,3.1080000000000005,1.9487922934267465
1396,3.1080000000000005,1.9487922934267465
1397,3.1080000000000005,1.9487922934267465
1398,3.1080000000000005,1.9487922934267465
1399,3.1080000000000005,1.9487922934267465
1400,3.1080000000000005,1.9487922934267465
1401,3.1080000000000005,1.9487922934267465
1402,3.1080000000000005,1.9487922934267465
1403,3.1080000000000005,1.9487922934267465
1404,3.1080000000000005,1.9487922934267465
1405,3.1080000000000005,1.9487922934267465
1406,3.1080000000000005,1.9487922934267465
1407,3.1080000000000005,1.9487922934267465
1408,3.1080000000000005,1.9487922934267465
1409,3.1080000000000005,1.9487922934267465
1410,3.1080000000000005,1.9487922934267465
1411,3.1080000000000005,1.9487922934267465
1412,3.1080000000000005,1.9487922934267465
1413,3.1080000000000005,1.9487922934267465
1414,3.1080000000000005,1.9487922934267465
1415,3.1080000000000005,1.9487922934267465
1416,3.1080000000000005,1.9487922934267465
1417,3.1080000000000005,1.9487922934267465
1418,3.1080000000000005,1.9487922934267465
1419,3.1080000000000005,1.9487922934267465
1420,3.1080000000000005,1.9487922934267465
1421,3.1080000000000005,1.9487922934267465
1422,3.1080000000000005,1.9487922934267465
1423,3.1080000000000005,1.9487922934267465
1424,3.1080000000000005,1.9487922934267465
1425,3.1080000000000005,1.9487922934267465
1426,3.1080000000000005,1.9487922934267465
1427,3.1080000000000005,1.9487922934267465
1428,3.1080000000000005,1.9487922934267465
1429,3.1080000000000005,1.9487922934267465
1430,3.1080000000000005,1.9487922934267465
1431,3.1080000000000005,1.9487922934267465
1432,3.1080000000000005,1.9487922934267465
1433,3.1080000000000005,1.9487922934267465
1434,3.1080000000000005,1.9487922934267465
1435,3.1080000000000005,1.9487922934267465
1436,3.1080000000000005,1.9487922934267465
1437,3.1080000000000005,1.9487922934267465
1438,3.1080000000000005,1.9487922934267465
1439,3.1080000000000005,1.9487922934267465
1440,3.1080000000000005,1.9487922934267465
1441,3.1080000000000005,1.9487922934267465
1442,3.1080000000000005,1.9487922934267465
1443,3.1080000000000005,1.9487922934267465
1444,3.1080000000000005,1.9487922934267465
1445,3.1080000000000005,1.9487922934267465
1446,3.1080000000000005,1.9487922934267465
1447,3.1080000000000005,1.9487922934267465
1448,3.1080000000000005,1.9487922934267465
1449,3.1080000000000005,1.9487922934267465
1450,3.1080000000000005,1.9487922934267465
1451,3.1080000000000005,1.9487922934267465
1452,3.1080000000000005,1.9487922934267465
1453,3.1080000000000005,1.9487922934267465
1454,3.1080000000000005,1.9487922934267465
1455,3.1080000000000005,1.9487922934267465
1456,3.1080000000000005,1.9487922934267465
1457,3.1080000000000005,1.9487922934267465
1458,3.1080000000000005,1.9487922934267465
1459,3.1080000000000005,1.9487922934267465
1460,3.1080000000000005,1.9487922934267465
1461,3.1080000000000005,1.9487922934267465
1462,3.1080000000000005,1.9487922934267465
1463,3.1080000000000005,1.9487922934267465
1464,3.1080000000000005,1.9487922934267465
1465,3.1080000000000005,1.9487922934267465
1466,3.1080000000000005,1.9487922934267465
1467,3.1080000000000005,1.9487922934267465
1468,3.1080000000000005,1.9487922934267465
1469,3.1080000000000005,1.9487922934267465
1470,3.1080000000000005,1.9487922934267465
1471,3.1080000000000005,1.9487922934267465
1472,3.1080000000000005,1.9487922934267465
1473,3.1080000000000005,1.9487922934267465
1474,3.1080000000000005,1.9487922934267465
1475,3.1080000000000005,1.9487922934267465
1476,3.1080000000000005,1.9487922934267465
1477,3.1080000000000005,1.9487922934267465
1478,3.1080000000000005,1.9487922934267465
1479,3.1080000000000005,1.9487922934267465
1480,3.1080000000000005,1.9487922934267465
1481,3.1080000000000005,1.9487922934267465
1482,3.1080000000000005,1.9487922934267465
1483,3.1080000000000005,1.9487922934267465
1484,3.1080000000000005,1.9487922934267465
1485,3.1080000000000005,1.9487922934267465
1486,3.1080000000000005,1.9487922934267465
1487,3.1080000000000005,1.9487922934267465
1488,3.1080000000000005,1.9487922934267465
1489,3.1080000000000005,1.9487922934267465
1490,3.1080000000000005,1.9487922934267465
1491,3.1080000000000005,1.9487922934267465
1492,3.1080000000000005,1.9487922934267465
1493,3.1080000000000005,1.9487922934267465
1494,3.1080000000000005,1.9487922934267465
1495,3.1080000000000005,1.9487922934267465
1496,3.1080000000000005,1.9487922934267465
1497,3.1080000000000005,1.9487922934267465
1498,3.1080000000000005,1.9487922934267465
1499,3.1080000000000005,1.9487922934267465
1500,3.1080000000000005,1.9487922934267465
1501,3.1080000000000005,1.9487922934267465
1502,3.1080000000000005,1.9487922934267465
1503,3.1080000000000005,1.9487922934267465
1504,3.1080000000000005,1.9487922934267465
1505,3.1080000000000005,1.9487922934267465
1506,3.1080000000000005,1.9487922934267465
1507,3.1080000000000005,1.9487922934267465
1508,3.1080000000000005,1.9487922934267465
1509,3.1080000000000005,1.9487922934267465
1510,3.1080000000000005,1.9487922934267465
1511,3.1080000000000005,1.9487922934267465
1512,3.1080000000000005,1.9487922934267465
1513,3.1080000000000005,1.9487922934267465
1514,3.1080000000000005,1.9487922934267465
1515,3.1080000000000005,1.9487922934267465
1516,3.1080000000000005,1.9487922934267465
1517,3.1080000000000005,1.9487922934267465
1518,3.1080000000000005,1.9487922934267465
1519,3.1080000000000005,1.9487922934267465
1520,3.1080000000000005,1.9487922934267465
1521,3.1080000000000005,1.9487922934267465
1522,3.1080000000000005,1.9487922934267465
1523,3.1080000000000005,1.9487922934267465
1524,3.1080000000000005,1.9487922934267465
1525,3.1080000000000005,1.9487922934267465
1526,3.1080000000000005,1.9487922934267465
1527,3.1080000000000005,1.9487922934267465
1528,3.1080000000000005,1.9487922934267465
1529,3.1080000000000005,1.9487922934267465
1530,3.1080000000000005,1.9487922934267465
1531,3.1080000000000005,1.9487922934267465
1532,3.1080000000000005,1.9487922934267465
1533,3.1080000000000005,1.9487922934267465
1534,3.1080000000000005,1.9487922934267465
1535,3.1080000000000005,1.9487922934267465
1536,3.1080000000000005,1.9487922934267465
1537,3.1080000000000005,1.9487922934267465
1538,3.1080000000000005,1.9487922934267465
1539,3.1080000000000005,1.9487922934267465
1540,3.1080000000000005,1.9487922934267465
1541,3.1080000000000005,1.9487922934267465
1542,3.1080000000000005,1.9487922934267465
1543,3.1080000000000005,1.9487922934267465
1544,3.1080000000000005,1.9487922934267465
1545,3.1080000000000005,1.9487922934267465
1546,3.1080000000000005,1.9487922934267465
1547,3.1080000000000005,1.9487922934267465
1548,3.1080000000000005,1.9487922934267465
1549,3.1080000000000005,1.9487922934267465
1550,3.1080000000000005,1.9487922934267465
1551,3.1080000000000005,1.9487922934267465
1552,3.1080000000000005,1.9487922934267465
1553,3.1080000000000005,1.9487922934267465
1554,3.1080000000000005,1.9487922934267465
1555,3.1080000000000005,1.9487922934267465
1556,3.1080000000000005,1.9487922934267465
1557,3.1080000000000005,1.9487922934267465
1558,3.1080000000000005,1.9487922934267465
1559,3.1080000000000005,1.9487922934267465
1560,3.1080000000000005,1.9487922934267465
1561,3.1080000000000005,1.9487922934267465
1562,3.1080000000000005,1.9487922934267465
1563,3.1080000000000005,1.9487922934267465
1564,3.1080000000000005,1.9487922934267465
1565,3.1080000000000005,1.9487922934267465
1566,3.1080000000000005,1.9487922934267465
1567,3.1080000000000005,1.9487922934267465
1568,3.1080000000000005,1.9487922934267465
1569,3.1080000000000005,1.9487922934267465
1570,3.1080000000000005,1.9487922934267465
1571,3.1080000000000005,1.9487922934267465
1572,3.1080000000000005,1.9487922934267465
1573,3.1080000000000005,1.9487922934267465
1574,3.1080000000000005,1.9487922934267465
1575,3.1080000000000005,1.9487922934267465
1576,3.1080000000000005,1.9487922934267465
1577,3.1080000000000005,1.9487922934267465
1578,3.1080000000000005,1.9487922934267465
1579,3.1080000000000005,1.9487922934267465
1580,3.1080000000000005,1.9487922934267465
1581,3.1080000000000005,1.9487922934267465
1582,3.1080000000000005,1.9487922934267465
1583,3.1080000000000005,1.9487922934267465
1584,3.1080000000000005,1.9487922934267465
1585,3.1080000000000005,1.9487922934267465
1586,3.1080000000000005,1.9487922934267465
1587,3.1080000000000005,1.9487922934267465
1588,3.1080000000000005,1.9487922934267465
1589,3.1080000000000005,1.9487922934267465
1590,3.1080000000000005,1.9487922934267465
1591,3.1080000000000005,1.9487922934267465
1592,3.1080000000000005,1.9487922934267465
1593,3.1080000000000005,1.9487922934267465
1594,3.1080000000000005,1.9487922934267465
1595,3.1080000000000005,1.9487922934267465
1596,3.1080000000000005,1.9487922934267465
1597,3.1080000000000005,1.9487922934267465
1598,3.1080000000000005,1.9487922934267465
1599,3.1080000000000005,1.9487922934267465
1600,3.1080000000000005,1.9487922934267465
1601,3.1080000000000005,1.9487922934267465
1602,3.1080000000000005,1.9487922934267465
1603,3.1080000000000005,1.9487922934267465
1604,3.1080000000000005,1.9487922934267465
1605,3.1080000000000005,1.9487922934267465
1606,3.1080000000000005,1.9487922934267465
1607,3.1080000000000005,1.9487922934267465
1608,3.1080000000000005,1.9487922934267465
1609,3.1080000000000005,1.9487922934267465
1610,3.1080000000000005,1.9487922934267465
1611,3.1080000000000005,1.9487922934267465
1612,3.1080000000000005,1.9487922934267465
1613,3.1080000000000005,1.9487922934267465
1614,3.1080000000000005,1.9487922934267465
1615,3.1080000000000005,1.9487922934267465
1616,3.1080000000000005,1.9487922934267465
1617,3.1080000000000005,1.9487922934267465
1618,3.1080000000000005,1.9487922934267465
1619,3.1080000000000005,1.9487922934267465
1620,3.1080000000000005,1.9487922934267465
1621,3.1080000000000005,1.9487922934267465
1622,3.1080000000000005,1.9487922934267465
1623,3.1080000000000005,1.9487922934267465
1624,3.1080000000000005,1.9487922934267465
1625,3.1080000000000005,1.9487922934267465
1626,3.1080000000000005,1.9487922934267465
1627,3.1080000000000005,1.9487922934267465
1628,3.1080000000000005,1.9487922934267465
1629,3.1080000000000005,1.9487922934267465
1630,3.1080000000000005,1.9487922934267465
1631,3.1080000000000005,1.9487922934267465
1632,3.1080000000000005,1.9487922934267465
1633,3.1080000000000005,1.9487922934267465
1634,3.1080000000000005,1.9487922934267465
1635,3.1080000000000005,1.9487922934267465
1636,3.1080000000000005,1.9487922934267465
1637,3.1080000000000005,1.9487922934267465
1638,3.1080000000000005,1.9487922934267465
1639,3.1080000000000005,1.9487922934267465
1640,3.1080000000000005,1.9487922934267465
1641,3.1080000000000005,1.9487922934267465
1642,3.1080000000000005,1.9487922934267465
1643,3.1080000000000005,1.9487922934267465
1644,3.1080000000000005,1.9487922934267465
1645,3.1080000000000005,1.9487922934267465
1646,3.1080000000000005,1.9487922934267465
1647,3.1080000000000005,1.9487922934267465
1648,3.1080000000000005,1.9487922934267465
1649,3.1080000000000005,1.9487922934267465
1650,3.1080000000000005,1.9487922934267465
1651,3.1080000000000005,1.9487922934267465
1652,3.1080000000000005,1.9487922934267465
1653,3.1080000000000005,1.9487922934267465
1654,3.1080000000000005,1.9487922934267465
1655,3.1080000000000005,1.9487922934267465
1656,3.1080000000000005,1.9487922934267465
1657,3.1080000000000005,1.9487922934267465
1658,3.1080000000000005,1.9487922934267465
1659,3.1080000000000005,1.9487922934267465
1660,3.1080000000000005,1.9487922934267465
1661,3.1080000000000005,1.9487922934267465
1662,3.1080000000000005,1.9487922934267465
1663,3.1080000000000005,1.9487922934267465
1664,3.1080000000000005,1.9487922934267465
1665,3.1080000000000005,1.9487922934267465
1666,3.1080000000000005,1.9487922934267465
1667,3.1080000000000005,1.9487922934267465
1668,3.1080000000000005,1.9487922934267465
1669,3.1080000000000005,1.9487922934267465
1670,3.1080000000000005,1.9487922934267465
1671,3.1080000000000005,1.9487922934267465
1672,3.1080000000000005,1.9487922934267465
1673,3.1080000000000005,1.9487922934267465
1674,3.1080000000000005,1.9487922934267465
1675,3.1080000000000005,1.9487922934267465
1676,3.1080000000000005,1.9487922934267465
1677,3.1080000000000005,1.9487922934267465
1678,3.1080000000000005,1.9487922934267465
1679,3.1080000000000005,1.9487922934267465
1680,3.1080000000000005,1.9487922934267465
1681,3.1080000000000005,1.9487922934267465
1682,3.1080000000000005,1.9487922934267465
1683,3.1080000000000005,1.9487922934267465
1684,3.1080000000000005,1.9487922934267465
1685,3.1080000000000005,1.9487922934267465
1686,3.1080000000000005,1.9487922934267465
1687,3.1080000000000005,1.9487922934267465
1688,3.1080000000000005,1.9487922934267465
1689,3.1080000000000005,1.9487922934267465
1690,3.1080000000000005,1.9487922934267465
1691,3.1080000000000005,1.9487922934267465
1692,3.1080000000000005,1.9487922934267465
1693,3.1080000000000005,1.9487922934267465
1694,3.1080000000000005,1.9487922934267465
1695,3.1080000000000005,1.9487922934267465
1696,3.1080000000000005,1.9487922934267465
1697,3.1080000000000005,1.9487922934267465
1698,3.1080000000000005,1.9487922934267465
1699,3.1080000000000005,1.9487922934267465
1700,3.1080000000000005,1.9487922934267465
1701,3.1080000000000005,1.9487922934267465
1702,3.1080000000000005,1.9487922934267465
1703,3.1080000000000005,1.9487922934267465
1704,3.1080000000000005,1.9487922934267465
1705,3.1080000000000005,1.9487922934267465
1706,3.1080000000000005,1.9487922934267465
1707,3.1080000000000005,1.9487922934267465
1708,3.1080000000000005,1.9487922934267465
1709,3.1080000000000005,1.9487922934267465
1710,3.1080000000000005,1.9487922934267465
1711,3.1080000000000005,1.9487922934267465
1712,3.1080000000000005,1.9487922934267465
1713,3.1080000000000005,1.9487922934267465
1714,3.1080000000000005,1.9487922934267465
1715,3.1080000000000005,1.9487922934267465
1716,3.1080000000000005,1.9487922934267465
1717,3.1080000000000005,1.9487922934267465
1718,3.1080000000000005,1.9487922934267465
1719,3.1080000000000005,1.9487922934267465
1720,3.1080000000000005,1.9487922934267465
1721,3.1080000000000005,1.9487922934267465
1722,3.1080000000000005,1.9487922934267465
1723,3.1080000000000005,1.9487922934267465
1724,3.1080000000000005,1.9487922934267465
1725,3.1080000000000005,1.9487922934267465
1726,3.1080000000000005,1.9487922934267465
1727,3.1080000000000005,1.9487922934267465
1728,3.1080000000000005,1.9487922934267465
1729,3.1080000000000005,1.9487922934267465
1730,3.1080000000000005,1.9487922934267465
1731,3.1080000000000005,1.9487922934267465
1732,3.1080000000000005,1.9487922934267465
1733,3.1080000000000005,1.9487922934267465
1734,3.1080000000000005,1.9487922934267465
1735,3.1080000000000005,1.9487922934267465
1736,3.1080000000000005,1.9487922934267465
1737,3.1080000000000005,1.9487922934267465
1738,3.1080000000000005,1.9487922934267465
1739,3.1080000000000005,1.9487922934267465
1740,3.1080000000000005,1.9487922934267465
1741,3.1080000000000005,1.9487922934267465
1742,3.1080000000000005,1.9487922934267465
1743,3.1080000000000005,1.9487922934267465
1744,3.1080000000000005,1.9487922934267465
1745,3.1080000000000005,1.9487922934267465
1746,3.1080000000000005,1.9487922934267465
1747,3.1080000000000005,1.9487922934267465
1748,3.1080000000000005,1.9487922934267465
1749,3.1080000000000005,1.9487922934267465
1750,3.1080000000000005,1.9487922934267465
1751,3.1080000000000005,1.9487922934267465
1752,3.1080000000000005,1.9487922934267465
1753,3.1080000000000005,1.9487922934267465
1754,3.1080000000000005,1.9487922934267465
1755,3.1080000000000005,1.9487922934267465
1756,3.1080000000000005,1.9487922934267465
1757,3.1080000000000005,1.9487922934267465
1758,3.1080000000000005,1.9487922934267465
1759,3.1080000000000005,1.9487922934267465
1760,3.1080000000000005,1.9487922934267465
1761,3.1080000000000005,1.9487922934267465
1762,3.1080000000000005,1.9487922934267465
1763,3.1080000000000005,1.9487922934267465
1764,3.1080000000000005,1.9487922934267465
1765,3.1080000000000005,1.9487922934267465
1766,3.1080000000000005,1.9487922934267465
1767,3.1080000000000005,1.9487922934267465
1768,3.1080000000000005,1.9487922934267465
1769,3.1080000000000005,1.9487922934267465
1770,3.1080000000000005,1.9487922934267465
1771,3.1080000000000005,1.9487922934267465
1772,3.1080000000000005,1.9487922934267465
1773,3.1080000000000005,1.9487922934267465
1774,3.1080000000000005,1.9487922934267465
1775,3.1080000000000005,1.9487922934267465
1776,3.1080000000000005,1.9487922934267465
1777,3.1080000000000005,1.9487922934267465
1778,3.1080000000000005,1.9487922934267465
1779,3.1080000000000005,1.9487922934267465
1780,3.1080000000000005,1.9487922934267465
1781,3.1080000000000005,1.9487922934267465
1782,3.1080000000000005,1.9487922934267465
1783,3.1080000000000005,1.9487922934267465
1784,3.1080000000000005,1.9487922934267465
1785,3.1080000000000005,1.9487922934267465
1786,3.1080000000000005,1.9487922934267465
1787,3.1080000000000005,1.9487922934267465
1788,3.1080000000000005,1.9487922934267465
1789,3.1080000000000005,1.9487922934267465
1790,3.1080000000000005,1.9487922934267465
1791,3.1080000000000005,1.9487922934267465
1792,3.1080000000000005,1.9487922934267465
1793,3.1080000000000005,1.9487922934267465
1794,3.1080000000000005,1.9487922934267465
1795,3.1080000000000005,1.9487922934267465
1796,3.1080000000000005,1.9487922934267465
1797,3.1080000000000005,1.9487922934267465
1798,3.1080000000000005,1.9487922934267465
1799,3.1080000000000005,1.9487922934267465
1800,3.1080000000000005,1.9487922934267465
1801,3.1080000000000005,1.9487922934267465
1802,3.1080000000000005,1.9487922934267465
1803,3.1080000000000005,1.9487922934267465
1804,3.1080000000000005,1.9487922934267465
1805,3.1080000000000005,1.9487922934267465
1806,3.1080000000000005,1.9487922934267465
1807,3.1080000000000005,1.9487922934267465
1808,3.1080000000000005,1.9487922934267465
1809,3.1080000000000005,1.9487922934267465
1810,3.1080000000000005,1.9487922934267465
1811,3.1080000000000005,1.9487922934267465
1812,3.1080000000000005,1.9487922934267465
1813,3.1080000000000005,1.9487922934267465
1814,3.1080000000000005,1.9487922934267465
1815,3.1080000000000005,1.9487922934267465
1816,3.1080000000000005,1.9487922934267465
1817,3.1080000000000005,1.9487922934267465
1818,3.1080000000000005,1.9487922934267465
1819,3.1080000000000005,1.9487922934267465
1820,3.1080000000000005,1.9487922934267465
1821,3.1080000000000005,1.9487922934267465
1822,3.1080000000000005,1.9487922934267465
1823,3.1080000000000005,1.9487922934267465
1824,3.1080000000000005,1.9487922934267465
1825,3.1080000000000005,1.9487922934267465
1826,3.1080000000000005,1.9487922934267465
1827,3.1080000000000005,1.9487922934267465
1828,3.1080000000000005,1.9487922934267465
1829,3.1080000000000005,1.9487922934267465
1830,3.1080000000000005,1.9487922934267465
1831,3.1080000000000005,1.9487922934267465
1832,3.1080000000000005,1.9487922934267465
1833,3.1080000000000005,1.9487922934267465
1834,3.1080000000000005,1.9487922934267465
1835,3.1080000000000005,1.9487922934267465
1836,3.1080000000000005,1.9487922934267465
1837,3.1080000000000005,1.9487922934267465
1838,3.1080000000000005,1.9487922934267465
1839,3.1080000000000005,1.9487922934267465
1840,3.1080000000000005,1.9487922934267465
1841,3.1080000000000005,1.9487922934267465
1842,3.1080000000000005,1.9487922934267465
1843,3.1080000000000005,1.9487922934267465
1844,3.1080000000000005,1.9487922934267465
1845,3.1080000000000005,1.9487922934267465
1846,3.1080000000000005,1.9487922934267465
1847,3.1080000000000005,1.9487922934267465
1848,3.1080000000000005,1.9487922934267465
1849,3.1080000000000005,1.9487922934267465
1850,3.1080000000000005,1.9487922934267465
1851,3.1080000000000005,1.9487922934267465
1852,3.1080000000000005,1.9487922934267465
1853,3.1080000000000005,1.9487922934267465
1854,3.1080000000000005,1.9487922934267465
1855,3.1080000000000005,1.9487922934267465
1856,3.1080000000000005,1.9487922934267465
1857,3.1080000000000005,1.9487922934267465
1858,3.1080000000000005,1.9487922934267465
1859,3.1080000000000005,1.9487922934267465
1860,3.1080000000000005,1.9487922934267465
1861,3.1080000000000005,1.9487922934267465
1862,3.1080000000000005,1.9487922934267465
1863,3.1080000000000005,1.9487922934267465
1864,3.1080000000000005,1.9487922934267465
1865,3.1080000000000005,1.9487922934267465
1866,3.1080000000000005,1.9487922934267465
1867,3.1080000000000005,1.9487922934267465
1868,3.1080000000000005,1.9487922934267465
1869,3.1080000000000005,1.9487922934267465
1870,3.1080000000000005,1.9487922934267465
1871,3.1080000000000005,1.9487922934267465
1872,3.1080000000000005,1.9487922934267465
1873,3.1080000000000005,1.9487922934267465
1874,3.1080000000000005,1.9487922934267465
1875,3.1080000000000005,1.9487922934267465
1876,3.1080000000000005,1.9487922934267465
1877,3.1080000000000005,1.9487922934267465
1878,3.1080000000000005,1.9487922934267465
1879,3.1080000000000005,1.9487922934267465
1880,3.1080000000000005,1.9487922934267465
1881,3.1080000000000005,1.9487922934267465
1882,3.1080000000000005,1.9487922934267465
1883,3.1080000000000005,1.9487922934267465
1884,3.1080000000000005,1.9487922934267465
1885,3.1080000000000005,1.9487922934267465
1886,3.1080000000000005,1.9487922934267465
1887,3.1080000000000005,1.9487922934267465
1888,3.1080000000000005,1.9487922934267465
1889,3.1080000000000005,1.9487922934267465
1890,2.973,1.9487922934267465
1891,2.973,1.9487922934267465
1892,2.973,1.9487922934267465
1893,2.973,1.9487922934267465
1894,2.973,1.9487922934267465
1895,2.973,1.9487922934267465
1896,2.973,1.9487922934267465
1897,2.973,1.9487922934267465
1898,2.973,1.9487922934267465
1899,2.973,1.9487922934267465
1900,2.973,1.9487922934267465
1901,2.973,1.9487922934267465
1902,2.973,1.9487922934267465
1903,2.973,1.9487922934267465
1904,2.973,1.9487922934267465
1905,2.973,1.9487922934267465
1906,2.973,1.9487922934267465
1907,2.973,1.9487922934267465
1908,2.973,1.9487922934267465
1909,2.973,1.9487922934267465
1910,2.973,1.9487922934267465
1911,2.973,1.9487922934267465
1912,2.973,1.9487922934267465
1913,2.973,1.9487922934267465
1914,2.973,1.9487922934267465
1915,2.973,1.9487922934267465
1916,2.973,1.9487922934267465
1917,2.973,1.9487922934267465
1918,2.973,1.9487922934267465
1919,2.973,1.9487922934267465
1920,2.973,1.9487922934267465
1921,2.973,1.9487922934267465
1922,2.973,1.9487922934267465
1923,2.973,1.9487922934267465
1924,2.973,1.9487922934267465
1925,2.973,1.9487922934267465
1926,2.973,1.9487922934267465
1927,2.973,1.9487922934267465
1928,2.973,1.9487922934267465
1929,2.973,1.9487922934267465
1930,2.973,1.9487922934267465
1931,2.973,1.9487922934267465
1932,2.973,1.9487922934267465
1933,2.973,1.9487922934267465
1934,2.973,1.9487922934267465
1935,2.973,1.9487922934267465
1936,2.973,1.9487922934267465
1937,2.973,1.9487922934267465
1938,2.973,1.9487922934267465
1939,2.973,1.9487922934267465
1940,2.973,1.9487922934267465
1941,2.973,1.9487922934267465
1942,2.973,1.9487922934267465
1943,2.973,1.9487922934267465
1944,2.973,1.9487922934267465
1945,2.973,1.9487922934267465
1946,2.973,1.9487922934267465
1947,2.973,1.9487922934267465
1948,2.973,1.9487922934267465
1949,2.973,1.9487922934267465
1950,2.973,1.9487922934267465
1951,2.973,1.9487922934267465
1952,2.973,1.9487922934267465
1953,2.973,1.9487922934267465
1954,2.973,1.9487922934267465
1955,2.973,1.9487922934267465
1956,2.973,1.9487922934267465
1957,2.973,1.9487922934267465
1958,2.973,1.9487922934267465
1959,2.973,1.9487922934267465
1960,2.973,1.9487922934267465
1961,2.973,1.9487922934267465
1962,2.973,1.9487922934267465
1963,2.973,1.9487922934267465
1964,2.973,1.9487922934267465
1965,2.973,1.9487922934267465
1966,2.973,1.9487922934267465
1967,2.973,1.9487922934267465
1968,2.973,1.9487922934267465
1969,2.973,1.9487922934267465
1970,2.973,1.9487922934267465
1971,2.973,1.9487922934267465
1972,2.973,1.9487922934267465
1973,2.973,1.9487922934267465
1974,2.973,1.9487922934267465
1975,2.973,1.9487922934267465
1976,2.973,1.9487922934267465
1977,2.973,1.9487922934267465
1978,2.973,1.9487922934267465
1979,2.973,1.9487922934267465
1980,2.973,1.9487922934267465
1981,2.973,1.9487922934267465
1982,2.973,1.9487922934267465
1983,2.973,1.9487922934267465
1984,2.973,1.9487922934267465
1985,2.973,1.9487922934267465
1986,2.973,1.9487922934267465
1987,2.973,1.9487922934267465
1988,2.973,1.9487922934267465
1989,2.973,1.9487922934267465
1990,2.973,1.9487922934267465
1991,2.973,1.9487922934267465
1992,2.973,1.9487922934267465
1993,2.973,1.9487922934267465
1994,2.973,1.9487922934267465
1995,2.973,1.9487922934267465
1996,2.973,1.9487922934267465
1997,2.973,1.9487922934267465
1998,2.973,1.9487922934267465
1999,2.973,1.9487922934267465
2000,2.973,1.9487922934267465
2001,2.973,1.9487922934267465
2002,2.973,1.9487922934267465
2003,2.973,1.9487922934267465
2004,2.973,1.9487922934267465
2005,2.973,1.9487922934267465
2006,2.973,1.9487922934267465
2007,2.973,1.9487922934267465
2008,2.973,1.9487922934267465
2009,2.973,1.9487922934267465
2010,2.973,1.9487922934267465
2011,2.973,1.9487922934267465
2012,2.973,1.9487922934267465
2013,2.973,1.9487922934267465
2014,2.973,1.9487922934267465
2015,2.973,1.9487922934267465
2016,2.973,1.9487922934267465
2017,2.973,1.9487922934267465
2018,2.973,1.9487922934267465
2019,2.973,1.9487922934267465
2020,2.973,1.9487922934267465
2021,2.973,1.9487922934267465
2022,2.973,1.9487922934267465
2023,2.973,1.9487922934267465
2024,2.973,1.9487922934267465
2025,2.973,1.9487922934267465
2026,2.973,1.9487922934267465
2027,2.973,1.9487922934267465
2028,2.973,1.9487922934267465
2029,2.973,1.9487922934267465
2030,2.973,1.9487922934267465
2031,2.973,1.9487922934267465
2032,2.973,1.9487922934267465
2033,2.973,1.9487922934267465
2034,2.973,1.9487922934267465
2035,2.973,1.9487922934267465
2036,2.973,1.9487922934267465
2037,2.973,1.9487922934267465
2038,2.973,1.9487922934267465
2039,2.973,1.9487922934267465
2040,2.973,1.9487922934267465
2041,2.973,1.9487922934267465
2042,2.973,1.9487922934267465
2043,2.973,1.9487922934267465
2044,2.973,1.9487922934267465
2045,2.973,1.9487922934267465
2046,2.973,1.9487922934267465
2047,2.973,1.9487922934267465
2048,2.973,1.9487922934267465
2049,2.973,1.9487922934267465
2050,2.973,1.9487922934267465
2051,2.973,1.9487922934267465
2052,2.973,1.9487922934267465
2053,2.973,1.9487922934267465
2054,2.973,1.9487922934267465
2055,2.973,1.9487922934267465
2056,2.973,1.9487922934267465
2057,2.973,1.9487922934267465
2058,2.973,1.9487922934267465
2059,2.973,1.9487922934267465
2060,2.973,1.9487922934267465
2061,2.973,1.9487922934267465
2062,2.973,1.9487922934267465
2063,2.973,1.9487922934267465
2064,2.973,1.9487922934267465
2065,2.973,1.9487922934267465
2066,2.973,1.9487922934267465
2067,2.973,1.9487922934267465
2068,2.973,1.9487922934267465
2069,2.973,1.9487922934267465
2070,2.973,1.9487922934267465
2071,2.973,1.9487922934267465
2072,2.973,1.9487922934267465
2073,2.973,1.9487922934267465
2074,2.973,1.9487922934267465
2075,2.973,1.9487922934267465
2076,2.973,1.9487922934267465
2077,2.973,1.9487922934267465
2078,2.973,1.9487922934267465
2079,2.973,1.9487922934267465
2080,2.973,1.9487922934267465
2081,2.973,1.9487922934267465
2082,2.973,1.9487922934267465
2083,2.973,1.9487922934267465
2084,2.973,1.9487922934267465
2085,2.973,1.9487922934267465
2086,2.973,1.9487922934267465
2087,2.838,1.9487922934267465
2088,2.838,1.9487922934267465
2089,2.838,1.9487922934267465
2090,2.838,1.9487922934267465
2091,2.838,1.9487922934267465
2092,2.838,1.9487922934267465
2093,2.838,1.9487922934267465
2094,2.838,1.9487922934267465
2095,2.838,1.9487922934267465
2096,2.838,1.9487922934267465
2097,2.838,1.9487922934267465
2098,2.838,1.9487922934267465
2099,2.838,1.9487922934267465
2100,2.838,1.9487922934267465
2101,2.838,1.9487922934267465
2102,2.838,1.9487922934267465
2103,2.838,1.9487922934267465
2104,2.838,1.9487922934267465
2105,2.838,1.9487922934267465
2106,2.838,1.9487922934267465
2107,2.838,1.9487922934267465
2108,2.838,1.9487922934267465
2109,2.838,1.9487922934267465
2110,2.838,1.9487922934267465
2111,2.838,1.9487922934267465
2112,2.838,1.9487922934267465
2113,2.838,1.9487922934267465
2114,2.838,1.9487922934267465
2115,2.838,1.9487922934267465
2116,2.838,1.9487922934267465
2117,2.838,1.9487922934267465
2118,2.838,1.9487922934267465
2119,2.838,1.9487922934267465
2120,2.838,1.9487922934267465
2121,2.838,1.9487922934267465
2122,2.838,1.9487922934267465
2123,2.838,1.9487922934267465
2124,2.838,1.9487922934267465
2125,2.838,1.9487922934267465
2126,2.838,1.9487922934267465
2127,2.838,1.9487922934267465
2128,2.838,1.9487922934267465
2129,2.838,1.9487922934267465
2130,2.838,1.9487922934267465
2131,2.838,1.9487922934267465
2132,2.838,1.9487922934267465
2133,2.838,1.9487922934267465
2134,2.838,1.9487922934267465
2135,2.838,1.9487922934267465
2136,2.838,1.9487922934267465
2137,2.838,1.9487922934267465
2138,2.838,1.9487922934267465
2139,2.838,1.9487922934267465
2140,2.838,1.9487922934267465
2141,2.838,1.9487922934267465
2142,2.838,1.9487922934267465
2143,2.838,1.9487922934267465
2144,2.838,1.9487922934267465
2145,2.838,1.9487922934267465
2146,2.838,1.9487922934267465
2147,2.838,1.9487922934267465
2148,2.838,1.9487922934267465
2149,2.838,1.9487922934267465
2150,2.838,1.9487922934267465
2151,2.838,1.9487922934267465
2152,2.838,1.9487922934267465
2153,2.838,1.9487922934267465
2154,2.838,1.9487922934267465
2155,2.838,1.9487922934267465
2156,2.838,1.9487922934267465
2157,2.838,1.9487922934267465
2158,2.838,1.9487922934267465
2159,2.838,1.9487922934267465
2160,2.838,1.9487922934267465
2161,2.838,1.9487922934267465
2162,2.838,1.9487922934267465
2163,2.838,1.9487922934267465
2164,2.838,1.9487922934267465
2165,2.838,1.9487922934267465
2166,2.838,1.9487922934267465
2167,2.838,1.9487922934267465
2168,2.838,1.9487922934267465
2169,2.838,1.9487922934267465
2170,2.838,1.9487922934267465
2171,2.838,1.9487922934267465
2172,2.838,1.9487922934267465
2173,2.838,1.9487922934267465
2174,2.838,1.9487922934267465
2175,2.838,1.9487922934267465
2176,2.838,1.9487922934267465
2177,2.838,1.9487922934267465
2178,2.838,1.9487922934267465
2179,2.838,1.9487922934267465
2180,2.838,1.9487922934267465
2181,2.838,1.9487922934267465
2182,2.838,1.9487922934267465
2183,2.838,1.9487922934267465
2184,2.838,1.9487922934267465
2185,2.838,1.9487922934267465
2186,2.838,1.9487922934267465
2187,2.838,1.9487922934267465
2188,2.838,1.9487922934267465
2189,2.838,1.9487922934267465
2190,2.838,1.9487922934267465
2191,2.838,1.9487922934267465
2192,2.838,1.9487922934267465
2193,2.838,1.9487922934267465
2194,2.838,1.9487922934267465
2195,2.838,1.9487922934267465
2196,2.838,1.9487922934267465
2197,2.838,1.9487922934267465
2198,2.838,1.9487922934267465
2199,2.838,1.9487922934267465
2200,2.838,1.9487922934267465
2201,2.838,1.9487922934267465
2202,2.838,1.9487922934267465
2203,2.838,1.9487922934267465
2204,2.838,1.9487922934267465
2205,2.838,1.9487922934267465
2206,2.838,1.9487922934267465
2207,2.838,1.9487922934267465
2208,2.838,1.9487922934267465
2209,2.838,1.9487922934267465
2210,2.838,1.9487922934267465
2211,2.838,1.9487922934267465
2212,2.838,1.9487922934267465
2213,2.838,1.9487922934267465
2214,2.838,1.9487922934267465
2215,2.838,1.9487922934267465
2216,2.838,1.9487922934267465
2217,2.838,1.9487922934267465
2218,2.838,1.9487922934267465
2219,2.838,1.9487922934267465
2220,2.838,1.9487922934267465
2221,2.838,1.9487922934267465
2222,2.838,1.9487922934267465
2223,2.838,1.9487922934267465
2224,2.838,1.9487922934267465
2225,2.838,1.9487922934267465
2226,2.838,1.9487922934267465
2227,2.838,1.9487922934267465
2228,2.838,1.9487922934267465
2229,2.838,1.9487922934267465
2230,2.838,1.9487922934267465
2231,2.838,1.9487922934267465
2232,2.838,1.9487922934267465
2233,2.838,1.9487922934267465
2234,2.838,1.9487922934267465
2235,2.838,1.9487922934267465
2236,2.838,1.9487922934267465
2237,2.838,1.9487922934267465
2238,2.838,1.9487922934267465
2239,2.838,1.9487922934267465
2240,2.838,1.9487922934267465
2241,2.838,1.9487922934267465
2242,2.838,1.9487922934267465
2243,2.838,1.9487922934267465
2244,2.838,1.9487922934267465
2245,2.838,1.9487922934267465
2246,2.838,1.9487922934267465
2247,2.838,1.9487922934267465
2248,2.838,1.9487922934267465
2249,2.838,1.9487922934267465
2250,2.838,1.9487922934267465
2251,2.838,1.9487922934267465
2252,2.838,1.9487922934267465
2253,2.838,1.9487922934267465
2254,2.838,1.9487922934267465
2255,2.838,1.9487922934267465
2256,2.838,1.9487922934267465
2257,2.838,1.9487922934267465
2258,2.838,1.9487922934267465
2259,2.838,1.9487922934267465
2260,2.838,1.9487922934267465
2261,2.838,1.9487922934267465
2262,2.838,1.9487922934267465
2263,2.838,1.9487922934267465
2264,2.838,1.9487922934267465
2265,2.838,1.9487922934267465
2266,2.838,1.9487922934267465
2267,2.838,1.9487922934267465
2268,2.838,1.9487922934267465
2269,2.838,1.9487922934267465
2270,2.838,1.9487922934267465
2271,2.838,1.9487922934267465
2272,2.838,1.9487922934267465
2273,2.838,1.9487922934267465
2274,2.838,1.9487922934267465
2275,2.838,1.9487922934267465
2276,2.838,1.9487922934267465
2277,2.838,1.9487922934267465
2278,2.838,1.9487922934267465
2279,2.838,1.9487922934267465
2280,2.838,1.9487922934267465
2281,2.838,1.9487922934267465
2282,2.838,1.9487922934267465
2283,2.838,1.9487922934267465
2284,2.838,1.9487922934267465
2285,2.838,1.9487922934267465
2286,2.838,1.9487922934267465
2287,2.838,1.9487922934267465
2288,2.838,1.9487922934267465
2289,2.838,1.9487922934267465
2290,2.838,1.9487922934267465
2291,2.838,1.9487922934267465
2292,2.838,1.9487922934267465
2293,2.838,1.9487922934267465
2294,2.838,1.9487922934267465
2295,2.838,1.9487922934267465
2296,2.838,1.9487922934267465
2297,2.838,1.9487922934267465
2298,2.838,1.9487922934267465
2299,2.838,1.9487922934267465
2300,2.838,1.9487922934267465
2301,2.838,1.9487922934267465
2302,2.838,1.9487922934267465
2303,2.838,1.9487922934267465
2304,2.838,1.9487922934267465
2305,2.838,1.9487922934267465
2306,2.838,1.9487922934267465
2307,2.838,1.9487922934267465
2308,2.838,1.9487922934267465
2309,2.838,1.9487922934267465
2310,2.838,1.9487922934267465
2311,2.838,1.9487922934267465
2312,2.838,1.9487922934267465
2313,2.838,1.9487922934267465
2314,2.838,1.9487922934267465
2315,2.838,1.9487922934267465
2316,2.838,1.9487922934267465
2317,2.838,1.9487922934267465
2318,2.838,1.9487922934267465
2319,2.838,1.9487922934267465
2320,2.838,1.9487922934267465
2321,2.838,1.9487922934267465
2322,2.838,1.9487922934267465
2323,2.838,1.9487922934267465
2324,2.838,1.9487922934267465
2325,2.838,1.9487922934267465
2326,2.838,1.9487922934267465
2327,2.838,1.9487922934267465
2328,2.838,1.9487922934267465
2329,2.838,1.9487922934267465
2330,2.838,1.9487922934267465
2331,2.838,1.9487922934267465
2332,2.838,1.9487922934267465
2333,2.838,1.9487922934267465
2334,2.838,1.9487922934267465
2335,2.838,1.9487922934267465
2336,2.838,1.9487922934267465
2337,2.838,1.9487922934267465
2338,2.838,1.9487922934267465
2339,2.838,1.9487922934267465
2340,2.838,1.9487922934267465
2341,2.838,1.9487922934267465
2342,2.838,1.9487922934267465
2343,2.838,1.9487922934267465
2344,2.838,1.9487922934267465
2345,2.838,1.9487922934267465
2346,2.838,1.9487922934267465
2347,2.838,1.9487922934267465
2348,2.838,1.9487922934267465
2349,2.838,1.9487922934267465
2350,2.838,1.9487922934267465
2351,2.838,1.9487922934267465
2352,2.838,1.9487922934267465
2353,2.838,1.9487922934267465
2354,2.838,1.9487922934267465
2355,2.838,1.9487922934267465
2356,2.838,1.9487922934267465
2357,2.838,1.9487922934267465
2358,2.838,1.9487922934267465
2359,2.838,1.9487922934267465
2360,2.838,1.9487922934267465
2361,2.838,1.9487922934267465
2362,2.838,1.9487922934267465
2363,2.838,1.9487922934267465
2364,2.838,1.9487922934267465
2365,2.838,1.9487922934267465
2366,2.838,1.9487922934267465
2367,2.838,1.9487922934267465
2368,2.838,1.9487922934267465
2369,2.838,1.9487922934267465
2370,2.838,1.9487922934267465
2371,2.838,1.9487922934267465
2372,2.838,1.9487922934267465
2373,2.838,1.9487922934267465
2374,2.838,1.9487922934267465
2375,2.838,1.9487922934267465
2376,2.838,1.9487922934267465
2377,2.838,1.9487922934267465
2378,2.838,1.9487922934267465
2379,2.838,1.9487922934267465
2380,2.838,1.9487922934267465
2381,2.838,1.9487922934267465
2382,2.838,1.9487922934267465
2383,2.838,1.9487922934267465
2384,2.838,1.9487922934267465
2385,2.838,1.9487922934267465
2386,2.838,1.9487922934267465
2387,2.838,1.9487922934267465
2388,2.838,1.9487922934267465
2389,2.838,1.9487922934267465
2390,2.838,1.9487922934267465
2391,2.838,1.9487922934267465
2392,2.838,1.9487922934267465
2393,2.838,1.9487922934267465
2394,2.838,1.9487922934267465
2395,2.838,1.9487922934267465
2396,2.838,1.9487922934267465
2397,2.838,1.9487922934267465
2398,2.838,1.9487922934267465
2399,2.838,1.9487922934267465
2400,2.838,1.9487922934267465
2401,2.838,1.9487922934267465
2402,2.838,1.9487922934267465
2403,2.838,1.9487922934267465
2404,2.838,1.9487922934267465
2405,2.838,1.9487922934267465
2406,2.838,1.9487922934267465
2407,2.838,1.9487922934267465
2408,2.838,1.9487922934267465
2409,2.838,1.9487922934267465
2410,2.838,1.9487922934267465
2411,2.838,1.9487922934267465
2412,2.838,1.9487922934267465
2413,2.838,1.9487922934267465
2414,2.838,1.9487922934267465
2415,2.838,1.9487922934267465
2416,2.838,1.9487922934267465
2417,2.838,1.9487922934267465
2418,2.838,1.9487922934267465
2419,2.838,1.9487922934267465
2420,2.838,1.9487922934267465
2421,2.838,1.9487922934267465
2422,2.838,1.9487922934267465
2423,2.838,1.9487922934267465
2424,2.838,1.9487922934267465
2425,2.838,1.9487922934267465
2426,2.838,1.9487922934267465
2427,2.838,1.9487922934267465
2428,2.838,1.9487922934267465
2429,2.838,1.9487922934267465
2430,2.838,1.9487922934267465
2431,2.838,1.9487922934267465
2432,2.838,1.9487922934267465
2433,2.838,1.9487922934267465
2434,2.838,1.9487922934267465
2435,2.838,1.9487922934267465
2436,2.838,1.9487922934267465
2437,2.838,1.9487922934267465
2438,2.838,1.9487922934267465
2439,2.838,1.9487922934267465
2440,2.838,1.9487922934267465
2441,2.838,1.9487922934267465
2442,2.838,1.9487922934267465
2443,2.838,1.9487922934267465
2444,2.838,1.9487922934267465
2445,2.838,1.9487922934267465
2446,2.838,1.9487922934267465
2447,2.838,1.9487922934267465
2448,2.838,1.9487922934267465
2449,2.838,1.9487922934267465
2450,2.838,1.9487922934267465
2451,2.838,1.9487922934267465
2452,2.838,1.9487922934267465
2453,2.838,1.9487922934267465
2454,2.838,1.9487922934267465
2455,2.838,1.9487922934267465
2456,2.838,1.9487922934267465
2457,2.838,1.9487922934267465
2458,2.838,1.9487922934267465
2459,2.838,1.9487922934267465
2460,2.838,1.9487922934267465
2461,2.838,1.9487922934267465
2462,2.838,1.9487922934267465
2463,2.838,1.9487922934267465
2464,2.838,1.9487922934267465
2465,2.838,1.9487922934267465
2466,2.838,1.9487922934267465
2467,2.838,1.9487922934267465
2468,2.838,1.9487922934267465
2469,2.838,1.9487922934267465
2470,2.838,1.9487922934267465
2471,2.838,1.9487922934267465
2472,2.838,1.9487922934267465
2473,2.838,1.9487922934267465
2474,2.838,1.9487922934267465
2475,2.838,1.9487922934267465
2476,2.838,1.9487922934267465
2477,2.838,1.9487922934267465
2478,2.838,1.9487922934267465
2479,2.838,1.9487922934267465
2480,2.838,1.9487922934267465
2481,2.7030000000000003,1.9487922934267465
2482,2.7030000000000003,1.9487922934267465
2483,2.7030000000000003,1.9487922934267465
2484,2.7030000000000003,1.9487922934267465
2485,2.7030000000000003,1.9487922934267465
2486,2.7030000000000003,1.9487922934267465
2487,2.7030000000000003,1.9487922934267465
2488,2.7030000000000003,1.9487922934267465
2489,2.7030000000000003,1.9487922934267465
2490,2.7030000000000003,1.9487922934267465
2491,2.7030000000000003,1.9487922934267465
2492,2.7030000000000003,1.9487922934267465
2493,2.7030000000000003,1.9487922934267465
2494,2.7030000000000003,1.9487922934267465
2495,2.7030000000000003,1.9487922934267465
2496,2.7030000000000003,1.9487922934267465
2497,2.7030000000000003,1.9487922934267465
2498,2.7030000000000003,1.9487922934267465
2499,2.7030000000000003,1.9487922934267465
2500,2.7030000000000003,1.9487922934267465
2501,2.7030000000000003,1.9487922934267465
2502,2.7030000000000003,1.9487922934267465
2503,2.7030000000000003,1.9487922934267465
2504,2.7030000000000003,1.9487922934267465
2505,2.7030000000000003,1.9487922934267465
2506,2.7030000000000003,1.9487922934267465
2507,2.7030000000000003,1.9487922934267465
2508,2.7030000000000003,1.9487922934267465
2509,2.7030000000000003,1.9487922934267465
2510,2.7030000000000003,1.9487922934267465
2511,2.7030000000000003,1.9487922934267465
2512,2.7030000000000003,1.9487922934267465
2513,2.7030000000000003,1.9487922934267465
2514,2.7030000000000003,1.9487922934267465
2515,2.7030000000000003,1.9487922934267465
2516,2.7030000000000003,1.9487922934267465
2517,2.7030000000000003,1.9487922934267465
2518,2.7030000000000003,1.9487922934267465
2519,2.7030000000000003,1.9487922934267465
2520,2.7030000000000003,1.9487922934267465
2521,2.7030000000000003,1.9487922934267465
2522,2.7030000000000003,1.9487922934267465
2523,2.7030000000000003,1.9487922934267465
2524,2.7030000000000003,1.9487922934267465
2525,2.7030000000000003,1.9487922934267465
2526,2.7030000000000003,1.9487922934267465
2527,2.7030000000000003,1.9487922934267465
2528,2.7030000000000003,1.9487922934267465
2529,2.7030000000000003,1.9487922934267465
2530,2.7030000000000003,1.9487922934267465
2531,2.7030000000000003,1.9487922934267465
2532,2.7030000000000003,1.9487922934267465
2533,2.7030000000000003,1.9487922934267465
2534,2.7030000000000003,1.9487922934267465
2535,2.7030000000000003,1.9487922934267465
2536,2.7030000000000003,1.9487922934267465
2537,2.7030000000000003,1.9487922934267465
2538,2.7030000000000003,1.9487922934267465
2539,2.7030000000000003,1.9487922934267465
2540,2.7030000000000003,1.9487922934267465
2541,2.7030000000000003,1.9487922934267465
2542,2.7030000000000003,1.9487922934267465
2543,2.7030000000000003,1.9487922934267465
2544,2.7030000000000003,1.9487922934267465
2545,2.7030000000000003,1.9487922934267465
2546,2.7030000000000003,1.9487922934267465
2547,2.7030000000000003,1.9487922934267465
2548,2.7030000000000003,1.9487922934267465
2549,2.7030000000000003,1.9487922934267465
2550,2.7030000000000003,1.9487922934267465
2551,2.7030000000000003,1.9487922934267465
2552,2.7030000000000003,1.9487922934267465
2553,2.7030000000000003,1.9487922934267465
2554,2.7030000000000003,1.9487922934267465
2555,2.7030000000000003,1.9487922934267465
2556,2.7030000000000003,1.9487922934267465
2557,2.7030000000000003,1.9487922934267465
2558,2.7030000000000003,1.9487922934267465
2559,2.7030000000000003,1.9487922934267465
2560,2.7030000000000003,1.9487922934267465
2561,2.7030000000000003,1.9487922934267465
2562,2.7030000000000003,1.9487922934267465
2563,2.7030000000000003,1.9487922934267465
2564,2.7030000000000003,1.9487922934267465
2565,2.7030000000000003,1.9487922934267465
2566,2.7030000000000003,1.9487922934267465
2567,2.7030000000000003,1.9487922934267465
2568,2.7030000000000003,1.9487922934267465
2569,2.7030000000000003,1.9487922934267465
2570,2.7030000000000003,1.9487922934267465
2571,2.7030000000000003,1.9487922934267465
2572,2.7030000000000003,1.9487922934267465
2573,2.7030000000000003,1.9487922934267465
2574,2.7030000000000003,1.9487922934267465
2575,2.7030000000000003,1.9487922934267465
2576,2.5679999999999996,1.9487922934267465
2577,2.5679999999999996,1.9487922934267465
2578,2.5679999999999996,1.9487922934267465
2579,2.5679999999999996,1.9487922934267465
2580,2.5679999999999996,1.9487922934267465
2581,2.5679999999999996,1.9487922934267465
2582,2.5679999999999996,1.9487922934267465
2583,2.5679999999999996,1.9487922934267465
2584,2.5679999999999996,1.9487922934267465
2585,2.5679999999999996,1.9487922934267465
2586,2.5679999999999996,1.9487922934267465
2587,2.5679999999999996,1.9487922934267465
2588,2.5679999999999996,1.9487922934267465
2589,2.5679999999999996,1.9487922934267465
2590,2.5679999999999996,1.9487922934267465
2591,2.5679999999999996,1.9487922934267465
2592,2.5679999999999996,1.9487922934267465
2593,2.5679999999999996,1.9487922934267465
2594,2.5679999999999996,1.9487922934267465
2595,2.5679999999999996,1.9487922934267465
2596,2.5679999999999996,1.9487922934267465
2597,2.5679999999999996,1.9487922934267465
2598,2.5679999999999996,1.9487922934267465
2599,2.5679999999999996,1.9487922934267465
2600,2.5679999999999996,1.9487922934267465
2601,2.5679999999999996,1.9487922934267465
2602,2.5679999999999996,1.9487922934267465
2603,2.5679999999999996,1.9487922934267465
2604,2.5679999999999996,1.9487922934267465
2605,2.5679999999999996,1.9487922934267465
2606,2.5679999999999996,1.9487922934267465
2607,2.5679999999999996,1.9487922934267465
2608,2.5679999999999996,1.9487922934267465
2609,2.5679999999999996,1.9487922934267465
2610,2.5679999999999996,1.9487922934267465
2611,2.5679999999999996,1.9487922934267465
2612,2.5679999999999996,1.9487922934267465
2613,2.5679999999999996,1.9487922934267465
2614,2.5679999999999996,1.9487922934267465
2615,2.5679999999999996,1.9487922934267465
2616,2.5679999999999996,1.9487922934267465
2617,2.5679999999999996,1.9487922934267465
2618,2.5679999999999996,1.9487922934267465
2619,2.5679999999999996,1.9487922934267465
2620,2.5679999999999996,1.9487922934267465
2621,2.5679999999999996,1.9487922934267465
2622,2.5679999999999996,1.9487922934267465
2623,2.5679999999999996,1.9487922934267465
2624,2.5679999999999996,1.9487922934267465
2625,2.5679999999999996,1.9487922934267465
2626,2.5679999999999996,1.9487922934267465
2627,2.5679999999999996,1.9487922934267465
2628,2.5679999999999996,1.9487922934267465
2629,2.5679999999999996,1.9487922934267465
2630,2.5679999999999996,1.9487922934267465
2631,2.5679999999999996,1.9487922934267465
2632,2.5679999999999996,1.9487922934267465
2633,2.5679999999999996,1.9487922934267465
2634,2.5679999999999996,1.9487922934267465
2635,2.5679999999999996,1.9487922934267465
2636,2.5679999999999996,1.9487922934267465
2637,2.5679999999999996,1.9487922934267465
2638,2.5679999999999996,1.9487922934267465
2639,2.5679999999999996,1.9487922934267465
2640,2.5679999999999996,1.9487922934267465
2641,2.5679999999999996,1.9487922934267465
2642,2.5679999999999996,1.9487922934267465
2643,2.5679999999999996,1.9487922934267465
2644,2.5679999999999996,1.9487922934267465
2645,2.5679999999999996,1.9487922934267465
2646,2.5679999999999996,1.9487922934267465
2647,2.5679999999999996,1.9487922934267465
2648,2.5679999999999996,1.9487922934267465
2649,2.5679999999999996,1.9487922934267465
2650,2.5679999999999996,1.9487922934267465
2651,2.5679999999999996,1.9487922934267465
2652,2.5679999999999996,1.9487922934267465
2653,2.5679999999999996,1.9487922934267465
2654,2.5679999999999996,1.9487922934267465
2655,2.5679999999999996,1.9487922934267465
2656,2.5679999999999996,1.9487922934267465
2657,2.5679999999999996,1.9487922934267465
2658,2.5679999999999996,1.9487922934267465
2659,2.5679999999999996,1.9487922934267465
2660,2.5679999999999996,1.9487922934267465
2661,2.5679999999999996,1.9487922934267465
2662,2.5679999999999996,1.9487922934267465
2663,2.5679999999999996,1.9487922934267465
2664,2.5679999999999996,1.9487922934267465
2665,2.5679999999999996,1.9487922934267465
2666,2.5679999999999996,1.9487922934267465
2667,2.5679999999999996,1.9487922934267465
2668,2.5679999999999996,1.9487922934267465
2669,2.5679999999999996,1.9487922934267465
2670,2.5679999999999996,1.9487922934267465
2671,2.5679999999999996,1.9487922934267465
2672,2.5679999999999996,1.9487922934267465
2673,2.5679999999999996,1.9487922934267465
2674,2.5679999999999996,1.9487922934267465
2675,2.5679999999999996,1.9487922934267465
2676,2.5679999999999996,1.9487922934267465
2677,2.5679999999999996,1.9487922934267465
2678,2.5679999999999996,1.9487922934267465
2679,2.5679999999999996,1.9487922934267465
2680,2.5679999999999996,1.9487922934267465
2681,2.5679999999999996,1.9487922934267465
2682,2.5679999999999996,1.9487922934267465
2683,2.5679999999999996,1.9487922934267465
2684,2.5679999999999996,1.9487922934267465
2685,2.5679999999999996,1.9487922934267465
2686,2.5679999999999996,1.9487922934267465
2687,2.5679999999999996,1.9487922934267465
2688,2.5679999999999996,1.9487922934267465
2689,2.5679999999999996,1.9487922934267465
2690,2.5679999999999996,1.9487922934267465
2691,2.5679999999999996,1.9487922934267465
2692,2.5679999999999996,1.9487922934267465
2693,2.5679999999999996,1.9487922934267465
2694,2.5679999999999996,1.9487922934267465
2695,2.5679999999999996,1.9487922934267465
2696,2.5679999999999996,1.9487922934267465
2697,2.5679999999999996,1.9487922934267465
2698,2.5679999999999996,1.9487922934267465
2699,2.5679999999999996,1.9487922934267465
2700,2.5679999999999996,1.9487922934267465
2701,2.5679999999999996,1.9487922934267465
2702,2.5679999999999996,1.9487922934267465
2703,2.5679999999999996,1.9487922934267465
2704,2.5679999999999996,1.9487922934267465
2705,2.5679999999999996,1.9487922934267465
2706,2.5679999999999996,1.9487922934267465
2707,2.5679999999999996,1.9487922934267465
2708,2.5679999999999996,1.9487922934267465
2709,2.5679999999999996,1.9487922934267465
2710,2.5679999999999996,1.9487922934267465
2711,2.5679999999999996,1.9487922934267465
2712,2.5679999999999996,1.9487922934267465
2713,2.5679999999999996,1.9487922934267465
2714,2.5679999999999996,1.9487922934267465
2715,2.5679999999999996,1.9487922934267465
2716,2.5679999999999996,1.9487922934267465
2717,2.5679999999999996,1.9487922934267465
2718,2.5679999999999996,1.9487922934267465
2719,2.5679999999999996,1.9487922934267465
2720,2.5679999999999996,1.9487922934267465
2721,2.5679999999999996,1.9487922934267465
2722,2.5679999999999996,1.9487922934267465
2723,2.5679999999999996,1.9487922934267465
2724,2.5679999999999996,1.9487922934267465
2725,2.5679999999999996,1.9487922934267465
2726,2.5679999999999996,1.9487922934267465
2727,2.5679999999999996,1.9487922934267465
2728,2.5679999999999996,1.9487922934267465
2729,2.5679999999999996,1.9487922934267465
2730,2.5679999999999996,1.9487922934267465
2731,2.5679999999999996,1.9487922934267465
2732,2.5679999999999996,1.9487922934267465
2733,2.5679999999999996,1.9487922934267465
2734,2.5679999999999996,1.9487922934267465
2735,2.5679999999999996,1.9487922934267465
2736,2.5679999999999996,1.9487922934267465
2737,2.5679999999999996,1.9487922934267465
2738,2.5679999999999996,1.9487922934267465
2739,2.5679999999999996,1.9487922934267465
2740,2.5679999999999996,1.9487922934267465
2741,2.5679999999999996,1.9487922934267465
2742,2.5679999999999996,1.9487922934267465
2743,2.5679999999999996,1.9487922934267465
2744,2.5679999999999996,1.9487922934267465
2745,2.5679999999999996,1.9487922934267465
2746,2.5679999999999996,1.9487922934267465
2747,2.5679999999999996,1.9487922934267465
2748,2.5679999999999996,1.9487922934267465
2749,2.5679999999999996,1.9487922934267465
2750,2.5679999999999996,1.9487922934267465
2751,2.5679999999999996,1.9487922934267465
2752,2.5679999999999996,1.9487922934267465
2753,2.5679999999999996,1.9487922934267465
2754,2.5679999999999996,1.9487922934267465
2755,2.5679999999999996,1.9487922934267465
2756,2.5679999999999996,1.9487922934267465
2757,2.5679999999999996,1.9487922934267465
2758,2.5679999999999996,1.9487922934267465
2759,2.5679999999999996,1.9487922934267465
2760,2.5679999999999996,1.9487922934267465
2761,2.5679999999999996,1.9487922934267465
2762,2.5679999999999996,1.9487922934267465
2763,2.5679999999999996,1.9487922934267465
2764,2.5679999999999996,1.9487922934267465
2765,2.5679999999999996,1.9487922934267465
2766,2.5679999999999996,1.9487922934267465
2767,2.5679999999999996,1.9487922934267465
2768,2.5679999999999996,1.9487922934267465
2769,2.5679999999999996,1.9487922934267465
2770,2.5679999999999996,1.9487922934267465
2771,2.5679999999999996,1.9487922934267465
2772,2.5679999999999996,1.9487922934267465
2773,2.5679999999999996,1.9487922934267465
2774,2.5679999999999996,1.9487922934267465
2775,2.5679999999999996,1.9487922934267465
2776,2.433,1.9487922934267465
2777,2.433,1.9487922934267465
2778,2.433,1.9487922934267465
2779,2.433,1.9487922934267465
2780,2.433,1.9487922934267465
2781,2.433,1.9487922934267465
2782,2.433,1.9487922934267465
2783,2.433,1.9487922934267465
2784,2.433,1.9487922934267465
2785,2.433,1.9487922934267465
2786,2.433,1.9487922934267465
2787,2.433,1.9487922934267465
2788,2.433,1.9487922934267465
2789,2.433,1.9487922934267465
2790,2.433,1.9487922934267465
2791,2.433,1.9487922934267465
2792,2.433,1.9487922934267465
2793,2.433,1.9487922934267465
2794,2.433,1.9487922934267465
2795,2.433,1.9487922934267465
2796,2.433,1.9487922934267465
2797,2.433,1.9487922934267465
2798,2.433,1.9487922934267465
2799,2.433,1.9487922934267465
2800,2.433,1.9487922934267465
2801,2.433,1.9487922934267465
2802,2.433,1.9487922934267465
2803,2.433,1.9487922934267465
2804,2.433,1.9487922934267465
2805,2.433,1.9487922934267465
2806,2.433,1.9487922934267465
2807,2.433,1.9487922934267465
2808,2.433,1.9487922934267465
2809,2.433,1.9487922934267465
2810,2.433,1.9487922934267465
2811,2.433,1.9487922934267465
2812,2.433,1.9487922934267465
2813,2.433,1.9487922934267465
2814,2.433,1.9487922934267465
2815,2.433,1.9487922934267465
2816,2.433,1.9487922934267465
2817,2.433,1.9487922934267465
2818,2.433,1.9487922934267465
2819,2.433,1.9487922934267465
2820,2.433,1.9487922934267465
2821,2.433,1.9487922934267465
2822,2.433,1.9487922934267465
2823,2.433,1.9487922934267465
2824,2.433,1.9487922934267465
2825,2.433,1.9487922934267465
2826,2.433,1.9487922934267465
2827,2.433,1.9487922934267465
2828,2.433,1.9487922934267465
2829,2.433,1.9487922934267465
2830,2.433,1.9487922934267465
2831,2.433,1.9487922934267465
2832,2.433,1.9487922934267465
2833,2.433,1.9487922934267465
2834,2.433,1.9487922934267465
2835,2.433,1.9487922934267465
2836,2.433,1.9487922934267465
2837,2.433,1.9487922934267465
2838,2.433,1.9487922934267465
2839,2.433,1.9487922934267465
2840,2.433,1.9487922934267465
2841,2.433,1.9487922934267465
2842,2.433,1.9487922934267465
2843,2.433,1.9487922934267465
2844,2.433,1.9487922934267465
2845,2.433,1.9487922934267465
2846,2.433,1.9487922934267465
2847,2.433,1.9487922934267465
2848,2.433,1.9487922934267465
2849,2.433,1.9487922934267465
2850,2.433,1.9487922934267465
2851,2.433,1.9487922934267465
2852,2.433,1.9487922934267465
2853,2.433,1.9487922934267465
2854,2.433,1.9487922934267465
2855,2.433,1.9487922934267465
2856,2.433,1.9487922934267465
2857,2.433,1.9487922934267465
2858,2.433,1.9487922934267465
2859,2.433,1.9487922934267465
2860,2.433,1.9487922934267465
2861,2.433,1.9487922934267465
2862,2.433,1.9487922934267465
2863,2.433,1.9487922934267465
2864,2.433,1.9487922934267465
2865,2.433,1.9487922934267465
2866,2.433,1.9487922934267465
2867,2.433,1.9487922934267465
2868,2.433,1.9487922934267465
2869,2.433,1.9487922934267465
2870,2.433,1.9487922934267465
2871,2.423,1.9487922934267465
2872,2.2880000000000003,1.9487922934267465
2873,2.2779999999999996,1.9487922934267465
2874,2.113,1.9487922934267465
2875,1.283,1.9487922934267465
2876,0.878,1.9487922934267465
2877,0.878,1.9487922934267465
2878,0.878,1.9487922934267465
2879,0.878,1.9487922934267465
2880,0.878,1.9487922934267465
2881,0.878,1.9487922934267465
2882,0.878,1.9487922934267465
2883,0.878,1.9487922934267465
2884,0.878,1.9487922934267465
2885,0.878,1.9487922934267465
2886,0.878,1.9487922934267465
2887,0.878,1.9487922934267465
2888,0.878,1.9487922934267465
2889,0.878,1.9487922934267465
2890,0.878,1.9487922934267465
2891,0.878,1.9487922934267465
2892,0.878,1.9487922934267465
2893,0.878,1.9487922934267465
2894,0.878,1.9487922934267465
2895,0.878,1.9487922934267465
2896,0.878,1.9487922934267465
2897,0.878,1.9487922934267465
2898,0.878,1.9487922934267465
2899,0.878,1.9487922934267465
2900,0.878,1.9487922934267465
2901,0.878,1.9487922934267465
2902,0.878,1.9487922934267465
2903,0.878,1.9487922934267465
2904,0.878,1.9487922934267465
2905,0.878,1.9487922934267465
2906,0.878,1.9487922934267465
2907,0.878,1.9487922934267465
2908,0.878,1.9487922934267465
2909,0.878,1.9487922934267465
2910,0.878,1.9487922934267465
2911,0.878,1.9487922934267465
2912,0.878,1.9487922934267465
2913,0.878,1.9487922934267465
2914,0.878,1.9487922934267465
2915,0.878,1.9487922934267465
2916,0.878,1.9487922934267465
2917,0.878,1.9487922934267465
2918,0.878,1.9487922934267465
2919,0.878,1.9487922934267465
2920,0.878,1.9487922934267465
2921,0.878,1.9487922934267465
2922,0.878,1.9487922934267465
2923,0.878,1.9487922934267465
2924,0.878,1.9487922934267465
2925,0.878,1.9487922934267465
2926,0.878,1.9487922934267465
2927,0.878,1.9487922934267465
2928,0.878,1.9487922934267465
2929,0.878,1.9487922934267465
2930,0.878,1.9487922934267465
2931,0.878,1.9487922934267465
2932,0.878,1.9487922934267465
2933,0.878,1.9487922934267465
2934,0.878,1.9487922934267465
2935,0.878,1.9487922934267465
2936,0.878,1.9487922934267465
2937,0.878,1.9487922934267465
2938,0.878,1.9487922934267465
2939,0.878,1.9487922934267465
2940,0.878,1.9487922934267465
2941,0.878,1.9487922934267465
2942,0.878,1.9487922934267465
2943,0.878,1.9487922934267465
2944,0.878,1.9487922934267465
2945,0.878,1.9487922934267465
2946,0.878,1.9487922934267465
2947,0.878,1.9487922934267465
2948,0.878,1.9487922934267465
2949,0.878,1.9487922934267465
2950,0.878,1.9487922934267465
2951,0.878,1.9487922934267465
2952,0.878,1.9487922934267465
2953,0.878,1.9487922934267465
2954,0.878,1.9487922934267465
2955,0.878,1.9487922934267465
2956,0.878,1.9487922934267465
2957,0.878,1.9487922934267465
2958,0.878,1.9487922934267465
2959,0.878,1.9487922934267465
2960,0.878,1.9487922934267465
2961,0.878,1.9487922934267465
2962,0.878,1.9487922934267465
2963,0.878,1.9487922934267465
2964,0.878,1.9487922934267465
2965,0.878,1.9487922934267465
2966,0.878,1.9487922934267465
2967,0.878,1.9487922934267465
2968,0.878,1.9487922934267465
2969,0.878,1.9487922934267465
2970,0.878,1.9487922934267465
2971,0.878,1.9487922934267465
2972,0.878,1.9487922934267465
2973,0.868,1.9487922934267465
2974,0.733,1.9487922934267465
2975,0.733,1.9487922934267465
2976,0.733,1.9487922934267465
2977,0.733,1.9487922934267465
2978,0.733,1.9487922934267465
2979,0.733,1.9487922934267465
2980,0.733,1.9487922934267465
2981,0.733,1.9487922934267465
2982,0.733,1.9487922934267465
2983,0.733,1.9487922934267465
2984,0.733,1.9487922934267465
2985,0.733,1.9487922934267465
2986,0.733,1.9487922934267465
2987,0.733,1.9487922934267465
2988,0.733,1.9487922934267465
2989,0.733,1.9487922934267465
2990,0.733,1.9487922934267465
2991,0.733,1.9487922934267465
2992,0.733,1.9487922934267465
2993,0.733,1.9487922934267465
2994,0.733,1.9487922934267465
2995,0.733,1.9487922934267465
2996,0.733,1.9487922934267465
2997,0.733,1.9487922934267465
2998,0.733,1.9487922934267465
2999,0.733,1.9487922934267465
3000,0.733,1.9487922934267465
3001,0.733,1.9487922934267465
3002,0.733,1.9487922934267465
3003,0.733,1.9487922934267465
3004,0.733,1.9487922934267465
3005,0.733,1.9487922934267465
3006,0.733,1.9487922934267465
3007,0.733,1.9487922934267465
3008,0.733,1.9487922934267465
3009,0.733,1.9487922934267465
3010,0.733,1.9487922934267465
3011,0.733,1.9487922934267465
3012,0.733,1.9487922934267465
3013,0.733,1.9487922934267465
3014,0.733,1.9487922934267465
3015,0.733,1.9487922934267465
3016,0.733,1.9487922934267465
3017,0.733,1.9487922934267465
3018,0.733,1.9487922934267465
3019,0.733,1.9487922934267465
3020,0.733,1.9487922934267465
3021,0.733,1.9487922934267465
3022,0.733,1.9487922934267465
3023,0.733,1.9487922934267465
3024,0.733,1.9487922934267465
3025,0.733,1.9487922934267465
3026,0.733,1.9487922934267465
3027,0.733,1.9487922934267465
3028,0.733,1.9487922934267465
3029,0.733,1.9487922934267465
3030,0.733,1.9487922934267465
3031,0.733,1.9487922934267465
3032,0.733,1.9487922934267465
3033,0.733,1.9487922934267465
3034,0.733,1.9487922934267465
3035,0.733,1.9487922934267465
3036,0.733,1.9487922934267465
3037,0.733,1.9487922934267465
3038,0.733,1.9487922934267465
3039,0.733,1.9487922934267465
3040,0.733,1.9487922934267465
3041,0.733,1.9487922934267465
3042,0.733,1.9487922934267465
3043,0.733,1.9487922934267465
3044,0.733,1.9487922934267465
3045,0.733,1.9487922934267465
3046,0.733,1.9487922934267465
3047,0.733,1.9487922934267465
3048,0.733,1.9487922934267465
3049,0.733,1.9487922934267465
3050,0.733,1.9487922934267465
3051,0.733,1.9487922934267465
3052,0.733,1.9487922934267465
3053,0.733,1.9487922934267465
3054,0.733,1.9487922934267465
3055,0.733,1.9487922934267465
3056,0.733,1.9487922934267465
3057,0.733,1.9487922934267465
3058,0.733,1.9487922934267465
3059,0.733,1.9487922934267465
3060,0.733,1.9487922934267465
3061,0.733,1.9487922934267465
3062,0.733,1.9487922934267465
3063,0.733,1.9487922934267465
3064,0.733,1.9487922934267465
3065,0.733,1.9487922934267465
3066,0.733,1.9487922934267465
3067,0.733,1.9487922934267465
3068,0.733,1.9487922934267465
3069,0.733,1.9487922934267465
3070,0.733,1.9487922934267465
3071,0.733,1.9487922934267465
3072,0.723,1.9487922934267465
3073,0.588,1.9487922934267465
3074,0.588,1.9487922934267465
3075,0.588,1.9487922934267465
3076,0.588,1.9487922934267465
3077,0.588,1.9487922934267465
3078,0.588,1.9487922934267465
3079,0.588,1.9487922934267465
3080,0.588,1.9487922934267465
3081,0.588,1.9487922934267465
3082,0.588,1.9487922934267465
3083,0.588,1.9487922934267465
3084,0.588,1.9487922934267465
3085,0.588,1.9487922934267465
3086,0.588,1.9487922934267465
3087,0.588,1.9487922934267465
3088,0.588,1.9487922934267465
3089,0.588,1.9487922934267465
3090,0.588,1.9487922934267465
3091,0.588,1.9487922934267465
3092,0.588,1.9487922934267465
3093,0.588,1.9487922934267465
3094,0.588,1.9487922934267465
3095,0.588,1.9487922934267465
3096,0.588,1.9487922934267465
3097,0.588,1.9487922934267465
3098,0.588,1.9487922934267465
3099,0.588,1.9487922934267465
3100,0.588,1.9487922934267465
3101,0.588,1.9487922934267465
3102,0.588,1.9487922934267465
3103,0.588,1.9487922934267465
3104,0.588,1.9487922934267465
3105,0.588,1.9487922934267465
3106,0.588,1.9487922934267465
3107,0.588,1.9487922934267465
3108,0.588,1.9487922934267465
3109,0.588,1.9487922934267465
3110,0.588,1.9487922934267465
3111,0.588,1.9487922934267465
3112,0.588,1.9487922934267465
3113,0.588,1.9487922934267465
3114,0.588,1.9487922934267465
3115,0.588,1.9487922934267465
3116,0.588,1.9487922934267465
3117,0.588,1.9487922934267465
3118,0.588,1.9487922934267465
3119,0.588,1.9487922934267465
3120,0.588,1.9487922934267465
3121,0.588,1.9487922934267465
3122,0.588,1.9487922934267465
3123,0.588,1.9487922934267465
3124,0.588,1.9487922934267465
3125,0.588,1.9487922934267465
3126,0.588,1.9487922934267465
3127,0.588,1.9487922934267465
3128,0.588,1.9487922934267465
3129,0.588,1.9487922934267465
3130,0.588,1.9487922934267465
3131,0.588,1.9487922934267465
3132,0.588,1.9487922934267465
3133,0.588,1.9487922934267465
3134,0.588,1.9487922934267465
3135,0.588,1.9487922934267465
3136,0.588,1.9487922934267465
3137,0.588,1.9487922934267465
3138,0.588,1.9487922934267465
3139,0.588,1.9487922934267465
3140,0.588,1.9487922934267465
3141,0.588,1.9487922934267465
3142,0.588,1.9487922934267465
3143,0.588,1.9487922934267465
3144,0.588,1.9487922934267465
3145,0.588,1.9487922934267465
3146,0.588,1.9487922934267465
3147,0.588,1.9487922934267465
3148,0.588,1.9487922934267465
3149,0.588,1.9487922934267465
3150,0.588,1.9487922934267465
3151,0.588,1.9487922934267465
3152,0.588,1.9487922934267465
3153,0.588,1.9487922934267465
3154,0.588,1.9487922934267465
3155,0.588,1.9487922934267465
3156,0.588,1.9487922934267465
3157,0.588,1.9487922934267465
3158,0.588,1.9487922934267465
3159,0.588,1.9487922934267465
3160,0.588,1.9487922934267465
3161,0.588,1.9487922934267465
3162,0.588,1.9487922934267465
3163,0.588,1.9487922934267465
3164,0.588,1.9487922934267465
3165,0.588,1.9487922934267465
3166,0.588,1.9487922934267465
3167,0.588,1.9487922934267465
3168,0.588,1.9487922934267465
3169,0.588,1.9487922934267465
3170,0.588,1.9487922934267465
3171,0.588,1.9487922934267465
3172,0.588,1.9487922934267465
3173,0.588,1.9487922934267465
3174,0.588,1.9487922934267465
3175,0.588,1.9487922934267465
3176,0.588,1.9487922934267465
3177,0.588,1.9487922934267465
3178,0.588,1.9487922934267465
3179,0.588,1.9487922934267465
3180,0.588,1.9487922934267465
3181,0.588,1.9487922934267465
3182,0.588,1.9487922934267465
3183,0.588,1.9487922934267465
3184,0.588,1.9487922934267465
3185,0.588,1.9487922934267465
3186,0.588,1.9487922934267465
3187,0.588,1.9487922934267465
3188,0.588,1.9487922934267465
3189,0.588,1.9487922934267465
3190,0.588,1.9487922934267465
3191,0.588,1.9487922934267465
3192,0.588,1.9487922934267465
3193,0.588,1.9487922934267465
3194,0.588,1.9487922934267465
3195,0.588,1.9487922934267465
3196,0.588,1.9487922934267465
3197,0.588,1.9487922934267465
3198,0.588,1.9487922934267465
3199,0.588,1.9487922934267465
3200,0.588,1.9487922934267465
3201,0.588,1.9487922934267465
3202,0.588,1.9487922934267465
3203,0.588,1.9487922934267465
3204,0.588,1.9487922934267465
3205,0.588,1.9487922934267465
3206,0.588,1.9487922934267465
3207,0.588,1.9487922934267465
3208,0.588,1.9487922934267465
3209,0.588,1.9487922934267465
3210,0.588,1.9487922934267465
3211,0.588,1.9487922934267465
3212,0.588,1.9487922934267465
3213,0.588,1.9487922934267465
3214,0.588,1.9487922934267465
3215,0.588,1.9487922934267465
3216,0.588,1.9487922934267465
3217,0.588,1.9487922934267465
3218,0.588,1.9487922934267465
3219,0.588,1.9487922934267465
3220,0.588,1.9487922934267465
3221,0.588,1.9487922934267465
3222,0.588,1.9487922934267465
3223,0.588,1.9487922934267465
3224,0.588,1.9487922934267465
3225,0.588,1.9487922934267465
3226,0.588,1.9487922934267465
3227,0.588,1.9487922934267465
3228,0.588,1.9487922934267465
3229,0.588,1.9487922934267465
3230,0.588,1.9487922934267465
3231,0.588,1.9487922934267465
3232,0.588,1.9487922934267465
3233,0.588,1.9487922934267465
3234,0.588,1.9487922934267465
3235,0.588,1.9487922934267465
3236,0.588,1.9487922934267465
3237,0.588,1.9487922934267465
3238,0.588,1.9487922934267465
3239,0.588,1.9487922934267465
3240,0.588,1.9487922934267465
3241,0.588,1.9487922934267465
3242,0.588,1.9487922934267465
3243,0.588,1.9487922934267465
3244,0.588,1.9487922934267465
3245,0.588,1.9487922934267465
3246,0.588,1.9487922934267465
3247,0.588,1.9487922934267465
3248,0.588,1.9487922934267465
3249,0.588,1.9487922934267465
3250,0.588,1.9487922934267465
3251,0.588,1.9487922934267465
3252,0.588,1.9487922934267465
3253,0.588,1.9487922934267465
3254,0.588,1.9487922934267465
3255,0.588,1.9487922934267465
3256,0.588,1.9487922934267465
3257,0.588,1.9487922934267465
3258,0.588,1.9487922934267465
3259,0.588,1.9487922934267465
3260,0.588,1.9487922934267465
3261,0.588,1.9487922934267465
3262,0.588,1.9487922934267465
3263,0.588,1.9487922934267465
3264,0.588,1.9487922934267465
3265,0.588,1.9487922934267465
3266,0.588,1.9487922934267465
3267,0.588,1.9487922934267465
3268,0.588,1.9487922934267465
3269,0.588,1.9487922934267465
3270,0.588,1.9487922934267465
3271,0.588,1.9487922934267465
3272,0.588,1.9487922934267465
3273,0.588,1.9487922934267465
3274,0.588,1.9487922934267465
3275,0.588,1.9487922934267465
3276,0.588,1.9487922934267465
3277,0.588,1.9487922934267465
3278,0.588,1.9487922934267465
3279,0.588,1.9487922934267465
3280,0.588,1.9487922934267465
3281,0.588,1.9487922934267465
3282,0.588,1.9487922934267465
3283,0.588,1.9487922934267465
3284,0.588,1.9487922934267465
3285,0.588,1.9487922934267465
3286,0.588,1.9487922934267465
3287,0.588,1.9487922934267465
3288,0.588,1.9487922934267465
3289,0.588,1.9487922934267465
3290,0.588,1.9487922934267465
3291,0.588,1.9487922934267465
3292,0.588,1.9487922934267465
3293,0.588,1.9487922934267465
3294,0.588,1.9487922934267465
3295,0.588,1.9487922934267465
3296,0.588,1.9487922934267465
3297,0.588,1.9487922934267465
3298,0.588,1.9487922934267465
3299,0.588,1.9487922934267465
3300,0.588,1.9487922934267465
3301,0.588,1.9487922934267465
3302,0.588,1.9487922934267465
3303,0.588,1.9487922934267465
3304,0.588,1.9487922934267465
3305,0.588,1.9487922934267465
3306,0.588,1.9487922934267465
3307,0.588,1.9487922934267465
3308,0.588,1.9487922934267465
3309,0.588,1.9487922934267465
3310,0.588,1.9487922934267465
3311,0.588,1.9487922934267465
3312,0.588,1.9487922934267465
3313,0.588,1.9487922934267465
3314,0.588,1.9487922934267465
3315,0.588,1.9487922934267465
3316,0.588,1.9487922934267465
3317,0.588,1.9487922934267465
3318,0.588,1.9487922934267465
3319,0.588,1.9487922934267465
3320,0.588,1.9487922934267465
3321,0.588,1.9487922934267465
3322,0.588,1.9487922934267465
3323,0.588,1.9487922934267465
3324,0.588,1.9487922934267465
3325,0.588,1.9487922934267465
3326,0.588,1.9487922934267465
3327,0.588,1.9487922934267465
3328,0.588,1.9487922934267465
3329,0.588,1.9487922934267465
3330,0.588,1.9487922934267465
3331,0.588,1.9487922934267465
3332,0.588,1.9487922934267465
3333,0.588,1.9487922934267465
3334,0.588,1.9487922934267465
3335,0.588,1.9487922934267465
3336,0.588,1.9487922934267465
3337,0.588,1.9487922934267465
3338,0.588,1.9487922934267465
3339,0.588,1.9487922934267465
3340,0.588,1.9487922934267465
3341,0.588,1.9487922934267465
3342,0.588,1.9487922934267465
3343,0.588,1.9487922934267465
3344,0.588,1.9487922934267465
3345,0.588,1.9487922934267465
3346,0.588,1.9487922934267465
3347,0.588,1.9487922934267465
3348,0.588,1.9487922934267465
3349,0.588,1.9487922934267465
3350,0.588,1.9487922934267465
3351,0.588,1.9487922934267465
3352,0.588,1.9487922934267465
3353,0.588,1.9487922934267465
3354,0.588,1.9487922934267465
3355,0.588,1.9487922934267465
3356,0.588,1.9487922934267465
3357,0.588,1.9487922934267465
3358,0.588,1.9487922934267465
3359,0.588,1.9487922934267465
3360,0.588,1.9487922934267465
3361,0.588,1.9487922934267465
3362,0.588,1.9487922934267465
3363,0.588,1.9487922934267465
3364,0.588,1.9487922934267465
3365,0.588,1.9487922934267465
3366,0.588,1.9487922934267465
3367,0.588,1.9487922934267465
3368,0.5780000000000001,1.9487922934267465
3369,0.44299999999999995,1.9487922934267465
3370,0.44299999999999995,1.9487922934267465
3371,0.44299999999999995,1.9487922934267465
3372,0.44299999999999995,1.9487922934267465
3373,0.44299999999999995,1.9487922934267465
3374,0.44299999999999995,1.9487922934267465
3375,0.44299999999999995,1.9487922934267465
3376,0.44299999999999995,1.9487922934267465
3377,0.44299999999999995,1.9487922934267465
3378,0.44299999999999995,1.9487922934267465
3379,0.44299999999999995,1.9487922934267465
3380,0.44299999999999995,1.9487922934267465
3381,0.44299999999999995,1.9487922934267465
3382,0.44299999999999995,1.9487922934267465
3383,0.44299999999999995,1.9487922934267465
3384,0.44299999999999995,1.9487922934267465
3385,0.44299999999999995,1.9487922934267465
3386,0.44299999999999995,1.9487922934267465
3387,0.44299999999999995,1.9487922934267465
3388,0.44299999999999995,1.9487922934267465
3389,0.44299999999999995,1.9487922934267465
3390,0.44299999999999995,1.9487922934267465
3391,0.44299999999999995,1.9487922934267465
3392,0.44299999999999995,1.9487922934267465
3393,0.44299999999999995,1.9487922934267465
3394,0.44299999999999995,1.9487922934267465
3395,0.44299999999999995,1.9487922934267465
3396,0.44299999999999995,1.9487922934267465
3397,0.44299999999999995,1.9487922934267465
3398,0.44299999999999995,1.9487922934267465
3399,0.44299999999999995,1.9487922934267465
3400,0.44299999999999995,1.9487922934267465
3401,0.44299999999999995,1.9487922934267465
3402,0.44299999999999995,1.9487922934267465
3403,0.44299999999999995,1.9487922934267465
3404,0.44299999999999995,1.9487922934267465
3405,0.44299999999999995,1.9487922934267465
3406,0.44299999999999995,1.9487922934267465
3407,0.44299999999999995,1.9487922934267465
3408,0.44299999999999995,1.9487922934267465
3409,0.44299999999999995,1.9487922934267465
3410,0.44299999999999995,1.9487922934267465
3411,0.44299999999999995,1.9487922934267465
3412,0.44299999999999995,1.9487922934267465
3413,0.44299999999999995,1.9487922934267465
3414,0.44299999999999995,1.9487922934267465
3415,0.44299999999999995,1.9487922934267465
3416,0.44299999999999995,1.9487922934267465
3417,0.44299999999999995,1.9487922934267465
3418,0.44299999999999995,1.9487922934267465
3419,0.44299999999999995,1.9487922934267465
3420,0.44299999999999995,1.9487922934267465
3421,0.44299999999999995,1.9487922934267465
3422,0.44299999999999995,1.9487922934267465
3423,0.44299999999999995,1.9487922934267465
3424,0.44299999999999995,1.9487922934267465
3425,0.44299999999999995,1.9487922934267465
3426,0.44299999999999995,1.9487922934267465
3427,0.44299999999999995,1.9487922934267465
3428,0.44299999999999995,1.9487922934267465
3429,0.44299999999999995,1.9487922934267465
3430,0.44299999999999995,1.9487922934267465
3431,0.44299999999999995,1.9487922934267465
3432,0.44299999999999995,1.9487922934267465
3433,0.44299999999999995,1.9487922934267465
3434,0.44299999999999995,1.9487922934267465
3435,0.44299999999999995,1.9487922934267465
3436,0.44299999999999995,1.9487922934267465
3437,0.44299999999999995,1.9487922934267465
3438,0.44299999999999995,1.9487922934267465
3439,0.44299999999999995,1.9487922934267465
3440,0.44299999999999995,1.9487922934267465
3441,0.44299999999999995,1.9487922934267465
3442,0.44299999999999995,1.9487922934267465
3443,0.44299999999999995,1.9487922934267465
3444,0.44299999999999995,1.9487922934267465
3445,0.44299999999999995,1.9487922934267465
3446,0.44299999999999995,1.9487922934267465
3447,0.44299999999999995,1.9487922934267465
3448,0.44299999999999995,1.9487922934267465
3449,0.44299999999999995,1.9487922934267465
3450,0.44299999999999995,1.9487922934267465
3451,0.44299999999999995,1.9487922934267465
3452,0.44299999999999995,1.9487922934267465
3453,0.44299999999999995,1.9487922934267465
3454,0.44299999999999995,1.9487922934267465
3455,0.44299999999999995,1.9487922934267465
3456,0.44299999999999995,1.9487922934267465
3457,0.44299999999999995,1.9487922934267465
3458,0.44299999999999995,1.9487922934267465
3459,0.44299999999999995,1.9487922934267465
3460,0.44299999999999995,1.9487922934267465
3461,0.44299999999999995,1.9487922934267465
3462,0.44299999999999995,1.9487922934267465
3463,0.44299999999999995,1.9487922934267465
3464,0.44299999999999995,1.9487922934267465
3465,0.44299999999999995,1.9487922934267465
3466,0.44299999999999995,1.9487922934267465
3467,0.44299999999999995,1.9487922934267465
3468,0.44299999999999995,1.9487922934267465
3469,0.44299999999999995,1.9487922934267465
3470,0.44299999999999995,1.9487922934267465
3471,0.44299999999999995,1.9487922934267465
3472,0.44299999999999995,1.9487922934267465
3473,0.44299999999999995,1.9487922934267465
3474,0.44299999999999995,1.9487922934267465
3475,0.44299999999999995,1.9487922934267465
3476,0.44299999999999995,1.9487922934267465
3477,0.44299999999999995,1.9487922934267465
3478,0.44299999999999995,1.9487922934267465
3479,0.44299999999999995,1.9487922934267465
3480,0.44299999999999995,1.9487922934267465
3481,0.44299999999999995,1.9487922934267465
3482,0.44299999999999995,1.9487922934267465
3483,0.44299999999999995,1.9487922934267465
3484,0.44299999999999995,1.9487922934267465
3485,0.44299999999999995,1.9487922934267465
3486,0.44299999999999995,1.9487922934267465
3487,0.44299999999999995,1.9487922934267465
3488,0.44299999999999995,1.9487922934267465
3489,0.44299999999999995,1.9487922934267465
3490,0.44299999999999995,1.9487922934267465
3491,0.44299999999999995,1.9487922934267465
3492,0.44299999999999995,1.9487922934267465
3493,0.44299999999999995,1.9487922934267465
3494,0.44299999999999995,1.9487922934267465
3495,0.44299999999999995,1.9487922934267465
3496,0.44299999999999995,1.9487922934267465
3497,0.44299999999999995,1.9487922934267465
3498,0.44299999999999995,1.9487922934267465
3499,0.44299999999999995,1.9487922934267465
3500,0.44299999999999995,1.9487922934267465
3501,0.44299999999999995,1.9487922934267465
3502,0.44299999999999995,1.9487922934267465
3503,0.44299999999999995,1.9487922934267465
3504,0.44299999999999995,1.9487922934267465
3505,0.44299999999999995,1.9487922934267465
3506,0.44299999999999995,1.9487922934267465
3507,0.44299999999999995,1.9487922934267465
3508,0.44299999999999995,1.9487922934267465
3509,0.44299999999999995,1.9487922934267465
3510,0.44299999999999995,1.9487922934267465
3511,0.44299999999999995,1.9487922934267465
3512,0.44299999999999995,1.9487922934267465
3513,0.44299999999999995,1.9487922934267465
3514,0.44299999999999995,1.9487922934267465
3515,0.44299999999999995,1.9487922934267465
3516,0.44299999999999995,1.9487922934267465
3517,0.44299999999999995,1.9487922934267465
3518,0.44299999999999995,1.9487922934267465
3519,0.44299999999999995,1.9487922934267465
3520,0.44299999999999995,1.9487922934267465
3521,0.44299999999999995,1.9487922934267465
3522,0.44299999999999995,1.9487922934267465
3523,0.44299999999999995,1.9487922934267465
3524,0.44299999999999995,1.9487922934267465
3525,0.44299999999999995,1.9487922934267465
3526,0.44299999999999995,1.9487922934267465
3527,0.44299999999999995,1.9487922934267465
3528,0.44299999999999995,1.9487922934267465
3529,0.44299999999999995,1.9487922934267465
3530,0.44299999999999995,1.9487922934267465
3531,0.44299999999999995,1.9487922934267465
3532,0.44299999999999995,1.9487922934267465
3533,0.44299999999999995,1.9487922934267465
3534,0.44299999999999995,1.9487922934267465
3535,0.44299999999999995,1.9487922934267465
3536,0.44299999999999995,1.9487922934267465
3537,0.44299999999999995,1.9487922934267465
3538,0.44299999999999995,1.9487922934267465
3539,0.44299999999999995,1.9487922934267465
3540,0.44299999999999995,1.9487922934267465
3541,0.44299999999999995,1.9487922934267465
3542,0.44299999999999995,1.9487922934267465
3543,0.44299999999999995,1.9487922934267465
3544,0.44299999999999995,1.9487922934267465
3545,0.44299999999999995,1.9487922934267465
3546,0.44299999999999995,1.9487922934267465
3547,0.44299999999999995,1.9487922934267465
3548,0.44299999999999995,1.9487922934267465
3549,0.44299999999999995,1.9487922934267465
3550,0.44299999999999995,1.9487922934267465
3551,0.44299999999999995,1.9487922934267465
3552,0.44299999999999995,1.9487922934267465
3553,0.44299999999999995,1.9487922934267465
3554,0.44299999999999995,1.9487922934267465
3555,0.44299999999999995,1.9487922934267465
3556,0.44299999999999995,1.9487922934267465
3557,0.44299999999999995,1.9487922934267465
3558,0.44299999999999995,1.9487922934267465
3559,0.44299999999999995,1.9487922934267465
3560,0.44299999999999995,1.9487922934267465
3561,0.44299999999999995,1.9487922934267465
3562,0.44299999999999995,1.9487922934267465
3563,0.44299999999999995,1.9487922934267465
3564,0.44299999999999995,1.9487922934267465
3565,0.44299999999999995,1.9487922934267465
3566,0.44299999999999995,1.9487922934267465
3567,0.44299999999999995,1.9487922934267465
3568,0.44299999999999995,1.9487922934267465
3569,0.44299999999999995,1.9487922934267465
3570,0.44299999999999995,1.9487922934267465
3571,0.44299999999999995,1.9487922934267465
3572,0.44299999999999995,1.9487922934267465
3573,0.44299999999999995,1.9487922934267465
3574,0.44299999999999995,1.9487922934267465
3575,0.44299999999999995,1.9487922934267465
3576,0.44299999999999995,1.9487922934267465
3577,0.44299999999999995,1.9487922934267465
3578,0.44299999999999995,1.9487922934267465
3579,0.44299999999999995,1.9487922934267465
3580,0.44299999999999995,1.9487922934267465
3581,0.44299999999999995,1.9487922934267465
3582,0.44299999999999995,1.9487922934267465
3583,0.44299999999999995,1.9487922934267465
3584,0.44299999999999995,1.9487922934267465
3585,0.44299999999999995,1.9487922934267465
3586,0.44299999999999995,1.9487922934267465
3587,0.44299999999999995,1.9487922934267465
3588,0.44299999999999995,1.9487922934267465
3589,0.44299999999999995,1.9487922934267465
3590,0.44299999999999995,1.9487922934267465
3591,0.44299999999999995,1.9487922934267465
3592,0.44299999999999995,1.9487922934267465
3593,0.44299999999999995,1.9487922934267465
3594,0.44299999999999995,1.9487922934267465
3595,0.44299999999999995,1.9487922934267465
3596,0.44299999999999995,1.9487922934267465
3597,0.44299999999999995,1.9487922934267465
3598,0.44299999999999995,1.9487922934267465
3599,0.44299999999999995,1.9487922934267465
3600,0.44299999999999995,1.9487922934267465
3601,0.44299999999999995,1.9487922934267465
3602,0.44299999999999995,1.9487922934267465
3603,0.44299999999999995,1.9487922934267465
3604,0.44299999999999995,1.9487922934267465
3605,0.44299999999999995,1.9487922934267465
3606,0.44299999999999995,1.9487922934267465
3607,0.44299999999999995,1.9487922934267465
3608,0.44299999999999995,1.9487922934267465
3609,0.44299999999999995,1.9487922934267465
3610,0.44299999999999995,1.9487922934267465
3611,0.44299999999999995,1.9487922934267465
3612,0.44299999999999995,1.9487922934267465
3613,0.44299999999999995,1.9487922934267465
3614,0.44299999999999995,1.9487922934267465
3615,0.44299999999999995,1.9487922934267465
3616,0.44299999999999995,1.9487922934267465
3617,0.44299999999999995,1.9487922934267465
3618,0.44299999999999995,1.9487922934267465
3619,0.44299999999999995,1.9487922934267465
3620,0.44299999999999995,1.9487922934267465
3621,0.44299999999999995,1.9487922934267465
3622,0.44299999999999995,1.9487922934267465
3623,0.44299999999999995,1.9487922934267465
3624,0.44299999999999995,1.9487922934267465
3625,0.44299999999999995,1.9487922934267465
3626,0.44299999999999995,1.9487922934267465
3627,0.44299999999999995,1.9487922934267465
3628,0.44299999999999995,1.9487922934267465
3629,0.44299999999999995,1.9487922934267465
3630,0.44299999999999995,1.9487922934267465
3631,0.44299999999999995,1.9487922934267465
3632,0.44299999999999995,1.9487922934267465
3633,0.44299999999999995,1.9487922934267465
3634,0.44299999999999995,1.9487922934267465
3635,0.44299999999999995,1.9487922934267465
3636,0.44299999999999995,1.9487922934267465
3637,0.44299999999999995,1.9487922934267465
3638,0.44299999999999995,1.9487922934267465
3639,0.44299999999999995,1.9487922934267465
3640,0.44299999999999995,1.9487922934267465
3641,0.44299999999999995,1.9487922934267465
3642,0.44299999999999995,1.9487922934267465
3643,0.44299999999999995,1.9487922934267465
3644,0.44299999999999995,1.9487922934267465
3645,0.44299999999999995,1.9487922934267465
3646,0.44299999999999995,1.9487922934267465
3647,0.44299999999999995,1.9487922934267465
3648,0.44299999999999995,1.9487922934267465
3649,0.44299999999999995,1.9487922934267465
3650,0.44299999999999995,1.9487922934267465
3651,0.44299999999999995,1.9487922934267465
3652,0.44299999999999995,1.9487922934267465
3653,0.44299999999999995,1.9487922934267465
3654,0.44299999999999995,1.9487922934267465
3655,0.44299999999999995,1.9487922934267465
3656,0.44299999999999995,1.9487922934267465
3657,0.44299999999999995,1.9487922934267465
3658,0.44299999999999995,1.9487922934267465
3659,0.44299999999999995,1.9487922934267465
3660,0.44299999999999995,1.9487922934267465
3661,0.44299999999999995,1.9487922934267465
3662,0.44299999999999995,1.9487922934267465
3663,0.44299999999999995,1.9487922934267465
3664,0.44299999999999995,1.9487922934267465
3665,0.43300000000000005,1.9487922934267465
3666,0.298,1.9487922934267465
3667,0.298,1.9487922934267465
3668,0.298,1.9487922934267465
3669,0.298,1.9487922934267465
3670,0.298,1.9487922934267465
3671,0.298,1.9487922934267465
3672,0.298,1.9487922934267465
3673,0.298,1.9487922934267465
3674,0.298,1.9487922934267465
3675,0.298,1.9487922934267465
3676,0.298,1.9487922934267465
3677,0.298,1.9487922934267465
3678,0.298,1.9487922934267465
3679,0.298,1.9487922934267465
3680,0.298,1.9487922934267465
3681,0.298,1.9487922934267465
3682,0.298,1.9487922934267465
3683,0.298,1.9487922934267465
3684,0.298,1.9487922934267465
3685,0.298,1.9487922934267465
3686,0.298,1.9487922934267465
3687,0.298,1.9487922934267465
3688,0.298,1.9487922934267465
3689,0.298,1.9487922934267465
3690,0.298,1.9487922934267465
3691,0.298,1.9487922934267465
3692,0.298,1.9487922934267465
3693,0.298,1.9487922934267465
3694,0.298,1.9487922934267465
3695,0.298,1.9487922934267465
3696,0.298,1.9487922934267465
3697,0.298,1.9487922934267465
3698,0.298,1.9487922934267465
3699,0.298,1.9487922934267465
3700,0.298,1.9487922934267465
3701,0.298,1.9487922934267465
3702,0.298,1.9487922934267465
3703,0.298,1.9487922934267465
3704,0.298,1.9487922934267465
3705,0.298,1.9487922934267465
3706,0.298,1.9487922934267465
3707,0.298,1.9487922934267465
3708,0.298,1.9487922934267465
3709,0.298,1.9487922934267465
3710,0.298,1.9487922934267465
3711,0.298,1.9487922934267465
3712,0.298,1.9487922934267465
3713,0.298,1.9487922934267465
3714,0.298,1.9487922934267465
3715,0.298,1.9487922934267465
3716,0.298,1.9487922934267465
3717,0.298,1.9487922934267465
3718,0.298,1.9487922934267465
3719,0.298,1.9487922934267465
3720,0.298,1.9487922934267465
3721,0.298,1.9487922934267465
3722,0.298,1.9487922934267465
3723,0.298,1.9487922934267465
3724,0.298,1.9487922934267465
3725,0.298,1.9487922934267465
3726,0.298,1.9487922934267465
3727,0.298,1.9487922934267465
3728,0.298,1.9487922934267465
3729,0.298,1.9487922934267465
3730,0.298,1.9487922934267465
3731,0.298,1.9487922934267465
3732,0.298,1.9487922934267465
3733,0.298,1.9487922934267465
3734,0.298,1.9487922934267465
3735,0.298,1.9487922934267465
3736,0.298,1.9487922934267465
3737,0.298,1.9487922934267465
3738,0.298,1.9487922934267465
3739,0.298,1.9487922934267465
3740,0.298,1.9487922934267465
3741,0.298,1.9487922934267465
3742,0.298,1.9487922934267465
3743,0.298,1.9487922934267465
3744,0.298,1.9487922934267465
3745,0.298,1.9487922934267465
3746,0.298,1.9487922934267465
3747,0.298,1.9487922934267465
3748,0.298,1.9487922934267465
3749,0.298,1.9487922934267465
3750,0.298,1.9487922934267465
3751,0.298,1.9487922934267465
3752,0.298,1.9487922934267465
3753,0.298,1.9487922934267465
3754,0.298,1.9487922934267465
3755,0.298,1.9487922934267465
3756,0.298,1.9487922934267465
3757,0.298,1.9487922934267465
3758,0.298,1.9487922934267465
3759,0.298,1.9487922934267465
3760,0.298,1.9487922934267465
3761,0.298,1.9487922934267465
3762,0.298,1.9487922934267465
3763,0.298,1.9487922934267465
3764,0.298,1.9487922934267465
3765,0.298,1.9487922934267465
3766,0.298,1.9487922934267465
3767,0.298,1.9487922934267465
3768,0.298,1.9487922934267465
3769,0.298,1.9487922934267465
3770,0.298,1.9487922934267465
3771,0.298,1.9487922934267465
3772,0.298,1.9487922934267465
3773,0.298,1.9487922934267465
3774,0.298,1.9487922934267465
3775,0.298,1.9487922934267465
3776,0.298,1.9487922934267465
3777,0.298,1.9487922934267465
3778,0.298,1.9487922934267465
3779,0.298,1.9487922934267465
3780,0.298,1.9487922934267465
3781,0.298,1.9487922934267465
3782,0.298,1.9487922934267465
3783,0.298,1.9487922934267465
3784,0.298,1.9487922934267465
3785,0.298,1.9487922934267465
3786,0.298,1.9487922934267465
3787,0.298,1.9487922934267465
3788,0.298,1.9487922934267465
3789,0.298,1.9487922934267465
3790,0.298,1.9487922934267465
3791,0.298,1.9487922934267465
3792,0.298,1.9487922934267465
3793,0.298,1.9487922934267465
3794,0.298,1.9487922934267465
3795,0.298,1.9487922934267465
3796,0.298,1.9487922934267465
3797,0.298,1.9487922934267465
3798,0.298,1.9487922934267465
3799,0.298,1.9487922934267465
3800,0.298,1.9487922934267465
3801,0.298,1.9487922934267465
3802,0.298,1.9487922934267465
3803,0.298,1.9487922934267465
3804,0.298,1.9487922934267465
3805,0.298,1.9487922934267465
3806,0.298,1.9487922934267465
3807,0.298,1.9487922934267465
3808,0.298,1.9487922934267465
3809,0.298,1.9487922934267465
3810,0.298,1.9487922934267465
3811,0.298,1.9487922934267465
3812,0.298,1.9487922934267465
3813,0.298,1.9487922934267465
3814,0.298,1.9487922934267465
3815,0.298,1.9487922934267465
3816,0.298,1.9487922934267465
3817,0.298,1.9487922934267465
3818,0.298,1.9487922934267465
3819,0.298,1.9487922934267465
3820,0.298,1.9487922934267465
3821,0.298,1.9487922934267465
3822,0.298,1.9487922934267465
3823,0.298,1.9487922934267465
3824,0.298,1.9487922934267465
3825,0.298,1.9487922934267465
3826,0.298,1.9487922934267465
3827,0.298,1.9487922934267465
3828,0.298,1.9487922934267465
3829,0.298,1.9487922934267465
3830,0.298,1.9487922934267465
3831,0.298,1.9487922934267465
3832,0.298,1.9487922934267465
3833,0.298,1.9487922934267465
3834,0.298,1.9487922934267465
3835,0.298,1.9487922934267465
3836,0.298,1.9487922934267465
3837,0.298,1.9487922934267465
3838,0.298,1.9487922934267465
3839,0.298,1.9487922934267465
3840,0.298,1.9487922934267465
3841,0.298,1.9487922934267465
3842,0.298,1.9487922934267465
3843,0.298,1.9487922934267465
3844,0.298,1.9487922934267465
3845,0.298,1.9487922934267465
3846,0.298,1.9487922934267465
3847,0.298,1.9487922934267465
3848,0.298,1.9487922934267465
3849,0.298,1.9487922934267465
3850,0.298,1.9487922934267465
3851,0.298,1.9487922934267465
3852,0.298,1.9487922934267465
3853,0.298,1.9487922934267465
3854,0.298,1.9487922934267465
3855,0.298,1.9487922934267465
3856,0.298,1.9487922934267465
3857,0.298,1.9487922934267465
3858,0.298,1.9487922934267465
3859,0.298,1.9487922934267465
3860,0.298,1.9487922934267465
3861,0.298,1.9487922934267465
3862,0.298,1.9487922934267465
3863,0.298,1.9487922934267465
3864,0.298,1.9487922934267465
3865,0.298,1.9487922934267465
3866,0.298,1.9487922934267465
3867,0.298,1.9487922934267465
3868,0.298,1.9487922934267465
3869,0.298,1.9487922934267465
3870,0.298,1.9487922934267465
3871,0.298,1.9487922934267465
3872,0.298,1.9487922934267465
3873,0.298,1.9487922934267465
3874,0.298,1.9487922934267465
3875,0.298,1.9487922934267465
3876,0.298,1.9487922934267465
3877,0.298,1.9487922934267465
3878,0.298,1.9487922934267465
3879,0.298,1.9487922934267465
3880,0.298,1.9487922934267465
3881,0.298,1.9487922934267465
3882,0.298,1.9487922934267465
3883,0.298,1.9487922934267465
3884,0.298,1.9487922934267465
3885,0.298,1.9487922934267465
3886,0.298,1.9487922934267465
3887,0.298,1.9487922934267465
3888,0.298,1.9487922934267465
3889,0.298,1.9487922934267465
3890,0.298,1.9487922934267465
3891,0.298,1.9487922934267465
3892,0.298,1.9487922934267465
3893,0.298,1.9487922934267465
3894,0.298,1.9487922934267465
3895,0.298,1.9487922934267465
3896,0.298,1.9487922934267465
3897,0.298,1.9487922934267465
3898,0.298,1.9487922934267465
3899,0.298,1.9487922934267465
3900,0.298,1.9487922934267465
3901,0.298,1.9487922934267465
3902,0.298,1.9487922934267465
3903,0.298,1.9487922934267465
3904,0.298,1.9487922934267465
3905,0.298,1.9487922934267465
3906,0.298,1.9487922934267465
3907,0.298,1.9487922934267465
3908,0.298,1.9487922934267465
3909,0.298,1.9487922934267465
3910,0.298,1.9487922934267465
3911,0.298,1.9487922934267465
3912,0.298,1.9487922934267465
3913,0.298,1.9487922934267465
3914,0.298,1.9487922934267465
3915,0.298,1.9487922934267465
3916,0.298,1.9487922934267465
3917,0.298,1.9487922934267465
3918,0.298,1.9487922934267465
3919,0.298,1.9487922934267465
3920,0.298,1.9487922934267465
3921,0.298,1.9487922934267465
3922,0.298,1.9487922934267465
3923,0.298,1.9487922934267465
3924,0.298,1.9487922934267465
3925,0.298,1.9487922934267465
3926,0.298,1.9487922934267465
3927,0.298,1.9487922934267465
3928,0.298,1.9487922934267465
3929,0.298,1.9487922934267465
3930,0.298,1.9487922934267465
3931,0.298,1.9487922934267465
3932,0.298,1.9487922934267465
3933,0.298,1.9487922934267465
3934,0.298,1.9487922934267465
3935,0.298,1.9487922934267465
3936,0.298,1.9487922934267465
3937,0.298,1.9487922934267465
3938,0.298,1.9487922934267465
3939,0.298,1.9487922934267465
3940,0.298,1.9487922934267465
3941,0.298,1.9487922934267465
3942,0.298,1.9487922934267465
3943,0.298,1.9487922934267465
3944,0.298,1.9487922934267465
3945,0.298,1.9487922934267465
3946,0.298,1.9487922934267465
3947,0.298,1.9487922934267465
3948,0.298,1.9487922934267465
3949,0.298,1.9487922934267465
3950,0.298,1.9487922934267465
3951,0.298,1.9487922934267465
3952,0.298,1.9487922934267465
3953,0.298,1.9487922934267465
3954,0.298,1.9487922934267465
3955,0.298,1.9487922934267465
3956,0.298,1.9487922934267465
3957,0.298,1.9487922934267465
3958,0.298,1.9487922934267465
3959,0.298,1.9487922934267465
3960,0.298,1.9487922934267465
3961,0.298,1.9487922934267465
3962,0.298,1.9487922934267465
3963,0.298,1.9487922934267465
3964,0.298,1.9487922934267465
3965,0.298,1.9487922934267465
3966,0.298,1.9487922934267465
3967,0.298,1.9487922934267465
3968,0.298,1.9487922934267465
3969,0.298,1.9487922934267465
3970,0.298,1.9487922934267465
3971,0.298,1.9487922934267465
3972,0.298,1.9487922934267465
3973,0.298,1.9487922934267465
3974,0.298,1.9487922934267465
3975,0.298,1.9487922934267465
3976,0.298,1.9487922934267465
3977,0.298,1.9487922934267465
3978,0.298,1.9487922934267465
3979,0.298,1.9487922934267465
3980,0.298,1.9487922934267465
3981,0.298,1.9487922934267465
3982,0.298,1.9487922934267465
3983,0.298,1.9487922934267465
3984,0.298,1.9487922934267465
3985,0.298,1.9487922934267465
3986,0.298,1.9487922934267465
3987,0.298,1.9487922934267465
3988,0.298,1.9487922934267465
3989,0.298,1.9487922934267465
3990,0.298,1.9487922934267465
3991,0.298,1.9487922934267465
3992,0.298,1.9487922934267465
3993,0.298,1.9487922934267465
3994,0.298,1.9487922934267465
3995,0.298,1.9487922934267465
3996,0.298,1.9487922934267465
3997,0.298,1.9487922934267465
3998,0.298,1.9487922934267465
3999,0.298,1.9487922934267465
4000,0.298,1.9487922934267465
4001,0.298,1.9487922934267465
4002,0.298,1.9487922934267465
4003,0.298,1.9487922934267465
4004,0.298,1.9487922934267465
4005,0.298,1.9487922934267465
4006,0.298,1.9487922934267465
4007,0.298,1.9487922934267465
4008,0.298,1.9487922934267465
4009,0.298,1.9487922934267465
4010,0.298,1.9487922934267465
4011,0.298,1.9487922934267465
4012,0.298,1.9487922934267465
4013,0.298,1.9487922934267465
4014,0.298,1.9487922934267465
4015,0.298,1.9487922934267465
4016,0.298,1.9487922934267465
4017,0.298,1.9487922934267465
4018,0.298,1.9487922934267465
4019,0.298,1.9487922934267465
4020,0.298,1.9487922934267465
4021,0.298,1.9487922934267465
4022,0.298,1.9487922934267465
4023,0.298,1.9487922934267465
4024,0.298,1.9487922934267465
4025,0.298,1.9487922934267465
4026,0.298,1.9487922934267465
4027,0.298,1.9487922934267465
4028,0.298,1.9487922934267465
4029,0.298,1.9487922934267465
4030,0.298,1.9487922934267465
4031,0.298,1.9487922934267465
4032,0.298,1.9487922934267465
4033,0.298,1.9487922934267465
4034,0.298,1.9487922934267465
4035,0.298,1.9487922934267465
4036,0.298,1.9487922934267465
4037,0.298,1.9487922934267465
4038,0.298,1.9487922934267465
4039,0.298,1.9487922934267465
4040,0.298,1.9487922934267465
4041,0.298,1.9487922934267465
4042,0.298,1.9487922934267465
4043,0.298,1.9487922934267465
4044,0.298,1.9487922934267465
4045,0.298,1.9487922934267465
4046,0.298,1.9487922934267465
4047,0.298,1.9487922934267465
4048,0.298,1.9487922934267465
4049,0.298,1.9487922934267465
4050,0.298,1.9487922934267465
4051,0.298,1.9487922934267465
4052,0.298,1.9487922934267465
4053,0.298,1.9487922934267465
4054,0.298,1.9487922934267465
4055,0.298,1.9487922934267465
4056,0.298,1.9487922934267465
4057,0.298,1.9487922934267465
4058,0.298,1.9487922934267465
4059,0.298,1.9487922934267465
4060,0.298,1.9487922934267465
4061,0.298,1.9487922934267465
4062,0.298,1.9487922934267465
4063,0.298,1.9487922934267465
4064,0.298,1.9487922934267465
4065,0.298,1.9487922934267465
4066,0.298,1.9487922934267465
4067,0.298,1.9487922934267465
4068,0.298,1.9487922934267465
4069,0.298,1.9487922934267465
4070,0.298,1.9487922934267465
4071,0.298,1.9487922934267465
4072,0.298,1.9487922934267465
4073,0.298,1.9487922934267465
4074,0.298,1.9487922934267465
4075,0.298,1.9487922934267465
4076,0.298,1.9487922934267465
4077,0.298,1.9487922934267465
4078,0.298,1.9487922934267465
4079,0.298,1.9487922934267465
4080,0.298,1.9487922934267465
4081,0.298,1.9487922934267465
4082,0.298,1.9487922934267465
4083,0.298,1.9487922934267465
4084,0.298,1.9487922934267465
4085,0.298,1.9487922934267465
4086,0.298,1.9487922934267465
4087,0.298,1.9487922934267465
4088,0.298,1.9487922934267465
4089,0.298,1.9487922934267465
4090,0.298,1.9487922934267465
4091,0.298,1.9487922934267465
4092,0.298,1.9487922934267465
4093,0.298,1.9487922934267465
4094,0.298,1.9487922934267465
4095,0.298,1.9487922934267465
4096,0.298,1.9487922934267465
4097,0.298,1.9487922934267465
4098,0.298,1.9487922934267465
4099,0.298,1.9487922934267465
4100,0.298,1.9487922934267465
4101,0.298,1.9487922934267465
4102,0.298,1.9487922934267465
4103,0.298,1.9487922934267465
4104,0.298,1.9487922934267465
4105,0.298,1.9487922934267465
4106,0.298,1.9487922934267465
4107,0.298,1.9487922934267465
4108,0.298,1.9487922934267465
4109,0.298,1.9487922934267465
4110,0.298,1.9487922934267465
4111,0.298,1.9487922934267465
4112,0.298,1.9487922934267465
4113,0.298,1.9487922934267465
4114,0.298,1.9487922934267465
4115,0.298,1.9487922934267465
4116,0.298,1.9487922934267465
4117,0.298,1.9487922934267465
4118,0.298,1.9487922934267465
4119,0.298,1.9487922934267465
4120,0.298,1.9487922934267465
4121,0.298,1.9487922934267465
4122,0.298,1.9487922934267465
4123,0.298,1.9487922934267465
4124,0.298,1.9487922934267465
4125,0.298,1.9487922934267465
4126,0.298,1.9487922934267465
4127,0.298,1.9487922934267465
4128,0.298,1.9487922934267465
4129,0.298,1.9487922934267465
4130,0.298,1.9487922934267465
4131,0.298,1.9487922934267465
4132,0.298,1.9487922934267465
4133,0.298,1.9487922934267465
4134,0.298,1.9487922934267465
4135,0.298,1.9487922934267465
4136,0.298,1.9487922934267465
4137,0.298,1.9487922934267465
4138,0.298,1.9487922934267465
4139,0.298,1.9487922934267465
4140,0.298,1.9487922934267465
4141,0.298,1.9487922934267465
4142,0.298,1.9487922934267465
4143,0.298,1.9487922934267465
4144,0.298,1.9487922934267465
4145,0.298,1.9487922934267465
4146,0.298,1.9487922934267465
4147,0.298,1.9487922934267465
4148,0.298,1.9487922934267465
4149,0.298,1.9487922934267465
4150,0.298,1.9487922934267465
4151,0.298,1.9487922934267465
4152,0.298,1.9487922934267465
4153,0.298,1.9487922934267465
4154,0.298,1.9487922934267465
4155,0.298,1.9487922934267465
4156,0.298,1.9487922934267465
4157,0.298,1.9487922934267465
4158,0.298,1.9487922934267465
4159,0.298,1.9487922934267465
4160,0.298,1.9487922934267465
4161,0.298,1.9487922934267465
4162,0.298,1.9487922934267465
4163,0.298,1.9487922934267465
4164,0.298,1.9487922934267465
4165,0.298,1.9487922934267465
4166,0.298,1.9487922934267465
4167,0.298,1.9487922934267465
4168,0.298,1.9487922934267465
4169,0.298,1.9487922934267465
4170,0.298,1.9487922934267465
4171,0.298,1.9487922934267465
4172,0.298,1.9487922934267465
4173,0.298,1.9487922934267465
4174,0.298,1.9487922934267465
4175,0.298,1.9487922934267465
4176,0.298,1.9487922934267465
4177,0.298,1.9487922934267465
4178,0.298,1.9487922934267465
4179,0.298,1.9487922934267465
4180,0.298,1.9487922934267465
4181,0.298,1.9487922934267465
4182,0.298,1.9487922934267465
4183,0.298,1.9487922934267465
4184,0.298,1.9487922934267465
4185,0.298,1.9487922934267465
4186,0.298,1.9487922934267465
4187,0.298,1.9487922934267465
4188,0.298,1.9487922934267465
4189,0.298,1.9487922934267465
4190,0.298,1.9487922934267465
4191,0.298,1.9487922934267465
4192,0.298,1.9487922934267465
4193,0.298,1.9487922934267465
4194,0.298,1.9487922934267465
4195,0.298,1.9487922934267465
4196,0.298,1.9487922934267465
4197,0.298,1.9487922934267465
4198,0.298,1.9487922934267465
4199,0.298,1.9487922934267465
4200,0.298,1.9487922934267465
4201,0.298,1.9487922934267465
4202,0.298,1.9487922934267465
4203,0.298,1.9487922934267465
4204,0.298,1.9487922934267465
4205,0.298,1.9487922934267465
4206,0.298,1.9487922934267465
4207,0.298,1.9487922934267465
4208,0.298,1.9487922934267465
4209,0.298,1.9487922934267465
4210,0.298,1.9487922934267465
4211,0.298,1.9487922934267465
4212,0.298,1.9487922934267465
4213,0.298,1.9487922934267465
4214,0.298,1.9487922934267465
4215,0.298,1.9487922934267465
4216,0.298,1.9487922934267465
4217,0.298,1.9487922934267465
4218,0.298,1.9487922934267465
4219,0.298,1.9487922934267465
4220,0.298,1.9487922934267465
4221,0.298,1.9487922934267465
4222,0.298,1.9487922934267465
4223,0.298,1.9487922934267465
4224,0.298,1.9487922934267465
4225,0.298,1.9487922934267465
4226,0.298,1.9487922934267465
4227,0.298,1.9487922934267465
4228,0.298,1.9487922934267465
4229,0.298,1.9487922934267465
4230,0.298,1.9487922934267465
4231,0.298,1.9487922934267465
4232,0.298,1.9487922934267465
4233,0.298,1.9487922934267465
4234,0.298,1.9487922934267465
4235,0.298,1.9487922934267465
4236,0.298,1.9487922934267465
4237,0.298,1.9487922934267465
4238,0.298,1.9487922934267465
4239,0.298,1.9487922934267465
4240,0.298,1.9487922934267465
4241,0.298,1.9487922934267465
4242,0.298,1.9487922934267465
4243,0.298,1.9487922934267465
4244,0.298,1.9487922934267465
4245,0.298,1.9487922934267465
4246,0.298,1.9487922934267465
4247,0.298,1.9487922934267465
4248,0.298,1.9487922934267465
4249,0.298,1.9487922934267465
4250,0.298,1.9487922934267465
4251,0.298,1.9487922934267465
4252,0.298,1.9487922934267465
4253,0.298,1.9487922934267465
4254,0.298,1.9487922934267465
4255,0.298,1.9487922934267465
4256,0.298,1.9487922934267465
4257,0.298,1.9487922934267465
4258,0.298,1.9487922934267465
4259,0.28800000000000003,1.9487922934267465
4260,0.153,1.9487922934267465
4261,0.153,1.9487922934267465
4262,0.153,1.9487922934267465
4263,0.153,1.9487922934267465
4264,0.153,1.9487922934267465
4265,0.153,1.9487922934267465
4266,0.153,1.9487922934267465
4267,0.153,1.9487922934267465
4268,0.153,1.9487922934267465
4269,0.153,1.9487922934267465
4270,0.153,1.9487922934267465
4271,0.153,1.9487922934267465
4272,0.153,1.9487922934267465
4273,0.153,1.9487922934267465
4274,0.153,1.9487922934267465
4275,0.153,1.9487922934267465
4276,0.153,1.9487922934267465
4277,0.153,1.9487922934267465
4278,0.153,1.9487922934267465
4279,0.153,1.9487922934267465
4280,0.153,1.9487922934267465
4281,0.153,1.9487922934267465
4282,0.153,1.9487922934267465
4283,0.153,1.9487922934267465
4284,0.153,1.9487922934267465
4285,0.153,1.9487922934267465
4286,0.153,1.9487922934267465
4287,0.153,1.9487922934267465
4288,0.153,1.9487922934267465
4289,0.153,1.9487922934267465
4290,0.153,1.9487922934267465
4291,0.153,1.9487922934267465
4292,0.153,1.9487922934267465
4293,0.153,1.9487922934267465
4294,0.153,1.9487922934267465
4295,0.153,1.9487922934267465
4296,0.153,1.9487922934267465
4297,0.153,1.9487922934267465
4298,0.153,1.9487922934267465
4299,0.153,1.9487922934267465
4300,0.153,1.9487922934267465
4301,0.153,1.9487922934267465
4302,0.153,1.9487922934267465
4303,0.153,1.9487922934267465
4304,0.153,1.9487922934267465
4305,0.153,1.9487922934267465
4306,0.153,1.9487922934267465
4307,0.153,1.9487922934267465
4308,0.153,1.9487922934267465
4309,0.153,1.9487922934267465
4310,0.153,1.9487922934267465
4311,0.153,1.9487922934267465
4312,0.153,1.9487922934267465
4313,0.153,1.9487922934267465
4314,0.153,1.9487922934267465
4315,0.153,1.9487922934267465
4316,0.153,1.9487922934267465
4317,0.153,1.9487922934267465
4318,0.153,1.9487922934267465
4319,0.153,1.9487922934267465
4320,0.153,1.9487922934267465
4321,0.153,1.9487922934267465
4322,0.153,1.9487922934267465
4323,0.153,1.9487922934267465
4324,0.153,1.9487922934267465
4325,0.153,1.9487922934267465
4326,0.153,1.9487922934267465
4327,0.153,1.9487922934267465
4328,0.153,1.9487922934267465
4329,0.153,1.9487922934267465
4330,0.153,1.9487922934267465
4331,0.153,1.9487922934267465
4332,0.153,1.9487922934267465
4333,0.153,1.9487922934267465
4334,0.153,1.9487922934267465
4335,0.153,1.9487922934267465
4336,0.153,1.9487922934267465
4337,0.153,1.9487922934267465
4338,0.153,1.9487922934267465
4339,0.153,1.9487922934267465
4340,0.153,1.9487922934267465
4341,0.153,1.9487922934267465
4342,0.153,1.9487922934267465
4343,0.153,1.9487922934267465
4344,0.153,1.9487922934267465
4345,0.153,1.9487922934267465
4346,0.153,1.9487922934267465
4347,0.153,1.9487922934267465
4348,0.153,1.9487922934267465
4349,0.153,1.9487922934267465
4350,0.153,1.9487922934267465
4351,0.153,1.9487922934267465
4352,0.153,1.9487922934267465
4353,0.153,1.9487922934267465
4354,0.153,1.9487922934267465
4355,0.153,1.9487922934267465
4356,0.153,1.9487922934267465
4357,0.153,1.9487922934267465
4358,0.153,1.9487922934267465
4359,0.153,1.9487922934267465
4360,0.153,1.9487922934267465
4361,0.153,1.9487922934267465
4362,0.153,1.9487922934267465
4363,0.153,1.9487922934267465
4364,0.153,1.9487922934267465
4365,0.153,1.9487922934267465
4366,0.153,1.9487922934267465
4367,0.153,1.9487922934267465
4368,0.153,1.9487922934267465
4369,0.153,1.9487922934267465
4370,0.153,1.9487922934267465
4371,0.153,1.9487922934267465
4372,0.153,1.9487922934267465
4373,0.153,1.9487922934267465
4374,0.153,1.9487922934267465
4375,0.153,1.9487922934267465
4376,0.153,1.9487922934267465
4377,0.153,1.9487922934267465
4378,0.153,1.9487922934267465
4379,0.153,1.9487922934267465
4380,0.153,1.9487922934267465
4381,0.153,1.9487922934267465
4382,0.153,1.9487922934267465
4383,0.153,1.9487922934267465
4384,0.153,1.9487922934267465
4385,0.153,1.9487922934267465
4386,0.153,1.9487922934267465
4387,0.153,1.9487922934267465
4388,0.153,1.9487922934267465
4389,0.153,1.9487922934267465
4390,0.153,1.9487922934267465
4391,0.153,1.9487922934267465
4392,0.153,1.9487922934267465
4393,0.153,1.9487922934267465
4394,0.153,1.9487922934267465
4395,0.153,1.9487922934267465
4396,0.153,1.9487922934267465
4397,0.153,1.9487922934267465
4398,0.153,1.9487922934267465
4399,0.153,1.9487922934267465
4400,0.153,1.9487922934267465
4401,0.153,1.9487922934267465
4402,0.153,1.9487922934267465
4403,0.153,1.9487922934267465
4404,0.153,1.9487922934267465
4405,0.153,1.9487922934267465
4406,0.153,1.9487922934267465
4407,0.153,1.9487922934267465
4408,0.153,1.9487922934267465
4409,0.153,1.9487922934267465
4410,0.153,1.9487922934267465
4411,0.153,1.9487922934267465
4412,0.153,1.9487922934267465
4413,0.153,1.9487922934267465
4414,0.153,1.9487922934267465
4415,0.153,1.9487922934267465
4416,0.153,1.9487922934267465
4417,0.153,1.9487922934267465
4418,0.153,1.9487922934267465
4419,0.153,1.9487922934267465
4420,0.153,1.9487922934267465
4421,0.153,1.9487922934267465
4422,0.153,1.9487922934267465
4423,0.153,1.9487922934267465
4424,0.153,1.9487922934267465
4425,0.153,1.9487922934267465
4426,0.153,1.9487922934267465
4427,0.153,1.9487922934267465
4428,0.153,1.9487922934267465
4429,0.153,1.9487922934267465
4430,0.153,1.9487922934267465
4431,0.153,1.9487922934267465
4432,0.153,1.9487922934267465
4433,0.153,1.9487922934267465
4434,0.153,1.9487922934267465
4435,0.153,1.9487922934267465
4436,0.153,1.9487922934267465
4437,0.153,1.9487922934267465
4438,0.153,1.9487922934267465
4439,0.153,1.9487922934267465
4440,0.153,1.9487922934267465
4441,0.153,1.9487922934267465
4442,0.153,1.9487922934267465
4443,0.153,1.9487922934267465
4444,0.153,1.9487922934267465
4445,0.153,1.9487922934267465
4446,0.153,1.9487922934267465
4447,0.153,1.9487922934267465
4448,0.153,1.9487922934267465
4449,0.153,1.9487922934267465
4450,0.153,1.9487922934267465
4451,0.153,1.9487922934267465
4452,0.153,1.9487922934267465
4453,0.153,1.9487922934267465
4454,0.153,1.9487922934267465
4455,0.153,1.9487922934267465
4456,0.153,1.9487922934267465
4457,0.153,1.9487922934267465
4458,0.153,1.9487922934267465
4459,0.153,1.9487922934267465
4460,0.153,1.9487922934267465
4461,0.153,1.9487922934267465
4462,0.153,1.9487922934267465
4463,0.153,1.9487922934267465
4464,0.153,1.9487922934267465
4465,0.153,1.9487922934267465
4466,0.153,1.9487922934267465
4467,0.153,1.9487922934267465
4468,0.153,1.9487922934267465
4469,0.153,1.9487922934267465
4470,0.153,1.9487922934267465
4471,0.153,1.9487922934267465
4472,0.153,1.9487922934267465
4473,0.153,1.9487922934267465
4474,0.153,1.9487922934267465
4475,0.153,1.9487922934267465
4476,0.153,1.9487922934267465
4477,0.153,1.9487922934267465
4478,0.153,1.9487922934267465
4479,0.153,1.9487922934267465
4480,0.153,1.9487922934267465
4481,0.153,1.9487922934267465
4482,0.153,1.9487922934267465
4483,0.153,1.9487922934267465
4484,0.153,1.9487922934267465
4485,0.153,1.9487922934267465
4486,0.153,1.9487922934267465
4487,0.153,1.9487922934267465
4488,0.153,1.9487922934267465
4489,0.153,1.9487922934267465
4490,0.153,1.9487922934267465
4491,0.153,1.9487922934267465
4492,0.153,1.9487922934267465
4493,0.153,1.9487922934267465
4494,0.153,1.9487922934267465
4495,0.153,1.9487922934267465
4496,0.153,1.9487922934267465
4497,0.153,1.9487922934267465
4498,0.153,1.9487922934267465
4499,0.153,1.9487922934267465
4500,0.153,1.9487922934267465
4501,0.153,1.9487922934267465
4502,0.153,1.9487922934267465
4503,0.153,1.9487922934267465
4504,0.153,1.9487922934267465
4505,0.153,1.9487922934267465
4506,0.153,1.9487922934267465
4507,0.153,1.9487922934267465
4508,0.153,1.9487922934267465
4509,0.153,1.9487922934267465
4510,0.153,1.9487922934267465
4511,0.153,1.9487922934267465
4512,0.153,1.9487922934267465
4513,0.153,1.9487922934267465
4514,0.153,1.9487922934267465
4515,0.153,1.9487922934267465
4516,0.153,1.9487922934267465
4517,0.153,1.9487922934267465
4518,0.153,1.9487922934267465
4519,0.153,1.9487922934267465
4520,0.153,1.9487922934267465
4521,0.153,1.9487922934267465
4522,0.153,1.9487922934267465
4523,0.153,1.9487922934267465
4524,0.153,1.9487922934267465
4525,0.153,1.9487922934267465
4526,0.153,1.9487922934267465
4527,0.153,1.9487922934267465
4528,0.153,1.9487922934267465
4529,0.153,1.9487922934267465
4530,0.153,1.9487922934267465
4531,0.153,1.9487922934267465
4532,0.153,1.9487922934267465
4533,0.153,1.9487922934267465
4534,0.153,1.9487922934267465
4535,0.153,1.9487922934267465
4536,0.153,1.9487922934267465
4537,0.153,1.9487922934267465
4538,0.153,1.9487922934267465
4539,0.153,1.9487922934267465
4540,0.153,1.9487922934267465
4541,0.153,1.9487922934267465
4542,0.153,1.9487922934267465
4543,0.153,1.9487922934267465
4544,0.153,1.9487922934267465
4545,0.153,1.9487922934267465
4546,0.153,1.9487922934267465
4547,0.153,1.9487922934267465
4548,0.153,1.9487922934267465
4549,0.153,1.9487922934267465
4550,0.153,1.9487922934267465
4551,0.153,1.9487922934267465
4552,0.153,1.9487922934267465
4553,0.153,1.9487922934267465
4554,0.153,1.9487922934267465
4555,0.153,1.9487922934267465
4556,0.153,1.9487922934267465
4557,0.153,1.9487922934267465
4558,0.153,1.9487922934267465
4559,0.153,1.9487922934267465
4560,0.153,1.9487922934267465
4561,0.153,1.9487922934267465
4562,0.153,1.9487922934267465
4563,0.153,1.9487922934267465
4564,0.153,1.9487922934267465
4565,0.153,1.9487922934267465
4566,0.153,1.9487922934267465
4567,0.153,1.9487922934267465
4568,0.153,1.9487922934267465
4569,0.153,1.9487922934267465
4570,0.153,1.9487922934267465
4571,0.153,1.9487922934267465
4572,0.153,1.9487922934267465
4573,0.153,1.9487922934267465
4574,0.153,1.9487922934267465
4575,0.153,1.9487922934267465
4576,0.153,1.9487922934267465
4577,0.153,1.9487922934267465
4578,0.153,1.9487922934267465
4579,0.153,1.9487922934267465
4580,0.153,1.9487922934267465
4581,0.153,1.9487922934267465
4582,0.153,1.9487922934267465
4583,0.153,1.9487922934267465
4584,0.153,1.9487922934267465
4585,0.153,1.9487922934267465
4586,0.153,1.9487922934267465
4587,0.153,1.9487922934267465
4588,0.153,1.9487922934267465
4589,0.153,1.9487922934267465
4590,0.153,1.9487922934267465
4591,0.153,1.9487922934267465
4592,0.153,1.9487922934267465
4593,0.153,1.9487922934267465
4594,0.153,1.9487922934267465
4595,0.153,1.9487922934267465
4596,0.153,1.9487922934267465
4597,0.153,1.9487922934267465
4598,0.153,1.9487922934267465
4599,0.153,1.9487922934267465
4600,0.153,1.9487922934267465
4601,0.153,1.9487922934267465
4602,0.153,1.9487922934267465
4603,0.153,1.9487922934267465
4604,0.153,1.9487922934267465
4605,0.153,1.9487922934267465
4606,0.153,1.9487922934267465
4607,0.153,1.9487922934267465
4608,0.153,1.9487922934267465
4609,0.153,1.9487922934267465
4610,0.153,1.9487922934267465
4611,0.153,1.9487922934267465
4612,0.153,1.9487922934267465
4613,0.153,1.9487922934267465
4614,0.153,1.9487922934267465
4615,0.153,1.9487922934267465
4616,0.153,1.9487922934267465
4617,0.153,1.9487922934267465
4618,0.153,1.9487922934267465
4619,0.153,1.9487922934267465
4620,0.153,1.9487922934267465
4621,0.153,1.9487922934267465
4622,0.153,1.9487922934267465
4623,0.153,1.9487922934267465
4624,0.153,1.9487922934267465
4625,0.153,1.9487922934267465
4626,0.153,1.9487922934267465
4627,0.153,1.9487922934267465
4628,0.153,1.9487922934267465
4629,0.153,1.9487922934267465
4630,0.153,1.9487922934267465
4631,0.153,1.9487922934267465
4632,0.153,1.9487922934267465
4633,0.153,1.9487922934267465
4634,0.153,1.9487922934267465
4635,0.153,1.9487922934267465
4636,0.153,1.9487922934267465
4637,0.153,1.9487922934267465
4638,0.153,1.9487922934267465
4639,0.153,1.9487922934267465
4640,0.153,1.9487922934267465
4641,0.153,1.9487922934267465
4642,0.153,1.9487922934267465
4643,0.153,1.9487922934267465
4644,0.153,1.9487922934267465
4645,0.153,1.9487922934267465
4646,0.153,1.9487922934267465
4647,0.153,1.9487922934267465
4648,0.153,1.9487922934267465
4649,0.153,1.9487922934267465
4650,0.153,1.9487922934267465
4651,0.153,1.9487922934267465
4652,0.153,1.9487922934267465
4653,0.153,1.9487922934267465
4654,0.153,1.9487922934267465
4655,0.153,1.9487922934267465
4656,0.153,1.9487922934267465
4657,0.153,1.9487922934267465
4658,0.153,1.9487922934267465
4659,0.153,1.9487922934267465
4660,0.153,1.9487922934267465
4661,0.153,1.9487922934267465
4662,0.153,1.9487922934267465
4663,0.153,1.9487922934267465
4664,0.153,1.9487922934267465
4665,0.153,1.9487922934267465
4666,0.153,1.9487922934267465
4667,0.153,1.9487922934267465
4668,0.153,1.9487922934267465
4669,0.153,1.9487922934267465
4670,0.153,1.9487922934267465
4671,0.153,1.9487922934267465
4672,0.153,1.9487922934267465
4673,0.153,1.9487922934267465
4674,0.153,1.9487922934267465
4675,0.153,1.9487922934267465
4676,0.153,1.9487922934267465
4677,0.153,1.9487922934267465
4678,0.153,1.9487922934267465
4679,0.153,1.9487922934267465
4680,0.153,1.9487922934267465
4681,0.153,1.9487922934267465
4682,0.153,1.9487922934267465
4683,0.153,1.9487922934267465
4684,0.153,1.9487922934267465
4685,0.153,1.9487922934267465
4686,0.153,1.9487922934267465
4687,0.153,1.9487922934267465
4688,0.153,1.9487922934267465
4689,0.153,1.9487922934267465
4690,0.153,1.9487922934267465
4691,0.153,1.9487922934267465
4692,0.153,1.9487922934267465
4693,0.153,1.9487922934267465
4694,0.153,1.9487922934267465
4695,0.153,1.9487922934267465
4696,0.153,1.9487922934267465
4697,0.153,1.9487922934267465
4698,0.153,1.9487922934267465
4699,0.153,1.9487922934267465
4700,0.153,1.9487922934267465
4701,0.153,1.9487922934267465
4702,0.153,1.9487922934267465
4703,0.153,1.9487922934267465
4704,0.153,1.9487922934267465
4705,0.153,1.9487922934267465
4706,0.153,1.9487922934267465
4707,0.153,1.9487922934267465
4708,0.153,1.9487922934267465
4709,0.153,1.9487922934267465
4710,0.153,1.9487922934267465
4711,0.153,1.9487922934267465
4712,0.153,1.9487922934267465
4713,0.153,1.9487922934267465
4714,0.153,1.9487922934267465
4715,0.153,1.9487922934267465
4716,0.153,1.9487922934267465
4717,0.153,1.9487922934267465
4718,0.153,1.9487922934267465
4719,0.153,1.9487922934267465
4720,0.153,1.9487922934267465
4721,0.153,1.9487922934267465
4722,0.153,1.9487922934267465
4723,0.153,1.9487922934267465
4724,0.153,1.9487922934267465
4725,0.153,1.9487922934267465
4726,0.153,1.9487922934267465
4727,0.153,1.9487922934267465
4728,0.153,1.9487922934267465
4729,0.153,1.9487922934267465
4730,0.153,1.9487922934267465
4731,0.153,1.9487922934267465
4732,0.153,1.9487922934267465
4733,0.153,1.9487922934267465
4734,0.153,1.9487922934267465
4735,0.153,1.9487922934267465
4736,0.153,1.9487922934267465
4737,0.153,1.9487922934267465
4738,0.153,1.9487922934267465
4739,0.153,1.9487922934267465
4740,0.153,1.9487922934267465
4741,0.153,1.9487922934267465
4742,0.153,1.9487922934267465
4743,0.153,1.9487922934267465
4744,0.153,1.9487922934267465
4745,0.153,1.9487922934267465
4746,0.153,1.9487922934267465
4747,0.153,1.9487922934267465
4748,0.153,1.9487922934267465
4749,0.153,1.9487922934267465
4750,0.153,1.9487922934267465
4751,0.153,1.9487922934267465
4752,0.153,1.9487922934267465
4753,0.153,1.9487922934267465
4754,0.153,1.9487922934267465
4755,0.153,1.9487922934267465
4756,0.153,1.9487922934267465
4757,0.153,1.9487922934267465
4758,0.153,1.9487922934267465
4759,0.153,1.9487922934267465
4760,0.153,1.9487922934267465
4761,0.153,1.9487922934267465
4762,0.153,1.9487922934267465
4763,0.153,1.9487922934267465
4764,0.153,1.9487922934267465
4765,0.153,1.9487922934267465
4766,0.153,1.9487922934267465
4767,0.153,1.9487922934267465
4768,0.153,1.9487922934267465
4769,0.153,1.9487922934267465
4770,0.153,1.9487922934267465
4771,0.153,1.9487922934267465
4772,0.153,1.9487922934267465
4773,0.153,1.9487922934267465
4774,0.153,1.9487922934267465
4775,0.153,1.9487922934267465
4776,0.153,1.9487922934267465
4777,0.153,1.9487922934267465
4778,0.153,1.9487922934267465
4779,0.153,1.9487922934267465
4780,0.153,1.9487922934267465
4781,0.153,1.9487922934267465
4782,0.153,1.9487922934267465
4783,0.153,1.9487922934267465
4784,0.153,1.9487922934267465
4785,0.153,1.9487922934267465
4786,0.153,1.9487922934267465
4787,0.153,1.9487922934267465
4788,0.153,1.9487922934267465
4789,0.153,1.9487922934267465
4790,0.153,1.9487922934267465
4791,0.153,1.9487922934267465
4792,0.153,1.9487922934267465
4793,0.153,1.9487922934267465
4794,0.153,1.9487922934267465
4795,0.153,1.9487922934267465
4796,0.153,1.9487922934267465
4797,0.153,1.9487922934267465
4798,0.153,1.9487922934267465
4799,0.153,1.9487922934267465
4800,0.153,1.9487922934267465
4801,0.153,1.9487922934267465
4802,0.153,1.9487922934267465
4803,0.153,1.9487922934267465
4804,0.153,1.9487922934267465
4805,0.153,1.9487922934267465
4806,0.153,1.9487922934267465
4807,0.153,1.9487922934267465
4808,0.153,1.9487922934267465
4809,0.153,1.9487922934267465
4810,0.153,1.9487922934267465
4811,0.153,1.9487922934267465
4812,0.153,1.9487922934267465
4813,0.153,1.9487922934267465
4814,0.153,1.9487922934267465
4815,0.153,1.9487922934267465
4816,0.153,1.9487922934267465
4817,0.153,1.9487922934267465
4818,0.153,1.9487922934267465
4819,0.153,1.9487922934267465
4820,0.153,1.9487922934267465
4821,0.153,1.9487922934267465
4822,0.153,1.9487922934267465
4823,0.153,1.9487922934267465
4824,0.153,1.9487922934267465
4825,0.153,1.9487922934267465
4826,0.153,1.9487922934267465
4827,0.153,1.9487922934267465
4828,0.153,1.9487922934267465
4829,0.153,1.9487922934267465
4830,0.153,1.9487922934267465
4831,0.153,1.9487922934267465
4832,0.153,1.9487922934267465
4833,0.153,1.9487922934267465
4834,0.153,1.9487922934267465
4835,0.153,1.9487922934267465
4836,0.153,1.9487922934267465
4837,0.153,1.9487922934267465
4838,0.153,1.9487922934267465
4839,0.153,1.9487922934267465
4840,0.153,1.9487922934267465
4841,0.153,1.9487922934267465
4842,0.153,1.9487922934267465
4843,0.153,1.9487922934267465
4844,0.153,1.9487922934267465
4845,0.153,1.9487922934267465
4846,0.153,1.9487922934267465
4847,0.153,1.9487922934267465
4848,0.153,1.9487922934267465
4849,0.153,1.9487922934267465
4850,0.153,1.9487922934267465
4851,0.153,1.9487922934267465
4852,0.135,1.9487922934267465
