Tick,TotalEnergy(kWh),AverageEnergy(kWh)
0,1.4820000000000004,1.0392090064620356
1,1.7540000000000002,1.0392090064620356
2,1.7540000000000002,1.0392090064620356
3,1.7540000000000002,1.0392090064620356
4,1.7540000000000002,1.0392090064620356
5,1.7540000000000002,1.0392090064620356
6,1.7540000000000002,1.0392090064620356
7,1.7540000000000002,1.0392090064620356
8,1.7540000000000002,1.0392090064620356
9,1.7540000000000002,1.0392090064620356
10,1.7540000000000002,1.0392090064620356
11,1.7540000000000002,1.0392090064620356
12,1.7540000000000002,1.0392090064620356
13,1.7540000000000002,1.0392090064620356
14,1.7540000000000002,1.0392090064620356
15,1.7540000000000002,1.0392090064620356
16,1.7540000000000002,1.0392090064620356
17,1.7540000000000002,1.0392090064620356
18,1.7540000000000002,1.0392090064620356
19,1.7540000000000002,1.0392090064620356
20,1.7540000000000002,1.0392090064620356
21,1.7540000000000002,1.0392090064620356
22,1.7540000000000002,1.0392090064620356
23,1.7540000000000002,1.0392090064620356
24,1.7540000000000002,1.0392090064620356
25,1.7540000000000002,1.0392090064620356
26,1.7540000000000002,1.0392090064620356
27,1.7540000000000002,1.0392090064620356
28,1.7540000000000002,1.0392090064620356
29,1.7540000000000002,1.0392090064620356
30,1.7540000000000002,1.0392090064620356
31,1.7540000000000002,1.0392090064620356
32,1.7540000000000002,1.0392090064620356
33,1.7540000000000002,1.0392090064620356
34,1.7540000000000002,1.0392090064620356
35,1.7540000000000002,1.0392090064620356
36,1.7540000000000002,1.0392090064620356
37,1.7540000000000002,1.0392090064620356
38,1.7540000000000002,1.0392090064620356
39,1.7540000000000002,1.0392090064620356
40,1.7540000000000002,1.0392090064620356
41,1.7540000000000002,1.0392090064620356
42,1.7540000000000002,1.0392090064620356
43,1.7540000000000002,1.0392090064620356
44,1.7540000000000002,1.0392090064620356
45,1.7540000000000002,1.0392090064620356
46,1.7540000000000002,1.0392090064620356
47,1.7540000000000002,1.0392090064620356
48,1.7540000000000002,1.0392090064620356
49,1.7540000000000002,1.0392090064620356
50,1.7540000000000002,1.0392090064620356
51,1.7540000000000002,1.0392090064620356
52,1.7540000000000002,1.0392090064620356
53,1.7540000000000002,1.0392090064620356
54,1.7540000000000002,1.0392090064620356
55,1.7540000000000002,1.0392090064620356
56,1.7540000000000002,1.0392090064620356
57,1.7540000000000002,1.0392090064620356
58,1.7540000000000002,1.0392090064620356
59,1.7540000000000002,1.0392090064620356
60,1.7540000000000002,1.0392090064620356
61,1.7540000000000002,1.0392090064620356
62,1.7540000000000002,1.0392090064620356
63,1.7540000000000002,1.0392090064620356
64,1.7540000000000002,1.0392090064620356
65,1.7540000000000002,1.0392090064620356
66,1.7540000000000002,1.0392090064620356
67,1.7540000000000002,1.0392090064620356
68,1.7540000000000002,1.0392090064620356
69,1.7540000000000002,1.0392090064620356
70,1.7540000000000002,1.0392090064620356
71,1.7540000000000002,1.0392090064620356
72,1.7540000000000002,1.0392090064620356
73,1.7540000000000002,1.0392090064620356
74,1.7540000000000002,1.0392090064620356
75,1.7540000000000002,1.0392090064620356
76,1.7540000000000002,1.0392090064620356
77,1.7540000000000002,1.0392090064620356
78,1.7540000000000002,1.0392090064620356
79,1.7540000000000002,1.0392090064620356
80,1.7540000000000002,1.0392090064620356
81,1.7540000000000002,1.0392090064620356
82,1.7540000000000002,1.0392090064620356
83,1.7540000000000002,1.0392090064620356
84,1.7540000000000002,1.0392090064620356
85,1.7540000000000002,1.0392090064620356
86,1.7540000000000002,1.0392090064620356
87,1.7540000000000002,1.0392090064620356
88,1.7540000000000002,1.0392090064620356
89,1.7540000000000002,1.0392090064620356
90,1.7540000000000002,1.0392090064620356
91,1.7540000000000002,1.0392090064620356
92,1.7540000000000002,1.0392090064620356
93,1.7540000000000002,1.0392090064620356
94,1.7540000000000002,1.0392090064620356
95,1.7540000000000002,1.0392090064620356
96,1.7540000000000002,1.0392090064620356
97,1.7540000000000002,1.0392090064620356
98,1.7540000000000002,1.0392090064620356
99,1.7440000000000002,1.0392090064620356
100,1.7540000000000002,1.0392090064620356
101,1.7540000000000002,1.0392090064620356
102,1.7540000000000002,1.0392090064620356
103,1.7540000000000002,1.0392090064620356
104,1.7540000000000002,1.0392090064620356
105,1.7540000000000002,1.0392090064620356
106,1.7540000000000002,1.0392090064620356
107,1.7540000000000002,1.0392090064620356
108,1.7540000000000002,1.0392090064620356
109,1.7540000000000002,1.0392090064620356
110,1.7540000000000002,1.0392090064620356
111,1.7540000000000002,1.0392090064620356
112,1.7540000000000002,1.0392090064620356
113,1.7540000000000002,1.0392090064620356
114,1.7540000000000002,1.0392090064620356
115,1.7540000000000002,1.0392090064620356
116,1.7540000000000002,1.0392090064620356
117,1.7540000000000002,1.0392090064620356
118,1.7540000000000002,1.0392090064620356
119,1.7540000000000002,1.0392090064620356
120,1.7540000000000002,1.0392090064620356
121,1.7540000000000002,1.0392090064620356
122,1.7540000000000002,1.0392090064620356
123,1.7540000000000002,1.0392090064620356
124,1.7540000000000002,1.0392090064620356
125,1.7540000000000002,1.0392090064620356
126,1.7540000000000002,1.0392090064620356
127,1.7540000000000002,1.0392090064620356
128,1.7540000000000002,1.0392090064620356
129,1.7540000000000002,1.0392090064620356
130,1.7540000000000002,1.0392090064620356
131,1.7540000000000002,1.0392090064620356
132,1.7540000000000002,1.0392090064620356
133,1.7540000000000002,1.0392090064620356
134,1.7540000000000002,1.0392090064620356
135,1.7540000000000002,1.0392090064620356
136,1.7540000000000002,1.0392090064620356
137,1.7540000000000002,1.0392090064620356
138,1.7540000000000002,1.0392090064620356
139,1.7540000000000002,1.0392090064620356
140,1.7540000000000002,1.0392090064620356
141,1.7540000000000002,1.0392090064620356
142,1.7540000000000002,1.0392090064620356
143,1.7540000000000002,1.0392090064620356
144,1.7540000000000002,1.0392090064620356
145,1.7540000000000002,1.0392090064620356
146,1.7540000000000002,1.0392090064620356
147,1.7540000000000002,1.0392090064620356
148,1.7540000000000002,1.0392090064620356
149,1.7540000000000002,1.0392090064620356
150,1.7540000000000002,1.0392090064620356
151,1.7540000000000002,1.0392090064620356
152,1.7540000000000002,1.0392090064620356
153,1.7540000000000002,1.0392090064620356
154,1.7540000000000002,1.0392090064620356
155,1.7540000000000002,1.0392090064620356
156,1.7540000000000002,1.0392090064620356
157,1.7540000000000002,1.0392090064620356
158,1.7540000000000002,1.0392090064620356
159,1.7540000000000002,1.0392090064620356
160,1.7540000000000002,1.0392090064620356
161,1.7540000000000002,1.0392090064620356
162,1.7540000000000002,1.0392090064620356
163,1.7540000000000002,1.0392090064620356
164,1.7540000000000002,1.0392090064620356
165,1.7540000000000002,1.0392090064620356
166,1.7540000000000002,1.0392090064620356
167,1.7540000000000002,1.0392090064620356
168,1.7540000000000002,1.0392090064620356
169,1.7540000000000002,1.0392090064620356
170,1.7540000000000002,1.0392090064620356
171,1.7540000000000002,1.0392090064620356
172,1.7540000000000002,1.0392090064620356
173,1.7540000000000002,1.0392090064620356
174,1.7540000000000002,1.0392090064620356
175,1.7540000000000002,1.0392090064620356
176,1.7540000000000002,1.0392090064620356
177,1.7540000000000002,1.0392090064620356
178,1.7540000000000002,1.0392090064620356
179,1.7540000000000002,1.0392090064620356
180,1.7540000000000002,1.0392090064620356
181,1.7540000000000002,1.0392090064620356
182,1.7540000000000002,1.0392090064620356
183,1.7540000000000002,1.0392090064620356
184,1.7540000000000002,1.0392090064620356
185,1.7540000000000002,1.0392090064620356
186,1.7540000000000002,1.0392090064620356
187,1.7540000000000002,1.0392090064620356
188,1.7540000000000002,1.0392090064620356
189,1.7540000000000002,1.0392090064620356
190,1.7540000000000002,1.0392090064620356
191,1.7540000000000002,1.0392090064620356
192,1.7540000000000002,1.0392090064620356
193,1.7540000000000002,1.0392090064620356
194,1.7540000000000002,1.0392090064620356
195,1.7540000000000002,1.0392090064620356
196,1.7540000000000002,1.0392090064620356
197,1.7540000000000002,1.0392090064620356
198,1.7540000000000002,1.0392090064620356
199,1.7540000000000002,1.0392090064620356
200,1.7540000000000002,1.0392090064620356
201,1.7540000000000002,1.0392090064620356
202,1.7540000000000002,1.0392090064620356
203,1.7540000000000002,1.0392090064620356
204,1.7540000000000002,1.0392090064620356
205,1.7540000000000002,1.0392090064620356
206,1.7540000000000002,1.0392090064620356
207,1.7540000000000002,1.0392090064620356
208,1.7540000000000002,1.0392090064620356
209,1.7540000000000002,1.0392090064620356
210,1.7540000000000002,1.0392090064620356
211,1.7540000000000002,1.0392090064620356
212,1.7540000000000002,1.0392090064620356
213,1.7540000000000002,1.0392090064620356
214,1.7540000000000002,1.0392090064620356
215,1.7540000000000002,1.0392090064620356
216,1.7540000000000002,1.0392090064620356
217,1.7540000000000002,1.0392090064620356
218,1.7540000000000002,1.0392090064620356
219,1.7540000000000002,1.0392090064620356
220,1.7540000000000002,1.0392090064620356
221,1.7540000000000002,1.0392090064620356
222,1.7540000000000002,1.0392090064620356
223,1.7540000000000002,1.0392090064620356
224,1.7540000000000002,1.0392090064620356
225,1.7540000000000002,1.0392090064620356
226,1.7540000000000002,1.0392090064620356
227,1.7540000000000002,1.0392090064620356
228,1.7540000000000002,1.0392090064620356
229,1.7540000000000002,1.0392090064620356
230,1.7540000000000002,1.0392090064620356
231,1.7540000000000002,1.0392090064620356
232,1.7540000000000002,1.0392090064620356
233,1.7540000000000002,1.0392090064620356
234,1.7540000000000002,1.0392090064620356
235,1.7540000000000002,1.0392090064620356
236,1.7540000000000002,1.0392090064620356
237,1.7540000000000002,1.0392090064620356
238,1.7540000000000002,1.0392090064620356
239,1.7540000000000002,1.0392090064620356
240,1.7540000000000002,1.0392090064620356
241,1.7540000000000002,1.0392090064620356
242,1.7540000000000002,1.0392090064620356
243,1.7540000000000002,1.0392090064620356
244,1.7540000000000002,1.0392090064620356
245,1.7540000000000002,1.0392090064620356
246,1.7540000000000002,1.0392090064620356
247,1.7540000000000002,1.0392090064620356
248,1.7540000000000002,1.0392090064620356
249,1.7540000000000002,1.0392090064620356
250,1.7540000000000002,1.0392090064620356
251,1.7540000000000002,1.0392090064620356
252,1.7540000000000002,1.0392090064620356
253,1.7540000000000002,1.0392090064620356
254,1.7540000000000002,1.0392090064620356
255,1.7540000000000002,1.0392090064620356
256,1.7540000000000002,1.0392090064620356
257,1.7540000000000002,1.0392090064620356
258,1.7540000000000002,1.0392090064620356
259,1.7540000000000002,1.0392090064620356
260,1.7540000000000002,1.0392090064620356
261,1.7540000000000002,1.0392090064620356
262,1.7540000000000002,1.0392090064620356
263,1.7540000000000002,1.0392090064620356
264,1.7540000000000002,1.0392090064620356
265,1.7540000000000002,1.0392090064620356
266,1.7540000000000002,1.0392090064620356
267,1.7540000000000002,1.0392090064620356
268,1.7540000000000002,1.0392090064620356
269,1.7540000000000002,1.0392090064620356
270,1.7540000000000002,1.0392090064620356
271,1.7540000000000002,1.0392090064620356
272,1.7540000000000002,1.0392090064620356
273,1.7540000000000002,1.0392090064620356
274,1.7540000000000002,1.0392090064620356
275,1.7540000000000002,1.0392090064620356
276,1.7540000000000002,1.0392090064620356
277,1.7540000000000002,1.0392090064620356
278,1.7540000000000002,1.0392090064620356
279,1.7540000000000002,1.0392090064620356
280,1.7540000000000002,1.0392090064620356
281,1.7540000000000002,1.0392090064620356
282,1.7540000000000002,1.0392090064620356
283,1.7540000000000002,1.0392090064620356
284,1.7540000000000002,1.0392090064620356
285,1.7540000000000002,1.0392090064620356
286,1.7540000000000002,1.0392090064620356
287,1.7540000000000002,1.0392090064620356
288,1.7540000000000002,1.0392090064620356
289,1.7540000000000002,1.0392090064620356
290,1.7540000000000002,1.0392090064620356
291,1.7540000000000002,1.0392090064620356
292,1.7540000000000002,1.0392090064620356
293,1.7540000000000002,1.0392090064620356
294,1.7540000000000002,1.0392090064620356
295,1.7540000000000002,1.0392090064620356
296,1.7540000000000002,1.0392090064620356
297,1.7540000000000002,1.0392090064620356
298,1.7540000000000002,1.0392090064620356
299,1.7540000000000002,1.0392090064620356
300,1.7540000000000002,1.0392090064620356
301,1.7540000000000002,1.0392090064620356
302,1.7540000000000002,1.0392090064620356
303,1.7540000000000002,1.0392090064620356
304,1.7540000000000002,1.0392090064620356
305,1.7540000000000002,1.0392090064620356
306,1.7540000000000002,1.0392090064620356
307,1.7540000000000002,1.0392090064620356
308,1.7540000000000002,1.0392090064620356
309,1.7540000000000002,1.0392090064620356
310,1.7540000000000002,1.0392090064620356
311,1.7540000000000002,1.0392090064620356
312,1.7540000000000002,1.0392090064620356
313,1.7540000000000002,1.0392090064620356
314,1.7540000000000002,1.0392090064620356
315,1.7540000000000002,1.0392090064620356
316,1.7540000000000002,1.0392090064620356
317,1.7540000000000002,1.0392090064620356
318,1.7540000000000002,1.0392090064620356
319,1.7540000000000002,1.0392090064620356
320,1.7540000000000002,1.0392090064620356
321,1.7540000000000002,1.0392090064620356
322,1.7540000000000002,1.0392090064620356
323,1.7540000000000002,1.0392090064620356
324,1.7540000000000002,1.0392090064620356
325,1.7540000000000002,1.0392090064620356
326,1.7540000000000002,1.0392090064620356
327,1.7540000000000002,1.0392090064620356
328,1.7540000000000002,1.0392090064620356
329,1.7540000000000002,1.0392090064620356
330,1.7540000000000002,1.0392090064620356
331,1.7540000000000002,1.0392090064620356
332,1.7540000000000002,1.0392090064620356
333,1.7540000000000002,1.0392090064620356
334,1.7540000000000002,1.0392090064620356
335,1.7540000000000002,1.0392090064620356
336,1.7540000000000002,1.0392090064620356
337,1.7540000000000002,1.0392090064620356
338,1.7540000000000002,1.0392090064620356
339,1.7540000000000002,1.0392090064620356
340,1.7540000000000002,1.0392090064620356
341,1.7540000000000002,1.0392090064620356
342,1.7540000000000002,1.0392090064620356
343,1.7540000000000002,1.0392090064620356
344,1.7540000000000002,1.0392090064620356
345,1.7540000000000002,1.0392090064620356
346,1.7540000000000002,1.0392090064620356
347,1.7540000000000002,1.0392090064620356
348,1.7540000000000002,1.0392090064620356
349,1.7540000000000002,1.0392090064620356
350,1.7540000000000002,1.0392090064620356
351,1.7540000000000002,1.0392090064620356
352,1.7540000000000002,1.0392090064620356
353,1.7540000000000002,1.0392090064620356
354,1.7540000000000002,1.0392090064620356
355,1.7540000000000002,1.0392090064620356
356,1.7540000000000002,1.0392090064620356
357,1.7540000000000002,1.0392090064620356
358,1.7540000000000002,1.0392090064620356
359,1.7540000000000002,1.0392090064620356
360,1.7540000000000002,1.0392090064620356
361,1.7540000000000002,1.0392090064620356
362,1.7540000000000002,1.0392090064620356
363,1.7540000000000002,1.0392090064620356
364,1.7540000000000002,1.0392090064620356
365,1.7540000000000002,1.0392090064620356
366,1.7540000000000002,1.0392090064620356
367,1.7540000000000002,1.0392090064620356
368,1.7540000000000002,1.0392090064620356
369,1.7540000000000002,1.0392090064620356
370,1.7540000000000002,1.0392090064620356
371,1.7540000000000002,1.0392090064620356
372,1.7540000000000002,1.0392090064620356
373,1.7540000000000002,1.0392090064620356
374,1.7540000000000002,1.0392090064620356
375,1.7540000000000002,1.0392090064620356
376,1.7540000000000002,1.0392090064620356
377,1.7540000000000002,1.0392090064620356
378,1.7540000000000002,1.0392090064620356
379,1.7540000000000002,1.0392090064620356
380,1.7540000000000002,1.0392090064620356
381,1.7540000000000002,1.0392090064620356
382,1.7540000000000002,1.0392090064620356
383,1.7540000000000002,1.0392090064620356
384,1.7540000000000002,1.0392090064620356
385,1.7540000000000002,1.0392090064620356
386,1.7540000000000002,1.0392090064620356
387,1.7540000000000002,1.0392090064620356
388,1.7540000000000002,1.0392090064620356
389,1.7540000000000002,1.0392090064620356
390,1.7540000000000002,1.0392090064620356
391,1.7540000000000002,1.0392090064620356
392,1.7540000000000002,1.0392090064620356
393,1.7540000000000002,1.0392090064620356
394,1.7540000000000002,1.0392090064620356
395,1.7540000000000002,1.0392090064620356
396,1.7540000000000002,1.0392090064620356
397,1.7540000000000002,1.0392090064620356
398,1.7540000000000002,1.0392090064620356
399,1.7540000000000002,1.0392090064620356
400,1.7540000000000002,1.0392090064620356
401,1.7540000000000002,1.0392090064620356
402,1.7540000000000002,1.0392090064620356
403,1.7540000000000002,1.0392090064620356
404,1.7540000000000002,1.0392090064620356
405,1.7540000000000002,1.0392090064620356
406,1.7540000000000002,1.0392090064620356
407,1.7540000000000002,1.0392090064620356
408,1.7540000000000002,1.0392090064620356
409,1.7540000000000002,1.0392090064620356
410,1.7540000000000002,1.0392090064620356
411,1.7540000000000002,1.0392090064620356
412,1.7540000000000002,1.0392090064620356
413,1.7540000000000002,1.0392090064620356
414,1.7540000000000002,1.0392090064620356
415,1.7540000000000002,1.0392090064620356
416,1.7540000000000002,1.0392090064620356
417,1.7540000000000002,1.0392090064620356
418,1.7540000000000002,1.0392090064620356
419,1.7540000000000002,1.0392090064620356
420,1.7540000000000002,1.0392090064620356
421,1.7540000000000002,1.0392090064620356
422,1.7540000000000002,1.0392090064620356
423,1.7540000000000002,1.0392090064620356
424,1.7540000000000002,1.0392090064620356
425,1.7540000000000002,1.0392090064620356
426,1.7540000000000002,1.0392090064620356
427,1.7540000000000002,1.0392090064620356
428,1.7540000000000002,1.0392090064620356
429,1.7540000000000002,1.0392090064620356
430,1.7540000000000002,1.0392090064620356
431,1.7540000000000002,1.0392090064620356
432,1.7540000000000002,1.0392090064620356
433,1.7540000000000002,1.0392090064620356
434,1.7540000000000002,1.0392090064620356
435,1.7540000000000002,1.0392090064620356
436,1.7540000000000002,1.0392090064620356
437,1.7540000000000002,1.0392090064620356
438,1.7540000000000002,1.0392090064620356
439,1.7540000000000002,1.0392090064620356
440,1.7540000000000002,1.0392090064620356
441,1.7540000000000002,1.0392090064620356
442,1.7540000000000002,1.0392090064620356
443,1.7540000000000002,1.0392090064620356
444,1.7540000000000002,1.0392090064620356
445,1.7540000000000002,1.0392090064620356
446,1.7540000000000002,1.0392090064620356
447,1.7540000000000002,1.0392090064620356
448,1.7540000000000002,1.0392090064620356
449,1.7540000000000002,1.0392090064620356
450,1.7540000000000002,1.0392090064620356
451,1.7540000000000002,1.0392090064620356
452,1.7540000000000002,1.0392090064620356
453,1.7540000000000002,1.0392090064620356
454,1.7540000000000002,1.0392090064620356
455,1.7540000000000002,1.0392090064620356
456,1.7540000000000002,1.0392090064620356
457,1.7540000000000002,1.0392090064620356
458,1.7540000000000002,1.0392090064620356
459,1.7540000000000002,1.0392090064620356
460,1.7540000000000002,1.0392090064620356
461,1.7540000000000002,1.0392090064620356
462,1.7540000000000002,1.0392090064620356
463,1.7540000000000002,1.0392090064620356
464,1.7540000000000002,1.0392090064620356
465,1.7540000000000002,1.0392090064620356
466,1.7540000000000002,1.0392090064620356
467,1.7540000000000002,1.0392090064620356
468,1.7540000000000002,1.0392090064620356
469,1.7540000000000002,1.0392090064620356
470,1.7540000000000002,1.0392090064620356
471,1.7540000000000002,1.0392090064620356
472,1.7540000000000002,1.0392090064620356
473,1.7540000000000002,1.0392090064620356
474,1.7540000000000002,1.0392090064620356
475,1.7540000000000002,1.0392090064620356
476,1.7540000000000002,1.0392090064620356
477,1.7540000000000002,1.0392090064620356
478,1.7540000000000002,1.0392090064620356
479,1.7540000000000002,1.0392090064620356
480,1.7540000000000002,1.0392090064620356
481,1.7540000000000002,1.0392090064620356
482,1.7540000000000002,1.0392090064620356
483,1.7540000000000002,1.0392090064620356
484,1.7540000000000002,1.0392090064620356
485,1.7540000000000002,1.0392090064620356
486,1.7540000000000002,1.0392090064620356
487,1.7540000000000002,1.0392090064620356
488,1.7540000000000002,1.0392090064620356
489,1.7540000000000002,1.0392090064620356
490,1.7540000000000002,1.0392090064620356
491,1.7540000000000002,1.0392090064620356
492,1.7540000000000002,1.0392090064620356
493,1.7540000000000002,1.0392090064620356
494,1.7540000000000002,1.0392090064620356
495,1.7540000000000002,1.0392090064620356
496,1.7540000000000002,1.0392090064620356
497,1.7540000000000002,1.0392090064620356
498,1.7540000000000002,1.0392090064620356
499,1.7540000000000002,1.0392090064620356
500,1.7540000000000002,1.0392090064620356
501,1.7540000000000002,1.0392090064620356
502,1.7540000000000002,1.0392090064620356
503,1.7540000000000002,1.0392090064620356
504,1.7540000000000002,1.0392090064620356
505,1.7540000000000002,1.0392090064620356
506,1.7540000000000002,1.0392090064620356
507,1.7540000000000002,1.0392090064620356
508,1.7540000000000002,1.0392090064620356
509,1.7540000000000002,1.0392090064620356
510,1.7540000000000002,1.0392090064620356
511,1.7540000000000002,1.0392090064620356
512,1.7540000000000002,1.0392090064620356
513,1.7540000000000002,1.0392090064620356
514,1.7540000000000002,1.0392090064620356
515,1.7540000000000002,1.0392090064620356
516,1.7540000000000002,1.0392090064620356
517,1.7540000000000002,1.0392090064620356
518,1.7540000000000002,1.0392090064620356
519,1.7540000000000002,1.0392090064620356
520,1.7540000000000002,1.0392090064620356
521,1.7540000000000002,1.0392090064620356
522,1.7540000000000002,1.0392090064620356
523,1.7540000000000002,1.0392090064620356
524,1.7540000000000002,1.0392090064620356
525,1.7540000000000002,1.0392090064620356
526,1.7540000000000002,1.0392090064620356
527,1.7540000000000002,1.0392090064620356
528,1.7540000000000002,1.0392090064620356
529,1.7540000000000002,1.0392090064620356
530,1.7540000000000002,1.0392090064620356
531,1.7540000000000002,1.0392090064620356
532,1.7540000000000002,1.0392090064620356
533,1.7540000000000002,1.0392090064620356
534,1.7540000000000002,1.0392090064620356
535,1.7540000000000002,1.0392090064620356
536,1.7540000000000002,1.0392090064620356
537,1.7540000000000002,1.0392090064620356
538,1.7540000000000002,1.0392090064620356
539,1.7540000000000002,1.0392090064620356
540,1.7540000000000002,1.0392090064620356
541,1.7540000000000002,1.0392090064620356
542,1.7540000000000002,1.0392090064620356
543,1.7540000000000002,1.0392090064620356
544,1.7540000000000002,1.0392090064620356
545,1.7540000000000002,1.0392090064620356
546,1.7540000000000002,1.0392090064620356
547,1.7540000000000002,1.0392090064620356
548,1.7540000000000002,1.0392090064620356
549,1.7540000000000002,1.0392090064620356
550,1.7540000000000002,1.0392090064620356
551,1.7540000000000002,1.0392090064620356
552,1.7540000000000002,1.0392090064620356
553,1.7540000000000002,1.0392090064620356
554,1.7540000000000002,1.0392090064620356
555,1.7540000000000002,1.0392090064620356
556,1.7540000000000002,1.0392090064620356
557,1.7540000000000002,1.0392090064620356
558,1.7540000000000002,1.0392090064620356
559,1.7540000000000002,1.0392090064620356
560,1.7540000000000002,1.0392090064620356
561,1.7540000000000002,1.0392090064620356
562,1.7540000000000002,1.0392090064620356
563,1.7540000000000002,1.0392090064620356
564,1.7540000000000002,1.0392090064620356
565,1.7540000000000002,1.0392090064620356
566,1.7540000000000002,1.0392090064620356
567,1.7540000000000002,1.0392090064620356
568,1.7540000000000002,1.0392090064620356
569,1.7540000000000002,1.0392090064620356
570,1.7540000000000002,1.0392090064620356
571,1.7540000000000002,1.0392090064620356
572,1.7540000000000002,1.0392090064620356
573,1.7540000000000002,1.0392090064620356
574,1.7540000000000002,1.0392090064620356
575,1.7540000000000002,1.0392090064620356
576,1.7540000000000002,1.0392090064620356
577,1.7540000000000002,1.0392090064620356
578,1.7540000000000002,1.0392090064620356
579,1.7540000000000002,1.0392090064620356
580,1.7540000000000002,1.0392090064620356
581,1.7540000000000002,1.0392090064620356
582,1.7540000000000002,1.0392090064620356
583,1.7540000000000002,1.0392090064620356
584,1.7540000000000002,1.0392090064620356
585,1.7540000000000002,1.0392090064620356
586,1.7540000000000002,1.0392090064620356
587,1.7540000000000002,1.0392090064620356
588,1.7540000000000002,1.0392090064620356
589,1.7540000000000002,1.0392090064620356
590,1.7540000000000002,1.0392090064620356
591,1.7540000000000002,1.0392090064620356
592,1.7540000000000002,1.0392090064620356
593,1.7540000000000002,1.0392090064620356
594,1.7540000000000002,1.0392090064620356
595,1.7540000000000002,1.0392090064620356
596,1.7540000000000002,1.0392090064620356
597,1.7540000000000002,1.0392090064620356
598,1.7540000000000002,1.0392090064620356
599,1.7540000000000002,1.0392090064620356
600,1.7540000000000002,1.0392090064620356
601,1.7540000000000002,1.0392090064620356
602,1.7540000000000002,1.0392090064620356
603,1.7540000000000002,1.0392090064620356
604,1.7540000000000002,1.0392090064620356
605,1.7540000000000002,1.0392090064620356
606,1.7540000000000002,1.0392090064620356
607,1.7540000000000002,1.0392090064620356
608,1.7540000000000002,1.0392090064620356
609,1.7540000000000002,1.0392090064620356
610,1.7540000000000002,1.0392090064620356
611,1.7540000000000002,1.0392090064620356
612,1.7540000000000002,1.0392090064620356
613,1.7540000000000002,1.0392090064620356
614,1.7540000000000002,1.0392090064620356
615,1.7540000000000002,1.0392090064620356
616,1.7540000000000002,1.0392090064620356
617,1.7540000000000002,1.0392090064620356
618,1.7540000000000002,1.0392090064620356
619,1.7540000000000002,1.0392090064620356
620,1.7540000000000002,1.0392090064620356
621,1.7540000000000002,1.0392090064620356
622,1.7540000000000002,1.0392090064620356
623,1.7540000000000002,1.0392090064620356
624,1.7540000000000002,1.0392090064620356
625,1.7540000000000002,1.0392090064620356
626,1.7540000000000002,1.0392090064620356
627,1.7540000000000002,1.0392090064620356
628,1.7540000000000002,1.0392090064620356
629,1.7540000000000002,1.0392090064620356
630,1.7540000000000002,1.0392090064620356
631,1.7540000000000002,1.0392090064620356
632,1.7540000000000002,1.0392090064620356
633,1.7540000000000002,1.0392090064620356
634,1.7540000000000002,1.0392090064620356
635,1.7540000000000002,1.0392090064620356
636,1.7540000000000002,1.0392090064620356
637,1.7540000000000002,1.0392090064620356
638,1.7540000000000002,1.0392090064620356
639,1.7540000000000002,1.0392090064620356
640,1.7540000000000002,1.0392090064620356
641,1.7540000000000002,1.0392090064620356
642,1.7540000000000002,1.0392090064620356
643,1.7540000000000002,1.0392090064620356
644,1.7540000000000002,1.0392090064620356
645,1.7540000000000002,1.0392090064620356
646,1.7540000000000002,1.0392090064620356
647,1.7540000000000002,1.0392090064620356
648,1.7540000000000002,1.0392090064620356
649,1.7540000000000002,1.0392090064620356
650,1.7540000000000002,1.0392090064620356
651,1.7540000000000002,1.0392090064620356
652,1.7540000000000002,1.0392090064620356
653,1.7540000000000002,1.0392090064620356
654,1.7540000000000002,1.0392090064620356
655,1.7540000000000002,1.0392090064620356
656,1.7540000000000002,1.0392090064620356
657,1.7540000000000002,1.0392090064620356
658,1.7540000000000002,1.0392090064620356
659,1.7540000000000002,1.0392090064620356
660,1.7540000000000002,1.0392090064620356
661,1.7540000000000002,1.0392090064620356
662,1.7540000000000002,1.0392090064620356
663,1.7540000000000002,1.0392090064620356
664,1.7540000000000002,1.0392090064620356
665,1.7540000000000002,1.0392090064620356
666,1.7540000000000002,1.0392090064620356
667,1.7540000000000002,1.0392090064620356
668,1.7540000000000002,1.0392090064620356
669,1.7540000000000002,1.0392090064620356
670,1.7540000000000002,1.0392090064620356
671,1.7540000000000002,1.0392090064620356
672,1.7540000000000002,1.0392090064620356
673,1.7540000000000002,1.0392090064620356
674,1.7540000000000002,1.0392090064620356
675,1.7540000000000002,1.0392090064620356
676,1.7540000000000002,1.0392090064620356
677,1.7540000000000002,1.0392090064620356
678,1.7540000000000002,1.0392090064620356
679,1.7540000000000002,1.0392090064620356
680,1.7540000000000002,1.0392090064620356
681,1.7540000000000002,1.0392090064620356
682,1.7540000000000002,1.0392090064620356
683,1.7540000000000002,1.0392090064620356
684,1.7540000000000002,1.0392090064620356
685,1.7540000000000002,1.0392090064620356
686,1.7540000000000002,1.0392090064620356
687,1.7540000000000002,1.0392090064620356
688,1.7540000000000002,1.0392090064620356
689,1.7540000000000002,1.0392090064620356
690,1.7540000000000002,1.0392090064620356
691,1.7540000000000002,1.0392090064620356
692,1.7540000000000002,1.0392090064620356
693,1.7540000000000002,1.0392090064620356
694,1.7540000000000002,1.0392090064620356
695,1.7540000000000002,1.0392090064620356
696,1.7540000000000002,1.0392090064620356
697,1.7540000000000002,1.0392090064620356
698,1.7540000000000002,1.0392090064620356
699,1.7540000000000002,1.0392090064620356
700,1.7540000000000002,1.0392090064620356
701,1.7540000000000002,1.0392090064620356
702,1.7540000000000002,1.0392090064620356
703,1.7540000000000002,1.0392090064620356
704,1.7540000000000002,1.0392090064620356
705,1.7540000000000002,1.0392090064620356
706,1.7540000000000002,1.0392090064620356
707,1.7540000000000002,1.0392090064620356
708,1.7540000000000002,1.0392090064620356
709,1.7540000000000002,1.0392090064620356
710,1.7540000000000002,1.0392090064620356
711,1.7540000000000002,1.0392090064620356
712,1.7540000000000002,1.0392090064620356
713,1.7540000000000002,1.0392090064620356
714,1.7540000000000002,1.0392090064620356
715,1.7540000000000002,1.0392090064620356
716,1.7540000000000002,1.0392090064620356
717,1.7540000000000002,1.0392090064620356
718,1.7540000000000002,1.0392090064620356
719,1.7540000000000002,1.0392090064620356
720,1.7540000000000002,1.0392090064620356
721,1.7540000000000002,1.0392090064620356
722,1.7540000000000002,1.0392090064620356
723,1.7540000000000002,1.0392090064620356
724,1.7540000000000002,1.0392090064620356
725,1.7540000000000002,1.0392090064620356
726,1.7540000000000002,1.0392090064620356
727,1.7540000000000002,1.0392090064620356
728,1.7540000000000002,1.0392090064620356
729,1.7540000000000002,1.0392090064620356
730,1.7540000000000002,1.0392090064620356
731,1.7540000000000002,1.0392090064620356
732,1.7540000000000002,1.0392090064620356
733,1.7540000000000002,1.0392090064620356
734,1.7540000000000002,1.0392090064620356
735,1.7540000000000002,1.0392090064620356
736,1.7540000000000002,1.0392090064620356
737,1.7540000000000002,1.0392090064620356
738,1.7540000000000002,1.0392090064620356
739,1.7540000000000002,1.0392090064620356
740,1.7540000000000002,1.0392090064620356
741,1.7540000000000002,1.0392090064620356
742,1.7540000000000002,1.0392090064620356
743,1.7540000000000002,1.0392090064620356
744,1.7540000000000002,1.0392090064620356
745,1.7540000000000002,1.0392090064620356
746,1.7540000000000002,1.0392090064620356
747,1.7540000000000002,1.0392090064620356
748,1.7540000000000002,1.0392090064620356
749,1.7540000000000002,1.0392090064620356
750,1.7540000000000002,1.0392090064620356
751,1.7540000000000002,1.0392090064620356
752,1.7540000000000002,1.0392090064620356
753,1.7540000000000002,1.0392090064620356
754,1.7540000000000002,1.0392090064620356
755,1.7540000000000002,1.0392090064620356
756,1.7540000000000002,1.0392090064620356
757,1.7540000000000002,1.0392090064620356
758,1.7540000000000002,1.0392090064620356
759,1.7540000000000002,1.0392090064620356
760,1.7540000000000002,1.0392090064620356
761,1.7540000000000002,1.0392090064620356
762,1.7540000000000002,1.0392090064620356
763,1.7540000000000002,1.0392090064620356
764,1.7540000000000002,1.0392090064620356
765,1.7540000000000002,1.0392090064620356
766,1.7540000000000002,1.0392090064620356
767,1.7540000000000002,1.0392090064620356
768,1.7540000000000002,1.0392090064620356
769,1.7540000000000002,1.0392090064620356
770,1.7540000000000002,1.0392090064620356
771,1.7540000000000002,1.0392090064620356
772,1.7540000000000002,1.0392090064620356
773,1.7540000000000002,1.0392090064620356
774,1.7540000000000002,1.0392090064620356
775,1.7540000000000002,1.0392090064620356
776,1.7540000000000002,1.0392090064620356
777,1.7540000000000002,1.0392090064620356
778,1.7540000000000002,1.0392090064620356
779,1.7540000000000002,1.0392090064620356
780,1.7540000000000002,1.0392090064620356
781,1.7540000000000002,1.0392090064620356
782,1.7540000000000002,1.0392090064620356
783,1.7540000000000002,1.0392090064620356
784,1.7540000000000002,1.0392090064620356
785,1.7540000000000002,1.0392090064620356
786,1.7540000000000002,1.0392090064620356
787,1.7540000000000002,1.0392090064620356
788,1.7540000000000002,1.0392090064620356
789,1.7540000000000002,1.0392090064620356
790,1.7540000000000002,1.0392090064620356
791,1.7540000000000002,1.0392090064620356
792,1.7540000000000002,1.0392090064620356
793,1.7540000000000002,1.0392090064620356
794,1.7540000000000002,1.0392090064620356
795,1.7540000000000002,1.0392090064620356
796,1.7540000000000002,1.0392090064620356
797,1.7540000000000002,1.0392090064620356
798,1.7540000000000002,1.0392090064620356
799,1.7540000000000002,1.0392090064620356
800,1.7540000000000002,1.0392090064620356
801,1.7540000000000002,1.0392090064620356
802,1.7540000000000002,1.0392090064620356
803,1.7540000000000002,1.0392090064620356
804,1.7540000000000002,1.0392090064620356
805,1.7540000000000002,1.0392090064620356
806,1.7540000000000002,1.0392090064620356
807,1.7540000000000002,1.0392090064620356
808,1.7540000000000002,1.0392090064620356
809,1.7540000000000002,1.0392090064620356
810,1.7540000000000002,1.0392090064620356
811,1.7540000000000002,1.0392090064620356
812,1.7540000000000002,1.0392090064620356
813,1.7540000000000002,1.0392090064620356
814,1.7540000000000002,1.0392090064620356
815,1.7540000000000002,1.0392090064620356
816,1.7540000000000002,1.0392090064620356
817,1.7540000000000002,1.0392090064620356
818,1.7540000000000002,1.0392090064620356
819,1.7540000000000002,1.0392090064620356
820,1.7540000000000002,1.0392090064620356
821,1.7540000000000002,1.0392090064620356
822,1.7540000000000002,1.0392090064620356
823,1.7540000000000002,1.0392090064620356
824,1.7540000000000002,1.0392090064620356
825,1.7540000000000002,1.0392090064620356
826,1.7540000000000002,1.0392090064620356
827,1.7540000000000002,1.0392090064620356
828,1.7540000000000002,1.0392090064620356
829,1.7540000000000002,1.0392090064620356
830,1.7540000000000002,1.0392090064620356
831,1.7540000000000002,1.0392090064620356
832,1.7540000000000002,1.0392090064620356
833,1.7540000000000002,1.0392090064620356
834,1.7540000000000002,1.0392090064620356
835,1.7540000000000002,1.0392090064620356
836,1.7540000000000002,1.0392090064620356
837,1.7540000000000002,1.0392090064620356
838,1.7540000000000002,1.0392090064620356
839,1.7540000000000002,1.0392090064620356
840,1.7540000000000002,1.0392090064620356
841,1.7540000000000002,1.0392090064620356
842,1.7540000000000002,1.0392090064620356
843,1.7540000000000002,1.0392090064620356
844,1.7540000000000002,1.0392090064620356
845,1.7540000000000002,1.0392090064620356
846,1.7540000000000002,1.0392090064620356
847,1.7540000000000002,1.0392090064620356
848,1.7540000000000002,1.0392090064620356
849,1.7540000000000002,1.0392090064620356
850,1.7540000000000002,1.0392090064620356
851,1.7540000000000002,1.0392090064620356
852,1.7540000000000002,1.0392090064620356
853,1.7540000000000002,1.0392090064620356
854,1.7540000000000002,1.0392090064620356
855,1.7540000000000002,1.0392090064620356
856,1.7540000000000002,1.0392090064620356
857,1.7540000000000002,1.0392090064620356
858,1.7540000000000002,1.0392090064620356
859,1.7540000000000002,1.0392090064620356
860,1.7540000000000002,1.0392090064620356
861,1.7540000000000002,1.0392090064620356
862,1.7540000000000002,1.0392090064620356
863,1.7540000000000002,1.0392090064620356
864,1.7540000000000002,1.0392090064620356
865,1.7540000000000002,1.0392090064620356
866,1.7540000000000002,1.0392090064620356
867,1.7540000000000002,1.0392090064620356
868,1.7540000000000002,1.0392090064620356
869,1.7540000000000002,1.0392090064620356
870,1.7540000000000002,1.0392090064620356
871,1.7540000000000002,1.0392090064620356
872,1.7540000000000002,1.0392090064620356
873,1.7540000000000002,1.0392090064620356
874,1.7540000000000002,1.0392090064620356
875,1.7540000000000002,1.0392090064620356
876,1.7540000000000002,1.0392090064620356
877,1.7540000000000002,1.0392090064620356
878,1.7540000000000002,1.0392090064620356
879,1.7540000000000002,1.0392090064620356
880,1.7540000000000002,1.0392090064620356
881,1.7540000000000002,1.0392090064620356
882,1.7540000000000002,1.0392090064620356
883,1.7540000000000002,1.0392090064620356
884,1.7540000000000002,1.0392090064620356
885,1.7540000000000002,1.0392090064620356
886,1.7540000000000002,1.0392090064620356
887,1.7540000000000002,1.0392090064620356
888,1.7540000000000002,1.0392090064620356
889,1.7540000000000002,1.0392090064620356
890,1.7540000000000002,1.0392090064620356
891,1.7540000000000002,1.0392090064620356
892,1.7540000000000002,1.0392090064620356
893,1.7540000000000002,1.0392090064620356
894,1.7540000000000002,1.0392090064620356
895,1.7540000000000002,1.0392090064620356
896,1.7540000000000002,1.0392090064620356
897,1.7540000000000002,1.0392090064620356
898,1.7540000000000002,1.0392090064620356
899,1.7540000000000002,1.0392090064620356
900,1.7540000000000002,1.0392090064620356
901,1.7540000000000002,1.0392090064620356
902,1.7540000000000002,1.0392090064620356
903,1.7540000000000002,1.0392090064620356
904,1.7540000000000002,1.0392090064620356
905,1.7540000000000002,1.0392090064620356
906,1.7540000000000002,1.0392090064620356
907,1.7540000000000002,1.0392090064620356
908,1.7540000000000002,1.0392090064620356
909,1.7540000000000002,1.0392090064620356
910,1.7540000000000002,1.0392090064620356
911,1.7540000000000002,1.0392090064620356
912,1.7540000000000002,1.0392090064620356
913,1.7540000000000002,1.0392090064620356
914,1.7540000000000002,1.0392090064620356
915,1.7540000000000002,1.0392090064620356
916,1.7540000000000002,1.0392090064620356
917,1.7540000000000002,1.0392090064620356
918,1.7540000000000002,1.0392090064620356
919,1.7540000000000002,1.0392090064620356
920,1.7540000000000002,1.0392090064620356
921,1.7540000000000002,1.0392090064620356
922,1.7540000000000002,1.0392090064620356
923,1.7540000000000002,1.0392090064620356
924,1.7540000000000002,1.0392090064620356
925,1.7540000000000002,1.0392090064620356
926,1.7540000000000002,1.0392090064620356
927,1.7540000000000002,1.0392090064620356
928,1.7540000000000002,1.0392090064620356
929,1.7540000000000002,1.0392090064620356
930,1.7540000000000002,1.0392090064620356
931,1.7540000000000002,1.0392090064620356
932,1.7540000000000002,1.0392090064620356
933,1.7540000000000002,1.0392090064620356
934,1.7540000000000002,1.0392090064620356
935,1.7540000000000002,1.0392090064620356
936,1.7540000000000002,1.0392090064620356
937,1.7540000000000002,1.0392090064620356
938,1.7540000000000002,1.0392090064620356
939,1.7540000000000002,1.0392090064620356
940,1.7540000000000002,1.0392090064620356
941,1.7540000000000002,1.0392090064620356
942,1.7540000000000002,1.0392090064620356
943,1.7540000000000002,1.0392090064620356
944,1.7540000000000002,1.0392090064620356
945,1.7540000000000002,1.0392090064620356
946,1.7540000000000002,1.0392090064620356
947,1.7540000000000002,1.0392090064620356
948,1.7540000000000002,1.0392090064620356
949,1.7540000000000002,1.0392090064620356
950,1.7540000000000002,1.0392090064620356
951,1.7540000000000002,1.0392090064620356
952,1.7540000000000002,1.0392090064620356
953,1.7540000000000002,1.0392090064620356
954,1.7540000000000002,1.0392090064620356
955,1.7540000000000002,1.0392090064620356
956,1.7540000000000002,1.0392090064620356
957,1.7540000000000002,1.0392090064620356
958,1.7540000000000002,1.0392090064620356
959,1.7540000000000002,1.0392090064620356
960,1.7540000000000002,1.0392090064620356
961,1.7540000000000002,1.0392090064620356
962,1.7540000000000002,1.0392090064620356
963,1.7540000000000002,1.0392090064620356
964,1.7540000000000002,1.0392090064620356
965,1.7540000000000002,1.0392090064620356
966,1.7540000000000002,1.0392090064620356
967,1.7540000000000002,1.0392090064620356
968,1.7540000000000002,1.0392090064620356
969,1.7540000000000002,1.0392090064620356
970,1.7540000000000002,1.0392090064620356
971,1.7540000000000002,1.0392090064620356
972,1.7540000000000002,1.0392090064620356
973,1.7540000000000002,1.0392090064620356
974,1.7540000000000002,1.0392090064620356
975,1.7540000000000002,1.0392090064620356
976,1.7540000000000002,1.0392090064620356
977,1.7540000000000002,1.0392090064620356
978,1.7540000000000002,1.0392090064620356
979,1.7540000000000002,1.0392090064620356
980,1.7540000000000002,1.0392090064620356
981,1.7540000000000002,1.0392090064620356
982,1.7540000000000002,1.0392090064620356
983,1.7540000000000002,1.0392090064620356
984,1.7540000000000002,1.0392090064620356
985,1.7540000000000002,1.0392090064620356
986,1.7540000000000002,1.0392090064620356
987,1.7540000000000002,1.0392090064620356
988,1.7540000000000002,1.0392090064620356
989,1.6400000000000001,1.0392090064620356
990,1.6400000000000001,1.0392090064620356
991,1.6400000000000001,1.0392090064620356
992,1.6400000000000001,1.0392090064620356
993,1.6400000000000001,1.0392090064620356
994,1.6400000000000001,1.0392090064620356
995,1.6400000000000001,1.0392090064620356
996,1.6400000000000001,1.0392090064620356
997,1.6400000000000001,1.0392090064620356
998,1.6400000000000001,1.0392090064620356
999,1.6400000000000001,1.0392090064620356
1000,1.6400000000000001,1.0392090064620356
1001,1.6400000000000001,1.0392090064620356
1002,1.6400000000000001,1.0392090064620356
1003,1.6400000000000001,1.0392090064620356
1004,1.6400000000000001,1.0392090064620356
1005,1.6400000000000001,1.0392090064620356
1006,1.6400000000000001,1.0392090064620356
1007,1.6400000000000001,1.0392090064620356
1008,1.6400000000000001,1.0392090064620356
1009,1.6400000000000001,1.0392090064620356
1010,1.6400000000000001,1.0392090064620356
1011,1.6400000000000001,1.0392090064620356
1012,1.6400000000000001,1.0392090064620356
1013,1.6400000000000001,1.0392090064620356
1014,1.6400000000000001,1.0392090064620356
1015,1.6400000000000001,1.0392090064620356
1016,1.6400000000000001,1.0392090064620356
1017,1.6400000000000001,1.0392090064620356
1018,1.6400000000000001,1.0392090064620356
1019,1.6400000000000001,1.0392090064620356
1020,1.6400000000000001,1.0392090064620356
1021,1.6400000000000001,1.0392090064620356
1022,1.6400000000000001,1.0392090064620356
1023,1.6400000000000001,1.0392090064620356
1024,1.6400000000000001,1.0392090064620356
1025,1.6400000000000001,1.0392090064620356
1026,1.6400000000000001,1.0392090064620356
1027,1.6400000000000001,1.0392090064620356
1028,1.6400000000000001,1.0392090064620356
1029,1.6400000000000001,1.0392090064620356
1030,1.6400000000000001,1.0392090064620356
1031,1.6400000000000001,1.0392090064620356
1032,1.6400000000000001,1.0392090064620356
1033,1.6400000000000001,1.0392090064620356
1034,1.6400000000000001,1.0392090064620356
1035,1.6400000000000001,1.0392090064620356
1036,1.6400000000000001,1.0392090064620356
1037,1.6400000000000001,1.0392090064620356
1038,1.6400000000000001,1.0392090064620356
1039,1.6400000000000001,1.0392090064620356
1040,1.6400000000000001,1.0392090064620356
1041,1.6400000000000001,1.0392090064620356
1042,1.6400000000000001,1.0392090064620356
1043,1.6400000000000001,1.0392090064620356
1044,1.6400000000000001,1.0392090064620356
1045,1.6400000000000001,1.0392090064620356
1046,1.6400000000000001,1.0392090064620356
1047,1.6400000000000001,1.0392090064620356
1048,1.6400000000000001,1.0392090064620356
1049,1.6400000000000001,1.0392090064620356
1050,1.6400000000000001,1.0392090064620356
1051,1.6400000000000001,1.0392090064620356
1052,1.6400000000000001,1.0392090064620356
1053,1.6400000000000001,1.0392090064620356
1054,1.6400000000000001,1.0392090064620356
1055,1.6400000000000001,1.0392090064620356
1056,1.6400000000000001,1.0392090064620356
1057,1.6400000000000001,1.0392090064620356
1058,1.6400000000000001,1.0392090064620356
1059,1.6400000000000001,1.0392090064620356
1060,1.6400000000000001,1.0392090064620356
1061,1.6400000000000001,1.0392090064620356
1062,1.6400000000000001,1.0392090064620356
1063,1.6400000000000001,1.0392090064620356
1064,1.6400000000000001,1.0392090064620356
1065,1.6400000000000001,1.0392090064620356
1066,1.6400000000000001,1.0392090064620356
1067,1.6400000000000001,1.0392090064620356
1068,1.6400000000000001,1.0392090064620356
1069,1.6400000000000001,1.0392090064620356
1070,1.6400000000000001,1.0392090064620356
1071,1.6400000000000001,1.0392090064620356
1072,1.6400000000000001,1.0392090064620356
1073,1.6400000000000001,1.0392090064620356
1074,1.6400000000000001,1.0392090064620356
1075,1.6400000000000001,1.0392090064620356
1076,1.6400000000000001,1.0392090064620356
1077,1.6400000000000001,1.0392090064620356
1078,1.6400000000000001,1.0392090064620356
1079,1.6400000000000001,1.0392090064620356
1080,1.6400000000000001,1.0392090064620356
1081,1.6400000000000001,1.0392090064620356
1082,1.6400000000000001,1.0392090064620356
1083,1.6400000000000001,1.0392090064620356
1084,1.6400000000000001,1.0392090064620356
1085,1.6400000000000001,1.0392090064620356
1086,1.6400000000000001,1.0392090064620356
1087,1.6400000000000001,1.0392090064620356
1088,1.6400000000000001,1.0392090064620356
1089,1.6400000000000001,1.0392090064620356
1090,1.6400000000000001,1.0392090064620356
1091,1.6400000000000001,1.0392090064620356
1092,1.6400000000000001,1.0392090064620356
1093,1.6400000000000001,1.0392090064620356
1094,1.6400000000000001,1.0392090064620356
1095,1.6400000000000001,1.0392090064620356
1096,1.6400000000000001,1.0392090064620356
1097,1.6400000000000001,1.0392090064620356
1098,1.6400000000000001,1.0392090064620356
1099,1.6400000000000001,1.0392090064620356
1100,1.6400000000000001,1.0392090064620356
1101,1.6400000000000001,1.0392090064620356
1102,1.6400000000000001,1.0392090064620356
1103,1.6400000000000001,1.0392090064620356
1104,1.6400000000000001,1.0392090064620356
1105,1.6400000000000001,1.0392090064620356
1106,1.6400000000000001,1.0392090064620356
1107,1.6400000000000001,1.0392090064620356
1108,1.6400000000000001,1.0392090064620356
1109,1.6400000000000001,1.0392090064620356
1110,1.6400000000000001,1.0392090064620356
1111,1.6400000000000001,1.0392090064620356
1112,1.6400000000000001,1.0392090064620356
1113,1.6400000000000001,1.0392090064620356
1114,1.6400000000000001,1.0392090064620356
1115,1.6400000000000001,1.0392090064620356
1116,1.6400000000000001,1.0392090064620356
1117,1.6400000000000001,1.0392090064620356
1118,1.6400000000000001,1.0392090064620356
1119,1.6400000000000001,1.0392090064620356
1120,1.6400000000000001,1.0392090064620356
1121,1.6400000000000001,1.0392090064620356
1122,1.6400000000000001,1.0392090064620356
1123,1.6400000000000001,1.0392090064620356
1124,1.6400000000000001,1.0392090064620356
1125,1.6400000000000001,1.0392090064620356
1126,1.6400000000000001,1.0392090064620356
1127,1.6400000000000001,1.0392090064620356
1128,1.6400000000000001,1.0392090064620356
1129,1.6400000000000001,1.0392090064620356
1130,1.6400000000000001,1.0392090064620356
1131,1.6400000000000001,1.0392090064620356
1132,1.6400000000000001,1.0392090064620356
1133,1.6400000000000001,1.0392090064620356
1134,1.6400000000000001,1.0392090064620356
1135,1.6400000000000001,1.0392090064620356
1136,1.6400000000000001,1.0392090064620356
1137,1.6400000000000001,1.0392090064620356
1138,1.6400000000000001,1.0392090064620356
1139,1.6400000000000001,1.0392090064620356
1140,1.6400000000000001,1.0392090064620356
1141,1.6400000000000001,1.0392090064620356
1142,1.6400000000000001,1.0392090064620356
1143,1.6400000000000001,1.0392090064620356
1144,1.6400000000000001,1.0392090064620356
1145,1.6400000000000001,1.0392090064620356
1146,1.6400000000000001,1.0392090064620356
1147,1.6400000000000001,1.0392090064620356
1148,1.6400000000000001,1.0392090064620356
1149,1.6400000000000001,1.0392090064620356
1150,1.6400000000000001,1.0392090064620356
1151,1.6400000000000001,1.0392090064620356
1152,1.6400000000000001,1.0392090064620356
1153,1.6400000000000001,1.0392090064620356
1154,1.6400000000000001,1.0392090064620356
1155,1.6400000000000001,1.0392090064620356
1156,1.6400000000000001,1.0392090064620356
1157,1.6400000000000001,1.0392090064620356
1158,1.6400000000000001,1.0392090064620356
1159,1.6400000000000001,1.0392090064620356
1160,1.6400000000000001,1.0392090064620356
1161,1.6400000000000001,1.0392090064620356
1162,1.6400000000000001,1.0392090064620356
1163,1.6400000000000001,1.0392090064620356
1164,1.6400000000000001,1.0392090064620356
1165,1.6400000000000001,1.0392090064620356
1166,1.6400000000000001,1.0392090064620356
1167,1.6400000000000001,1.0392090064620356
1168,1.6400000000000001,1.0392090064620356
1169,1.6400000000000001,1.0392090064620356
1170,1.6400000000000001,1.0392090064620356
1171,1.6400000000000001,1.0392090064620356
1172,1.6400000000000001,1.0392090064620356
1173,1.6400000000000001,1.0392090064620356
1174,1.6400000000000001,1.0392090064620356
1175,1.6400000000000001,1.0392090064620356
1176,1.6400000000000001,1.0392090064620356
1177,1.6400000000000001,1.0392090064620356
1178,1.6400000000000001,1.0392090064620356
1179,1.6400000000000001,1.0392090064620356
1180,1.6400000000000001,1.0392090064620356
1181,1.6400000000000001,1.0392090064620356
1182,1.6400000000000001,1.0392090064620356
1183,1.6400000000000001,1.0392090064620356
1184,1.6400000000000001,1.0392090064620356
1185,1.6400000000000001,1.0392090064620356
1186,1.6400000000000001,1.0392090064620356
1187,1.6400000000000001,1.0392090064620356
1188,1.6400000000000001,1.0392090064620356
1189,1.6400000000000001,1.0392090064620356
1190,1.6400000000000001,1.0392090064620356
1191,1.6400000000000001,1.0392090064620356
1192,1.6400000000000001,1.0392090064620356
1193,1.6400000000000001,1.0392090064620356
1194,1.6400000000000001,1.0392090064620356
1195,1.6400000000000001,1.0392090064620356
1196,1.6400000000000001,1.0392090064620356
1197,1.6400000000000001,1.0392090064620356
1198,1.6400000000000001,1.0392090064620356
1199,1.6400000000000001,1.0392090064620356
1200,1.6400000000000001,1.0392090064620356
1201,1.6400000000000001,1.0392090064620356
1202,1.6400000000000001,1.0392090064620356
1203,1.6400000000000001,1.0392090064620356
1204,1.6400000000000001,1.0392090064620356
1205,1.6400000000000001,1.0392090064620356
1206,1.6400000000000001,1.0392090064620356
1207,1.6400000000000001,1.0392090064620356
1208,1.6400000000000001,1.0392090064620356
1209,1.6400000000000001,1.0392090064620356
1210,1.6400000000000001,1.0392090064620356
1211,1.6400000000000001,1.0392090064620356
1212,1.6400000000000001,1.0392090064620356
1213,1.6400000000000001,1.0392090064620356
1214,1.6400000000000001,1.0392090064620356
1215,1.6400000000000001,1.0392090064620356
1216,1.6400000000000001,1.0392090064620356
1217,1.6400000000000001,1.0392090064620356
1218,1.6400000000000001,1.0392090064620356
1219,1.6400000000000001,1.0392090064620356
1220,1.6400000000000001,1.0392090064620356
1221,1.6400000000000001,1.0392090064620356
1222,1.6400000000000001,1.0392090064620356
1223,1.6400000000000001,1.0392090064620356
1224,1.6400000000000001,1.0392090064620356
1225,1.6400000000000001,1.0392090064620356
1226,1.6400000000000001,1.0392090064620356
1227,1.6400000000000001,1.0392090064620356
1228,1.6400000000000001,1.0392090064620356
1229,1.6400000000000001,1.0392090064620356
1230,1.6400000000000001,1.0392090064620356
1231,1.6400000000000001,1.0392090064620356
1232,1.6400000000000001,1.0392090064620356
1233,1.6400000000000001,1.0392090064620356
1234,1.6400000000000001,1.0392090064620356
1235,1.6400000000000001,1.0392090064620356
1236,1.6400000000000001,1.0392090064620356
1237,1.6400000000000001,1.0392090064620356
1238,1.6400000000000001,1.0392090064620356
1239,1.6400000000000001,1.0392090064620356
1240,1.6400000000000001,1.0392090064620356
1241,1.6400000000000001,1.0392090064620356
1242,1.6400000000000001,1.0392090064620356
1243,1.6400000000000001,1.0392090064620356
1244,1.6400000000000001,1.0392090064620356
1245,1.6400000000000001,1.0392090064620356
1246,1.6400000000000001,1.0392090064620356
1247,1.6400000000000001,1.0392090064620356
1248,1.6400000000000001,1.0392090064620356
1249,1.6400000000000001,1.0392090064620356
1250,1.6400000000000001,1.0392090064620356
1251,1.6400000000000001,1.0392090064620356
1252,1.6400000000000001,1.0392090064620356
1253,1.6400000000000001,1.0392090064620356
1254,1.6400000000000001,1.0392090064620356
1255,1.6400000000000001,1.0392090064620356
1256,1.6400000000000001,1.0392090064620356
1257,1.6400000000000001,1.0392090064620356
1258,1.6400000000000001,1.0392090064620356
1259,1.6400000000000001,1.0392090064620356
1260,1.6400000000000001,1.0392090064620356
1261,1.6400000000000001,1.0392090064620356
1262,1.6400000000000001,1.0392090064620356
1263,1.6400000000000001,1.0392090064620356
1264,1.6400000000000001,1.0392090064620356
1265,1.6400000000000001,1.0392090064620356
1266,1.6400000000000001,1.0392090064620356
1267,1.6400000000000001,1.0392090064620356
1268,1.6400000000000001,1.0392090064620356
1269,1.6400000000000001,1.0392090064620356
1270,1.6400000000000001,1.0392090064620356
1271,1.6400000000000001,1.0392090064620356
1272,1.6400000000000001,1.0392090064620356
1273,1.6400000000000001,1.0392090064620356
1274,1.6400000000000001,1.0392090064620356
1275,1.6400000000000001,1.0392090064620356
1276,1.6400000000000001,1.0392090064620356
1277,1.6400000000000001,1.0392090064620356
1278,1.6400000000000001,1.0392090064620356
1279,1.6400000000000001,1.0392090064620356
1280,1.6400000000000001,1.0392090064620356
1281,1.6400000000000001,1.0392090064620356
1282,1.6400000000000001,1.0392090064620356
1283,1.6400000000000001,1.0392090064620356
1284,1.6400000000000001,1.0392090064620356
1285,1.6400000000000001,1.0392090064620356
1286,1.6400000000000001,1.0392090064620356
1287,1.6400000000000001,1.0392090064620356
1288,1.6400000000000001,1.0392090064620356
1289,1.6400000000000001,1.0392090064620356
1290,1.6400000000000001,1.0392090064620356
1291,1.6400000000000001,1.0392090064620356
1292,1.6400000000000001,1.0392090064620356
1293,1.6400000000000001,1.0392090064620356
1294,1.6400000000000001,1.0392090064620356
1295,1.6400000000000001,1.0392090064620356
1296,1.6400000000000001,1.0392090064620356
1297,1.6400000000000001,1.0392090064620356
1298,1.6400000000000001,1.0392090064620356
1299,1.6400000000000001,1.0392090064620356
1300,1.6400000000000001,1.0392090064620356
1301,1.6400000000000001,1.0392090064620356
1302,1.6400000000000001,1.0392090064620356
1303,1.6400000000000001,1.0392090064620356
1304,1.6400000000000001,1.0392090064620356
1305,1.6400000000000001,1.0392090064620356
1306,1.6400000000000001,1.0392090064620356
1307,1.6400000000000001,1.0392090064620356
1308,1.6400000000000001,1.0392090064620356
1309,1.6400000000000001,1.0392090064620356
1310,1.6400000000000001,1.0392090064620356
1311,1.6400000000000001,1.0392090064620356
1312,1.6400000000000001,1.0392090064620356
1313,1.6400000000000001,1.0392090064620356
1314,1.6400000000000001,1.0392090064620356
1315,1.6400000000000001,1.0392090064620356
1316,1.6400000000000001,1.0392090064620356
1317,1.6400000000000001,1.0392090064620356
1318,1.6400000000000001,1.0392090064620356
1319,1.6400000000000001,1.0392090064620356
1320,1.6400000000000001,1.0392090064620356
1321,1.6400000000000001,1.0392090064620356
1322,1.6400000000000001,1.0392090064620356
1323,1.6400000000000001,1.0392090064620356
1324,1.6400000000000001,1.0392090064620356
1325,1.6400000000000001,1.0392090064620356
1326,1.6400000000000001,1.0392090064620356
1327,1.6400000000000001,1.0392090064620356
1328,1.6400000000000001,1.0392090064620356
1329,1.6400000000000001,1.0392090064620356
1330,1.6400000000000001,1.0392090064620356
1331,1.6400000000000001,1.0392090064620356
1332,1.6400000000000001,1.0392090064620356
1333,1.6400000000000001,1.0392090064620356
1334,1.6400000000000001,1.0392090064620356
1335,1.6400000000000001,1.0392090064620356
1336,1.6400000000000001,1.0392090064620356
1337,1.6400000000000001,1.0392090064620356
1338,1.6400000000000001,1.0392090064620356
1339,1.6400000000000001,1.0392090064620356
1340,1.6400000000000001,1.0392090064620356
1341,1.6400000000000001,1.0392090064620356
1342,1.6400000000000001,1.0392090064620356
1343,1.6400000000000001,1.0392090064620356
1344,1.6400000000000001,1.0392090064620356
1345,1.6400000000000001,1.0392090064620356
1346,1.6400000000000001,1.0392090064620356
1347,1.6400000000000001,1.0392090064620356
1348,1.6400000000000001,1.0392090064620356
1349,1.6400000000000001,1.0392090064620356
1350,1.6400000000000001,1.0392090064620356
1351,1.6400000000000001,1.0392090064620356
1352,1.6400000000000001,1.0392090064620356
1353,1.6400000000000001,1.0392090064620356
1354,1.6400000000000001,1.0392090064620356
1355,1.6400000000000001,1.0392090064620356
1356,1.6400000000000001,1.0392090064620356
1357,1.6400000000000001,1.0392090064620356
1358,1.6400000000000001,1.0392090064620356
1359,1.6400000000000001,1.0392090064620356
1360,1.6400000000000001,1.0392090064620356
1361,1.6400000000000001,1.0392090064620356
1362,1.6400000000000001,1.0392090064620356
1363,1.6400000000000001,1.0392090064620356
1364,1.6400000000000001,1.0392090064620356
1365,1.6400000000000001,1.0392090064620356
1366,1.6400000000000001,1.0392090064620356
1367,1.6400000000000001,1.0392090064620356
1368,1.6400000000000001,1.0392090064620356
1369,1.6400000000000001,1.0392090064620356
1370,1.6400000000000001,1.0392090064620356
1371,1.6400000000000001,1.0392090064620356
1372,1.6400000000000001,1.0392090064620356
1373,1.6400000000000001,1.0392090064620356
1374,1.6400000000000001,1.0392090064620356
1375,1.6400000000000001,1.0392090064620356
1376,1.6400000000000001,1.0392090064620356
1377,1.6400000000000001,1.0392090064620356
1378,1.6400000000000001,1.0392090064620356
1379,1.6400000000000001,1.0392090064620356
1380,1.6400000000000001,1.0392090064620356
1381,1.6400000000000001,1.0392090064620356
1382,1.6400000000000001,1.0392090064620356
1383,1.6400000000000001,1.0392090064620356
1384,1.6400000000000001,1.0392090064620356
1385,1.6400000000000001,1.0392090064620356
1386,1.6400000000000001,1.0392090064620356
1387,1.6400000000000001,1.0392090064620356
1388,1.6400000000000001,1.0392090064620356
1389,1.6400000000000001,1.0392090064620356
1390,1.6400000000000001,1.0392090064620356
1391,1.6400000000000001,1.0392090064620356
1392,1.6400000000000001,1.0392090064620356
1393,1.6400000000000001,1.0392090064620356
1394,1.6400000000000001,1.0392090064620356
1395,1.6400000000000001,1.0392090064620356
1396,1.6400000000000001,1.0392090064620356
1397,1.6400000000000001,1.0392090064620356
1398,1.6400000000000001,1.0392090064620356
1399,1.6400000000000001,1.0392090064620356
1400,1.6400000000000001,1.0392090064620356
1401,1.6400000000000001,1.0392090064620356
1402,1.6400000000000001,1.0392090064620356
1403,1.6400000000000001,1.0392090064620356
1404,1.6400000000000001,1.0392090064620356
1405,1.6400000000000001,1.0392090064620356
1406,1.6400000000000001,1.0392090064620356
1407,1.6400000000000001,1.0392090064620356
1408,1.6400000000000001,1.0392090064620356
1409,1.6400000000000001,1.0392090064620356
1410,1.6400000000000001,1.0392090064620356
1411,1.6400000000000001,1.0392090064620356
1412,1.6400000000000001,1.0392090064620356
1413,1.6400000000000001,1.0392090064620356
1414,1.6400000000000001,1.0392090064620356
1415,1.6400000000000001,1.0392090064620356
1416,1.6400000000000001,1.0392090064620356
1417,1.6400000000000001,1.0392090064620356
1418,1.6400000000000001,1.0392090064620356
1419,1.6400000000000001,1.0392090064620356
1420,1.6400000000000001,1.0392090064620356
1421,1.6400000000000001,1.0392090064620356
1422,1.6400000000000001,1.0392090064620356
1423,1.6400000000000001,1.0392090064620356
1424,1.6400000000000001,1.0392090064620356
1425,1.6400000000000001,1.0392090064620356
1426,1.6400000000000001,1.0392090064620356
1427,1.6400000000000001,1.0392090064620356
1428,1.6400000000000001,1.0392090064620356
1429,1.6400000000000001,1.0392090064620356
1430,1.6400000000000001,1.0392090064620356
1431,1.6400000000000001,1.0392090064620356
1432,1.6400000000000001,1.0392090064620356
1433,1.6400000000000001,1.0392090064620356
1434,1.6400000000000001,1.0392090064620356
1435,1.6400000000000001,1.0392090064620356
1436,1.6400000000000001,1.0392090064620356
1437,1.6400000000000001,1.0392090064620356
1438,1.6400000000000001,1.0392090064620356
1439,1.6400000000000001,1.0392090064620356
1440,1.6400000000000001,1.0392090064620356
1441,1.6400000000000001,1.0392090064620356
1442,1.6400000000000001,1.0392090064620356
1443,1.6400000000000001,1.0392090064620356
1444,1.6400000000000001,1.0392090064620356
1445,1.6400000000000001,1.0392090064620356
1446,1.6400000000000001,1.0392090064620356
1447,1.6400000000000001,1.0392090064620356
1448,1.6400000000000001,1.0392090064620356
1449,1.6400000000000001,1.0392090064620356
1450,1.6400000000000001,1.0392090064620356
1451,1.6400000000000001,1.0392090064620356
1452,1.6400000000000001,1.0392090064620356
1453,1.6400000000000001,1.0392090064620356
1454,1.6400000000000001,1.0392090064620356
1455,1.6400000000000001,1.0392090064620356
1456,1.6400000000000001,1.0392090064620356
1457,1.6400000000000001,1.0392090064620356
1458,1.6400000000000001,1.0392090064620356
1459,1.6400000000000001,1.0392090064620356
1460,1.6400000000000001,1.0392090064620356
1461,1.6400000000000001,1.0392090064620356
1462,1.6400000000000001,1.0392090064620356
1463,1.6400000000000001,1.0392090064620356
1464,1.6400000000000001,1.0392090064620356
1465,1.6400000000000001,1.0392090064620356
1466,1.6400000000000001,1.0392090064620356
1467,1.6400000000000001,1.0392090064620356
1468,1.6400000000000001,1.0392090064620356
1469,1.6400000000000001,1.0392090064620356
1470,1.6400000000000001,1.0392090064620356
1471,1.6400000000000001,1.0392090064620356
1472,1.6400000000000001,1.0392090064620356
1473,1.6400000000000001,1.0392090064620356
1474,1.6400000000000001,1.0392090064620356
1475,1.6400000000000001,1.0392090064620356
1476,1.6400000000000001,1.0392090064620356
1477,1.6400000000000001,1.0392090064620356
1478,1.6400000000000001,1.0392090064620356
1479,1.6400000000000001,1.0392090064620356
1480,1.6400000000000001,1.0392090064620356
1481,1.6400000000000001,1.0392090064620356
1482,1.6400000000000001,1.0392090064620356
1483,1.6400000000000001,1.0392090064620356
1484,1.6400000000000001,1.0392090064620356
1485,1.6400000000000001,1.0392090064620356
1486,1.6400000000000001,1.0392090064620356
1487,1.6400000000000001,1.0392090064620356
1488,1.6400000000000001,1.0392090064620356
1489,1.6400000000000001,1.0392090064620356
1490,1.6400000000000001,1.0392090064620356
1491,1.6400000000000001,1.0392090064620356
1492,1.6400000000000001,1.0392090064620356
1493,1.6400000000000001,1.0392090064620356
1494,1.6400000000000001,1.0392090064620356
1495,1.6400000000000001,1.0392090064620356
1496,1.6400000000000001,1.0392090064620356
1497,1.6400000000000001,1.0392090064620356
1498,1.6400000000000001,1.0392090064620356
1499,1.6400000000000001,1.0392090064620356
1500,1.6400000000000001,1.0392090064620356
1501,1.6400000000000001,1.0392090064620356
1502,1.6400000000000001,1.0392090064620356
1503,1.6400000000000001,1.0392090064620356
1504,1.6400000000000001,1.0392090064620356
1505,1.6400000000000001,1.0392090064620356
1506,1.6400000000000001,1.0392090064620356
1507,1.6400000000000001,1.0392090064620356
1508,1.6400000000000001,1.0392090064620356
1509,1.6400000000000001,1.0392090064620356
1510,1.6400000000000001,1.0392090064620356
1511,1.6400000000000001,1.0392090064620356
1512,1.6400000000000001,1.0392090064620356
1513,1.6400000000000001,1.0392090064620356
1514,1.6400000000000001,1.0392090064620356
1515,1.6400000000000001,1.0392090064620356
1516,1.6400000000000001,1.0392090064620356
1517,1.6400000000000001,1.0392090064620356
1518,1.6400000000000001,1.0392090064620356
1519,1.6400000000000001,1.0392090064620356
1520,1.6400000000000001,1.0392090064620356
1521,1.6400000000000001,1.0392090064620356
1522,1.6400000000000001,1.0392090064620356
1523,1.6400000000000001,1.0392090064620356
1524,1.6400000000000001,1.0392090064620356
1525,1.6400000000000001,1.0392090064620356
1526,1.6400000000000001,1.0392090064620356
1527,1.6400000000000001,1.0392090064620356
1528,1.6400000000000001,1.0392090064620356
1529,1.6400000000000001,1.0392090064620356
1530,1.6400000000000001,1.0392090064620356
1531,1.6400000000000001,1.0392090064620356
1532,1.6400000000000001,1.0392090064620356
1533,1.6400000000000001,1.0392090064620356
1534,1.6400000000000001,1.0392090064620356
1535,1.6400000000000001,1.0392090064620356
1536,1.6400000000000001,1.0392090064620356
1537,1.6400000000000001,1.0392090064620356
1538,1.6400000000000001,1.0392090064620356
1539,1.6400000000000001,1.0392090064620356
1540,1.6400000000000001,1.0392090064620356
1541,1.6400000000000001,1.0392090064620356
1542,1.6400000000000001,1.0392090064620356
1543,1.6400000000000001,1.0392090064620356
1544,1.6400000000000001,1.0392090064620356
1545,1.6400000000000001,1.0392090064620356
1546,1.6400000000000001,1.0392090064620356
1547,1.6400000000000001,1.0392090064620356
1548,1.6400000000000001,1.0392090064620356
1549,1.6400000000000001,1.0392090064620356
1550,1.6400000000000001,1.0392090064620356
1551,1.6400000000000001,1.0392090064620356
1552,1.6400000000000001,1.0392090064620356
1553,1.6400000000000001,1.0392090064620356
1554,1.6400000000000001,1.0392090064620356
1555,1.6400000000000001,1.0392090064620356
1556,1.6400000000000001,1.0392090064620356
1557,1.6400000000000001,1.0392090064620356
1558,1.6400000000000001,1.0392090064620356
1559,1.6400000000000001,1.0392090064620356
1560,1.6400000000000001,1.0392090064620356
1561,1.6400000000000001,1.0392090064620356
1562,1.6400000000000001,1.0392090064620356
1563,1.6400000000000001,1.0392090064620356
1564,1.6400000000000001,1.0392090064620356
1565,1.6400000000000001,1.0392090064620356
1566,1.6400000000000001,1.0392090064620356
1567,1.6400000000000001,1.0392090064620356
1568,1.6400000000000001,1.0392090064620356
1569,1.6400000000000001,1.0392090064620356
1570,1.6400000000000001,1.0392090064620356
1571,1.6400000000000001,1.0392090064620356
1572,1.6400000000000001,1.0392090064620356
1573,1.6400000000000001,1.0392090064620356
1574,1.6400000000000001,1.0392090064620356
1575,1.6400000000000001,1.0392090064620356
1576,1.6400000000000001,1.0392090064620356
1577,1.6400000000000001,1.0392090064620356
1578,1.6400000000000001,1.0392090064620356
1579,1.6400000000000001,1.0392090064620356
1580,1.6400000000000001,1.0392090064620356
1581,1.6400000000000001,1.0392090064620356
1582,1.6400000000000001,1.0392090064620356
1583,1.6400000000000001,1.0392090064620356
1584,1.6400000000000001,1.0392090064620356
1585,1.6400000000000001,1.0392090064620356
1586,1.6400000000000001,1.0392090064620356
1587,1.6400000000000001,1.0392090064620356
1588,1.6400000000000001,1.0392090064620356
1589,1.6400000000000001,1.0392090064620356
1590,1.6400000000000001,1.0392090064620356
1591,1.6400000000000001,1.0392090064620356
1592,1.6400000000000001,1.0392090064620356
1593,1.6400000000000001,1.0392090064620356
1594,1.6400000000000001,1.0392090064620356
1595,1.6400000000000001,1.0392090064620356
1596,1.6400000000000001,1.0392090064620356
1597,1.6400000000000001,1.0392090064620356
1598,1.6400000000000001,1.0392090064620356
1599,1.6400000000000001,1.0392090064620356
1600,1.6400000000000001,1.0392090064620356
1601,1.6400000000000001,1.0392090064620356
1602,1.6400000000000001,1.0392090064620356
1603,1.6400000000000001,1.0392090064620356
1604,1.6400000000000001,1.0392090064620356
1605,1.6400000000000001,1.0392090064620356
1606,1.6400000000000001,1.0392090064620356
1607,1.6400000000000001,1.0392090064620356
1608,1.6400000000000001,1.0392090064620356
1609,1.6400000000000001,1.0392090064620356
1610,1.6400000000000001,1.0392090064620356
1611,1.6400000000000001,1.0392090064620356
1612,1.6400000000000001,1.0392090064620356
1613,1.6400000000000001,1.0392090064620356
1614,1.6400000000000001,1.0392090064620356
1615,1.6400000000000001,1.0392090064620356
1616,1.6400000000000001,1.0392090064620356
1617,1.6400000000000001,1.0392090064620356
1618,1.6400000000000001,1.0392090064620356
1619,1.6400000000000001,1.0392090064620356
1620,1.6400000000000001,1.0392090064620356
1621,1.6400000000000001,1.0392090064620356
1622,1.6400000000000001,1.0392090064620356
1623,1.6400000000000001,1.0392090064620356
1624,1.6400000000000001,1.0392090064620356
1625,1.6400000000000001,1.0392090064620356
1626,1.6400000000000001,1.0392090064620356
1627,1.6400000000000001,1.0392090064620356
1628,1.6400000000000001,1.0392090064620356
1629,1.6400000000000001,1.0392090064620356
1630,1.6400000000000001,1.0392090064620356
1631,1.6400000000000001,1.0392090064620356
1632,1.6400000000000001,1.0392090064620356
1633,1.6400000000000001,1.0392090064620356
1634,1.6400000000000001,1.0392090064620356
1635,1.6400000000000001,1.0392090064620356
1636,1.6400000000000001,1.0392090064620356
1637,1.6400000000000001,1.0392090064620356
1638,1.6400000000000001,1.0392090064620356
1639,1.6400000000000001,1.0392090064620356
1640,1.6400000000000001,1.0392090064620356
1641,1.6400000000000001,1.0392090064620356
1642,1.6400000000000001,1.0392090064620356
1643,1.6400000000000001,1.0392090064620356
1644,1.6400000000000001,1.0392090064620356
1645,1.6400000000000001,1.0392090064620356
1646,1.6400000000000001,1.0392090064620356
1647,1.6400000000000001,1.0392090064620356
1648,1.6400000000000001,1.0392090064620356
1649,1.6400000000000001,1.0392090064620356
1650,1.6400000000000001,1.0392090064620356
1651,1.6400000000000001,1.0392090064620356
1652,1.6400000000000001,1.0392090064620356
1653,1.6400000000000001,1.0392090064620356
1654,1.6400000000000001,1.0392090064620356
1655,1.6400000000000001,1.0392090064620356
1656,1.6400000000000001,1.0392090064620356
1657,1.6400000000000001,1.0392090064620356
1658,1.6400000000000001,1.0392090064620356
1659,1.6400000000000001,1.0392090064620356
1660,1.6400000000000001,1.0392090064620356
1661,1.6400000000000001,1.0392090064620356
1662,1.6400000000000001,1.0392090064620356
1663,1.6400000000000001,1.0392090064620356
1664,1.6400000000000001,1.0392090064620356
1665,1.6400000000000001,1.0392090064620356
1666,1.6400000000000001,1.0392090064620356
1667,1.6400000000000001,1.0392090064620356
1668,1.6400000000000001,1.0392090064620356
1669,1.6400000000000001,1.0392090064620356
1670,1.6400000000000001,1.0392090064620356
1671,1.6400000000000001,1.0392090064620356
1672,1.6400000000000001,1.0392090064620356
1673,1.6400000000000001,1.0392090064620356
1674,1.6400000000000001,1.0392090064620356
1675,1.6400000000000001,1.0392090064620356
1676,1.6400000000000001,1.0392090064620356
1677,1.6400000000000001,1.0392090064620356
1678,1.6400000000000001,1.0392090064620356
1679,1.6400000000000001,1.0392090064620356
1680,1.6400000000000001,1.0392090064620356
1681,1.6400000000000001,1.0392090064620356
1682,1.6400000000000001,1.0392090064620356
1683,1.6400000000000001,1.0392090064620356
1684,1.6400000000000001,1.0392090064620356
1685,1.6400000000000001,1.0392090064620356
1686,1.6400000000000001,1.0392090064620356
1687,1.6400000000000001,1.0392090064620356
1688,1.6400000000000001,1.0392090064620356
1689,1.6400000000000001,1.0392090064620356
1690,1.6400000000000001,1.0392090064620356
1691,1.6400000000000001,1.0392090064620356
1692,1.6400000000000001,1.0392090064620356
1693,1.6400000000000001,1.0392090064620356
1694,1.5050000000000001,1.0392090064620356
1695,1.5050000000000001,1.0392090064620356
1696,1.5050000000000001,1.0392090064620356
1697,1.5050000000000001,1.0392090064620356
1698,1.5050000000000001,1.0392090064620356
1699,1.5050000000000001,1.0392090064620356
1700,1.5050000000000001,1.0392090064620356
1701,1.5050000000000001,1.0392090064620356
1702,1.5050000000000001,1.0392090064620356
1703,1.5050000000000001,1.0392090064620356
1704,1.5050000000000001,1.0392090064620356
1705,1.5050000000000001,1.0392090064620356
1706,1.5050000000000001,1.0392090064620356
1707,1.5050000000000001,1.0392090064620356
1708,1.5050000000000001,1.0392090064620356
1709,1.5050000000000001,1.0392090064620356
1710,1.5050000000000001,1.0392090064620356
1711,1.5050000000000001,1.0392090064620356
1712,1.5050000000000001,1.0392090064620356
1713,1.5050000000000001,1.0392090064620356
1714,1.5050000000000001,1.0392090064620356
1715,1.5050000000000001,1.0392090064620356
1716,1.5050000000000001,1.0392090064620356
1717,1.5050000000000001,1.0392090064620356
1718,1.5050000000000001,1.0392090064620356
1719,1.5050000000000001,1.0392090064620356
1720,1.5050000000000001,1.0392090064620356
1721,1.5050000000000001,1.0392090064620356
1722,1.5050000000000001,1.0392090064620356
1723,1.5050000000000001,1.0392090064620356
1724,1.5050000000000001,1.0392090064620356
1725,1.5050000000000001,1.0392090064620356
1726,1.5050000000000001,1.0392090064620356
1727,1.5050000000000001,1.0392090064620356
1728,1.5050000000000001,1.0392090064620356
1729,1.5050000000000001,1.0392090064620356
1730,1.5050000000000001,1.0392090064620356
1731,1.5050000000000001,1.0392090064620356
1732,1.5050000000000001,1.0392090064620356
1733,1.5050000000000001,1.0392090064620356
1734,1.5050000000000001,1.0392090064620356
1735,1.5050000000000001,1.0392090064620356
1736,1.5050000000000001,1.0392090064620356
1737,1.5050000000000001,1.0392090064620356
1738,1.5050000000000001,1.0392090064620356
1739,1.5050000000000001,1.0392090064620356
1740,1.5050000000000001,1.0392090064620356
1741,1.5050000000000001,1.0392090064620356
1742,1.5050000000000001,1.0392090064620356
1743,1.5050000000000001,1.0392090064620356
1744,1.5050000000000001,1.0392090064620356
1745,1.5050000000000001,1.0392090064620356
1746,1.5050000000000001,1.0392090064620356
1747,1.5050000000000001,1.0392090064620356
1748,1.5050000000000001,1.0392090064620356
1749,1.5050000000000001,1.0392090064620356
1750,1.5050000000000001,1.0392090064620356
1751,1.5050000000000001,1.0392090064620356
1752,1.5050000000000001,1.0392090064620356
1753,1.5050000000000001,1.0392090064620356
1754,1.5050000000000001,1.0392090064620356
1755,1.5050000000000001,1.0392090064620356
1756,1.5050000000000001,1.0392090064620356
1757,1.5050000000000001,1.0392090064620356
1758,1.5050000000000001,1.0392090064620356
1759,1.5050000000000001,1.0392090064620356
1760,1.5050000000000001,1.0392090064620356
1761,1.5050000000000001,1.0392090064620356
1762,1.5050000000000001,1.0392090064620356
1763,1.5050000000000001,1.0392090064620356
1764,1.5050000000000001,1.0392090064620356
1765,1.5050000000000001,1.0392090064620356
1766,1.5050000000000001,1.0392090064620356
1767,1.5050000000000001,1.0392090064620356
1768,1.5050000000000001,1.0392090064620356
1769,1.5050000000000001,1.0392090064620356
1770,1.5050000000000001,1.0392090064620356
1771,1.5050000000000001,1.0392090064620356
1772,1.5050000000000001,1.0392090064620356
1773,1.5050000000000001,1.0392090064620356
1774,1.5050000000000001,1.0392090064620356
1775,1.5050000000000001,1.0392090064620356
1776,1.5050000000000001,1.0392090064620356
1777,1.5050000000000001,1.0392090064620356
1778,1.5050000000000001,1.0392090064620356
1779,1.5050000000000001,1.0392090064620356
1780,1.5050000000000001,1.0392090064620356
1781,1.5050000000000001,1.0392090064620356
1782,1.5050000000000001,1.0392090064620356
1783,1.5050000000000001,1.0392090064620356
1784,1.5050000000000001,1.0392090064620356
1785,1.5050000000000001,1.0392090064620356
1786,1.5050000000000001,1.0392090064620356
1787,1.5050000000000001,1.0392090064620356
1788,1.5050000000000001,1.0392090064620356
1789,1.5050000000000001,1.0392090064620356
1790,1.5050000000000001,1.0392090064620356
1791,1.5050000000000001,1.0392090064620356
1792,1.5050000000000001,1.0392090064620356
1793,1.5050000000000001,1.0392090064620356
1794,1.5050000000000001,1.0392090064620356
1795,1.5050000000000001,1.0392090064620356
1796,1.5050000000000001,1.0392090064620356
1797,1.5050000000000001,1.0392090064620356
1798,1.5050000000000001,1.0392090064620356
1799,1.5050000000000001,1.0392090064620356
1800,1.5050000000000001,1.0392090064620356
1801,1.5050000000000001,1.0392090064620356
1802,1.5050000000000001,1.0392090064620356
1803,1.5050000000000001,1.0392090064620356
1804,1.5050000000000001,1.0392090064620356
1805,1.5050000000000001,1.0392090064620356
1806,1.5050000000000001,1.0392090064620356
1807,1.5050000000000001,1.0392090064620356
1808,1.5050000000000001,1.0392090064620356
1809,1.5050000000000001,1.0392090064620356
1810,1.5050000000000001,1.0392090064620356
1811,1.5050000000000001,1.0392090064620356
1812,1.5050000000000001,1.0392090064620356
1813,1.5050000000000001,1.0392090064620356
1814,1.5050000000000001,1.0392090064620356
1815,1.5050000000000001,1.0392090064620356
1816,1.5050000000000001,1.0392090064620356
1817,1.5050000000000001,1.0392090064620356
1818,1.5050000000000001,1.0392090064620356
1819,1.5050000000000001,1.0392090064620356
1820,1.5050000000000001,1.0392090064620356
1821,1.5050000000000001,1.0392090064620356
1822,1.5050000000000001,1.0392090064620356
1823,1.5050000000000001,1.0392090064620356
1824,1.5050000000000001,1.0392090064620356
1825,1.5050000000000001,1.0392090064620356
1826,1.5050000000000001,1.0392090064620356
1827,1.5050000000000001,1.0392090064620356
1828,1.5050000000000001,1.0392090064620356
1829,1.5050000000000001,1.0392090064620356
1830,1.5050000000000001,1.0392090064620356
1831,1.5050000000000001,1.0392090064620356
1832,1.5050000000000001,1.0392090064620356
1833,1.5050000000000001,1.0392090064620356
1834,1.5050000000000001,1.0392090064620356
1835,1.5050000000000001,1.0392090064620356
1836,1.5050000000000001,1.0392090064620356
1837,1.5050000000000001,1.0392090064620356
1838,1.5050000000000001,1.0392090064620356
1839,1.5050000000000001,1.0392090064620356
1840,1.5050000000000001,1.0392090064620356
1841,1.5050000000000001,1.0392090064620356
1842,1.5050000000000001,1.0392090064620356
1843,1.5050000000000001,1.0392090064620356
1844,1.5050000000000001,1.0392090064620356
1845,1.5050000000000001,1.0392090064620356
1846,1.5050000000000001,1.0392090064620356
1847,1.5050000000000001,1.0392090064620356
1848,1.5050000000000001,1.0392090064620356
1849,1.5050000000000001,1.0392090064620356
1850,1.5050000000000001,1.0392090064620356
1851,1.5050000000000001,1.0392090064620356
1852,1.5050000000000001,1.0392090064620356
1853,1.5050000000000001,1.0392090064620356
1854,1.5050000000000001,1.0392090064620356
1855,1.5050000000000001,1.0392090064620356
1856,1.5050000000000001,1.0392090064620356
1857,1.5050000000000001,1.0392090064620356
1858,1.5050000000000001,1.0392090064620356
1859,1.5050000000000001,1.0392090064620356
1860,1.5050000000000001,1.0392090064620356
1861,1.5050000000000001,1.0392090064620356
1862,1.5050000000000001,1.0392090064620356
1863,1.5050000000000001,1.0392090064620356
1864,1.5050000000000001,1.0392090064620356
1865,1.5050000000000001,1.0392090064620356
1866,1.5050000000000001,1.0392090064620356
1867,1.5050000000000001,1.0392090064620356
1868,1.5050000000000001,1.0392090064620356
1869,1.5050000000000001,1.0392090064620356
1870,1.5050000000000001,1.0392090064620356
1871,1.5050000000000001,1.0392090064620356
1872,1.5050000000000001,1.0392090064620356
1873,1.5050000000000001,1.0392090064620356
1874,1.5050000000000001,1.0392090064620356
1875,1.5050000000000001,1.0392090064620356
1876,1.5050000000000001,1.0392090064620356
1877,1.5050000000000001,1.0392090064620356
1878,1.5050000000000001,1.0392090064620356
1879,1.5050000000000001,1.0392090064620356
1880,1.5050000000000001,1.0392090064620356
1881,1.5050000000000001,1.0392090064620356
1882,1.5050000000000001,1.0392090064620356
1883,1.5050000000000001,1.0392090064620356
1884,1.5050000000000001,1.0392090064620356
1885,1.5050000000000001,1.0392090064620356
1886,1.5050000000000001,1.0392090064620356
1887,1.5050000000000001,1.0392090064620356
1888,1.5050000000000001,1.0392090064620356
1889,1.5050000000000001,1.0392090064620356
1890,1.5050000000000001,1.0392090064620356
1891,1.5050000000000001,1.0392090064620356
1892,1.5050000000000001,1.0392090064620356
1893,1.5050000000000001,1.0392090064620356
1894,1.5050000000000001,1.0392090064620356
1895,1.5050000000000001,1.0392090064620356
1896,1.5050000000000001,1.0392090064620356
1897,1.5050000000000001,1.0392090064620356
1898,1.5050000000000001,1.0392090064620356
1899,1.5050000000000001,1.0392090064620356
1900,1.5050000000000001,1.0392090064620356
1901,1.5050000000000001,1.0392090064620356
1902,1.5050000000000001,1.0392090064620356
1903,1.5050000000000001,1.0392090064620356
1904,1.5050000000000001,1.0392090064620356
1905,1.5050000000000001,1.0392090064620356
1906,1.5050000000000001,1.0392090064620356
1907,1.5050000000000001,1.0392090064620356
1908,1.5050000000000001,1.0392090064620356
1909,1.5050000000000001,1.0392090064620356
1910,1.5050000000000001,1.0392090064620356
1911,1.5050000000000001,1.0392090064620356
1912,1.5050000000000001,1.0392090064620356
1913,1.5050000000000001,1.0392090064620356
1914,1.5050000000000001,1.0392090064620356
1915,1.5050000000000001,1.0392090064620356
1916,1.5050000000000001,1.0392090064620356
1917,1.5050000000000001,1.0392090064620356
1918,1.5050000000000001,1.0392090064620356
1919,1.5050000000000001,1.0392090064620356
1920,1.5050000000000001,1.0392090064620356
1921,1.5050000000000001,1.0392090064620356
1922,1.5050000000000001,1.0392090064620356
1923,1.5050000000000001,1.0392090064620356
1924,1.5050000000000001,1.0392090064620356
1925,1.5050000000000001,1.0392090064620356
1926,1.5050000000000001,1.0392090064620356
1927,1.5050000000000001,1.0392090064620356
1928,1.5050000000000001,1.0392090064620356
1929,1.5050000000000001,1.0392090064620356
1930,1.5050000000000001,1.0392090064620356
1931,1.5050000000000001,1.0392090064620356
1932,1.5050000000000001,1.0392090064620356
1933,1.5050000000000001,1.0392090064620356
1934,1.5050000000000001,1.0392090064620356
1935,1.5050000000000001,1.0392090064620356
1936,1.5050000000000001,1.0392090064620356
1937,1.5050000000000001,1.0392090064620356
1938,1.5050000000000001,1.0392090064620356
1939,1.5050000000000001,1.0392090064620356
1940,1.5050000000000001,1.0392090064620356
1941,1.5050000000000001,1.0392090064620356
1942,1.5050000000000001,1.0392090064620356
1943,1.5050000000000001,1.0392090064620356
1944,1.5050000000000001,1.0392090064620356
1945,1.5050000000000001,1.0392090064620356
1946,1.5050000000000001,1.0392090064620356
1947,1.5050000000000001,1.0392090064620356
1948,1.5050000000000001,1.0392090064620356
1949,1.5050000000000001,1.0392090064620356
1950,1.5050000000000001,1.0392090064620356
1951,1.5050000000000001,1.0392090064620356
1952,1.5050000000000001,1.0392090064620356
1953,1.5050000000000001,1.0392090064620356
1954,1.5050000000000001,1.0392090064620356
1955,1.5050000000000001,1.0392090064620356
1956,1.5050000000000001,1.0392090064620356
1957,1.5050000000000001,1.0392090064620356
1958,1.5050000000000001,1.0392090064620356
1959,1.5050000000000001,1.0392090064620356
1960,1.5050000000000001,1.0392090064620356
1961,1.5050000000000001,1.0392090064620356
1962,1.5050000000000001,1.0392090064620356
1963,1.5050000000000001,1.0392090064620356
1964,1.5050000000000001,1.0392090064620356
1965,1.5050000000000001,1.0392090064620356
1966,1.5050000000000001,1.0392090064620356
1967,1.5050000000000001,1.0392090064620356
1968,1.5050000000000001,1.0392090064620356
1969,1.5050000000000001,1.0392090064620356
1970,1.5050000000000001,1.0392090064620356
1971,1.5050000000000001,1.0392090064620356
1972,1.5050000000000001,1.0392090064620356
1973,1.5050000000000001,1.0392090064620356
1974,1.5050000000000001,1.0392090064620356
1975,1.5050000000000001,1.0392090064620356
1976,1.5050000000000001,1.0392090064620356
1977,1.5050000000000001,1.0392090064620356
1978,1.5050000000000001,1.0392090064620356
1979,1.5050000000000001,1.0392090064620356
1980,1.5050000000000001,1.0392090064620356
1981,1.5050000000000001,1.0392090064620356
1982,1.5050000000000001,1.0392090064620356
1983,1.5050000000000001,1.0392090064620356
1984,1.5050000000000001,1.0392090064620356
1985,1.5050000000000001,1.0392090064620356
1986,1.5050000000000001,1.0392090064620356
1987,1.5050000000000001,1.0392090064620356
1988,1.4840000000000002,1.0392090064620356
1989,1.37,1.0392090064620356
1990,1.37,1.0392090064620356
1991,1.37,1.0392090064620356
1992,1.37,1.0392090064620356
1993,1.37,1.0392090064620356
1994,1.37,1.0392090064620356
1995,1.37,1.0392090064620356
1996,1.37,1.0392090064620356
1997,1.37,1.0392090064620356
1998,1.37,1.0392090064620356
1999,1.37,1.0392090064620356
2000,1.37,1.0392090064620356
2001,1.37,1.0392090064620356
2002,1.37,1.0392090064620356
2003,1.37,1.0392090064620356
2004,1.37,1.0392090064620356
2005,1.37,1.0392090064620356
2006,1.37,1.0392090064620356
2007,1.37,1.0392090064620356
2008,1.37,1.0392090064620356
2009,1.37,1.0392090064620356
2010,1.37,1.0392090064620356
2011,1.37,1.0392090064620356
2012,1.37,1.0392090064620356
2013,1.37,1.0392090064620356
2014,1.37,1.0392090064620356
2015,1.37,1.0392090064620356
2016,1.37,1.0392090064620356
2017,1.37,1.0392090064620356
2018,1.37,1.0392090064620356
2019,1.37,1.0392090064620356
2020,1.37,1.0392090064620356
2021,1.37,1.0392090064620356
2022,1.37,1.0392090064620356
2023,1.37,1.0392090064620356
2024,1.37,1.0392090064620356
2025,1.37,1.0392090064620356
2026,1.37,1.0392090064620356
2027,1.37,1.0392090064620356
2028,1.37,1.0392090064620356
2029,1.37,1.0392090064620356
2030,1.37,1.0392090064620356
2031,1.37,1.0392090064620356
2032,1.37,1.0392090064620356
2033,1.37,1.0392090064620356
2034,1.37,1.0392090064620356
2035,1.37,1.0392090064620356
2036,1.37,1.0392090064620356
2037,1.37,1.0392090064620356
2038,1.37,1.0392090064620356
2039,1.37,1.0392090064620356
2040,1.37,1.0392090064620356
2041,1.37,1.0392090064620356
2042,1.37,1.0392090064620356
2043,1.37,1.0392090064620356
2044,1.37,1.0392090064620356
2045,1.37,1.0392090064620356
2046,1.37,1.0392090064620356
2047,1.37,1.0392090064620356
2048,1.37,1.0392090064620356
2049,1.37,1.0392090064620356
2050,1.37,1.0392090064620356
2051,1.37,1.0392090064620356
2052,1.37,1.0392090064620356
2053,1.37,1.0392090064620356
2054,1.37,1.0392090064620356
2055,1.37,1.0392090064620356
2056,1.37,1.0392090064620356
2057,1.37,1.0392090064620356
2058,1.37,1.0392090064620356
2059,1.37,1.0392090064620356
2060,1.37,1.0392090064620356
2061,1.37,1.0392090064620356
2062,1.37,1.0392090064620356
2063,1.37,1.0392090064620356
2064,1.37,1.0392090064620356
2065,1.37,1.0392090064620356
2066,1.37,1.0392090064620356
2067,1.37,1.0392090064620356
2068,1.37,1.0392090064620356
2069,1.37,1.0392090064620356
2070,1.37,1.0392090064620356
2071,1.37,1.0392090064620356
2072,1.37,1.0392090064620356
2073,1.37,1.0392090064620356
2074,1.37,1.0392090064620356
2075,1.37,1.0392090064620356
2076,1.37,1.0392090064620356
2077,1.37,1.0392090064620356
2078,1.37,1.0392090064620356
2079,1.37,1.0392090064620356
2080,1.37,1.0392090064620356
2081,1.37,1.0392090064620356
2082,1.37,1.0392090064620356
2083,1.37,1.0392090064620356
2084,1.37,1.0392090064620356
2085,1.37,1.0392090064620356
2086,1.37,1.0392090064620356
2087,1.37,1.0392090064620356
2088,1.37,1.0392090064620356
2089,1.37,1.0392090064620356
2090,1.37,1.0392090064620356
2091,1.37,1.0392090064620356
2092,1.37,1.0392090064620356
2093,1.37,1.0392090064620356
2094,1.37,1.0392090064620356
2095,1.37,1.0392090064620356
2096,1.37,1.0392090064620356
2097,1.37,1.0392090064620356
2098,1.37,1.0392090064620356
2099,1.37,1.0392090064620356
2100,1.37,1.0392090064620356
2101,1.37,1.0392090064620356
2102,1.37,1.0392090064620356
2103,1.37,1.0392090064620356
2104,1.37,1.0392090064620356
2105,1.37,1.0392090064620356
2106,1.37,1.0392090064620356
2107,1.37,1.0392090064620356
2108,1.37,1.0392090064620356
2109,1.37,1.0392090064620356
2110,1.37,1.0392090064620356
2111,1.37,1.0392090064620356
2112,1.37,1.0392090064620356
2113,1.37,1.0392090064620356
2114,1.37,1.0392090064620356
2115,1.37,1.0392090064620356
2116,1.37,1.0392090064620356
2117,1.37,1.0392090064620356
2118,1.37,1.0392090064620356
2119,1.37,1.0392090064620356
2120,1.37,1.0392090064620356
2121,1.37,1.0392090064620356
2122,1.37,1.0392090064620356
2123,1.37,1.0392090064620356
2124,1.37,1.0392090064620356
2125,1.37,1.0392090064620356
2126,1.37,1.0392090064620356
2127,1.37,1.0392090064620356
2128,1.37,1.0392090064620356
2129,1.37,1.0392090064620356
2130,1.37,1.0392090064620356
2131,1.37,1.0392090064620356
2132,1.37,1.0392090064620356
2133,1.37,1.0392090064620356
2134,1.37,1.0392090064620356
2135,1.37,1.0392090064620356
2136,1.37,1.0392090064620356
2137,1.37,1.0392090064620356
2138,1.37,1.0392090064620356
2139,1.37,1.0392090064620356
2140,1.37,1.0392090064620356
2141,1.37,1.0392090064620356
2142,1.37,1.0392090064620356
2143,1.37,1.0392090064620356
2144,1.37,1.0392090064620356
2145,1.37,1.0392090064620356
2146,1.37,1.0392090064620356
2147,1.37,1.0392090064620356
2148,1.37,1.0392090064620356
2149,1.37,1.0392090064620356
2150,1.37,1.0392090064620356
2151,1.37,1.0392090064620356
2152,1.37,1.0392090064620356
2153,1.37,1.0392090064620356
2154,1.37,1.0392090064620356
2155,1.37,1.0392090064620356
2156,1.37,1.0392090064620356
2157,1.37,1.0392090064620356
2158,1.37,1.0392090064620356
2159,1.37,1.0392090064620356
2160,1.37,1.0392090064620356
2161,1.37,1.0392090064620356
2162,1.37,1.0392090064620356
2163,1.37,1.0392090064620356
2164,1.37,1.0392090064620356
2165,1.37,1.0392090064620356
2166,1.37,1.0392090064620356
2167,1.37,1.0392090064620356
2168,1.37,1.0392090064620356
2169,1.37,1.0392090064620356
2170,1.37,1.0392090064620356
2171,1.37,1.0392090064620356
2172,1.37,1.0392090064620356
2173,1.37,1.0392090064620356
2174,1.37,1.0392090064620356
2175,1.37,1.0392090064620356
2176,1.37,1.0392090064620356
2177,1.37,1.0392090064620356
2178,1.37,1.0392090064620356
2179,1.37,1.0392090064620356
2180,1.37,1.0392090064620356
2181,1.37,1.0392090064620356
2182,1.37,1.0392090064620356
2183,1.37,1.0392090064620356
2184,1.37,1.0392090064620356
2185,1.235,1.0392090064620356
2186,1.235,1.0392090064620356
2187,1.235,1.0392090064620356
2188,1.235,1.0392090064620356
2189,1.235,1.0392090064620356
2190,1.235,1.0392090064620356
2191,1.235,1.0392090064620356
2192,1.235,1.0392090064620356
2193,1.235,1.0392090064620356
2194,1.235,1.0392090064620356
2195,1.235,1.0392090064620356
2196,1.235,1.0392090064620356
2197,1.235,1.0392090064620356
2198,1.235,1.0392090064620356
2199,1.235,1.0392090064620356
2200,1.235,1.0392090064620356
2201,1.235,1.0392090064620356
2202,1.235,1.0392090064620356
2203,1.235,1.0392090064620356
2204,1.235,1.0392090064620356
2205,1.235,1.0392090064620356
2206,1.235,1.0392090064620356
2207,1.235,1.0392090064620356
2208,1.235,1.0392090064620356
2209,1.235,1.0392090064620356
2210,1.235,1.0392090064620356
2211,1.235,1.0392090064620356
2212,1.235,1.0392090064620356
2213,1.235,1.0392090064620356
2214,1.235,1.0392090064620356
2215,1.235,1.0392090064620356
2216,1.235,1.0392090064620356
2217,1.235,1.0392090064620356
2218,1.235,1.0392090064620356
2219,1.235,1.0392090064620356
2220,1.235,1.0392090064620356
2221,1.235,1.0392090064620356
2222,1.235,1.0392090064620356
2223,1.235,1.0392090064620356
2224,1.235,1.0392090064620356
2225,1.235,1.0392090064620356
2226,1.235,1.0392090064620356
2227,1.235,1.0392090064620356
2228,1.235,1.0392090064620356
2229,1.235,1.0392090064620356
2230,1.235,1.0392090064620356
2231,1.235,1.0392090064620356
2232,1.235,1.0392090064620356
2233,1.235,1.0392090064620356
2234,1.235,1.0392090064620356
2235,1.235,1.0392090064620356
2236,1.235,1.0392090064620356
2237,1.235,1.0392090064620356
2238,1.235,1.0392090064620356
2239,1.235,1.0392090064620356
2240,1.235,1.0392090064620356
2241,1.235,1.0392090064620356
2242,1.235,1.0392090064620356
2243,1.235,1.0392090064620356
2244,1.235,1.0392090064620356
2245,1.235,1.0392090064620356
2246,1.235,1.0392090064620356
2247,1.235,1.0392090064620356
2248,1.235,1.0392090064620356
2249,1.235,1.0392090064620356
2250,1.235,1.0392090064620356
2251,1.235,1.0392090064620356
2252,1.235,1.0392090064620356
2253,1.235,1.0392090064620356
2254,1.235,1.0392090064620356
2255,1.235,1.0392090064620356
2256,1.235,1.0392090064620356
2257,1.235,1.0392090064620356
2258,1.235,1.0392090064620356
2259,1.235,1.0392090064620356
2260,1.235,1.0392090064620356
2261,1.235,1.0392090064620356
2262,1.235,1.0392090064620356
2263,1.235,1.0392090064620356
2264,1.235,1.0392090064620356
2265,1.235,1.0392090064620356
2266,1.235,1.0392090064620356
2267,1.235,1.0392090064620356
2268,1.235,1.0392090064620356
2269,1.235,1.0392090064620356
2270,1.235,1.0392090064620356
2271,1.235,1.0392090064620356
2272,1.235,1.0392090064620356
2273,1.235,1.0392090064620356
2274,1.235,1.0392090064620356
2275,1.235,1.0392090064620356
2276,1.235,1.0392090064620356
2277,1.235,1.0392090064620356
2278,1.235,1.0392090064620356
2279,1.235,1.0392090064620356
2280,1.235,1.0392090064620356
2281,1.235,1.0392090064620356
2282,1.235,1.0392090064620356
2283,1.235,1.0392090064620356
2284,1.235,1.0392090064620356
2285,1.235,1.0392090064620356
2286,1.235,1.0392090064620356
2287,1.235,1.0392090064620356
2288,1.235,1.0392090064620356
2289,1.235,1.0392090064620356
2290,1.235,1.0392090064620356
2291,1.235,1.0392090064620356
2292,1.235,1.0392090064620356
2293,1.235,1.0392090064620356
2294,1.235,1.0392090064620356
2295,1.235,1.0392090064620356
2296,1.235,1.0392090064620356
2297,1.235,1.0392090064620356
2298,1.235,1.0392090064620356
2299,1.235,1.0392090064620356
2300,1.235,1.0392090064620356
2301,1.235,1.0392090064620356
2302,1.235,1.0392090064620356
2303,1.235,1.0392090064620356
2304,1.235,1.0392090064620356
2305,1.235,1.0392090064620356
2306,1.235,1.0392090064620356
2307,1.235,1.0392090064620356
2308,1.235,1.0392090064620356
2309,1.235,1.0392090064620356
2310,1.235,1.0392090064620356
2311,1.235,1.0392090064620356
2312,1.235,1.0392090064620356
2313,1.235,1.0392090064620356
2314,1.235,1.0392090064620356
2315,1.235,1.0392090064620356
2316,1.235,1.0392090064620356
2317,1.235,1.0392090064620356
2318,1.235,1.0392090064620356
2319,1.235,1.0392090064620356
2320,1.235,1.0392090064620356
2321,1.235,1.0392090064620356
2322,1.235,1.0392090064620356
2323,1.235,1.0392090064620356
2324,1.235,1.0392090064620356
2325,1.235,1.0392090064620356
2326,1.235,1.0392090064620356
2327,1.235,1.0392090064620356
2328,1.235,1.0392090064620356
2329,1.235,1.0392090064620356
2330,1.235,1.0392090064620356
2331,1.235,1.0392090064620356
2332,1.235,1.0392090064620356
2333,1.235,1.0392090064620356
2334,1.235,1.0392090064620356
2335,1.235,1.0392090064620356
2336,1.235,1.0392090064620356
2337,1.235,1.0392090064620356
2338,1.235,1.0392090064620356
2339,1.235,1.0392090064620356
2340,1.235,1.0392090064620356
2341,1.235,1.0392090064620356
2342,1.235,1.0392090064620356
2343,1.235,1.0392090064620356
2344,1.235,1.0392090064620356
2345,1.235,1.0392090064620356
2346,1.235,1.0392090064620356
2347,1.235,1.0392090064620356
2348,1.235,1.0392090064620356
2349,1.235,1.0392090064620356
2350,1.235,1.0392090064620356
2351,1.235,1.0392090064620356
2352,1.235,1.0392090064620356
2353,1.235,1.0392090064620356
2354,1.235,1.0392090064620356
2355,1.235,1.0392090064620356
2356,1.235,1.0392090064620356
2357,1.235,1.0392090064620356
2358,1.235,1.0392090064620356
2359,1.235,1.0392090064620356
2360,1.235,1.0392090064620356
2361,1.235,1.0392090064620356
2362,1.235,1.0392090064620356
2363,1.235,1.0392090064620356
2364,1.235,1.0392090064620356
2365,1.235,1.0392090064620356
2366,1.235,1.0392090064620356
2367,1.235,1.0392090064620356
2368,1.235,1.0392090064620356
2369,1.235,1.0392090064620356
2370,1.235,1.0392090064620356
2371,1.235,1.0392090064620356
2372,1.235,1.0392090064620356
2373,1.235,1.0392090064620356
2374,1.235,1.0392090064620356
2375,1.235,1.0392090064620356
2376,1.235,1.0392090064620356
2377,1.235,1.0392090064620356
2378,1.235,1.0392090064620356
2379,1.235,1.0392090064620356
2380,1.235,1.0392090064620356
2381,1.235,1.0392090064620356
2382,1.235,1.0392090064620356
2383,1.235,1.0392090064620356
2384,1.235,1.0392090064620356
2385,1.235,1.0392090064620356
2386,1.235,1.0392090064620356
2387,1.235,1.0392090064620356
2388,1.235,1.0392090064620356
2389,1.235,1.0392090064620356
2390,1.235,1.0392090064620356
2391,1.235,1.0392090064620356
2392,1.235,1.0392090064620356
2393,1.235,1.0392090064620356
2394,1.235,1.0392090064620356
2395,1.235,1.0392090064620356
2396,1.235,1.0392090064620356
2397,1.235,1.0392090064620356
2398,1.235,1.0392090064620356
2399,1.235,1.0392090064620356
2400,1.235,1.0392090064620356
2401,1.235,1.0392090064620356
2402,1.235,1.0392090064620356
2403,1.235,1.0392090064620356
2404,1.235,1.0392090064620356
2405,1.235,1.0392090064620356
2406,1.235,1.0392090064620356
2407,1.235,1.0392090064620356
2408,1.235,1.0392090064620356
2409,1.235,1.0392090064620356
2410,1.235,1.0392090064620356
2411,1.235,1.0392090064620356
2412,1.235,1.0392090064620356
2413,1.235,1.0392090064620356
2414,1.235,1.0392090064620356
2415,1.235,1.0392090064620356
2416,1.235,1.0392090064620356
2417,1.235,1.0392090064620356
2418,1.235,1.0392090064620356
2419,1.235,1.0392090064620356
2420,1.235,1.0392090064620356
2421,1.235,1.0392090064620356
2422,1.235,1.0392090064620356
2423,1.235,1.0392090064620356
2424,1.235,1.0392090064620356
2425,1.235,1.0392090064620356
2426,1.235,1.0392090064620356
2427,1.235,1.0392090064620356
2428,1.235,1.0392090064620356
2429,1.235,1.0392090064620356
2430,1.235,1.0392090064620356
2431,1.235,1.0392090064620356
2432,1.235,1.0392090064620356
2433,1.235,1.0392090064620356
2434,1.235,1.0392090064620356
2435,1.235,1.0392090064620356
2436,1.235,1.0392090064620356
2437,1.235,1.0392090064620356
2438,1.235,1.0392090064620356
2439,1.235,1.0392090064620356
2440,1.235,1.0392090064620356
2441,1.235,1.0392090064620356
2442,1.235,1.0392090064620356
2443,1.235,1.0392090064620356
2444,1.235,1.0392090064620356
2445,1.235,1.0392090064620356
2446,1.235,1.0392090064620356
2447,1.235,1.0392090064620356
2448,1.235,1.0392090064620356
2449,1.235,1.0392090064620356
2450,1.235,1.0392090064620356
2451,1.235,1.0392090064620356
2452,1.235,1.0392090064620356
2453,1.235,1.0392090064620356
2454,1.235,1.0392090064620356
2455,1.235,1.0392090064620356
2456,1.235,1.0392090064620356
2457,1.235,1.0392090064620356
2458,1.235,1.0392090064620356
2459,1.235,1.0392090064620356
2460,1.235,1.0392090064620356
2461,1.235,1.0392090064620356
2462,1.235,1.0392090064620356
2463,1.235,1.0392090064620356
2464,1.235,1.0392090064620356
2465,1.235,1.0392090064620356
2466,1.235,1.0392090064620356
2467,1.235,1.0392090064620356
2468,1.235,1.0392090064620356
2469,1.235,1.0392090064620356
2470,1.235,1.0392090064620356
2471,1.235,1.0392090064620356
2472,1.235,1.0392090064620356
2473,1.235,1.0392090064620356
2474,1.235,1.0392090064620356
2475,1.235,1.0392090064620356
2476,1.235,1.0392090064620356
2477,1.235,1.0392090064620356
2478,1.235,1.0392090064620356
2479,1.235,1.0392090064620356
2480,1.1,1.0392090064620356
2481,1.1,1.0392090064620356
2482,1.1,1.0392090064620356
2483,1.1,1.0392090064620356
2484,1.1,1.0392090064620356
2485,1.1,1.0392090064620356
2486,1.1,1.0392090064620356
2487,1.1,1.0392090064620356
2488,1.1,1.0392090064620356
2489,1.1,1.0392090064620356
2490,1.1,1.0392090064620356
2491,1.1,1.0392090064620356
2492,1.1,1.0392090064620356
2493,1.1,1.0392090064620356
2494,1.1,1.0392090064620356
2495,1.1,1.0392090064620356
2496,1.1,1.0392090064620356
2497,1.1,1.0392090064620356
2498,1.1,1.0392090064620356
2499,1.1,1.0392090064620356
2500,1.1,1.0392090064620356
2501,1.1,1.0392090064620356
2502,1.1,1.0392090064620356
2503,1.1,1.0392090064620356
2504,1.1,1.0392090064620356
2505,1.1,1.0392090064620356
2506,1.1,1.0392090064620356
2507,1.1,1.0392090064620356
2508,1.1,1.0392090064620356
2509,1.1,1.0392090064620356
2510,1.1,1.0392090064620356
2511,1.1,1.0392090064620356
2512,1.1,1.0392090064620356
2513,1.1,1.0392090064620356
2514,1.1,1.0392090064620356
2515,1.1,1.0392090064620356
2516,1.1,1.0392090064620356
2517,1.1,1.0392090064620356
2518,1.1,1.0392090064620356
2519,1.1,1.0392090064620356
2520,1.1,1.0392090064620356
2521,1.1,1.0392090064620356
2522,1.1,1.0392090064620356
2523,1.1,1.0392090064620356
2524,1.1,1.0392090064620356
2525,1.1,1.0392090064620356
2526,1.1,1.0392090064620356
2527,1.1,1.0392090064620356
2528,1.1,1.0392090064620356
2529,1.1,1.0392090064620356
2530,1.1,1.0392090064620356
2531,1.1,1.0392090064620356
2532,1.1,1.0392090064620356
2533,1.1,1.0392090064620356
2534,1.1,1.0392090064620356
2535,1.1,1.0392090064620356
2536,1.1,1.0392090064620356
2537,1.1,1.0392090064620356
2538,1.1,1.0392090064620356
2539,1.1,1.0392090064620356
2540,1.1,1.0392090064620356
2541,1.1,1.0392090064620356
2542,1.1,1.0392090064620356
2543,1.1,1.0392090064620356
2544,1.1,1.0392090064620356
2545,1.1,1.0392090064620356
2546,1.1,1.0392090064620356
2547,1.1,1.0392090064620356
2548,1.1,1.0392090064620356
2549,1.1,1.0392090064620356
2550,1.1,1.0392090064620356
2551,1.1,1.0392090064620356
2552,1.1,1.0392090064620356
2553,1.1,1.0392090064620356
2554,1.1,1.0392090064620356
2555,1.1,1.0392090064620356
2556,1.1,1.0392090064620356
2557,1.1,1.0392090064620356
2558,1.1,1.0392090064620356
2559,1.1,1.0392090064620356
2560,1.1,1.0392090064620356
2561,1.1,1.0392090064620356
2562,1.1,1.0392090064620356
2563,1.1,1.0392090064620356
2564,1.1,1.0392090064620356
2565,1.1,1.0392090064620356
2566,1.1,1.0392090064620356
2567,1.1,1.0392090064620356
2568,1.1,1.0392090064620356
2569,1.1,1.0392090064620356
2570,1.1,1.0392090064620356
2571,1.1,1.0392090064620356
2572,1.1,1.0392090064620356
2573,1.1,1.0392090064620356
2574,1.1,1.0392090064620356
2575,1.1,1.0392090064620356
2576,1.1,1.0392090064620356
2577,1.1,1.0392090064620356
2578,1.1,1.0392090064620356
2579,1.1,1.0392090064620356
2580,1.1,1.0392090064620356
2581,1.1,1.0392090064620356
2582,1.1,1.0392090064620356
2583,1.1,1.0392090064620356
2584,1.1,1.0392090064620356
2585,1.1,1.0392090064620356
2586,1.1,1.0392090064620356
2587,1.1,1.0392090064620356
2588,1.1,1.0392090064620356
2589,1.1,1.0392090064620356
2590,1.1,1.0392090064620356
2591,1.1,1.0392090064620356
2592,1.1,1.0392090064620356
2593,1.1,1.0392090064620356
2594,1.1,1.0392090064620356
2595,1.1,1.0392090064620356
2596,1.1,1.0392090064620356
2597,1.1,1.0392090064620356
2598,1.1,1.0392090064620356
2599,1.1,1.0392090064620356
2600,1.1,1.0392090064620356
2601,1.1,1.0392090064620356
2602,1.1,1.0392090064620356
2603,1.1,1.0392090064620356
2604,1.1,1.0392090064620356
2605,1.1,1.0392090064620356
2606,1.1,1.0392090064620356
2607,1.1,1.0392090064620356
2608,1.1,1.0392090064620356
2609,1.1,1.0392090064620356
2610,1.1,1.0392090064620356
2611,1.1,1.0392090064620356
2612,1.1,1.0392090064620356
2613,1.1,1.0392090064620356
2614,1.1,1.0392090064620356
2615,1.1,1.0392090064620356
2616,1.1,1.0392090064620356
2617,1.1,1.0392090064620356
2618,1.1,1.0392090064620356
2619,1.1,1.0392090064620356
2620,1.1,1.0392090064620356
2621,1.1,1.0392090064620356
2622,1.1,1.0392090064620356
2623,1.1,1.0392090064620356
2624,1.1,1.0392090064620356
2625,1.1,1.0392090064620356
2626,1.1,1.0392090064620356
2627,1.1,1.0392090064620356
2628,1.1,1.0392090064620356
2629,1.1,1.0392090064620356
2630,1.1,1.0392090064620356
2631,1.1,1.0392090064620356
2632,1.1,1.0392090064620356
2633,1.1,1.0392090064620356
2634,1.1,1.0392090064620356
2635,1.1,1.0392090064620356
2636,1.1,1.0392090064620356
2637,1.1,1.0392090064620356
2638,1.1,1.0392090064620356
2639,1.1,1.0392090064620356
2640,1.1,1.0392090064620356
2641,1.1,1.0392090064620356
2642,1.1,1.0392090064620356
2643,1.1,1.0392090064620356
2644,1.1,1.0392090064620356
2645,1.1,1.0392090064620356
2646,1.1,1.0392090064620356
2647,1.1,1.0392090064620356
2648,1.1,1.0392090064620356
2649,1.1,1.0392090064620356
2650,1.1,1.0392090064620356
2651,1.1,1.0392090064620356
2652,1.1,1.0392090064620356
2653,1.1,1.0392090064620356
2654,1.1,1.0392090064620356
2655,1.1,1.0392090064620356
2656,1.1,1.0392090064620356
2657,1.1,1.0392090064620356
2658,1.1,1.0392090064620356
2659,1.1,1.0392090064620356
2660,1.1,1.0392090064620356
2661,1.1,1.0392090064620356
2662,1.1,1.0392090064620356
2663,1.1,1.0392090064620356
2664,1.1,1.0392090064620356
2665,1.1,1.0392090064620356
2666,1.1,1.0392090064620356
2667,1.1,1.0392090064620356
2668,1.1,1.0392090064620356
2669,1.1,1.0392090064620356
2670,1.1,1.0392090064620356
2671,1.1,1.0392090064620356
2672,1.1,1.0392090064620356
2673,1.1,1.0392090064620356
2674,1.1,1.0392090064620356
2675,1.1,1.0392090064620356
2676,1.1,1.0392090064620356
2677,1.1,1.0392090064620356
2678,1.1,1.0392090064620356
2679,1.1,1.0392090064620356
2680,1.1,1.0392090064620356
2681,1.1,1.0392090064620356
2682,1.1,1.0392090064620356
2683,1.1,1.0392090064620356
2684,1.1,1.0392090064620356
2685,1.1,1.0392090064620356
2686,1.1,1.0392090064620356
2687,1.1,1.0392090064620356
2688,1.1,1.0392090064620356
2689,1.1,1.0392090064620356
2690,1.1,1.0392090064620356
2691,1.1,1.0392090064620356
2692,1.1,1.0392090064620356
2693,1.1,1.0392090064620356
2694,1.1,1.0392090064620356
2695,1.1,1.0392090064620356
2696,1.1,1.0392090064620356
2697,1.1,1.0392090064620356
2698,1.1,1.0392090064620356
2699,1.1,1.0392090064620356
2700,1.1,1.0392090064620356
2701,1.1,1.0392090064620356
2702,1.1,1.0392090064620356
2703,1.1,1.0392090064620356
2704,1.1,1.0392090064620356
2705,1.1,1.0392090064620356
2706,1.1,1.0392090064620356
2707,1.1,1.0392090064620356
2708,1.1,1.0392090064620356
2709,1.1,1.0392090064620356
2710,1.1,1.0392090064620356
2711,1.1,1.0392090064620356
2712,1.1,1.0392090064620356
2713,1.1,1.0392090064620356
2714,1.1,1.0392090064620356
2715,1.1,1.0392090064620356
2716,1.1,1.0392090064620356
2717,1.1,1.0392090064620356
2718,1.1,1.0392090064620356
2719,1.1,1.0392090064620356
2720,1.1,1.0392090064620356
2721,1.1,1.0392090064620356
2722,1.1,1.0392090064620356
2723,1.1,1.0392090064620356
2724,1.1,1.0392090064620356
2725,1.1,1.0392090064620356
2726,1.1,1.0392090064620356
2727,1.1,1.0392090064620356
2728,1.1,1.0392090064620356
2729,1.1,1.0392090064620356
2730,1.1,1.0392090064620356
2731,1.1,1.0392090064620356
2732,1.1,1.0392090064620356
2733,1.1,1.0392090064620356
2734,1.1,1.0392090064620356
2735,1.1,1.0392090064620356
2736,1.1,1.0392090064620356
2737,1.1,1.0392090064620356
2738,1.1,1.0392090064620356
2739,1.1,1.0392090064620356
2740,1.1,1.0392090064620356
2741,1.1,1.0392090064620356
2742,1.1,1.0392090064620356
2743,1.1,1.0392090064620356
2744,1.1,1.0392090064620356
2745,1.1,1.0392090064620356
2746,1.1,1.0392090064620356
2747,1.1,1.0392090064620356
2748,1.1,1.0392090064620356
2749,1.1,1.0392090064620356
2750,1.1,1.0392090064620356
2751,1.1,1.0392090064620356
2752,1.1,1.0392090064620356
2753,1.1,1.0392090064620356
2754,1.1,1.0392090064620356
2755,1.1,1.0392090064620356
2756,1.1,1.0392090064620356
2757,1.1,1.0392090064620356
2758,1.1,1.0392090064620356
2759,1.1,1.0392090064620356
2760,1.1,1.0392090064620356
2761,1.1,1.0392090064620356
2762,1.1,1.0392090064620356
2763,1.1,1.0392090064620356
2764,1.1,1.0392090064620356
2765,1.1,1.0392090064620356
2766,1.1,1.0392090064620356
2767,1.1,1.0392090064620356
2768,1.1,1.0392090064620356
2769,1.1,1.0392090064620356
2770,1.1,1.0392090064620356
2771,1.1,1.0392090064620356
2772,1.1,1.0392090064620356
2773,1.1,1.0392090064620356
2774,1.1,1.0392090064620356
2775,1.1,1.0392090064620356
2776,1.1,1.0392090064620356
2777,1.1,1.0392090064620356
2778,1.1,1.0392090064620356
2779,1.1,1.0392090064620356
2780,1.1,1.0392090064620356
2781,1.1,1.0392090064620356
2782,1.1,1.0392090064620356
2783,1.1,1.0392090064620356
2784,1.1,1.0392090064620356
2785,1.1,1.0392090064620356
2786,1.1,1.0392090064620356
2787,1.1,1.0392090064620356
2788,1.1,1.0392090064620356
2789,1.1,1.0392090064620356
2790,1.1,1.0392090064620356
2791,1.1,1.0392090064620356
2792,1.1,1.0392090064620356
2793,1.1,1.0392090064620356
2794,1.1,1.0392090064620356
2795,1.1,1.0392090064620356
2796,1.1,1.0392090064620356
2797,1.1,1.0392090064620356
2798,1.1,1.0392090064620356
2799,1.1,1.0392090064620356
2800,1.1,1.0392090064620356
2801,1.1,1.0392090064620356
2802,1.1,1.0392090064620356
2803,1.1,1.0392090064620356
2804,1.1,1.0392090064620356
2805,1.1,1.0392090064620356
2806,1.1,1.0392090064620356
2807,1.1,1.0392090064620356
2808,1.1,1.0392090064620356
2809,1.1,1.0392090064620356
2810,1.1,1.0392090064620356
2811,1.1,1.0392090064620356
2812,1.1,1.0392090064620356
2813,1.1,1.0392090064620356
2814,1.1,1.0392090064620356
2815,1.1,1.0392090064620356
2816,1.1,1.0392090064620356
2817,1.1,1.0392090064620356
2818,1.1,1.0392090064620356
2819,1.1,1.0392090064620356
2820,1.1,1.0392090064620356
2821,1.1,1.0392090064620356
2822,1.1,1.0392090064620356
2823,1.1,1.0392090064620356
2824,1.1,1.0392090064620356
2825,1.1,1.0392090064620356
2826,1.1,1.0392090064620356
2827,1.1,1.0392090064620356
2828,1.1,1.0392090064620356
2829,1.1,1.0392090064620356
2830,1.1,1.0392090064620356
2831,1.1,1.0392090064620356
2832,1.1,1.0392090064620356
2833,1.1,1.0392090064620356
2834,1.1,1.0392090064620356
2835,1.1,1.0392090064620356
2836,1.1,1.0392090064620356
2837,1.1,1.0392090064620356
2838,1.1,1.0392090064620356
2839,1.1,1.0392090064620356
2840,1.1,1.0392090064620356
2841,1.1,1.0392090064620356
2842,1.1,1.0392090064620356
2843,1.1,1.0392090064620356
2844,1.1,1.0392090064620356
2845,1.1,1.0392090064620356
2846,1.1,1.0392090064620356
2847,1.1,1.0392090064620356
2848,1.1,1.0392090064620356
2849,1.1,1.0392090064620356
2850,1.1,1.0392090064620356
2851,1.1,1.0392090064620356
2852,1.1,1.0392090064620356
2853,1.1,1.0392090064620356
2854,1.1,1.0392090064620356
2855,1.1,1.0392090064620356
2856,1.1,1.0392090064620356
2857,1.1,1.0392090064620356
2858,1.1,1.0392090064620356
2859,1.1,1.0392090064620356
2860,1.1,1.0392090064620356
2861,1.1,1.0392090064620356
2862,1.1,1.0392090064620356
2863,1.1,1.0392090064620356
2864,1.1,1.0392090064620356
2865,1.1,1.0392090064620356
2866,1.1,1.0392090064620356
2867,1.1,1.0392090064620356
2868,1.1,1.0392090064620356
2869,1.1,1.0392090064620356
2870,1.1,1.0392090064620356
2871,1.1,1.0392090064620356
2872,1.1,1.0392090064620356
2873,1.1,1.0392090064620356
2874,1.1,1.0392090064620356
2875,0.9650000000000001,1.0392090064620356
2876,0.9650000000000001,1.0392090064620356
2877,0.9650000000000001,1.0392090064620356
2878,0.9650000000000001,1.0392090064620356
2879,0.9650000000000001,1.0392090064620356
2880,0.9650000000000001,1.0392090064620356
2881,0.9650000000000001,1.0392090064620356
2882,0.9650000000000001,1.0392090064620356
2883,0.9650000000000001,1.0392090064620356
2884,0.9650000000000001,1.0392090064620356
2885,0.9650000000000001,1.0392090064620356
2886,0.9650000000000001,1.0392090064620356
2887,0.9650000000000001,1.0392090064620356
2888,0.9650000000000001,1.0392090064620356
2889,0.9650000000000001,1.0392090064620356
2890,0.9650000000000001,1.0392090064620356
2891,0.9650000000000001,1.0392090064620356
2892,0.9650000000000001,1.0392090064620356
2893,0.9650000000000001,1.0392090064620356
2894,0.9650000000000001,1.0392090064620356
2895,0.9650000000000001,1.0392090064620356
2896,0.9650000000000001,1.0392090064620356
2897,0.9650000000000001,1.0392090064620356
2898,0.9650000000000001,1.0392090064620356
2899,0.9650000000000001,1.0392090064620356
2900,0.9650000000000001,1.0392090064620356
2901,0.9650000000000001,1.0392090064620356
2902,0.9650000000000001,1.0392090064620356
2903,0.9650000000000001,1.0392090064620356
2904,0.9650000000000001,1.0392090064620356
2905,0.9650000000000001,1.0392090064620356
2906,0.9650000000000001,1.0392090064620356
2907,0.9650000000000001,1.0392090064620356
2908,0.9650000000000001,1.0392090064620356
2909,0.9650000000000001,1.0392090064620356
2910,0.9650000000000001,1.0392090064620356
2911,0.9650000000000001,1.0392090064620356
2912,0.9650000000000001,1.0392090064620356
2913,0.9650000000000001,1.0392090064620356
2914,0.9650000000000001,1.0392090064620356
2915,0.9650000000000001,1.0392090064620356
2916,0.9650000000000001,1.0392090064620356
2917,0.9650000000000001,1.0392090064620356
2918,0.9650000000000001,1.0392090064620356
2919,0.9650000000000001,1.0392090064620356
2920,0.9650000000000001,1.0392090064620356
2921,0.9650000000000001,1.0392090064620356
2922,0.9650000000000001,1.0392090064620356
2923,0.9650000000000001,1.0392090064620356
2924,0.9650000000000001,1.0392090064620356
2925,0.9650000000000001,1.0392090064620356
2926,0.9650000000000001,1.0392090064620356
2927,0.9650000000000001,1.0392090064620356
2928,0.9650000000000001,1.0392090064620356
2929,0.9650000000000001,1.0392090064620356
2930,0.9650000000000001,1.0392090064620356
2931,0.9650000000000001,1.0392090064620356
2932,0.9650000000000001,1.0392090064620356
2933,0.9650000000000001,1.0392090064620356
2934,0.9650000000000001,1.0392090064620356
2935,0.9650000000000001,1.0392090064620356
2936,0.9650000000000001,1.0392090064620356
2937,0.9650000000000001,1.0392090064620356
2938,0.9650000000000001,1.0392090064620356
2939,0.9650000000000001,1.0392090064620356
2940,0.9650000000000001,1.0392090064620356
2941,0.9650000000000001,1.0392090064620356
2942,0.9650000000000001,1.0392090064620356
2943,0.9650000000000001,1.0392090064620356
2944,0.9650000000000001,1.0392090064620356
2945,0.9650000000000001,1.0392090064620356
2946,0.9650000000000001,1.0392090064620356
2947,0.9650000000000001,1.0392090064620356
2948,0.9650000000000001,1.0392090064620356
2949,0.9650000000000001,1.0392090064620356
2950,0.9650000000000001,1.0392090064620356
2951,0.9650000000000001,1.0392090064620356
2952,0.9650000000000001,1.0392090064620356
2953,0.9650000000000001,1.0392090064620356
2954,0.9650000000000001,1.0392090064620356
2955,0.9650000000000001,1.0392090064620356
2956,0.9650000000000001,1.0392090064620356
2957,0.9650000000000001,1.0392090064620356
2958,0.9650000000000001,1.0392090064620356
2959,0.9650000000000001,1.0392090064620356
2960,0.9650000000000001,1.0392090064620356
2961,0.9650000000000001,1.0392090064620356
2962,0.9650000000000001,1.0392090064620356
2963,0.9650000000000001,1.0392090064620356
2964,0.9650000000000001,1.0392090064620356
2965,0.9650000000000001,1.0392090064620356
2966,0.9650000000000001,1.0392090064620356
2967,0.9650000000000001,1.0392090064620356
2968,0.9650000000000001,1.0392090064620356
2969,0.9650000000000001,1.0392090064620356
2970,0.9650000000000001,1.0392090064620356
2971,0.9650000000000001,1.0392090064620356
2972,0.9650000000000001,1.0392090064620356
2973,0.9650000000000001,1.0392090064620356
2974,0.6950000000000001,1.0392090064620356
2975,0.6950000000000001,1.0392090064620356
2976,0.6950000000000001,1.0392090064620356
2977,0.6950000000000001,1.0392090064620356
2978,0.6950000000000001,1.0392090064620356
2979,0.6950000000000001,1.0392090064620356
2980,0.6950000000000001,1.0392090064620356
2981,0.6950000000000001,1.0392090064620356
2982,0.6950000000000001,1.0392090064620356
2983,0.6950000000000001,1.0392090064620356
2984,0.6950000000000001,1.0392090064620356
2985,0.6950000000000001,1.0392090064620356
2986,0.6950000000000001,1.0392090064620356
2987,0.6950000000000001,1.0392090064620356
2988,0.6950000000000001,1.0392090064620356
2989,0.6950000000000001,1.0392090064620356
2990,0.6950000000000001,1.0392090064620356
2991,0.6950000000000001,1.0392090064620356
2992,0.6950000000000001,1.0392090064620356
2993,0.6950000000000001,1.0392090064620356
2994,0.6950000000000001,1.0392090064620356
2995,0.6950000000000001,1.0392090064620356
2996,0.6950000000000001,1.0392090064620356
2997,0.6950000000000001,1.0392090064620356
2998,0.6950000000000001,1.0392090064620356
2999,0.6950000000000001,1.0392090064620356
3000,0.6950000000000001,1.0392090064620356
3001,0.6950000000000001,1.0392090064620356
3002,0.6950000000000001,1.0392090064620356
3003,0.6950000000000001,1.0392090064620356
3004,0.6950000000000001,1.0392090064620356
3005,0.6950000000000001,1.0392090064620356
3006,0.6950000000000001,1.0392090064620356
3007,0.6950000000000001,1.0392090064620356
3008,0.6950000000000001,1.0392090064620356
3009,0.6950000000000001,1.0392090064620356
3010,0.6950000000000001,1.0392090064620356
3011,0.6950000000000001,1.0392090064620356
3012,0.6950000000000001,1.0392090064620356
3013,0.6950000000000001,1.0392090064620356
3014,0.6950000000000001,1.0392090064620356
3015,0.6950000000000001,1.0392090064620356
3016,0.6950000000000001,1.0392090064620356
3017,0.6950000000000001,1.0392090064620356
3018,0.6950000000000001,1.0392090064620356
3019,0.6950000000000001,1.0392090064620356
3020,0.6950000000000001,1.0392090064620356
3021,0.6950000000000001,1.0392090064620356
3022,0.6950000000000001,1.0392090064620356
3023,0.6950000000000001,1.0392090064620356
3024,0.6950000000000001,1.0392090064620356
3025,0.6950000000000001,1.0392090064620356
3026,0.6950000000000001,1.0392090064620356
3027,0.6950000000000001,1.0392090064620356
3028,0.6950000000000001,1.0392090064620356
3029,0.6950000000000001,1.0392090064620356
3030,0.6950000000000001,1.0392090064620356
3031,0.6950000000000001,1.0392090064620356
3032,0.6950000000000001,1.0392090064620356
3033,0.6950000000000001,1.0392090064620356
3034,0.6950000000000001,1.0392090064620356
3035,0.6950000000000001,1.0392090064620356
3036,0.6950000000000001,1.0392090064620356
3037,0.6950000000000001,1.0392090064620356
3038,0.6950000000000001,1.0392090064620356
3039,0.6950000000000001,1.0392090064620356
3040,0.6950000000000001,1.0392090064620356
3041,0.6950000000000001,1.0392090064620356
3042,0.6950000000000001,1.0392090064620356
3043,0.6950000000000001,1.0392090064620356
3044,0.6950000000000001,1.0392090064620356
3045,0.6950000000000001,1.0392090064620356
3046,0.6950000000000001,1.0392090064620356
3047,0.6950000000000001,1.0392090064620356
3048,0.6950000000000001,1.0392090064620356
3049,0.6950000000000001,1.0392090064620356
3050,0.6950000000000001,1.0392090064620356
3051,0.6950000000000001,1.0392090064620356
3052,0.6950000000000001,1.0392090064620356
3053,0.6950000000000001,1.0392090064620356
3054,0.6950000000000001,1.0392090064620356
3055,0.6950000000000001,1.0392090064620356
3056,0.6950000000000001,1.0392090064620356
3057,0.6950000000000001,1.0392090064620356
3058,0.6950000000000001,1.0392090064620356
3059,0.6950000000000001,1.0392090064620356
3060,0.6950000000000001,1.0392090064620356
3061,0.6950000000000001,1.0392090064620356
3062,0.6950000000000001,1.0392090064620356
3063,0.6950000000000001,1.0392090064620356
3064,0.6950000000000001,1.0392090064620356
3065,0.6950000000000001,1.0392090064620356
3066,0.6950000000000001,1.0392090064620356
3067,0.6950000000000001,1.0392090064620356
3068,0.6950000000000001,1.0392090064620356
3069,0.6950000000000001,1.0392090064620356
3070,0.6950000000000001,1.0392090064620356
3071,0.6950000000000001,1.0392090064620356
3072,0.6950000000000001,1.0392090064620356
3073,0.56,1.0392090064620356
3074,0.56,1.0392090064620356
3075,0.56,1.0392090064620356
3076,0.56,1.0392090064620356
3077,0.56,1.0392090064620356
3078,0.56,1.0392090064620356
3079,0.56,1.0392090064620356
3080,0.56,1.0392090064620356
3081,0.56,1.0392090064620356
3082,0.56,1.0392090064620356
3083,0.56,1.0392090064620356
3084,0.56,1.0392090064620356
3085,0.56,1.0392090064620356
3086,0.56,1.0392090064620356
3087,0.56,1.0392090064620356
3088,0.56,1.0392090064620356
3089,0.56,1.0392090064620356
3090,0.56,1.0392090064620356
3091,0.56,1.0392090064620356
3092,0.56,1.0392090064620356
3093,0.56,1.0392090064620356
3094,0.56,1.0392090064620356
3095,0.56,1.0392090064620356
3096,0.56,1.0392090064620356
3097,0.56,1.0392090064620356
3098,0.56,1.0392090064620356
3099,0.56,1.0392090064620356
3100,0.56,1.0392090064620356
3101,0.56,1.0392090064620356
3102,0.56,1.0392090064620356
3103,0.56,1.0392090064620356
3104,0.56,1.0392090064620356
3105,0.56,1.0392090064620356
3106,0.56,1.0392090064620356
3107,0.56,1.0392090064620356
3108,0.56,1.0392090064620356
3109,0.56,1.0392090064620356
3110,0.56,1.0392090064620356
3111,0.56,1.0392090064620356
3112,0.56,1.0392090064620356
3113,0.56,1.0392090064620356
3114,0.56,1.0392090064620356
3115,0.56,1.0392090064620356
3116,0.56,1.0392090064620356
3117,0.56,1.0392090064620356
3118,0.56,1.0392090064620356
3119,0.56,1.0392090064620356
3120,0.56,1.0392090064620356
3121,0.56,1.0392090064620356
3122,0.56,1.0392090064620356
3123,0.56,1.0392090064620356
3124,0.56,1.0392090064620356
3125,0.56,1.0392090064620356
3126,0.56,1.0392090064620356
3127,0.56,1.0392090064620356
3128,0.56,1.0392090064620356
3129,0.56,1.0392090064620356
3130,0.56,1.0392090064620356
3131,0.56,1.0392090064620356
3132,0.56,1.0392090064620356
3133,0.56,1.0392090064620356
3134,0.56,1.0392090064620356
3135,0.56,1.0392090064620356
3136,0.56,1.0392090064620356
3137,0.56,1.0392090064620356
3138,0.56,1.0392090064620356
3139,0.56,1.0392090064620356
3140,0.56,1.0392090064620356
3141,0.56,1.0392090064620356
3142,0.56,1.0392090064620356
3143,0.56,1.0392090064620356
3144,0.56,1.0392090064620356
3145,0.56,1.0392090064620356
3146,0.56,1.0392090064620356
3147,0.56,1.0392090064620356
3148,0.56,1.0392090064620356
3149,0.56,1.0392090064620356
3150,0.56,1.0392090064620356
3151,0.56,1.0392090064620356
3152,0.56,1.0392090064620356
3153,0.56,1.0392090064620356
3154,0.56,1.0392090064620356
3155,0.56,1.0392090064620356
3156,0.56,1.0392090064620356
3157,0.56,1.0392090064620356
3158,0.56,1.0392090064620356
3159,0.56,1.0392090064620356
3160,0.56,1.0392090064620356
3161,0.56,1.0392090064620356
3162,0.56,1.0392090064620356
3163,0.56,1.0392090064620356
3164,0.56,1.0392090064620356
3165,0.56,1.0392090064620356
3166,0.56,1.0392090064620356
3167,0.56,1.0392090064620356
3168,0.56,1.0392090064620356
3169,0.56,1.0392090064620356
3170,0.56,1.0392090064620356
3171,0.56,1.0392090064620356
3172,0.42500000000000004,1.0392090064620356
3173,0.42500000000000004,1.0392090064620356
3174,0.42500000000000004,1.0392090064620356
3175,0.42500000000000004,1.0392090064620356
3176,0.42500000000000004,1.0392090064620356
3177,0.42500000000000004,1.0392090064620356
3178,0.42500000000000004,1.0392090064620356
3179,0.42500000000000004,1.0392090064620356
3180,0.42500000000000004,1.0392090064620356
3181,0.42500000000000004,1.0392090064620356
3182,0.42500000000000004,1.0392090064620356
3183,0.42500000000000004,1.0392090064620356
3184,0.42500000000000004,1.0392090064620356
3185,0.42500000000000004,1.0392090064620356
3186,0.42500000000000004,1.0392090064620356
3187,0.42500000000000004,1.0392090064620356
3188,0.42500000000000004,1.0392090064620356
3189,0.42500000000000004,1.0392090064620356
3190,0.42500000000000004,1.0392090064620356
3191,0.42500000000000004,1.0392090064620356
3192,0.42500000000000004,1.0392090064620356
3193,0.42500000000000004,1.0392090064620356
3194,0.42500000000000004,1.0392090064620356
3195,0.42500000000000004,1.0392090064620356
3196,0.42500000000000004,1.0392090064620356
3197,0.42500000000000004,1.0392090064620356
3198,0.42500000000000004,1.0392090064620356
3199,0.42500000000000004,1.0392090064620356
3200,0.42500000000000004,1.0392090064620356
3201,0.42500000000000004,1.0392090064620356
3202,0.42500000000000004,1.0392090064620356
3203,0.42500000000000004,1.0392090064620356
3204,0.42500000000000004,1.0392090064620356
3205,0.42500000000000004,1.0392090064620356
3206,0.42500000000000004,1.0392090064620356
3207,0.42500000000000004,1.0392090064620356
3208,0.42500000000000004,1.0392090064620356
3209,0.42500000000000004,1.0392090064620356
3210,0.42500000000000004,1.0392090064620356
3211,0.42500000000000004,1.0392090064620356
3212,0.42500000000000004,1.0392090064620356
3213,0.42500000000000004,1.0392090064620356
3214,0.42500000000000004,1.0392090064620356
3215,0.42500000000000004,1.0392090064620356
3216,0.42500000000000004,1.0392090064620356
3217,0.42500000000000004,1.0392090064620356
3218,0.42500000000000004,1.0392090064620356
3219,0.42500000000000004,1.0392090064620356
3220,0.42500000000000004,1.0392090064620356
3221,0.42500000000000004,1.0392090064620356
3222,0.42500000000000004,1.0392090064620356
3223,0.42500000000000004,1.0392090064620356
3224,0.42500000000000004,1.0392090064620356
3225,0.42500000000000004,1.0392090064620356
3226,0.42500000000000004,1.0392090064620356
3227,0.42500000000000004,1.0392090064620356
3228,0.42500000000000004,1.0392090064620356
3229,0.42500000000000004,1.0392090064620356
3230,0.42500000000000004,1.0392090064620356
3231,0.42500000000000004,1.0392090064620356
3232,0.42500000000000004,1.0392090064620356
3233,0.42500000000000004,1.0392090064620356
3234,0.42500000000000004,1.0392090064620356
3235,0.42500000000000004,1.0392090064620356
3236,0.42500000000000004,1.0392090064620356
3237,0.42500000000000004,1.0392090064620356
3238,0.42500000000000004,1.0392090064620356
3239,0.42500000000000004,1.0392090064620356
3240,0.42500000000000004,1.0392090064620356
3241,0.42500000000000004,1.0392090064620356
3242,0.42500000000000004,1.0392090064620356
3243,0.42500000000000004,1.0392090064620356
3244,0.42500000000000004,1.0392090064620356
3245,0.42500000000000004,1.0392090064620356
3246,0.42500000000000004,1.0392090064620356
3247,0.42500000000000004,1.0392090064620356
3248,0.42500000000000004,1.0392090064620356
3249,0.42500000000000004,1.0392090064620356
3250,0.42500000000000004,1.0392090064620356
3251,0.42500000000000004,1.0392090064620356
3252,0.42500000000000004,1.0392090064620356
3253,0.42500000000000004,1.0392090064620356
3254,0.42500000000000004,1.0392090064620356
3255,0.42500000000000004,1.0392090064620356
3256,0.42500000000000004,1.0392090064620356
3257,0.42500000000000004,1.0392090064620356
3258,0.42500000000000004,1.0392090064620356
3259,0.42500000000000004,1.0392090064620356
3260,0.42500000000000004,1.0392090064620356
3261,0.42500000000000004,1.0392090064620356
3262,0.42500000000000004,1.0392090064620356
3263,0.42500000000000004,1.0392090064620356
3264,0.42500000000000004,1.0392090064620356
3265,0.42500000000000004,1.0392090064620356
3266,0.42500000000000004,1.0392090064620356
3267,0.42500000000000004,1.0392090064620356
3268,0.42500000000000004,1.0392090064620356
3269,0.42500000000000004,1.0392090064620356
3270,0.42500000000000004,1.0392090064620356
3271,0.42500000000000004,1.0392090064620356
3272,0.42500000000000004,1.0392090064620356
3273,0.42500000000000004,1.0392090064620356
3274,0.42500000000000004,1.0392090064620356
3275,0.42500000000000004,1.0392090064620356
3276,0.42500000000000004,1.0392090064620356
3277,0.42500000000000004,1.0392090064620356
3278,0.42500000000000004,1.0392090064620356
3279,0.42500000000000004,1.0392090064620356
3280,0.42500000000000004,1.0392090064620356
3281,0.42500000000000004,1.0392090064620356
3282,0.42500000000000004,1.0392090064620356
3283,0.42500000000000004,1.0392090064620356
3284,0.42500000000000004,1.0392090064620356
3285,0.42500000000000004,1.0392090064620356
3286,0.42500000000000004,1.0392090064620356
3287,0.42500000000000004,1.0392090064620356
3288,0.42500000000000004,1.0392090064620356
3289,0.42500000000000004,1.0392090064620356
3290,0.42500000000000004,1.0392090064620356
3291,0.42500000000000004,1.0392090064620356
3292,0.42500000000000004,1.0392090064620356
3293,0.42500000000000004,1.0392090064620356
3294,0.42500000000000004,1.0392090064620356
3295,0.42500000000000004,1.0392090064620356
3296,0.42500000000000004,1.0392090064620356
3297,0.42500000000000004,1.0392090064620356
3298,0.42500000000000004,1.0392090064620356
3299,0.42500000000000004,1.0392090064620356
3300,0.42500000000000004,1.0392090064620356
3301,0.42500000000000004,1.0392090064620356
3302,0.42500000000000004,1.0392090064620356
3303,0.42500000000000004,1.0392090064620356
3304,0.42500000000000004,1.0392090064620356
3305,0.42500000000000004,1.0392090064620356
3306,0.42500000000000004,1.0392090064620356
3307,0.42500000000000004,1.0392090064620356
3308,0.42500000000000004,1.0392090064620356
3309,0.42500000000000004,1.0392090064620356
3310,0.42500000000000004,1.0392090064620356
3311,0.42500000000000004,1.0392090064620356
3312,0.42500000000000004,1.0392090064620356
3313,0.42500000000000004,1.0392090064620356
3314,0.42500000000000004,1.0392090064620356
3315,0.42500000000000004,1.0392090064620356
3316,0.42500000000000004,1.0392090064620356
3317,0.42500000000000004,1.0392090064620356
3318,0.42500000000000004,1.0392090064620356
3319,0.42500000000000004,1.0392090064620356
3320,0.42500000000000004,1.0392090064620356
3321,0.42500000000000004,1.0392090064620356
3322,0.42500000000000004,1.0392090064620356
3323,0.42500000000000004,1.0392090064620356
3324,0.42500000000000004,1.0392090064620356
3325,0.42500000000000004,1.0392090064620356
3326,0.42500000000000004,1.0392090064620356
3327,0.42500000000000004,1.0392090064620356
3328,0.42500000000000004,1.0392090064620356
3329,0.42500000000000004,1.0392090064620356
3330,0.42500000000000004,1.0392090064620356
3331,0.42500000000000004,1.0392090064620356
3332,0.42500000000000004,1.0392090064620356
3333,0.42500000000000004,1.0392090064620356
3334,0.42500000000000004,1.0392090064620356
3335,0.42500000000000004,1.0392090064620356
3336,0.42500000000000004,1.0392090064620356
3337,0.42500000000000004,1.0392090064620356
3338,0.42500000000000004,1.0392090064620356
3339,0.42500000000000004,1.0392090064620356
3340,0.42500000000000004,1.0392090064620356
3341,0.42500000000000004,1.0392090064620356
3342,0.42500000000000004,1.0392090064620356
3343,0.42500000000000004,1.0392090064620356
3344,0.42500000000000004,1.0392090064620356
3345,0.42500000000000004,1.0392090064620356
3346,0.42500000000000004,1.0392090064620356
3347,0.42500000000000004,1.0392090064620356
3348,0.42500000000000004,1.0392090064620356
3349,0.42500000000000004,1.0392090064620356
3350,0.42500000000000004,1.0392090064620356
3351,0.42500000000000004,1.0392090064620356
3352,0.42500000000000004,1.0392090064620356
3353,0.42500000000000004,1.0392090064620356
3354,0.42500000000000004,1.0392090064620356
3355,0.42500000000000004,1.0392090064620356
3356,0.42500000000000004,1.0392090064620356
3357,0.42500000000000004,1.0392090064620356
3358,0.42500000000000004,1.0392090064620356
3359,0.42500000000000004,1.0392090064620356
3360,0.42500000000000004,1.0392090064620356
3361,0.42500000000000004,1.0392090064620356
3362,0.42500000000000004,1.0392090064620356
3363,0.42500000000000004,1.0392090064620356
3364,0.42500000000000004,1.0392090064620356
3365,0.42500000000000004,1.0392090064620356
3366,0.42500000000000004,1.0392090064620356
3367,0.42500000000000004,1.0392090064620356
3368,0.42500000000000004,1.0392090064620356
3369,0.42500000000000004,1.0392090064620356
3370,0.42500000000000004,1.0392090064620356
3371,0.42500000000000004,1.0392090064620356
3372,0.42500000000000004,1.0392090064620356
3373,0.42500000000000004,1.0392090064620356
3374,0.42500000000000004,1.0392090064620356
3375,0.42500000000000004,1.0392090064620356
3376,0.42500000000000004,1.0392090064620356
3377,0.42500000000000004,1.0392090064620356
3378,0.42500000000000004,1.0392090064620356
3379,0.42500000000000004,1.0392090064620356
3380,0.42500000000000004,1.0392090064620356
3381,0.42500000000000004,1.0392090064620356
3382,0.42500000000000004,1.0392090064620356
3383,0.42500000000000004,1.0392090064620356
3384,0.42500000000000004,1.0392090064620356
3385,0.42500000000000004,1.0392090064620356
3386,0.42500000000000004,1.0392090064620356
3387,0.42500000000000004,1.0392090064620356
3388,0.42500000000000004,1.0392090064620356
3389,0.42500000000000004,1.0392090064620356
3390,0.42500000000000004,1.0392090064620356
3391,0.42500000000000004,1.0392090064620356
3392,0.42500000000000004,1.0392090064620356
3393,0.42500000000000004,1.0392090064620356
3394,0.42500000000000004,1.0392090064620356
3395,0.42500000000000004,1.0392090064620356
3396,0.42500000000000004,1.0392090064620356
3397,0.42500000000000004,1.0392090064620356
3398,0.42500000000000004,1.0392090064620356
3399,0.42500000000000004,1.0392090064620356
3400,0.42500000000000004,1.0392090064620356
3401,0.42500000000000004,1.0392090064620356
3402,0.42500000000000004,1.0392090064620356
3403,0.42500000000000004,1.0392090064620356
3404,0.42500000000000004,1.0392090064620356
3405,0.42500000000000004,1.0392090064620356
3406,0.42500000000000004,1.0392090064620356
3407,0.42500000000000004,1.0392090064620356
3408,0.42500000000000004,1.0392090064620356
3409,0.42500000000000004,1.0392090064620356
3410,0.42500000000000004,1.0392090064620356
3411,0.42500000000000004,1.0392090064620356
3412,0.42500000000000004,1.0392090064620356
3413,0.42500000000000004,1.0392090064620356
3414,0.42500000000000004,1.0392090064620356
3415,0.42500000000000004,1.0392090064620356
3416,0.42500000000000004,1.0392090064620356
3417,0.42500000000000004,1.0392090064620356
3418,0.42500000000000004,1.0392090064620356
3419,0.42500000000000004,1.0392090064620356
3420,0.42500000000000004,1.0392090064620356
3421,0.42500000000000004,1.0392090064620356
3422,0.42500000000000004,1.0392090064620356
3423,0.42500000000000004,1.0392090064620356
3424,0.42500000000000004,1.0392090064620356
3425,0.42500000000000004,1.0392090064620356
3426,0.42500000000000004,1.0392090064620356
3427,0.42500000000000004,1.0392090064620356
3428,0.42500000000000004,1.0392090064620356
3429,0.42500000000000004,1.0392090064620356
3430,0.42500000000000004,1.0392090064620356
3431,0.42500000000000004,1.0392090064620356
3432,0.42500000000000004,1.0392090064620356
3433,0.42500000000000004,1.0392090064620356
3434,0.42500000000000004,1.0392090064620356
3435,0.42500000000000004,1.0392090064620356
3436,0.42500000000000004,1.0392090064620356
3437,0.42500000000000004,1.0392090064620356
3438,0.42500000000000004,1.0392090064620356
3439,0.42500000000000004,1.0392090064620356
3440,0.42500000000000004,1.0392090064620356
3441,0.42500000000000004,1.0392090064620356
3442,0.42500000000000004,1.0392090064620356
3443,0.42500000000000004,1.0392090064620356
3444,0.42500000000000004,1.0392090064620356
3445,0.42500000000000004,1.0392090064620356
3446,0.42500000000000004,1.0392090064620356
3447,0.42500000000000004,1.0392090064620356
3448,0.42500000000000004,1.0392090064620356
3449,0.42500000000000004,1.0392090064620356
3450,0.42500000000000004,1.0392090064620356
3451,0.42500000000000004,1.0392090064620356
3452,0.42500000000000004,1.0392090064620356
3453,0.42500000000000004,1.0392090064620356
3454,0.42500000000000004,1.0392090064620356
3455,0.42500000000000004,1.0392090064620356
3456,0.42500000000000004,1.0392090064620356
3457,0.42500000000000004,1.0392090064620356
3458,0.42500000000000004,1.0392090064620356
3459,0.42500000000000004,1.0392090064620356
3460,0.42500000000000004,1.0392090064620356
3461,0.42500000000000004,1.0392090064620356
3462,0.42500000000000004,1.0392090064620356
3463,0.42500000000000004,1.0392090064620356
3464,0.42500000000000004,1.0392090064620356
3465,0.42500000000000004,1.0392090064620356
3466,0.42500000000000004,1.0392090064620356
3467,0.42500000000000004,1.0392090064620356
3468,0.42500000000000004,1.0392090064620356
3469,0.42500000000000004,1.0392090064620356
3470,0.42500000000000004,1.0392090064620356
3471,0.42500000000000004,1.0392090064620356
3472,0.42500000000000004,1.0392090064620356
3473,0.42500000000000004,1.0392090064620356
3474,0.42500000000000004,1.0392090064620356
3475,0.42500000000000004,1.0392090064620356
3476,0.42500000000000004,1.0392090064620356
3477,0.42500000000000004,1.0392090064620356
3478,0.42500000000000004,1.0392090064620356
3479,0.42500000000000004,1.0392090064620356
3480,0.42500000000000004,1.0392090064620356
3481,0.42500000000000004,1.0392090064620356
3482,0.42500000000000004,1.0392090064620356
3483,0.42500000000000004,1.0392090064620356
3484,0.42500000000000004,1.0392090064620356
3485,0.42500000000000004,1.0392090064620356
3486,0.42500000000000004,1.0392090064620356
3487,0.42500000000000004,1.0392090064620356
3488,0.42500000000000004,1.0392090064620356
3489,0.42500000000000004,1.0392090064620356
3490,0.42500000000000004,1.0392090064620356
3491,0.42500000000000004,1.0392090064620356
3492,0.42500000000000004,1.0392090064620356
3493,0.42500000000000004,1.0392090064620356
3494,0.42500000000000004,1.0392090064620356
3495,0.42500000000000004,1.0392090064620356
3496,0.42500000000000004,1.0392090064620356
3497,0.42500000000000004,1.0392090064620356
3498,0.42500000000000004,1.0392090064620356
3499,0.42500000000000004,1.0392090064620356
3500,0.42500000000000004,1.0392090064620356
3501,0.42500000000000004,1.0392090064620356
3502,0.42500000000000004,1.0392090064620356
3503,0.42500000000000004,1.0392090064620356
3504,0.42500000000000004,1.0392090064620356
3505,0.42500000000000004,1.0392090064620356
3506,0.42500000000000004,1.0392090064620356
3507,0.42500000000000004,1.0392090064620356
3508,0.42500000000000004,1.0392090064620356
3509,0.42500000000000004,1.0392090064620356
3510,0.42500000000000004,1.0392090064620356
3511,0.42500000000000004,1.0392090064620356
3512,0.42500000000000004,1.0392090064620356
3513,0.42500000000000004,1.0392090064620356
3514,0.42500000000000004,1.0392090064620356
3515,0.42500000000000004,1.0392090064620356
3516,0.42500000000000004,1.0392090064620356
3517,0.42500000000000004,1.0392090064620356
3518,0.42500000000000004,1.0392090064620356
3519,0.42500000000000004,1.0392090064620356
3520,0.42500000000000004,1.0392090064620356
3521,0.42500000000000004,1.0392090064620356
3522,0.42500000000000004,1.0392090064620356
3523,0.42500000000000004,1.0392090064620356
3524,0.42500000000000004,1.0392090064620356
3525,0.42500000000000004,1.0392090064620356
3526,0.42500000000000004,1.0392090064620356
3527,0.42500000000000004,1.0392090064620356
3528,0.42500000000000004,1.0392090064620356
3529,0.42500000000000004,1.0392090064620356
3530,0.42500000000000004,1.0392090064620356
3531,0.42500000000000004,1.0392090064620356
3532,0.42500000000000004,1.0392090064620356
3533,0.42500000000000004,1.0392090064620356
3534,0.42500000000000004,1.0392090064620356
3535,0.42500000000000004,1.0392090064620356
3536,0.42500000000000004,1.0392090064620356
3537,0.42500000000000004,1.0392090064620356
3538,0.42500000000000004,1.0392090064620356
3539,0.42500000000000004,1.0392090064620356
3540,0.42500000000000004,1.0392090064620356
3541,0.42500000000000004,1.0392090064620356
3542,0.42500000000000004,1.0392090064620356
3543,0.42500000000000004,1.0392090064620356
3544,0.42500000000000004,1.0392090064620356
3545,0.42500000000000004,1.0392090064620356
3546,0.42500000000000004,1.0392090064620356
3547,0.42500000000000004,1.0392090064620356
3548,0.42500000000000004,1.0392090064620356
3549,0.42500000000000004,1.0392090064620356
3550,0.42500000000000004,1.0392090064620356
3551,0.42500000000000004,1.0392090064620356
3552,0.42500000000000004,1.0392090064620356
3553,0.42500000000000004,1.0392090064620356
3554,0.42500000000000004,1.0392090064620356
3555,0.42500000000000004,1.0392090064620356
3556,0.42500000000000004,1.0392090064620356
3557,0.42500000000000004,1.0392090064620356
3558,0.42500000000000004,1.0392090064620356
3559,0.42500000000000004,1.0392090064620356
3560,0.42500000000000004,1.0392090064620356
3561,0.42500000000000004,1.0392090064620356
3562,0.42500000000000004,1.0392090064620356
3563,0.42500000000000004,1.0392090064620356
3564,0.42500000000000004,1.0392090064620356
3565,0.42500000000000004,1.0392090064620356
3566,0.42500000000000004,1.0392090064620356
3567,0.42500000000000004,1.0392090064620356
3568,0.42500000000000004,1.0392090064620356
3569,0.42500000000000004,1.0392090064620356
3570,0.42500000000000004,1.0392090064620356
3571,0.42500000000000004,1.0392090064620356
3572,0.42500000000000004,1.0392090064620356
3573,0.42500000000000004,1.0392090064620356
3574,0.42500000000000004,1.0392090064620356
3575,0.42500000000000004,1.0392090064620356
3576,0.42500000000000004,1.0392090064620356
3577,0.42500000000000004,1.0392090064620356
3578,0.42500000000000004,1.0392090064620356
3579,0.42500000000000004,1.0392090064620356
3580,0.42500000000000004,1.0392090064620356
3581,0.42500000000000004,1.0392090064620356
3582,0.42500000000000004,1.0392090064620356
3583,0.42500000000000004,1.0392090064620356
3584,0.42500000000000004,1.0392090064620356
3585,0.42500000000000004,1.0392090064620356
3586,0.42500000000000004,1.0392090064620356
3587,0.42500000000000004,1.0392090064620356
3588,0.42500000000000004,1.0392090064620356
3589,0.42500000000000004,1.0392090064620356
3590,0.42500000000000004,1.0392090064620356
3591,0.42500000000000004,1.0392090064620356
3592,0.42500000000000004,1.0392090064620356
3593,0.42500000000000004,1.0392090064620356
3594,0.42500000000000004,1.0392090064620356
3595,0.42500000000000004,1.0392090064620356
3596,0.42500000000000004,1.0392090064620356
3597,0.42500000000000004,1.0392090064620356
3598,0.42500000000000004,1.0392090064620356
3599,0.42500000000000004,1.0392090064620356
3600,0.42500000000000004,1.0392090064620356
3601,0.42500000000000004,1.0392090064620356
3602,0.42500000000000004,1.0392090064620356
3603,0.42500000000000004,1.0392090064620356
3604,0.42500000000000004,1.0392090064620356
3605,0.42500000000000004,1.0392090064620356
3606,0.42500000000000004,1.0392090064620356
3607,0.42500000000000004,1.0392090064620356
3608,0.42500000000000004,1.0392090064620356
3609,0.42500000000000004,1.0392090064620356
3610,0.42500000000000004,1.0392090064620356
3611,0.42500000000000004,1.0392090064620356
3612,0.42500000000000004,1.0392090064620356
3613,0.42500000000000004,1.0392090064620356
3614,0.42500000000000004,1.0392090064620356
3615,0.42500000000000004,1.0392090064620356
3616,0.42500000000000004,1.0392090064620356
3617,0.42500000000000004,1.0392090064620356
3618,0.42500000000000004,1.0392090064620356
3619,0.42500000000000004,1.0392090064620356
3620,0.42500000000000004,1.0392090064620356
3621,0.42500000000000004,1.0392090064620356
3622,0.42500000000000004,1.0392090064620356
3623,0.42500000000000004,1.0392090064620356
3624,0.42500000000000004,1.0392090064620356
3625,0.42500000000000004,1.0392090064620356
3626,0.42500000000000004,1.0392090064620356
3627,0.42500000000000004,1.0392090064620356
3628,0.42500000000000004,1.0392090064620356
3629,0.42500000000000004,1.0392090064620356
3630,0.42500000000000004,1.0392090064620356
3631,0.42500000000000004,1.0392090064620356
3632,0.42500000000000004,1.0392090064620356
3633,0.42500000000000004,1.0392090064620356
3634,0.42500000000000004,1.0392090064620356
3635,0.42500000000000004,1.0392090064620356
3636,0.42500000000000004,1.0392090064620356
3637,0.42500000000000004,1.0392090064620356
3638,0.42500000000000004,1.0392090064620356
3639,0.42500000000000004,1.0392090064620356
3640,0.42500000000000004,1.0392090064620356
3641,0.42500000000000004,1.0392090064620356
3642,0.42500000000000004,1.0392090064620356
3643,0.42500000000000004,1.0392090064620356
3644,0.42500000000000004,1.0392090064620356
3645,0.42500000000000004,1.0392090064620356
3646,0.42500000000000004,1.0392090064620356
3647,0.42500000000000004,1.0392090064620356
3648,0.42500000000000004,1.0392090064620356
3649,0.42500000000000004,1.0392090064620356
3650,0.42500000000000004,1.0392090064620356
3651,0.42500000000000004,1.0392090064620356
3652,0.42500000000000004,1.0392090064620356
3653,0.42500000000000004,1.0392090064620356
3654,0.42500000000000004,1.0392090064620356
3655,0.42500000000000004,1.0392090064620356
3656,0.42500000000000004,1.0392090064620356
3657,0.42500000000000004,1.0392090064620356
3658,0.42500000000000004,1.0392090064620356
3659,0.42500000000000004,1.0392090064620356
3660,0.42500000000000004,1.0392090064620356
3661,0.42500000000000004,1.0392090064620356
3662,0.42500000000000004,1.0392090064620356
3663,0.42500000000000004,1.0392090064620356
3664,0.42500000000000004,1.0392090064620356
3665,0.42500000000000004,1.0392090064620356
3666,0.42500000000000004,1.0392090064620356
3667,0.42500000000000004,1.0392090064620356
3668,0.42500000000000004,1.0392090064620356
3669,0.42500000000000004,1.0392090064620356
3670,0.42500000000000004,1.0392090064620356
3671,0.42500000000000004,1.0392090064620356
3672,0.42500000000000004,1.0392090064620356
3673,0.42500000000000004,1.0392090064620356
3674,0.42500000000000004,1.0392090064620356
3675,0.42500000000000004,1.0392090064620356
3676,0.42500000000000004,1.0392090064620356
3677,0.42500000000000004,1.0392090064620356
3678,0.42500000000000004,1.0392090064620356
3679,0.42500000000000004,1.0392090064620356
3680,0.42500000000000004,1.0392090064620356
3681,0.42500000000000004,1.0392090064620356
3682,0.42500000000000004,1.0392090064620356
3683,0.42500000000000004,1.0392090064620356
3684,0.42500000000000004,1.0392090064620356
3685,0.42500000000000004,1.0392090064620356
3686,0.42500000000000004,1.0392090064620356
3687,0.42500000000000004,1.0392090064620356
3688,0.42500000000000004,1.0392090064620356
3689,0.42500000000000004,1.0392090064620356
3690,0.42500000000000004,1.0392090064620356
3691,0.42500000000000004,1.0392090064620356
3692,0.42500000000000004,1.0392090064620356
3693,0.42500000000000004,1.0392090064620356
3694,0.42500000000000004,1.0392090064620356
3695,0.42500000000000004,1.0392090064620356
3696,0.42500000000000004,1.0392090064620356
3697,0.42500000000000004,1.0392090064620356
3698,0.42500000000000004,1.0392090064620356
3699,0.42500000000000004,1.0392090064620356
3700,0.42500000000000004,1.0392090064620356
3701,0.42500000000000004,1.0392090064620356
3702,0.42500000000000004,1.0392090064620356
3703,0.42500000000000004,1.0392090064620356
3704,0.42500000000000004,1.0392090064620356
3705,0.42500000000000004,1.0392090064620356
3706,0.42500000000000004,1.0392090064620356
3707,0.42500000000000004,1.0392090064620356
3708,0.42500000000000004,1.0392090064620356
3709,0.42500000000000004,1.0392090064620356
3710,0.42500000000000004,1.0392090064620356
3711,0.42500000000000004,1.0392090064620356
3712,0.42500000000000004,1.0392090064620356
3713,0.42500000000000004,1.0392090064620356
3714,0.42500000000000004,1.0392090064620356
3715,0.42500000000000004,1.0392090064620356
3716,0.42500000000000004,1.0392090064620356
3717,0.42500000000000004,1.0392090064620356
3718,0.42500000000000004,1.0392090064620356
3719,0.42500000000000004,1.0392090064620356
3720,0.42500000000000004,1.0392090064620356
3721,0.42500000000000004,1.0392090064620356
3722,0.42500000000000004,1.0392090064620356
3723,0.42500000000000004,1.0392090064620356
3724,0.42500000000000004,1.0392090064620356
3725,0.42500000000000004,1.0392090064620356
3726,0.42500000000000004,1.0392090064620356
3727,0.42500000000000004,1.0392090064620356
3728,0.42500000000000004,1.0392090064620356
3729,0.42500000000000004,1.0392090064620356
3730,0.42500000000000004,1.0392090064620356
3731,0.42500000000000004,1.0392090064620356
3732,0.42500000000000004,1.0392090064620356
3733,0.42500000000000004,1.0392090064620356
3734,0.42500000000000004,1.0392090064620356
3735,0.42500000000000004,1.0392090064620356
3736,0.42500000000000004,1.0392090064620356
3737,0.42500000000000004,1.0392090064620356
3738,0.42500000000000004,1.0392090064620356
3739,0.42500000000000004,1.0392090064620356
3740,0.42500000000000004,1.0392090064620356
3741,0.42500000000000004,1.0392090064620356
3742,0.42500000000000004,1.0392090064620356
3743,0.42500000000000004,1.0392090064620356
3744,0.42500000000000004,1.0392090064620356
3745,0.42500000000000004,1.0392090064620356
3746,0.42500000000000004,1.0392090064620356
3747,0.42500000000000004,1.0392090064620356
3748,0.42500000000000004,1.0392090064620356
3749,0.42500000000000004,1.0392090064620356
3750,0.42500000000000004,1.0392090064620356
3751,0.42500000000000004,1.0392090064620356
3752,0.42500000000000004,1.0392090064620356
3753,0.42500000000000004,1.0392090064620356
3754,0.42500000000000004,1.0392090064620356
3755,0.42500000000000004,1.0392090064620356
3756,0.42500000000000004,1.0392090064620356
3757,0.42500000000000004,1.0392090064620356
3758,0.42500000000000004,1.0392090064620356
3759,0.42500000000000004,1.0392090064620356
3760,0.42500000000000004,1.0392090064620356
3761,0.42500000000000004,1.0392090064620356
3762,0.42500000000000004,1.0392090064620356
3763,0.42500000000000004,1.0392090064620356
3764,0.42500000000000004,1.0392090064620356
3765,0.29,1.0392090064620356
3766,0.29,1.0392090064620356
3767,0.29,1.0392090064620356
3768,0.29,1.0392090064620356
3769,0.29,1.0392090064620356
3770,0.29,1.0392090064620356
3771,0.29,1.0392090064620356
3772,0.29,1.0392090064620356
3773,0.29,1.0392090064620356
3774,0.29,1.0392090064620356
3775,0.29,1.0392090064620356
3776,0.29,1.0392090064620356
3777,0.29,1.0392090064620356
3778,0.29,1.0392090064620356
3779,0.29,1.0392090064620356
3780,0.29,1.0392090064620356
3781,0.29,1.0392090064620356
3782,0.29,1.0392090064620356
3783,0.29,1.0392090064620356
3784,0.29,1.0392090064620356
3785,0.29,1.0392090064620356
3786,0.29,1.0392090064620356
3787,0.29,1.0392090064620356
3788,0.29,1.0392090064620356
3789,0.29,1.0392090064620356
3790,0.29,1.0392090064620356
3791,0.29,1.0392090064620356
3792,0.29,1.0392090064620356
3793,0.29,1.0392090064620356
3794,0.29,1.0392090064620356
3795,0.29,1.0392090064620356
3796,0.29,1.0392090064620356
3797,0.29,1.0392090064620356
3798,0.29,1.0392090064620356
3799,0.29,1.0392090064620356
3800,0.29,1.0392090064620356
3801,0.29,1.0392090064620356
3802,0.29,1.0392090064620356
3803,0.29,1.0392090064620356
3804,0.29,1.0392090064620356
3805,0.29,1.0392090064620356
3806,0.29,1.0392090064620356
3807,0.29,1.0392090064620356
3808,0.29,1.0392090064620356
3809,0.29,1.0392090064620356
3810,0.29,1.0392090064620356
3811,0.29,1.0392090064620356
3812,0.29,1.0392090064620356
3813,0.29,1.0392090064620356
3814,0.29,1.0392090064620356
3815,0.29,1.0392090064620356
3816,0.29,1.0392090064620356
3817,0.29,1.0392090064620356
3818,0.29,1.0392090064620356
3819,0.29,1.0392090064620356
3820,0.29,1.0392090064620356
3821,0.29,1.0392090064620356
3822,0.29,1.0392090064620356
3823,0.29,1.0392090064620356
3824,0.29,1.0392090064620356
3825,0.29,1.0392090064620356
3826,0.29,1.0392090064620356
3827,0.29,1.0392090064620356
3828,0.29,1.0392090064620356
3829,0.29,1.0392090064620356
3830,0.29,1.0392090064620356
3831,0.29,1.0392090064620356
3832,0.29,1.0392090064620356
3833,0.29,1.0392090064620356
3834,0.29,1.0392090064620356
3835,0.29,1.0392090064620356
3836,0.29,1.0392090064620356
3837,0.29,1.0392090064620356
3838,0.29,1.0392090064620356
3839,0.29,1.0392090064620356
3840,0.29,1.0392090064620356
3841,0.29,1.0392090064620356
3842,0.29,1.0392090064620356
3843,0.29,1.0392090064620356
3844,0.29,1.0392090064620356
3845,0.29,1.0392090064620356
3846,0.29,1.0392090064620356
3847,0.29,1.0392090064620356
3848,0.29,1.0392090064620356
3849,0.29,1.0392090064620356
3850,0.29,1.0392090064620356
3851,0.29,1.0392090064620356
3852,0.29,1.0392090064620356
3853,0.29,1.0392090064620356
3854,0.29,1.0392090064620356
3855,0.29,1.0392090064620356
3856,0.29,1.0392090064620356
3857,0.29,1.0392090064620356
3858,0.29,1.0392090064620356
3859,0.29,1.0392090064620356
3860,0.29,1.0392090064620356
3861,0.29,1.0392090064620356
3862,0.29,1.0392090064620356
3863,0.29,1.0392090064620356
3864,0.29,1.0392090064620356
3865,0.29,1.0392090064620356
3866,0.29,1.0392090064620356
3867,0.29,1.0392090064620356
3868,0.29,1.0392090064620356
3869,0.29,1.0392090064620356
3870,0.29,1.0392090064620356
3871,0.29,1.0392090064620356
3872,0.29,1.0392090064620356
3873,0.29,1.0392090064620356
3874,0.29,1.0392090064620356
3875,0.29,1.0392090064620356
3876,0.29,1.0392090064620356
3877,0.29,1.0392090064620356
3878,0.29,1.0392090064620356
3879,0.29,1.0392090064620356
3880,0.29,1.0392090064620356
3881,0.29,1.0392090064620356
3882,0.29,1.0392090064620356
3883,0.29,1.0392090064620356
3884,0.29,1.0392090064620356
3885,0.29,1.0392090064620356
3886,0.29,1.0392090064620356
3887,0.29,1.0392090064620356
3888,0.29,1.0392090064620356
3889,0.29,1.0392090064620356
3890,0.29,1.0392090064620356
3891,0.29,1.0392090064620356
3892,0.29,1.0392090064620356
3893,0.29,1.0392090064620356
3894,0.29,1.0392090064620356
3895,0.29,1.0392090064620356
3896,0.29,1.0392090064620356
3897,0.29,1.0392090064620356
3898,0.29,1.0392090064620356
3899,0.29,1.0392090064620356
3900,0.29,1.0392090064620356
3901,0.29,1.0392090064620356
3902,0.29,1.0392090064620356
3903,0.29,1.0392090064620356
3904,0.29,1.0392090064620356
3905,0.29,1.0392090064620356
3906,0.29,1.0392090064620356
3907,0.29,1.0392090064620356
3908,0.29,1.0392090064620356
3909,0.29,1.0392090064620356
3910,0.29,1.0392090064620356
3911,0.29,1.0392090064620356
3912,0.29,1.0392090064620356
3913,0.29,1.0392090064620356
3914,0.29,1.0392090064620356
3915,0.29,1.0392090064620356
3916,0.29,1.0392090064620356
3917,0.29,1.0392090064620356
3918,0.29,1.0392090064620356
3919,0.29,1.0392090064620356
3920,0.29,1.0392090064620356
3921,0.29,1.0392090064620356
3922,0.29,1.0392090064620356
3923,0.29,1.0392090064620356
3924,0.29,1.0392090064620356
3925,0.29,1.0392090064620356
3926,0.29,1.0392090064620356
3927,0.29,1.0392090064620356
3928,0.29,1.0392090064620356
3929,0.29,1.0392090064620356
3930,0.29,1.0392090064620356
3931,0.29,1.0392090064620356
3932,0.29,1.0392090064620356
3933,0.29,1.0392090064620356
3934,0.29,1.0392090064620356
3935,0.29,1.0392090064620356
3936,0.29,1.0392090064620356
3937,0.29,1.0392090064620356
3938,0.29,1.0392090064620356
3939,0.29,1.0392090064620356
3940,0.29,1.0392090064620356
3941,0.29,1.0392090064620356
3942,0.29,1.0392090064620356
3943,0.29,1.0392090064620356
3944,0.29,1.0392090064620356
3945,0.29,1.0392090064620356
3946,0.29,1.0392090064620356
3947,0.29,1.0392090064620356
3948,0.29,1.0392090064620356
3949,0.29,1.0392090064620356
3950,0.29,1.0392090064620356
3951,0.29,1.0392090064620356
3952,0.29,1.0392090064620356
3953,0.29,1.0392090064620356
3954,0.29,1.0392090064620356
3955,0.29,1.0392090064620356
3956,0.29,1.0392090064620356
3957,0.29,1.0392090064620356
3958,0.29,1.0392090064620356
3959,0.29,1.0392090064620356
3960,0.29,1.0392090064620356
3961,0.29,1.0392090064620356
3962,0.29,1.0392090064620356
3963,0.29,1.0392090064620356
3964,0.29,1.0392090064620356
3965,0.29,1.0392090064620356
3966,0.29,1.0392090064620356
3967,0.29,1.0392090064620356
3968,0.29,1.0392090064620356
3969,0.29,1.0392090064620356
3970,0.29,1.0392090064620356
3971,0.29,1.0392090064620356
3972,0.29,1.0392090064620356
3973,0.29,1.0392090064620356
3974,0.29,1.0392090064620356
3975,0.29,1.0392090064620356
3976,0.29,1.0392090064620356
3977,0.29,1.0392090064620356
3978,0.29,1.0392090064620356
3979,0.29,1.0392090064620356
3980,0.29,1.0392090064620356
3981,0.29,1.0392090064620356
3982,0.29,1.0392090064620356
3983,0.29,1.0392090064620356
3984,0.29,1.0392090064620356
3985,0.29,1.0392090064620356
3986,0.29,1.0392090064620356
3987,0.29,1.0392090064620356
3988,0.29,1.0392090064620356
3989,0.29,1.0392090064620356
3990,0.29,1.0392090064620356
3991,0.29,1.0392090064620356
3992,0.29,1.0392090064620356
3993,0.29,1.0392090064620356
3994,0.29,1.0392090064620356
3995,0.29,1.0392090064620356
3996,0.29,1.0392090064620356
3997,0.29,1.0392090064620356
3998,0.29,1.0392090064620356
3999,0.29,1.0392090064620356
4000,0.29,1.0392090064620356
4001,0.29,1.0392090064620356
4002,0.29,1.0392090064620356
4003,0.29,1.0392090064620356
4004,0.29,1.0392090064620356
4005,0.29,1.0392090064620356
4006,0.29,1.0392090064620356
4007,0.29,1.0392090064620356
4008,0.29,1.0392090064620356
4009,0.29,1.0392090064620356
4010,0.29,1.0392090064620356
4011,0.29,1.0392090064620356
4012,0.29,1.0392090064620356
4013,0.29,1.0392090064620356
4014,0.29,1.0392090064620356
4015,0.29,1.0392090064620356
4016,0.29,1.0392090064620356
4017,0.29,1.0392090064620356
4018,0.29,1.0392090064620356
4019,0.29,1.0392090064620356
4020,0.29,1.0392090064620356
4021,0.29,1.0392090064620356
4022,0.29,1.0392090064620356
4023,0.29,1.0392090064620356
4024,0.29,1.0392090064620356
4025,0.29,1.0392090064620356
4026,0.29,1.0392090064620356
4027,0.29,1.0392090064620356
4028,0.29,1.0392090064620356
4029,0.29,1.0392090064620356
4030,0.29,1.0392090064620356
4031,0.29,1.0392090064620356
4032,0.29,1.0392090064620356
4033,0.29,1.0392090064620356
4034,0.29,1.0392090064620356
4035,0.29,1.0392090064620356
4036,0.29,1.0392090064620356
4037,0.29,1.0392090064620356
4038,0.29,1.0392090064620356
4039,0.29,1.0392090064620356
4040,0.29,1.0392090064620356
4041,0.29,1.0392090064620356
4042,0.29,1.0392090064620356
4043,0.29,1.0392090064620356
4044,0.29,1.0392090064620356
4045,0.29,1.0392090064620356
4046,0.29,1.0392090064620356
4047,0.29,1.0392090064620356
4048,0.29,1.0392090064620356
4049,0.29,1.0392090064620356
4050,0.29,1.0392090064620356
4051,0.29,1.0392090064620356
4052,0.29,1.0392090064620356
4053,0.29,1.0392090064620356
4054,0.29,1.0392090064620356
4055,0.29,1.0392090064620356
4056,0.29,1.0392090064620356
4057,0.29,1.0392090064620356
4058,0.29,1.0392090064620356
4059,0.29,1.0392090064620356
4060,0.29,1.0392090064620356
4061,0.29,1.0392090064620356
4062,0.29,1.0392090064620356
4063,0.29,1.0392090064620356
4064,0.29,1.0392090064620356
4065,0.29,1.0392090064620356
4066,0.29,1.0392090064620356
4067,0.29,1.0392090064620356
4068,0.29,1.0392090064620356
4069,0.29,1.0392090064620356
4070,0.29,1.0392090064620356
4071,0.29,1.0392090064620356
4072,0.29,1.0392090064620356
4073,0.29,1.0392090064620356
4074,0.29,1.0392090064620356
4075,0.29,1.0392090064620356
4076,0.29,1.0392090064620356
4077,0.29,1.0392090064620356
4078,0.29,1.0392090064620356
4079,0.29,1.0392090064620356
4080,0.29,1.0392090064620356
4081,0.29,1.0392090064620356
4082,0.29,1.0392090064620356
4083,0.29,1.0392090064620356
4084,0.29,1.0392090064620356
4085,0.29,1.0392090064620356
4086,0.29,1.0392090064620356
4087,0.29,1.0392090064620356
4088,0.29,1.0392090064620356
4089,0.29,1.0392090064620356
4090,0.29,1.0392090064620356
4091,0.29,1.0392090064620356
4092,0.29,1.0392090064620356
4093,0.29,1.0392090064620356
4094,0.29,1.0392090064620356
4095,0.29,1.0392090064620356
4096,0.29,1.0392090064620356
4097,0.29,1.0392090064620356
4098,0.29,1.0392090064620356
4099,0.29,1.0392090064620356
4100,0.29,1.0392090064620356
4101,0.29,1.0392090064620356
4102,0.29,1.0392090064620356
4103,0.29,1.0392090064620356
4104,0.29,1.0392090064620356
4105,0.29,1.0392090064620356
4106,0.29,1.0392090064620356
4107,0.29,1.0392090064620356
4108,0.29,1.0392090064620356
4109,0.29,1.0392090064620356
4110,0.29,1.0392090064620356
4111,0.29,1.0392090064620356
4112,0.29,1.0392090064620356
4113,0.29,1.0392090064620356
4114,0.29,1.0392090064620356
4115,0.29,1.0392090064620356
4116,0.29,1.0392090064620356
4117,0.29,1.0392090064620356
4118,0.29,1.0392090064620356
4119,0.29,1.0392090064620356
4120,0.29,1.0392090064620356
4121,0.29,1.0392090064620356
4122,0.29,1.0392090064620356
4123,0.29,1.0392090064620356
4124,0.29,1.0392090064620356
4125,0.29,1.0392090064620356
4126,0.29,1.0392090064620356
4127,0.29,1.0392090064620356
4128,0.29,1.0392090064620356
4129,0.29,1.0392090064620356
4130,0.29,1.0392090064620356
4131,0.29,1.0392090064620356
4132,0.29,1.0392090064620356
4133,0.29,1.0392090064620356
4134,0.29,1.0392090064620356
4135,0.29,1.0392090064620356
4136,0.29,1.0392090064620356
4137,0.29,1.0392090064620356
4138,0.29,1.0392090064620356
4139,0.29,1.0392090064620356
4140,0.29,1.0392090064620356
4141,0.29,1.0392090064620356
4142,0.29,1.0392090064620356
4143,0.29,1.0392090064620356
4144,0.29,1.0392090064620356
4145,0.29,1.0392090064620356
4146,0.29,1.0392090064620356
4147,0.29,1.0392090064620356
4148,0.29,1.0392090064620356
4149,0.29,1.0392090064620356
4150,0.29,1.0392090064620356
4151,0.29,1.0392090064620356
4152,0.29,1.0392090064620356
4153,0.29,1.0392090064620356
4154,0.29,1.0392090064620356
4155,0.29,1.0392090064620356
4156,0.29,1.0392090064620356
4157,0.29,1.0392090064620356
4158,0.29,1.0392090064620356
4159,0.29,1.0392090064620356
4160,0.29,1.0392090064620356
4161,0.29,1.0392090064620356
4162,0.29,1.0392090064620356
4163,0.29,1.0392090064620356
4164,0.29,1.0392090064620356
4165,0.29,1.0392090064620356
4166,0.29,1.0392090064620356
4167,0.29,1.0392090064620356
4168,0.29,1.0392090064620356
4169,0.29,1.0392090064620356
4170,0.29,1.0392090064620356
4171,0.29,1.0392090064620356
4172,0.29,1.0392090064620356
4173,0.29,1.0392090064620356
4174,0.29,1.0392090064620356
4175,0.29,1.0392090064620356
4176,0.29,1.0392090064620356
4177,0.29,1.0392090064620356
4178,0.29,1.0392090064620356
4179,0.29,1.0392090064620356
4180,0.29,1.0392090064620356
4181,0.29,1.0392090064620356
4182,0.29,1.0392090064620356
4183,0.29,1.0392090064620356
4184,0.29,1.0392090064620356
4185,0.29,1.0392090064620356
4186,0.29,1.0392090064620356
4187,0.29,1.0392090064620356
4188,0.29,1.0392090064620356
4189,0.29,1.0392090064620356
4190,0.29,1.0392090064620356
4191,0.29,1.0392090064620356
4192,0.29,1.0392090064620356
4193,0.29,1.0392090064620356
4194,0.29,1.0392090064620356
4195,0.29,1.0392090064620356
4196,0.29,1.0392090064620356
4197,0.29,1.0392090064620356
4198,0.29,1.0392090064620356
4199,0.29,1.0392090064620356
4200,0.29,1.0392090064620356
4201,0.29,1.0392090064620356
4202,0.29,1.0392090064620356
4203,0.29,1.0392090064620356
4204,0.29,1.0392090064620356
4205,0.29,1.0392090064620356
4206,0.29,1.0392090064620356
4207,0.29,1.0392090064620356
4208,0.29,1.0392090064620356
4209,0.29,1.0392090064620356
4210,0.29,1.0392090064620356
4211,0.29,1.0392090064620356
4212,0.29,1.0392090064620356
4213,0.29,1.0392090064620356
4214,0.29,1.0392090064620356
4215,0.29,1.0392090064620356
4216,0.29,1.0392090064620356
4217,0.29,1.0392090064620356
4218,0.29,1.0392090064620356
4219,0.29,1.0392090064620356
4220,0.29,1.0392090064620356
4221,0.29,1.0392090064620356
4222,0.29,1.0392090064620356
4223,0.29,1.0392090064620356
4224,0.29,1.0392090064620356
4225,0.29,1.0392090064620356
4226,0.29,1.0392090064620356
4227,0.29,1.0392090064620356
4228,0.29,1.0392090064620356
4229,0.29,1.0392090064620356
4230,0.29,1.0392090064620356
4231,0.29,1.0392090064620356
4232,0.29,1.0392090064620356
4233,0.29,1.0392090064620356
4234,0.29,1.0392090064620356
4235,0.29,1.0392090064620356
4236,0.29,1.0392090064620356
4237,0.29,1.0392090064620356
4238,0.29,1.0392090064620356
4239,0.29,1.0392090064620356
4240,0.29,1.0392090064620356
4241,0.29,1.0392090064620356
4242,0.29,1.0392090064620356
4243,0.29,1.0392090064620356
4244,0.29,1.0392090064620356
4245,0.29,1.0392090064620356
4246,0.29,1.0392090064620356
4247,0.29,1.0392090064620356
4248,0.29,1.0392090064620356
4249,0.29,1.0392090064620356
4250,0.29,1.0392090064620356
4251,0.29,1.0392090064620356
4252,0.29,1.0392090064620356
4253,0.29,1.0392090064620356
4254,0.29,1.0392090064620356
4255,0.29,1.0392090064620356
4256,0.29,1.0392090064620356
4257,0.29,1.0392090064620356
4258,0.29,1.0392090064620356
4259,0.29,1.0392090064620356
4260,0.29,1.0392090064620356
4261,0.29,1.0392090064620356
4262,0.29,1.0392090064620356
4263,0.29,1.0392090064620356
4264,0.29,1.0392090064620356
4265,0.29,1.0392090064620356
4266,0.29,1.0392090064620356
4267,0.29,1.0392090064620356
4268,0.29,1.0392090064620356
4269,0.29,1.0392090064620356
4270,0.29,1.0392090064620356
4271,0.29,1.0392090064620356
4272,0.29,1.0392090064620356
4273,0.29,1.0392090064620356
4274,0.29,1.0392090064620356
4275,0.29,1.0392090064620356
4276,0.29,1.0392090064620356
4277,0.29,1.0392090064620356
4278,0.29,1.0392090064620356
4279,0.29,1.0392090064620356
4280,0.29,1.0392090064620356
4281,0.29,1.0392090064620356
4282,0.29,1.0392090064620356
4283,0.29,1.0392090064620356
4284,0.29,1.0392090064620356
4285,0.29,1.0392090064620356
4286,0.29,1.0392090064620356
4287,0.29,1.0392090064620356
4288,0.29,1.0392090064620356
4289,0.29,1.0392090064620356
4290,0.29,1.0392090064620356
4291,0.29,1.0392090064620356
4292,0.29,1.0392090064620356
4293,0.29,1.0392090064620356
4294,0.29,1.0392090064620356
4295,0.29,1.0392090064620356
4296,0.29,1.0392090064620356
4297,0.29,1.0392090064620356
4298,0.29,1.0392090064620356
4299,0.29,1.0392090064620356
4300,0.29,1.0392090064620356
4301,0.29,1.0392090064620356
4302,0.29,1.0392090064620356
4303,0.29,1.0392090064620356
4304,0.29,1.0392090064620356
4305,0.29,1.0392090064620356
4306,0.29,1.0392090064620356
4307,0.29,1.0392090064620356
4308,0.29,1.0392090064620356
4309,0.29,1.0392090064620356
4310,0.29,1.0392090064620356
4311,0.29,1.0392090064620356
4312,0.29,1.0392090064620356
4313,0.29,1.0392090064620356
4314,0.29,1.0392090064620356
4315,0.29,1.0392090064620356
4316,0.29,1.0392090064620356
4317,0.29,1.0392090064620356
4318,0.29,1.0392090064620356
4319,0.29,1.0392090064620356
4320,0.29,1.0392090064620356
4321,0.29,1.0392090064620356
4322,0.29,1.0392090064620356
4323,0.29,1.0392090064620356
4324,0.29,1.0392090064620356
4325,0.29,1.0392090064620356
4326,0.29,1.0392090064620356
4327,0.29,1.0392090064620356
4328,0.29,1.0392090064620356
4329,0.29,1.0392090064620356
4330,0.29,1.0392090064620356
4331,0.29,1.0392090064620356
4332,0.29,1.0392090064620356
4333,0.29,1.0392090064620356
4334,0.29,1.0392090064620356
4335,0.29,1.0392090064620356
4336,0.29,1.0392090064620356
4337,0.29,1.0392090064620356
4338,0.29,1.0392090064620356
4339,0.29,1.0392090064620356
4340,0.29,1.0392090064620356
4341,0.29,1.0392090064620356
4342,0.29,1.0392090064620356
4343,0.29,1.0392090064620356
4344,0.29,1.0392090064620356
4345,0.29,1.0392090064620356
4346,0.29,1.0392090064620356
4347,0.29,1.0392090064620356
4348,0.29,1.0392090064620356
4349,0.29,1.0392090064620356
4350,0.29,1.0392090064620356
4351,0.29,1.0392090064620356
4352,0.29,1.0392090064620356
4353,0.29,1.0392090064620356
4354,0.29,1.0392090064620356
4355,0.29,1.0392090064620356
4356,0.29,1.0392090064620356
4357,0.29,1.0392090064620356
4358,0.29,1.0392090064620356
4359,0.29,1.0392090064620356
4360,0.29,1.0392090064620356
4361,0.29,1.0392090064620356
4362,0.29,1.0392090064620356
4363,0.29,1.0392090064620356
4364,0.29,1.0392090064620356
4365,0.29,1.0392090064620356
4366,0.29,1.0392090064620356
4367,0.29,1.0392090064620356
4368,0.29,1.0392090064620356
4369,0.29,1.0392090064620356
4370,0.29,1.0392090064620356
4371,0.29,1.0392090064620356
4372,0.29,1.0392090064620356
4373,0.29,1.0392090064620356
4374,0.29,1.0392090064620356
4375,0.29,1.0392090064620356
4376,0.29,1.0392090064620356
4377,0.29,1.0392090064620356
4378,0.29,1.0392090064620356
4379,0.29,1.0392090064620356
4380,0.29,1.0392090064620356
4381,0.29,1.0392090064620356
4382,0.29,1.0392090064620356
4383,0.29,1.0392090064620356
4384,0.29,1.0392090064620356
4385,0.29,1.0392090064620356
4386,0.29,1.0392090064620356
4387,0.29,1.0392090064620356
4388,0.29,1.0392090064620356
4389,0.29,1.0392090064620356
4390,0.29,1.0392090064620356
4391,0.29,1.0392090064620356
4392,0.29,1.0392090064620356
4393,0.29,1.0392090064620356
4394,0.29,1.0392090064620356
4395,0.29,1.0392090064620356
4396,0.29,1.0392090064620356
4397,0.29,1.0392090064620356
4398,0.29,1.0392090064620356
4399,0.29,1.0392090064620356
4400,0.29,1.0392090064620356
4401,0.29,1.0392090064620356
4402,0.29,1.0392090064620356
4403,0.29,1.0392090064620356
4404,0.29,1.0392090064620356
4405,0.29,1.0392090064620356
4406,0.29,1.0392090064620356
4407,0.29,1.0392090064620356
4408,0.29,1.0392090064620356
4409,0.29,1.0392090064620356
4410,0.29,1.0392090064620356
4411,0.29,1.0392090064620356
4412,0.29,1.0392090064620356
4413,0.29,1.0392090064620356
4414,0.29,1.0392090064620356
4415,0.29,1.0392090064620356
4416,0.29,1.0392090064620356
4417,0.29,1.0392090064620356
4418,0.29,1.0392090064620356
4419,0.29,1.0392090064620356
4420,0.29,1.0392090064620356
4421,0.29,1.0392090064620356
4422,0.29,1.0392090064620356
4423,0.29,1.0392090064620356
4424,0.29,1.0392090064620356
4425,0.29,1.0392090064620356
4426,0.29,1.0392090064620356
4427,0.29,1.0392090064620356
4428,0.29,1.0392090064620356
4429,0.29,1.0392090064620356
4430,0.29,1.0392090064620356
4431,0.29,1.0392090064620356
4432,0.29,1.0392090064620356
4433,0.29,1.0392090064620356
4434,0.29,1.0392090064620356
4435,0.29,1.0392090064620356
4436,0.29,1.0392090064620356
4437,0.29,1.0392090064620356
4438,0.29,1.0392090064620356
4439,0.29,1.0392090064620356
4440,0.29,1.0392090064620356
4441,0.29,1.0392090064620356
4442,0.29,1.0392090064620356
4443,0.29,1.0392090064620356
4444,0.29,1.0392090064620356
4445,0.29,1.0392090064620356
4446,0.29,1.0392090064620356
4447,0.29,1.0392090064620356
4448,0.29,1.0392090064620356
4449,0.29,1.0392090064620356
4450,0.29,1.0392090064620356
4451,0.29,1.0392090064620356
4452,0.29,1.0392090064620356
4453,0.29,1.0392090064620356
4454,0.29,1.0392090064620356
4455,0.29,1.0392090064620356
4456,0.28,1.0392090064620356
4457,0.145,1.0392090064620356
4458,0.145,1.0392090064620356
4459,0.145,1.0392090064620356
4460,0.145,1.0392090064620356
4461,0.145,1.0392090064620356
4462,0.145,1.0392090064620356
4463,0.145,1.0392090064620356
4464,0.145,1.0392090064620356
4465,0.145,1.0392090064620356
4466,0.145,1.0392090064620356
4467,0.145,1.0392090064620356
4468,0.145,1.0392090064620356
4469,0.145,1.0392090064620356
4470,0.145,1.0392090064620356
4471,0.145,1.0392090064620356
4472,0.145,1.0392090064620356
4473,0.145,1.0392090064620356
4474,0.145,1.0392090064620356
4475,0.145,1.0392090064620356
4476,0.145,1.0392090064620356
4477,0.145,1.0392090064620356
4478,0.145,1.0392090064620356
4479,0.145,1.0392090064620356
4480,0.145,1.0392090064620356
4481,0.145,1.0392090064620356
4482,0.145,1.0392090064620356
4483,0.145,1.0392090064620356
4484,0.145,1.0392090064620356
4485,0.145,1.0392090064620356
4486,0.145,1.0392090064620356
4487,0.145,1.0392090064620356
4488,0.145,1.0392090064620356
4489,0.145,1.0392090064620356
4490,0.145,1.0392090064620356
4491,0.145,1.0392090064620356
4492,0.145,1.0392090064620356
4493,0.145,1.0392090064620356
4494,0.145,1.0392090064620356
4495,0.145,1.0392090064620356
4496,0.145,1.0392090064620356
4497,0.145,1.0392090064620356
4498,0.145,1.0392090064620356
4499,0.145,1.0392090064620356
4500,0.145,1.0392090064620356
4501,0.145,1.0392090064620356
4502,0.145,1.0392090064620356
4503,0.145,1.0392090064620356
4504,0.145,1.0392090064620356
4505,0.145,1.0392090064620356
4506,0.145,1.0392090064620356
4507,0.145,1.0392090064620356
4508,0.145,1.0392090064620356
4509,0.145,1.0392090064620356
4510,0.145,1.0392090064620356
4511,0.145,1.0392090064620356
4512,0.145,1.0392090064620356
4513,0.145,1.0392090064620356
4514,0.145,1.0392090064620356
4515,0.145,1.0392090064620356
4516,0.145,1.0392090064620356
4517,0.145,1.0392090064620356
4518,0.145,1.0392090064620356
4519,0.145,1.0392090064620356
4520,0.145,1.0392090064620356
4521,0.145,1.0392090064620356
4522,0.145,1.0392090064620356
4523,0.145,1.0392090064620356
4524,0.145,1.0392090064620356
4525,0.145,1.0392090064620356
4526,0.145,1.0392090064620356
4527,0.145,1.0392090064620356
4528,0.145,1.0392090064620356
4529,0.145,1.0392090064620356
4530,0.145,1.0392090064620356
4531,0.145,1.0392090064620356
4532,0.145,1.0392090064620356
4533,0.145,1.0392090064620356
4534,0.145,1.0392090064620356
4535,0.145,1.0392090064620356
4536,0.145,1.0392090064620356
4537,0.145,1.0392090064620356
4538,0.145,1.0392090064620356
4539,0.145,1.0392090064620356
4540,0.145,1.0392090064620356
4541,0.145,1.0392090064620356
4542,0.145,1.0392090064620356
4543,0.145,1.0392090064620356
4544,0.145,1.0392090064620356
4545,0.145,1.0392090064620356
4546,0.145,1.0392090064620356
4547,0.145,1.0392090064620356
4548,0.145,1.0392090064620356
4549,0.145,1.0392090064620356
4550,0.145,1.0392090064620356
4551,0.145,1.0392090064620356
4552,0.145,1.0392090064620356
4553,0.145,1.0392090064620356
4554,0.145,1.0392090064620356
4555,0.145,1.0392090064620356
4556,0.145,1.0392090064620356
4557,0.145,1.0392090064620356
4558,0.145,1.0392090064620356
4559,0.145,1.0392090064620356
4560,0.145,1.0392090064620356
4561,0.145,1.0392090064620356
4562,0.145,1.0392090064620356
4563,0.145,1.0392090064620356
4564,0.145,1.0392090064620356
4565,0.145,1.0392090064620356
4566,0.145,1.0392090064620356
4567,0.145,1.0392090064620356
4568,0.145,1.0392090064620356
4569,0.145,1.0392090064620356
4570,0.145,1.0392090064620356
4571,0.145,1.0392090064620356
4572,0.145,1.0392090064620356
4573,0.145,1.0392090064620356
4574,0.145,1.0392090064620356
4575,0.145,1.0392090064620356
4576,0.145,1.0392090064620356
4577,0.145,1.0392090064620356
4578,0.145,1.0392090064620356
4579,0.145,1.0392090064620356
4580,0.145,1.0392090064620356
4581,0.145,1.0392090064620356
4582,0.145,1.0392090064620356
4583,0.145,1.0392090064620356
4584,0.145,1.0392090064620356
4585,0.145,1.0392090064620356
4586,0.145,1.0392090064620356
4587,0.145,1.0392090064620356
4588,0.145,1.0392090064620356
4589,0.145,1.0392090064620356
4590,0.145,1.0392090064620356
4591,0.145,1.0392090064620356
4592,0.145,1.0392090064620356
4593,0.145,1.0392090064620356
4594,0.145,1.0392090064620356
4595,0.145,1.0392090064620356
4596,0.145,1.0392090064620356
4597,0.145,1.0392090064620356
4598,0.145,1.0392090064620356
4599,0.145,1.0392090064620356
4600,0.145,1.0392090064620356
4601,0.145,1.0392090064620356
4602,0.145,1.0392090064620356
4603,0.145,1.0392090064620356
4604,0.145,1.0392090064620356
4605,0.145,1.0392090064620356
4606,0.145,1.0392090064620356
4607,0.145,1.0392090064620356
4608,0.145,1.0392090064620356
4609,0.145,1.0392090064620356
4610,0.145,1.0392090064620356
4611,0.145,1.0392090064620356
4612,0.145,1.0392090064620356
4613,0.145,1.0392090064620356
4614,0.145,1.0392090064620356
4615,0.145,1.0392090064620356
4616,0.145,1.0392090064620356
4617,0.145,1.0392090064620356
4618,0.145,1.0392090064620356
4619,0.145,1.0392090064620356
4620,0.145,1.0392090064620356
4621,0.145,1.0392090064620356
4622,0.145,1.0392090064620356
4623,0.145,1.0392090064620356
4624,0.145,1.0392090064620356
4625,0.145,1.0392090064620356
4626,0.145,1.0392090064620356
4627,0.145,1.0392090064620356
4628,0.145,1.0392090064620356
4629,0.145,1.0392090064620356
4630,0.145,1.0392090064620356
4631,0.145,1.0392090064620356
4632,0.145,1.0392090064620356
4633,0.145,1.0392090064620356
4634,0.145,1.0392090064620356
4635,0.145,1.0392090064620356
4636,0.145,1.0392090064620356
4637,0.145,1.0392090064620356
4638,0.145,1.0392090064620356
4639,0.145,1.0392090064620356
4640,0.145,1.0392090064620356
4641,0.145,1.0392090064620356
4642,0.145,1.0392090064620356
4643,0.145,1.0392090064620356
4644,0.145,1.0392090064620356
4645,0.145,1.0392090064620356
4646,0.145,1.0392090064620356
4647,0.145,1.0392090064620356
4648,0.145,1.0392090064620356
4649,0.145,1.0392090064620356
4650,0.145,1.0392090064620356
4651,0.145,1.0392090064620356
4652,0.145,1.0392090064620356
4653,0.145,1.0392090064620356
4654,0.145,1.0392090064620356
4655,0.145,1.0392090064620356
4656,0.145,1.0392090064620356
4657,0.145,1.0392090064620356
4658,0.145,1.0392090064620356
4659,0.145,1.0392090064620356
4660,0.145,1.0392090064620356
4661,0.145,1.0392090064620356
4662,0.145,1.0392090064620356
4663,0.145,1.0392090064620356
4664,0.145,1.0392090064620356
4665,0.145,1.0392090064620356
4666,0.145,1.0392090064620356
4667,0.145,1.0392090064620356
4668,0.145,1.0392090064620356
4669,0.145,1.0392090064620356
4670,0.145,1.0392090064620356
4671,0.145,1.0392090064620356
4672,0.145,1.0392090064620356
4673,0.145,1.0392090064620356
4674,0.145,1.0392090064620356
4675,0.145,1.0392090064620356
4676,0.145,1.0392090064620356
4677,0.145,1.0392090064620356
4678,0.145,1.0392090064620356
4679,0.145,1.0392090064620356
4680,0.145,1.0392090064620356
4681,0.145,1.0392090064620356
4682,0.145,1.0392090064620356
4683,0.145,1.0392090064620356
4684,0.145,1.0392090064620356
4685,0.145,1.0392090064620356
4686,0.145,1.0392090064620356
4687,0.145,1.0392090064620356
4688,0.145,1.0392090064620356
4689,0.145,1.0392090064620356
4690,0.145,1.0392090064620356
4691,0.145,1.0392090064620356
4692,0.145,1.0392090064620356
4693,0.145,1.0392090064620356
4694,0.145,1.0392090064620356
4695,0.145,1.0392090064620356
4696,0.145,1.0392090064620356
4697,0.145,1.0392090064620356
4698,0.145,1.0392090064620356
4699,0.145,1.0392090064620356
4700,0.145,1.0392090064620356
4701,0.145,1.0392090064620356
4702,0.145,1.0392090064620356
4703,0.145,1.0392090064620356
4704,0.145,1.0392090064620356
4705,0.145,1.0392090064620356
4706,0.145,1.0392090064620356
4707,0.145,1.0392090064620356
4708,0.145,1.0392090064620356
4709,0.145,1.0392090064620356
4710,0.145,1.0392090064620356
4711,0.145,1.0392090064620356
4712,0.145,1.0392090064620356
4713,0.145,1.0392090064620356
4714,0.145,1.0392090064620356
4715,0.145,1.0392090064620356
4716,0.145,1.0392090064620356
4717,0.145,1.0392090064620356
4718,0.145,1.0392090064620356
4719,0.145,1.0392090064620356
4720,0.145,1.0392090064620356
4721,0.145,1.0392090064620356
4722,0.145,1.0392090064620356
4723,0.145,1.0392090064620356
4724,0.145,1.0392090064620356
4725,0.145,1.0392090064620356
4726,0.145,1.0392090064620356
4727,0.145,1.0392090064620356
4728,0.145,1.0392090064620356
4729,0.145,1.0392090064620356
4730,0.145,1.0392090064620356
4731,0.145,1.0392090064620356
4732,0.145,1.0392090064620356
4733,0.145,1.0392090064620356
4734,0.145,1.0392090064620356
4735,0.145,1.0392090064620356
4736,0.145,1.0392090064620356
4737,0.145,1.0392090064620356
4738,0.145,1.0392090064620356
4739,0.145,1.0392090064620356
4740,0.145,1.0392090064620356
4741,0.145,1.0392090064620356
4742,0.145,1.0392090064620356
4743,0.145,1.0392090064620356
4744,0.145,1.0392090064620356
4745,0.145,1.0392090064620356
4746,0.145,1.0392090064620356
4747,0.145,1.0392090064620356
4748,0.145,1.0392090064620356
4749,0.145,1.0392090064620356
4750,0.145,1.0392090064620356
4751,0.145,1.0392090064620356
4752,0.145,1.0392090064620356
4753,0.145,1.0392090064620356
4754,0.145,1.0392090064620356
4755,0.145,1.0392090064620356
4756,0.145,1.0392090064620356
4757,0.145,1.0392090064620356
4758,0.145,1.0392090064620356
4759,0.145,1.0392090064620356
4760,0.145,1.0392090064620356
4761,0.145,1.0392090064620356
4762,0.145,1.0392090064620356
4763,0.145,1.0392090064620356
4764,0.145,1.0392090064620356
4765,0.145,1.0392090064620356
4766,0.145,1.0392090064620356
4767,0.145,1.0392090064620356
4768,0.145,1.0392090064620356
4769,0.145,1.0392090064620356
4770,0.145,1.0392090064620356
4771,0.145,1.0392090064620356
4772,0.145,1.0392090064620356
4773,0.145,1.0392090064620356
4774,0.145,1.0392090064620356
4775,0.145,1.0392090064620356
4776,0.145,1.0392090064620356
4777,0.145,1.0392090064620356
4778,0.145,1.0392090064620356
4779,0.145,1.0392090064620356
4780,0.145,1.0392090064620356
4781,0.145,1.0392090064620356
4782,0.145,1.0392090064620356
4783,0.145,1.0392090064620356
4784,0.145,1.0392090064620356
4785,0.145,1.0392090064620356
4786,0.145,1.0392090064620356
4787,0.145,1.0392090064620356
4788,0.145,1.0392090064620356
4789,0.145,1.0392090064620356
4790,0.145,1.0392090064620356
4791,0.145,1.0392090064620356
4792,0.145,1.0392090064620356
4793,0.145,1.0392090064620356
4794,0.145,1.0392090064620356
4795,0.145,1.0392090064620356
4796,0.145,1.0392090064620356
4797,0.145,1.0392090064620356
4798,0.145,1.0392090064620356
4799,0.145,1.0392090064620356
4800,0.145,1.0392090064620356
4801,0.145,1.0392090064620356
4802,0.145,1.0392090064620356
4803,0.145,1.0392090064620356
4804,0.145,1.0392090064620356
4805,0.145,1.0392090064620356
4806,0.145,1.0392090064620356
4807,0.145,1.0392090064620356
4808,0.145,1.0392090064620356
4809,0.145,1.0392090064620356
4810,0.145,1.0392090064620356
4811,0.145,1.0392090064620356
4812,0.145,1.0392090064620356
4813,0.145,1.0392090064620356
4814,0.145,1.0392090064620356
4815,0.145,1.0392090064620356
4816,0.145,1.0392090064620356
4817,0.145,1.0392090064620356
4818,0.145,1.0392090064620356
4819,0.145,1.0392090064620356
4820,0.145,1.0392090064620356
4821,0.145,1.0392090064620356
4822,0.145,1.0392090064620356
4823,0.145,1.0392090064620356
4824,0.145,1.0392090064620356
4825,0.145,1.0392090064620356
4826,0.145,1.0392090064620356
4827,0.145,1.0392090064620356
4828,0.145,1.0392090064620356
4829,0.145,1.0392090064620356
4830,0.145,1.0392090064620356
4831,0.145,1.0392090064620356
4832,0.145,1.0392090064620356
4833,0.145,1.0392090064620356
4834,0.145,1.0392090064620356
4835,0.145,1.0392090064620356
4836,0.145,1.0392090064620356
4837,0.145,1.0392090064620356
4838,0.145,1.0392090064620356
4839,0.145,1.0392090064620356
4840,0.145,1.0392090064620356
4841,0.145,1.0392090064620356
4842,0.145,1.0392090064620356
4843,0.145,1.0392090064620356
4844,0.145,1.0392090064620356
4845,0.145,1.0392090064620356
4846,0.145,1.0392090064620356
4847,0.145,1.0392090064620356
4848,0.145,1.0392090064620356
4849,0.145,1.0392090064620356
4850,0.145,1.0392090064620356
4851,0.145,1.0392090064620356
4852,0.145,1.0392090064620356
4853,0.145,1.0392090064620356
4854,0.145,1.0392090064620356
4855,0.145,1.0392090064620356
4856,0.145,1.0392090064620356
4857,0.145,1.0392090064620356
4858,0.145,1.0392090064620356
4859,0.145,1.0392090064620356
4860,0.145,1.0392090064620356
4861,0.145,1.0392090064620356
4862,0.145,1.0392090064620356
4863,0.145,1.0392090064620356
4864,0.145,1.0392090064620356
4865,0.145,1.0392090064620356
4866,0.145,1.0392090064620356
4867,0.145,1.0392090064620356
4868,0.145,1.0392090064620356
4869,0.145,1.0392090064620356
4870,0.145,1.0392090064620356
4871,0.145,1.0392090064620356
4872,0.145,1.0392090064620356
4873,0.145,1.0392090064620356
4874,0.145,1.0392090064620356
4875,0.145,1.0392090064620356
4876,0.145,1.0392090064620356
4877,0.145,1.0392090064620356
4878,0.145,1.0392090064620356
4879,0.145,1.0392090064620356
4880,0.145,1.0392090064620356
4881,0.145,1.0392090064620356
4882,0.145,1.0392090064620356
4883,0.145,1.0392090064620356
4884,0.145,1.0392090064620356
4885,0.145,1.0392090064620356
4886,0.145,1.0392090064620356
4887,0.145,1.0392090064620356
4888,0.145,1.0392090064620356
4889,0.145,1.0392090064620356
4890,0.145,1.0392090064620356
4891,0.145,1.0392090064620356
4892,0.145,1.0392090064620356
4893,0.145,1.0392090064620356
4894,0.145,1.0392090064620356
4895,0.145,1.0392090064620356
4896,0.145,1.0392090064620356
4897,0.145,1.0392090064620356
4898,0.145,1.0392090064620356
4899,0.145,1.0392090064620356
4900,0.145,1.0392090064620356
4901,0.145,1.0392090064620356
4902,0.145,1.0392090064620356
4903,0.145,1.0392090064620356
4904,0.145,1.0392090064620356
4905,0.145,1.0392090064620356
4906,0.145,1.0392090064620356
4907,0.145,1.0392090064620356
4908,0.145,1.0392090064620356
4909,0.145,1.0392090064620356
4910,0.145,1.0392090064620356
4911,0.145,1.0392090064620356
4912,0.145,1.0392090064620356
4913,0.145,1.0392090064620356
4914,0.145,1.0392090064620356
4915,0.145,1.0392090064620356
4916,0.145,1.0392090064620356
4917,0.145,1.0392090064620356
4918,0.145,1.0392090064620356
4919,0.145,1.0392090064620356
4920,0.145,1.0392090064620356
4921,0.145,1.0392090064620356
4922,0.145,1.0392090064620356
4923,0.145,1.0392090064620356
4924,0.145,1.0392090064620356
4925,0.145,1.0392090064620356
4926,0.145,1.0392090064620356
4927,0.145,1.0392090064620356
4928,0.145,1.0392090064620356
4929,0.145,1.0392090064620356
4930,0.145,1.0392090064620356
4931,0.145,1.0392090064620356
4932,0.145,1.0392090064620356
4933,0.145,1.0392090064620356
4934,0.145,1.0392090064620356
4935,0.145,1.0392090064620356
4936,0.145,1.0392090064620356
4937,0.145,1.0392090064620356
4938,0.145,1.0392090064620356
4939,0.145,1.0392090064620356
4940,0.145,1.0392090064620356
4941,0.145,1.0392090064620356
4942,0.145,1.0392090064620356
4943,0.145,1.0392090064620356
4944,0.145,1.0392090064620356
4945,0.145,1.0392090064620356
4946,0.145,1.0392090064620356
4947,0.145,1.0392090064620356
4948,0.145,1.0392090064620356
4949,0.145,1.0392090064620356
4950,0.145,1.0392090064620356
4951,0.135,1.0392090064620356
