Tick,TotalEnergy(kWh),AverageEnergy(kWh)
0,1.4820000000000004,1.0212515326361344
1,1.7740000000000002,1.0212515326361344
2,1.7740000000000002,1.0212515326361344
3,1.7740000000000002,1.0212515326361344
4,1.7740000000000002,1.0212515326361344
5,1.7740000000000002,1.0212515326361344
6,1.7740000000000002,1.0212515326361344
7,1.7740000000000002,1.0212515326361344
8,1.7740000000000002,1.0212515326361344
9,1.7740000000000002,1.0212515326361344
10,1.7740000000000002,1.0212515326361344
11,1.7740000000000002,1.0212515326361344
12,1.7740000000000002,1.0212515326361344
13,1.7740000000000002,1.0212515326361344
14,1.7740000000000002,1.0212515326361344
15,1.7740000000000002,1.0212515326361344
16,1.7740000000000002,1.0212515326361344
17,1.7740000000000002,1.0212515326361344
18,1.7740000000000002,1.0212515326361344
19,1.7740000000000002,1.0212515326361344
20,1.7740000000000002,1.0212515326361344
21,1.7740000000000002,1.0212515326361344
22,1.7740000000000002,1.0212515326361344
23,1.7740000000000002,1.0212515326361344
24,1.7740000000000002,1.0212515326361344
25,1.7740000000000002,1.0212515326361344
26,1.7740000000000002,1.0212515326361344
27,1.7740000000000002,1.0212515326361344
28,1.7740000000000002,1.0212515326361344
29,1.7740000000000002,1.0212515326361344
30,1.7740000000000002,1.0212515326361344
31,1.7740000000000002,1.0212515326361344
32,1.7740000000000002,1.0212515326361344
33,1.7740000000000002,1.0212515326361344
34,1.7740000000000002,1.0212515326361344
35,1.7740000000000002,1.0212515326361344
36,1.7740000000000002,1.0212515326361344
37,1.7740000000000002,1.0212515326361344
38,1.7740000000000002,1.0212515326361344
39,1.7740000000000002,1.0212515326361344
40,1.7740000000000002,1.0212515326361344
41,1.7740000000000002,1.0212515326361344
42,1.7740000000000002,1.0212515326361344
43,1.7740000000000002,1.0212515326361344
44,1.7740000000000002,1.0212515326361344
45,1.7740000000000002,1.0212515326361344
46,1.7740000000000002,1.0212515326361344
47,1.7740000000000002,1.0212515326361344
48,1.7740000000000002,1.0212515326361344
49,1.7740000000000002,1.0212515326361344
50,1.7740000000000002,1.0212515326361344
51,1.7740000000000002,1.0212515326361344
52,1.7740000000000002,1.0212515326361344
53,1.7740000000000002,1.0212515326361344
54,1.7740000000000002,1.0212515326361344
55,1.7740000000000002,1.0212515326361344
56,1.7740000000000002,1.0212515326361344
57,1.7740000000000002,1.0212515326361344
58,1.7740000000000002,1.0212515326361344
59,1.7740000000000002,1.0212515326361344
60,1.7740000000000002,1.0212515326361344
61,1.7740000000000002,1.0212515326361344
62,1.7740000000000002,1.0212515326361344
63,1.7740000000000002,1.0212515326361344
64,1.7740000000000002,1.0212515326361344
65,1.7740000000000002,1.0212515326361344
66,1.7740000000000002,1.0212515326361344
67,1.7740000000000002,1.0212515326361344
68,1.7740000000000002,1.0212515326361344
69,1.7740000000000002,1.0212515326361344
70,1.7740000000000002,1.0212515326361344
71,1.7740000000000002,1.0212515326361344
72,1.7740000000000002,1.0212515326361344
73,1.7740000000000002,1.0212515326361344
74,1.7740000000000002,1.0212515326361344
75,1.7740000000000002,1.0212515326361344
76,1.7740000000000002,1.0212515326361344
77,1.7740000000000002,1.0212515326361344
78,1.7740000000000002,1.0212515326361344
79,1.7740000000000002,1.0212515326361344
80,1.7740000000000002,1.0212515326361344
81,1.7740000000000002,1.0212515326361344
82,1.7740000000000002,1.0212515326361344
83,1.7740000000000002,1.0212515326361344
84,1.7740000000000002,1.0212515326361344
85,1.7740000000000002,1.0212515326361344
86,1.7740000000000002,1.0212515326361344
87,1.7740000000000002,1.0212515326361344
88,1.7740000000000002,1.0212515326361344
89,1.7740000000000002,1.0212515326361344
90,1.7740000000000002,1.0212515326361344
91,1.7740000000000002,1.0212515326361344
92,1.7740000000000002,1.0212515326361344
93,1.7740000000000002,1.0212515326361344
94,1.7740000000000002,1.0212515326361344
95,1.7740000000000002,1.0212515326361344
96,1.7740000000000002,1.0212515326361344
97,1.7740000000000002,1.0212515326361344
98,1.7740000000000002,1.0212515326361344
99,1.7640000000000002,1.0212515326361344
100,1.7740000000000002,1.0212515326361344
101,1.7740000000000002,1.0212515326361344
102,1.7740000000000002,1.0212515326361344
103,1.7740000000000002,1.0212515326361344
104,1.7740000000000002,1.0212515326361344
105,1.7740000000000002,1.0212515326361344
106,1.7740000000000002,1.0212515326361344
107,1.7740000000000002,1.0212515326361344
108,1.7740000000000002,1.0212515326361344
109,1.7740000000000002,1.0212515326361344
110,1.7740000000000002,1.0212515326361344
111,1.7740000000000002,1.0212515326361344
112,1.7740000000000002,1.0212515326361344
113,1.7740000000000002,1.0212515326361344
114,1.7740000000000002,1.0212515326361344
115,1.7740000000000002,1.0212515326361344
116,1.7740000000000002,1.0212515326361344
117,1.7740000000000002,1.0212515326361344
118,1.7740000000000002,1.0212515326361344
119,1.7740000000000002,1.0212515326361344
120,1.7740000000000002,1.0212515326361344
121,1.7740000000000002,1.0212515326361344
122,1.7740000000000002,1.0212515326361344
123,1.7740000000000002,1.0212515326361344
124,1.7740000000000002,1.0212515326361344
125,1.7740000000000002,1.0212515326361344
126,1.7740000000000002,1.0212515326361344
127,1.7740000000000002,1.0212515326361344
128,1.7740000000000002,1.0212515326361344
129,1.7740000000000002,1.0212515326361344
130,1.7740000000000002,1.0212515326361344
131,1.7740000000000002,1.0212515326361344
132,1.7740000000000002,1.0212515326361344
133,1.7740000000000002,1.0212515326361344
134,1.7740000000000002,1.0212515326361344
135,1.7740000000000002,1.0212515326361344
136,1.7740000000000002,1.0212515326361344
137,1.7740000000000002,1.0212515326361344
138,1.7740000000000002,1.0212515326361344
139,1.7740000000000002,1.0212515326361344
140,1.7740000000000002,1.0212515326361344
141,1.7740000000000002,1.0212515326361344
142,1.7740000000000002,1.0212515326361344
143,1.7740000000000002,1.0212515326361344
144,1.7740000000000002,1.0212515326361344
145,1.7740000000000002,1.0212515326361344
146,1.7740000000000002,1.0212515326361344
147,1.7740000000000002,1.0212515326361344
148,1.7740000000000002,1.0212515326361344
149,1.7740000000000002,1.0212515326361344
150,1.7740000000000002,1.0212515326361344
151,1.7740000000000002,1.0212515326361344
152,1.7740000000000002,1.0212515326361344
153,1.7740000000000002,1.0212515326361344
154,1.7740000000000002,1.0212515326361344
155,1.7740000000000002,1.0212515326361344
156,1.7740000000000002,1.0212515326361344
157,1.7740000000000002,1.0212515326361344
158,1.7740000000000002,1.0212515326361344
159,1.7740000000000002,1.0212515326361344
160,1.7740000000000002,1.0212515326361344
161,1.7740000000000002,1.0212515326361344
162,1.7740000000000002,1.0212515326361344
163,1.7740000000000002,1.0212515326361344
164,1.7740000000000002,1.0212515326361344
165,1.7740000000000002,1.0212515326361344
166,1.7740000000000002,1.0212515326361344
167,1.7740000000000002,1.0212515326361344
168,1.7740000000000002,1.0212515326361344
169,1.7740000000000002,1.0212515326361344
170,1.7740000000000002,1.0212515326361344
171,1.7740000000000002,1.0212515326361344
172,1.7740000000000002,1.0212515326361344
173,1.7740000000000002,1.0212515326361344
174,1.7740000000000002,1.0212515326361344
175,1.7740000000000002,1.0212515326361344
176,1.7740000000000002,1.0212515326361344
177,1.7740000000000002,1.0212515326361344
178,1.7740000000000002,1.0212515326361344
179,1.7740000000000002,1.0212515326361344
180,1.7740000000000002,1.0212515326361344
181,1.7740000000000002,1.0212515326361344
182,1.7740000000000002,1.0212515326361344
183,1.7740000000000002,1.0212515326361344
184,1.7740000000000002,1.0212515326361344
185,1.7740000000000002,1.0212515326361344
186,1.7740000000000002,1.0212515326361344
187,1.7740000000000002,1.0212515326361344
188,1.7740000000000002,1.0212515326361344
189,1.7740000000000002,1.0212515326361344
190,1.7740000000000002,1.0212515326361344
191,1.7740000000000002,1.0212515326361344
192,1.7740000000000002,1.0212515326361344
193,1.7740000000000002,1.0212515326361344
194,1.7740000000000002,1.0212515326361344
195,1.7740000000000002,1.0212515326361344
196,1.7740000000000002,1.0212515326361344
197,1.7740000000000002,1.0212515326361344
198,1.7740000000000002,1.0212515326361344
199,1.7740000000000002,1.0212515326361344
200,1.7740000000000002,1.0212515326361344
201,1.7740000000000002,1.0212515326361344
202,1.7740000000000002,1.0212515326361344
203,1.7740000000000002,1.0212515326361344
204,1.7740000000000002,1.0212515326361344
205,1.7740000000000002,1.0212515326361344
206,1.7740000000000002,1.0212515326361344
207,1.7740000000000002,1.0212515326361344
208,1.7740000000000002,1.0212515326361344
209,1.7740000000000002,1.0212515326361344
210,1.7740000000000002,1.0212515326361344
211,1.7740000000000002,1.0212515326361344
212,1.7740000000000002,1.0212515326361344
213,1.7740000000000002,1.0212515326361344
214,1.7740000000000002,1.0212515326361344
215,1.7740000000000002,1.0212515326361344
216,1.7740000000000002,1.0212515326361344
217,1.7740000000000002,1.0212515326361344
218,1.7740000000000002,1.0212515326361344
219,1.7740000000000002,1.0212515326361344
220,1.7740000000000002,1.0212515326361344
221,1.7740000000000002,1.0212515326361344
222,1.7740000000000002,1.0212515326361344
223,1.7740000000000002,1.0212515326361344
224,1.7740000000000002,1.0212515326361344
225,1.7740000000000002,1.0212515326361344
226,1.7740000000000002,1.0212515326361344
227,1.7740000000000002,1.0212515326361344
228,1.7740000000000002,1.0212515326361344
229,1.7740000000000002,1.0212515326361344
230,1.7740000000000002,1.0212515326361344
231,1.7740000000000002,1.0212515326361344
232,1.7740000000000002,1.0212515326361344
233,1.7740000000000002,1.0212515326361344
234,1.7740000000000002,1.0212515326361344
235,1.7740000000000002,1.0212515326361344
236,1.7740000000000002,1.0212515326361344
237,1.7740000000000002,1.0212515326361344
238,1.7740000000000002,1.0212515326361344
239,1.7740000000000002,1.0212515326361344
240,1.7740000000000002,1.0212515326361344
241,1.7740000000000002,1.0212515326361344
242,1.7740000000000002,1.0212515326361344
243,1.7740000000000002,1.0212515326361344
244,1.7740000000000002,1.0212515326361344
245,1.7740000000000002,1.0212515326361344
246,1.7740000000000002,1.0212515326361344
247,1.7740000000000002,1.0212515326361344
248,1.7740000000000002,1.0212515326361344
249,1.7740000000000002,1.0212515326361344
250,1.7740000000000002,1.0212515326361344
251,1.7740000000000002,1.0212515326361344
252,1.7740000000000002,1.0212515326361344
253,1.7740000000000002,1.0212515326361344
254,1.7740000000000002,1.0212515326361344
255,1.7740000000000002,1.0212515326361344
256,1.7740000000000002,1.0212515326361344
257,1.7740000000000002,1.0212515326361344
258,1.7740000000000002,1.0212515326361344
259,1.7740000000000002,1.0212515326361344
260,1.7740000000000002,1.0212515326361344
261,1.7740000000000002,1.0212515326361344
262,1.7740000000000002,1.0212515326361344
263,1.7740000000000002,1.0212515326361344
264,1.7740000000000002,1.0212515326361344
265,1.7740000000000002,1.0212515326361344
266,1.7740000000000002,1.0212515326361344
267,1.7740000000000002,1.0212515326361344
268,1.7740000000000002,1.0212515326361344
269,1.7740000000000002,1.0212515326361344
270,1.7740000000000002,1.0212515326361344
271,1.7740000000000002,1.0212515326361344
272,1.7740000000000002,1.0212515326361344
273,1.7740000000000002,1.0212515326361344
274,1.7740000000000002,1.0212515326361344
275,1.7740000000000002,1.0212515326361344
276,1.7740000000000002,1.0212515326361344
277,1.7740000000000002,1.0212515326361344
278,1.7740000000000002,1.0212515326361344
279,1.7740000000000002,1.0212515326361344
280,1.7740000000000002,1.0212515326361344
281,1.7740000000000002,1.0212515326361344
282,1.7740000000000002,1.0212515326361344
283,1.7740000000000002,1.0212515326361344
284,1.7740000000000002,1.0212515326361344
285,1.7740000000000002,1.0212515326361344
286,1.7740000000000002,1.0212515326361344
287,1.7740000000000002,1.0212515326361344
288,1.7740000000000002,1.0212515326361344
289,1.7740000000000002,1.0212515326361344
290,1.7740000000000002,1.0212515326361344
291,1.7740000000000002,1.0212515326361344
292,1.7740000000000002,1.0212515326361344
293,1.7740000000000002,1.0212515326361344
294,1.7740000000000002,1.0212515326361344
295,1.7740000000000002,1.0212515326361344
296,1.7740000000000002,1.0212515326361344
297,1.7740000000000002,1.0212515326361344
298,1.7740000000000002,1.0212515326361344
299,1.7740000000000002,1.0212515326361344
300,1.7740000000000002,1.0212515326361344
301,1.7740000000000002,1.0212515326361344
302,1.7740000000000002,1.0212515326361344
303,1.7740000000000002,1.0212515326361344
304,1.7740000000000002,1.0212515326361344
305,1.7740000000000002,1.0212515326361344
306,1.7740000000000002,1.0212515326361344
307,1.7740000000000002,1.0212515326361344
308,1.7740000000000002,1.0212515326361344
309,1.7740000000000002,1.0212515326361344
310,1.7740000000000002,1.0212515326361344
311,1.7740000000000002,1.0212515326361344
312,1.7740000000000002,1.0212515326361344
313,1.7740000000000002,1.0212515326361344
314,1.7740000000000002,1.0212515326361344
315,1.7740000000000002,1.0212515326361344
316,1.7740000000000002,1.0212515326361344
317,1.7740000000000002,1.0212515326361344
318,1.7740000000000002,1.0212515326361344
319,1.7740000000000002,1.0212515326361344
320,1.7740000000000002,1.0212515326361344
321,1.7740000000000002,1.0212515326361344
322,1.7740000000000002,1.0212515326361344
323,1.7740000000000002,1.0212515326361344
324,1.7740000000000002,1.0212515326361344
325,1.7740000000000002,1.0212515326361344
326,1.7740000000000002,1.0212515326361344
327,1.7740000000000002,1.0212515326361344
328,1.7740000000000002,1.0212515326361344
329,1.7740000000000002,1.0212515326361344
330,1.7740000000000002,1.0212515326361344
331,1.7740000000000002,1.0212515326361344
332,1.7740000000000002,1.0212515326361344
333,1.7740000000000002,1.0212515326361344
334,1.7740000000000002,1.0212515326361344
335,1.7740000000000002,1.0212515326361344
336,1.7740000000000002,1.0212515326361344
337,1.7740000000000002,1.0212515326361344
338,1.7740000000000002,1.0212515326361344
339,1.7740000000000002,1.0212515326361344
340,1.7740000000000002,1.0212515326361344
341,1.7740000000000002,1.0212515326361344
342,1.7740000000000002,1.0212515326361344
343,1.7740000000000002,1.0212515326361344
344,1.7740000000000002,1.0212515326361344
345,1.7740000000000002,1.0212515326361344
346,1.7740000000000002,1.0212515326361344
347,1.7740000000000002,1.0212515326361344
348,1.7740000000000002,1.0212515326361344
349,1.7740000000000002,1.0212515326361344
350,1.7740000000000002,1.0212515326361344
351,1.7740000000000002,1.0212515326361344
352,1.7740000000000002,1.0212515326361344
353,1.7740000000000002,1.0212515326361344
354,1.7740000000000002,1.0212515326361344
355,1.7740000000000002,1.0212515326361344
356,1.7740000000000002,1.0212515326361344
357,1.7740000000000002,1.0212515326361344
358,1.7740000000000002,1.0212515326361344
359,1.7740000000000002,1.0212515326361344
360,1.7740000000000002,1.0212515326361344
361,1.7740000000000002,1.0212515326361344
362,1.7740000000000002,1.0212515326361344
363,1.7740000000000002,1.0212515326361344
364,1.7740000000000002,1.0212515326361344
365,1.7740000000000002,1.0212515326361344
366,1.7740000000000002,1.0212515326361344
367,1.7740000000000002,1.0212515326361344
368,1.7740000000000002,1.0212515326361344
369,1.7740000000000002,1.0212515326361344
370,1.7740000000000002,1.0212515326361344
371,1.7740000000000002,1.0212515326361344
372,1.7740000000000002,1.0212515326361344
373,1.7740000000000002,1.0212515326361344
374,1.7740000000000002,1.0212515326361344
375,1.7740000000000002,1.0212515326361344
376,1.7740000000000002,1.0212515326361344
377,1.7740000000000002,1.0212515326361344
378,1.7740000000000002,1.0212515326361344
379,1.7740000000000002,1.0212515326361344
380,1.7740000000000002,1.0212515326361344
381,1.7740000000000002,1.0212515326361344
382,1.7740000000000002,1.0212515326361344
383,1.7740000000000002,1.0212515326361344
384,1.7740000000000002,1.0212515326361344
385,1.7740000000000002,1.0212515326361344
386,1.7740000000000002,1.0212515326361344
387,1.7740000000000002,1.0212515326361344
388,1.7740000000000002,1.0212515326361344
389,1.7740000000000002,1.0212515326361344
390,1.7740000000000002,1.0212515326361344
391,1.7740000000000002,1.0212515326361344
392,1.7740000000000002,1.0212515326361344
393,1.7740000000000002,1.0212515326361344
394,1.7740000000000002,1.0212515326361344
395,1.7740000000000002,1.0212515326361344
396,1.7740000000000002,1.0212515326361344
397,1.7740000000000002,1.0212515326361344
398,1.7740000000000002,1.0212515326361344
399,1.7740000000000002,1.0212515326361344
400,1.7740000000000002,1.0212515326361344
401,1.7740000000000002,1.0212515326361344
402,1.7740000000000002,1.0212515326361344
403,1.7740000000000002,1.0212515326361344
404,1.7740000000000002,1.0212515326361344
405,1.7740000000000002,1.0212515326361344
406,1.7740000000000002,1.0212515326361344
407,1.7740000000000002,1.0212515326361344
408,1.7740000000000002,1.0212515326361344
409,1.7740000000000002,1.0212515326361344
410,1.7740000000000002,1.0212515326361344
411,1.7740000000000002,1.0212515326361344
412,1.7740000000000002,1.0212515326361344
413,1.7740000000000002,1.0212515326361344
414,1.7740000000000002,1.0212515326361344
415,1.7740000000000002,1.0212515326361344
416,1.7740000000000002,1.0212515326361344
417,1.7740000000000002,1.0212515326361344
418,1.7740000000000002,1.0212515326361344
419,1.7740000000000002,1.0212515326361344
420,1.7740000000000002,1.0212515326361344
421,1.7740000000000002,1.0212515326361344
422,1.7740000000000002,1.0212515326361344
423,1.7740000000000002,1.0212515326361344
424,1.7740000000000002,1.0212515326361344
425,1.7740000000000002,1.0212515326361344
426,1.7740000000000002,1.0212515326361344
427,1.7740000000000002,1.0212515326361344
428,1.7740000000000002,1.0212515326361344
429,1.7740000000000002,1.0212515326361344
430,1.7740000000000002,1.0212515326361344
431,1.7740000000000002,1.0212515326361344
432,1.7740000000000002,1.0212515326361344
433,1.7740000000000002,1.0212515326361344
434,1.7740000000000002,1.0212515326361344
435,1.7740000000000002,1.0212515326361344
436,1.7740000000000002,1.0212515326361344
437,1.7740000000000002,1.0212515326361344
438,1.7740000000000002,1.0212515326361344
439,1.7740000000000002,1.0212515326361344
440,1.7740000000000002,1.0212515326361344
441,1.7740000000000002,1.0212515326361344
442,1.7740000000000002,1.0212515326361344
443,1.7740000000000002,1.0212515326361344
444,1.7740000000000002,1.0212515326361344
445,1.7740000000000002,1.0212515326361344
446,1.7740000000000002,1.0212515326361344
447,1.7740000000000002,1.0212515326361344
448,1.7740000000000002,1.0212515326361344
449,1.7740000000000002,1.0212515326361344
450,1.7740000000000002,1.0212515326361344
451,1.7740000000000002,1.0212515326361344
452,1.7740000000000002,1.0212515326361344
453,1.7740000000000002,1.0212515326361344
454,1.7740000000000002,1.0212515326361344
455,1.7740000000000002,1.0212515326361344
456,1.7740000000000002,1.0212515326361344
457,1.7740000000000002,1.0212515326361344
458,1.7740000000000002,1.0212515326361344
459,1.7740000000000002,1.0212515326361344
460,1.7740000000000002,1.0212515326361344
461,1.7740000000000002,1.0212515326361344
462,1.7740000000000002,1.0212515326361344
463,1.7740000000000002,1.0212515326361344
464,1.7740000000000002,1.0212515326361344
465,1.7740000000000002,1.0212515326361344
466,1.7740000000000002,1.0212515326361344
467,1.7740000000000002,1.0212515326361344
468,1.7740000000000002,1.0212515326361344
469,1.7740000000000002,1.0212515326361344
470,1.7740000000000002,1.0212515326361344
471,1.7740000000000002,1.0212515326361344
472,1.7740000000000002,1.0212515326361344
473,1.7740000000000002,1.0212515326361344
474,1.7740000000000002,1.0212515326361344
475,1.7740000000000002,1.0212515326361344
476,1.7740000000000002,1.0212515326361344
477,1.7740000000000002,1.0212515326361344
478,1.7740000000000002,1.0212515326361344
479,1.7740000000000002,1.0212515326361344
480,1.7740000000000002,1.0212515326361344
481,1.7740000000000002,1.0212515326361344
482,1.7740000000000002,1.0212515326361344
483,1.7740000000000002,1.0212515326361344
484,1.7740000000000002,1.0212515326361344
485,1.7740000000000002,1.0212515326361344
486,1.7740000000000002,1.0212515326361344
487,1.7740000000000002,1.0212515326361344
488,1.7740000000000002,1.0212515326361344
489,1.7740000000000002,1.0212515326361344
490,1.7740000000000002,1.0212515326361344
491,1.7740000000000002,1.0212515326361344
492,1.7740000000000002,1.0212515326361344
493,1.7740000000000002,1.0212515326361344
494,1.7740000000000002,1.0212515326361344
495,1.7740000000000002,1.0212515326361344
496,1.7740000000000002,1.0212515326361344
497,1.7740000000000002,1.0212515326361344
498,1.7740000000000002,1.0212515326361344
499,1.7740000000000002,1.0212515326361344
500,1.7740000000000002,1.0212515326361344
501,1.7740000000000002,1.0212515326361344
502,1.7740000000000002,1.0212515326361344
503,1.7740000000000002,1.0212515326361344
504,1.7740000000000002,1.0212515326361344
505,1.7740000000000002,1.0212515326361344
506,1.7740000000000002,1.0212515326361344
507,1.7740000000000002,1.0212515326361344
508,1.7740000000000002,1.0212515326361344
509,1.7740000000000002,1.0212515326361344
510,1.7740000000000002,1.0212515326361344
511,1.7740000000000002,1.0212515326361344
512,1.7740000000000002,1.0212515326361344
513,1.7740000000000002,1.0212515326361344
514,1.7740000000000002,1.0212515326361344
515,1.7740000000000002,1.0212515326361344
516,1.7740000000000002,1.0212515326361344
517,1.7740000000000002,1.0212515326361344
518,1.7740000000000002,1.0212515326361344
519,1.7740000000000002,1.0212515326361344
520,1.7740000000000002,1.0212515326361344
521,1.7740000000000002,1.0212515326361344
522,1.7740000000000002,1.0212515326361344
523,1.7740000000000002,1.0212515326361344
524,1.7740000000000002,1.0212515326361344
525,1.7740000000000002,1.0212515326361344
526,1.7740000000000002,1.0212515326361344
527,1.7740000000000002,1.0212515326361344
528,1.7740000000000002,1.0212515326361344
529,1.7740000000000002,1.0212515326361344
530,1.7740000000000002,1.0212515326361344
531,1.7740000000000002,1.0212515326361344
532,1.7740000000000002,1.0212515326361344
533,1.7740000000000002,1.0212515326361344
534,1.7740000000000002,1.0212515326361344
535,1.7740000000000002,1.0212515326361344
536,1.7740000000000002,1.0212515326361344
537,1.7740000000000002,1.0212515326361344
538,1.7740000000000002,1.0212515326361344
539,1.7740000000000002,1.0212515326361344
540,1.7740000000000002,1.0212515326361344
541,1.7740000000000002,1.0212515326361344
542,1.7740000000000002,1.0212515326361344
543,1.7740000000000002,1.0212515326361344
544,1.7740000000000002,1.0212515326361344
545,1.7740000000000002,1.0212515326361344
546,1.7740000000000002,1.0212515326361344
547,1.7740000000000002,1.0212515326361344
548,1.7740000000000002,1.0212515326361344
549,1.7740000000000002,1.0212515326361344
550,1.7740000000000002,1.0212515326361344
551,1.7740000000000002,1.0212515326361344
552,1.7740000000000002,1.0212515326361344
553,1.7740000000000002,1.0212515326361344
554,1.7740000000000002,1.0212515326361344
555,1.7740000000000002,1.0212515326361344
556,1.7740000000000002,1.0212515326361344
557,1.7740000000000002,1.0212515326361344
558,1.7740000000000002,1.0212515326361344
559,1.7740000000000002,1.0212515326361344
560,1.7740000000000002,1.0212515326361344
561,1.7740000000000002,1.0212515326361344
562,1.7740000000000002,1.0212515326361344
563,1.7740000000000002,1.0212515326361344
564,1.7740000000000002,1.0212515326361344
565,1.7740000000000002,1.0212515326361344
566,1.7740000000000002,1.0212515326361344
567,1.7740000000000002,1.0212515326361344
568,1.7740000000000002,1.0212515326361344
569,1.7740000000000002,1.0212515326361344
570,1.7740000000000002,1.0212515326361344
571,1.7740000000000002,1.0212515326361344
572,1.7740000000000002,1.0212515326361344
573,1.7740000000000002,1.0212515326361344
574,1.7740000000000002,1.0212515326361344
575,1.7740000000000002,1.0212515326361344
576,1.7740000000000002,1.0212515326361344
577,1.7740000000000002,1.0212515326361344
578,1.7740000000000002,1.0212515326361344
579,1.7740000000000002,1.0212515326361344
580,1.7740000000000002,1.0212515326361344
581,1.7740000000000002,1.0212515326361344
582,1.7740000000000002,1.0212515326361344
583,1.7740000000000002,1.0212515326361344
584,1.7740000000000002,1.0212515326361344
585,1.7740000000000002,1.0212515326361344
586,1.7740000000000002,1.0212515326361344
587,1.7740000000000002,1.0212515326361344
588,1.7740000000000002,1.0212515326361344
589,1.7740000000000002,1.0212515326361344
590,1.7740000000000002,1.0212515326361344
591,1.7740000000000002,1.0212515326361344
592,1.7740000000000002,1.0212515326361344
593,1.7740000000000002,1.0212515326361344
594,1.7740000000000002,1.0212515326361344
595,1.7740000000000002,1.0212515326361344
596,1.7740000000000002,1.0212515326361344
597,1.7740000000000002,1.0212515326361344
598,1.7740000000000002,1.0212515326361344
599,1.7740000000000002,1.0212515326361344
600,1.7740000000000002,1.0212515326361344
601,1.7740000000000002,1.0212515326361344
602,1.7740000000000002,1.0212515326361344
603,1.7740000000000002,1.0212515326361344
604,1.7740000000000002,1.0212515326361344
605,1.7740000000000002,1.0212515326361344
606,1.7740000000000002,1.0212515326361344
607,1.7740000000000002,1.0212515326361344
608,1.7740000000000002,1.0212515326361344
609,1.7740000000000002,1.0212515326361344
610,1.7740000000000002,1.0212515326361344
611,1.7740000000000002,1.0212515326361344
612,1.7740000000000002,1.0212515326361344
613,1.7740000000000002,1.0212515326361344
614,1.7740000000000002,1.0212515326361344
615,1.7740000000000002,1.0212515326361344
616,1.7740000000000002,1.0212515326361344
617,1.7740000000000002,1.0212515326361344
618,1.7740000000000002,1.0212515326361344
619,1.7740000000000002,1.0212515326361344
620,1.7740000000000002,1.0212515326361344
621,1.7740000000000002,1.0212515326361344
622,1.7740000000000002,1.0212515326361344
623,1.7740000000000002,1.0212515326361344
624,1.7740000000000002,1.0212515326361344
625,1.7740000000000002,1.0212515326361344
626,1.7740000000000002,1.0212515326361344
627,1.7740000000000002,1.0212515326361344
628,1.7740000000000002,1.0212515326361344
629,1.7740000000000002,1.0212515326361344
630,1.7740000000000002,1.0212515326361344
631,1.7740000000000002,1.0212515326361344
632,1.7740000000000002,1.0212515326361344
633,1.7740000000000002,1.0212515326361344
634,1.7740000000000002,1.0212515326361344
635,1.7740000000000002,1.0212515326361344
636,1.7740000000000002,1.0212515326361344
637,1.7740000000000002,1.0212515326361344
638,1.7740000000000002,1.0212515326361344
639,1.7740000000000002,1.0212515326361344
640,1.7740000000000002,1.0212515326361344
641,1.7740000000000002,1.0212515326361344
642,1.7740000000000002,1.0212515326361344
643,1.7740000000000002,1.0212515326361344
644,1.7740000000000002,1.0212515326361344
645,1.7740000000000002,1.0212515326361344
646,1.7740000000000002,1.0212515326361344
647,1.7740000000000002,1.0212515326361344
648,1.7740000000000002,1.0212515326361344
649,1.7740000000000002,1.0212515326361344
650,1.7740000000000002,1.0212515326361344
651,1.7740000000000002,1.0212515326361344
652,1.7740000000000002,1.0212515326361344
653,1.7740000000000002,1.0212515326361344
654,1.7740000000000002,1.0212515326361344
655,1.7740000000000002,1.0212515326361344
656,1.7740000000000002,1.0212515326361344
657,1.7740000000000002,1.0212515326361344
658,1.7740000000000002,1.0212515326361344
659,1.7740000000000002,1.0212515326361344
660,1.7740000000000002,1.0212515326361344
661,1.7740000000000002,1.0212515326361344
662,1.7740000000000002,1.0212515326361344
663,1.7740000000000002,1.0212515326361344
664,1.7740000000000002,1.0212515326361344
665,1.7740000000000002,1.0212515326361344
666,1.7740000000000002,1.0212515326361344
667,1.7740000000000002,1.0212515326361344
668,1.7740000000000002,1.0212515326361344
669,1.7740000000000002,1.0212515326361344
670,1.7740000000000002,1.0212515326361344
671,1.7740000000000002,1.0212515326361344
672,1.7740000000000002,1.0212515326361344
673,1.7740000000000002,1.0212515326361344
674,1.7740000000000002,1.0212515326361344
675,1.7740000000000002,1.0212515326361344
676,1.7740000000000002,1.0212515326361344
677,1.7740000000000002,1.0212515326361344
678,1.7740000000000002,1.0212515326361344
679,1.7740000000000002,1.0212515326361344
680,1.7740000000000002,1.0212515326361344
681,1.7740000000000002,1.0212515326361344
682,1.7740000000000002,1.0212515326361344
683,1.7740000000000002,1.0212515326361344
684,1.7740000000000002,1.0212515326361344
685,1.7740000000000002,1.0212515326361344
686,1.7740000000000002,1.0212515326361344
687,1.7740000000000002,1.0212515326361344
688,1.7740000000000002,1.0212515326361344
689,1.7740000000000002,1.0212515326361344
690,1.7740000000000002,1.0212515326361344
691,1.7740000000000002,1.0212515326361344
692,1.7740000000000002,1.0212515326361344
693,1.7740000000000002,1.0212515326361344
694,1.7740000000000002,1.0212515326361344
695,1.7740000000000002,1.0212515326361344
696,1.7740000000000002,1.0212515326361344
697,1.7740000000000002,1.0212515326361344
698,1.7740000000000002,1.0212515326361344
699,1.7740000000000002,1.0212515326361344
700,1.7740000000000002,1.0212515326361344
701,1.7740000000000002,1.0212515326361344
702,1.7740000000000002,1.0212515326361344
703,1.7740000000000002,1.0212515326361344
704,1.7740000000000002,1.0212515326361344
705,1.7740000000000002,1.0212515326361344
706,1.7740000000000002,1.0212515326361344
707,1.7740000000000002,1.0212515326361344
708,1.7740000000000002,1.0212515326361344
709,1.7740000000000002,1.0212515326361344
710,1.7740000000000002,1.0212515326361344
711,1.7740000000000002,1.0212515326361344
712,1.7740000000000002,1.0212515326361344
713,1.7740000000000002,1.0212515326361344
714,1.7740000000000002,1.0212515326361344
715,1.7740000000000002,1.0212515326361344
716,1.7740000000000002,1.0212515326361344
717,1.7740000000000002,1.0212515326361344
718,1.7740000000000002,1.0212515326361344
719,1.7740000000000002,1.0212515326361344
720,1.7740000000000002,1.0212515326361344
721,1.7740000000000002,1.0212515326361344
722,1.7740000000000002,1.0212515326361344
723,1.7740000000000002,1.0212515326361344
724,1.7740000000000002,1.0212515326361344
725,1.7740000000000002,1.0212515326361344
726,1.7740000000000002,1.0212515326361344
727,1.7740000000000002,1.0212515326361344
728,1.7740000000000002,1.0212515326361344
729,1.7740000000000002,1.0212515326361344
730,1.7740000000000002,1.0212515326361344
731,1.7740000000000002,1.0212515326361344
732,1.7740000000000002,1.0212515326361344
733,1.7740000000000002,1.0212515326361344
734,1.7740000000000002,1.0212515326361344
735,1.7740000000000002,1.0212515326361344
736,1.7740000000000002,1.0212515326361344
737,1.7740000000000002,1.0212515326361344
738,1.7740000000000002,1.0212515326361344
739,1.7740000000000002,1.0212515326361344
740,1.7740000000000002,1.0212515326361344
741,1.7740000000000002,1.0212515326361344
742,1.7740000000000002,1.0212515326361344
743,1.7740000000000002,1.0212515326361344
744,1.7740000000000002,1.0212515326361344
745,1.7740000000000002,1.0212515326361344
746,1.7740000000000002,1.0212515326361344
747,1.7740000000000002,1.0212515326361344
748,1.7740000000000002,1.0212515326361344
749,1.7740000000000002,1.0212515326361344
750,1.7740000000000002,1.0212515326361344
751,1.7740000000000002,1.0212515326361344
752,1.7740000000000002,1.0212515326361344
753,1.7740000000000002,1.0212515326361344
754,1.7740000000000002,1.0212515326361344
755,1.7740000000000002,1.0212515326361344
756,1.7740000000000002,1.0212515326361344
757,1.7740000000000002,1.0212515326361344
758,1.7740000000000002,1.0212515326361344
759,1.7740000000000002,1.0212515326361344
760,1.7740000000000002,1.0212515326361344
761,1.7740000000000002,1.0212515326361344
762,1.7740000000000002,1.0212515326361344
763,1.7740000000000002,1.0212515326361344
764,1.7740000000000002,1.0212515326361344
765,1.7740000000000002,1.0212515326361344
766,1.7740000000000002,1.0212515326361344
767,1.7740000000000002,1.0212515326361344
768,1.7740000000000002,1.0212515326361344
769,1.7740000000000002,1.0212515326361344
770,1.7740000000000002,1.0212515326361344
771,1.7740000000000002,1.0212515326361344
772,1.7740000000000002,1.0212515326361344
773,1.7740000000000002,1.0212515326361344
774,1.7740000000000002,1.0212515326361344
775,1.7740000000000002,1.0212515326361344
776,1.7740000000000002,1.0212515326361344
777,1.7740000000000002,1.0212515326361344
778,1.7740000000000002,1.0212515326361344
779,1.7740000000000002,1.0212515326361344
780,1.7740000000000002,1.0212515326361344
781,1.7740000000000002,1.0212515326361344
782,1.7740000000000002,1.0212515326361344
783,1.7740000000000002,1.0212515326361344
784,1.7740000000000002,1.0212515326361344
785,1.7740000000000002,1.0212515326361344
786,1.7740000000000002,1.0212515326361344
787,1.7740000000000002,1.0212515326361344
788,1.7740000000000002,1.0212515326361344
789,1.7740000000000002,1.0212515326361344
790,1.7740000000000002,1.0212515326361344
791,1.7740000000000002,1.0212515326361344
792,1.7740000000000002,1.0212515326361344
793,1.7740000000000002,1.0212515326361344
794,1.7740000000000002,1.0212515326361344
795,1.7740000000000002,1.0212515326361344
796,1.7740000000000002,1.0212515326361344
797,1.7740000000000002,1.0212515326361344
798,1.7740000000000002,1.0212515326361344
799,1.7740000000000002,1.0212515326361344
800,1.7740000000000002,1.0212515326361344
801,1.7740000000000002,1.0212515326361344
802,1.7740000000000002,1.0212515326361344
803,1.7740000000000002,1.0212515326361344
804,1.7740000000000002,1.0212515326361344
805,1.7740000000000002,1.0212515326361344
806,1.7740000000000002,1.0212515326361344
807,1.7740000000000002,1.0212515326361344
808,1.7740000000000002,1.0212515326361344
809,1.7740000000000002,1.0212515326361344
810,1.7740000000000002,1.0212515326361344
811,1.7740000000000002,1.0212515326361344
812,1.7740000000000002,1.0212515326361344
813,1.7740000000000002,1.0212515326361344
814,1.7740000000000002,1.0212515326361344
815,1.7740000000000002,1.0212515326361344
816,1.7740000000000002,1.0212515326361344
817,1.7740000000000002,1.0212515326361344
818,1.7740000000000002,1.0212515326361344
819,1.7740000000000002,1.0212515326361344
820,1.7740000000000002,1.0212515326361344
821,1.7740000000000002,1.0212515326361344
822,1.7740000000000002,1.0212515326361344
823,1.7740000000000002,1.0212515326361344
824,1.7740000000000002,1.0212515326361344
825,1.7740000000000002,1.0212515326361344
826,1.7740000000000002,1.0212515326361344
827,1.7740000000000002,1.0212515326361344
828,1.7740000000000002,1.0212515326361344
829,1.7740000000000002,1.0212515326361344
830,1.7740000000000002,1.0212515326361344
831,1.7740000000000002,1.0212515326361344
832,1.7740000000000002,1.0212515326361344
833,1.7740000000000002,1.0212515326361344
834,1.7740000000000002,1.0212515326361344
835,1.7740000000000002,1.0212515326361344
836,1.7740000000000002,1.0212515326361344
837,1.7740000000000002,1.0212515326361344
838,1.7740000000000002,1.0212515326361344
839,1.7740000000000002,1.0212515326361344
840,1.7740000000000002,1.0212515326361344
841,1.7740000000000002,1.0212515326361344
842,1.7740000000000002,1.0212515326361344
843,1.7740000000000002,1.0212515326361344
844,1.7740000000000002,1.0212515326361344
845,1.7740000000000002,1.0212515326361344
846,1.7740000000000002,1.0212515326361344
847,1.7740000000000002,1.0212515326361344
848,1.7740000000000002,1.0212515326361344
849,1.7740000000000002,1.0212515326361344
850,1.7740000000000002,1.0212515326361344
851,1.7740000000000002,1.0212515326361344
852,1.7740000000000002,1.0212515326361344
853,1.7740000000000002,1.0212515326361344
854,1.7740000000000002,1.0212515326361344
855,1.7740000000000002,1.0212515326361344
856,1.7740000000000002,1.0212515326361344
857,1.7740000000000002,1.0212515326361344
858,1.7740000000000002,1.0212515326361344
859,1.7740000000000002,1.0212515326361344
860,1.7740000000000002,1.0212515326361344
861,1.7740000000000002,1.0212515326361344
862,1.7740000000000002,1.0212515326361344
863,1.7740000000000002,1.0212515326361344
864,1.7740000000000002,1.0212515326361344
865,1.7740000000000002,1.0212515326361344
866,1.7740000000000002,1.0212515326361344
867,1.7740000000000002,1.0212515326361344
868,1.7740000000000002,1.0212515326361344
869,1.7740000000000002,1.0212515326361344
870,1.7740000000000002,1.0212515326361344
871,1.7740000000000002,1.0212515326361344
872,1.7740000000000002,1.0212515326361344
873,1.7740000000000002,1.0212515326361344
874,1.7740000000000002,1.0212515326361344
875,1.7740000000000002,1.0212515326361344
876,1.7740000000000002,1.0212515326361344
877,1.7740000000000002,1.0212515326361344
878,1.7740000000000002,1.0212515326361344
879,1.7740000000000002,1.0212515326361344
880,1.7740000000000002,1.0212515326361344
881,1.7740000000000002,1.0212515326361344
882,1.7740000000000002,1.0212515326361344
883,1.7740000000000002,1.0212515326361344
884,1.7740000000000002,1.0212515326361344
885,1.7740000000000002,1.0212515326361344
886,1.7740000000000002,1.0212515326361344
887,1.7740000000000002,1.0212515326361344
888,1.7740000000000002,1.0212515326361344
889,1.7740000000000002,1.0212515326361344
890,1.7740000000000002,1.0212515326361344
891,1.7740000000000002,1.0212515326361344
892,1.7740000000000002,1.0212515326361344
893,1.7740000000000002,1.0212515326361344
894,1.7740000000000002,1.0212515326361344
895,1.7740000000000002,1.0212515326361344
896,1.7740000000000002,1.0212515326361344
897,1.7740000000000002,1.0212515326361344
898,1.7740000000000002,1.0212515326361344
899,1.7740000000000002,1.0212515326361344
900,1.7740000000000002,1.0212515326361344
901,1.7740000000000002,1.0212515326361344
902,1.7740000000000002,1.0212515326361344
903,1.7740000000000002,1.0212515326361344
904,1.7740000000000002,1.0212515326361344
905,1.7740000000000002,1.0212515326361344
906,1.7740000000000002,1.0212515326361344
907,1.7740000000000002,1.0212515326361344
908,1.7740000000000002,1.0212515326361344
909,1.7740000000000002,1.0212515326361344
910,1.7740000000000002,1.0212515326361344
911,1.7740000000000002,1.0212515326361344
912,1.7740000000000002,1.0212515326361344
913,1.7740000000000002,1.0212515326361344
914,1.7740000000000002,1.0212515326361344
915,1.7740000000000002,1.0212515326361344
916,1.7740000000000002,1.0212515326361344
917,1.7740000000000002,1.0212515326361344
918,1.7740000000000002,1.0212515326361344
919,1.7740000000000002,1.0212515326361344
920,1.7740000000000002,1.0212515326361344
921,1.7740000000000002,1.0212515326361344
922,1.7740000000000002,1.0212515326361344
923,1.7740000000000002,1.0212515326361344
924,1.7740000000000002,1.0212515326361344
925,1.7740000000000002,1.0212515326361344
926,1.7740000000000002,1.0212515326361344
927,1.7740000000000002,1.0212515326361344
928,1.7740000000000002,1.0212515326361344
929,1.7740000000000002,1.0212515326361344
930,1.7740000000000002,1.0212515326361344
931,1.7740000000000002,1.0212515326361344
932,1.7740000000000002,1.0212515326361344
933,1.7740000000000002,1.0212515326361344
934,1.7740000000000002,1.0212515326361344
935,1.7740000000000002,1.0212515326361344
936,1.7740000000000002,1.0212515326361344
937,1.7740000000000002,1.0212515326361344
938,1.7740000000000002,1.0212515326361344
939,1.7740000000000002,1.0212515326361344
940,1.7740000000000002,1.0212515326361344
941,1.7740000000000002,1.0212515326361344
942,1.7740000000000002,1.0212515326361344
943,1.7740000000000002,1.0212515326361344
944,1.7740000000000002,1.0212515326361344
945,1.7740000000000002,1.0212515326361344
946,1.7740000000000002,1.0212515326361344
947,1.7740000000000002,1.0212515326361344
948,1.7740000000000002,1.0212515326361344
949,1.7740000000000002,1.0212515326361344
950,1.7740000000000002,1.0212515326361344
951,1.7740000000000002,1.0212515326361344
952,1.7740000000000002,1.0212515326361344
953,1.7740000000000002,1.0212515326361344
954,1.7740000000000002,1.0212515326361344
955,1.7740000000000002,1.0212515326361344
956,1.7740000000000002,1.0212515326361344
957,1.7740000000000002,1.0212515326361344
958,1.7740000000000002,1.0212515326361344
959,1.7740000000000002,1.0212515326361344
960,1.7740000000000002,1.0212515326361344
961,1.7740000000000002,1.0212515326361344
962,1.7740000000000002,1.0212515326361344
963,1.7740000000000002,1.0212515326361344
964,1.7740000000000002,1.0212515326361344
965,1.7740000000000002,1.0212515326361344
966,1.7740000000000002,1.0212515326361344
967,1.7740000000000002,1.0212515326361344
968,1.7740000000000002,1.0212515326361344
969,1.7740000000000002,1.0212515326361344
970,1.7740000000000002,1.0212515326361344
971,1.7740000000000002,1.0212515326361344
972,1.7740000000000002,1.0212515326361344
973,1.7740000000000002,1.0212515326361344
974,1.7740000000000002,1.0212515326361344
975,1.7740000000000002,1.0212515326361344
976,1.7740000000000002,1.0212515326361344
977,1.7740000000000002,1.0212515326361344
978,1.7740000000000002,1.0212515326361344
979,1.7740000000000002,1.0212515326361344
980,1.7740000000000002,1.0212515326361344
981,1.7740000000000002,1.0212515326361344
982,1.7740000000000002,1.0212515326361344
983,1.7740000000000002,1.0212515326361344
984,1.7740000000000002,1.0212515326361344
985,1.7740000000000002,1.0212515326361344
986,1.7740000000000002,1.0212515326361344
987,1.7740000000000002,1.0212515326361344
988,1.7740000000000002,1.0212515326361344
989,1.7740000000000002,1.0212515326361344
990,1.7740000000000002,1.0212515326361344
991,1.7740000000000002,1.0212515326361344
992,1.7740000000000002,1.0212515326361344
993,1.7740000000000002,1.0212515326361344
994,1.7740000000000002,1.0212515326361344
995,1.7740000000000002,1.0212515326361344
996,1.7740000000000002,1.0212515326361344
997,1.7740000000000002,1.0212515326361344
998,1.7740000000000002,1.0212515326361344
999,1.7740000000000002,1.0212515326361344
1000,1.7740000000000002,1.0212515326361344
1001,1.7740000000000002,1.0212515326361344
1002,1.7740000000000002,1.0212515326361344
1003,1.7740000000000002,1.0212515326361344
1004,1.7740000000000002,1.0212515326361344
1005,1.7740000000000002,1.0212515326361344
1006,1.7740000000000002,1.0212515326361344
1007,1.7740000000000002,1.0212515326361344
1008,1.7740000000000002,1.0212515326361344
1009,1.7740000000000002,1.0212515326361344
1010,1.7740000000000002,1.0212515326361344
1011,1.7740000000000002,1.0212515326361344
1012,1.7740000000000002,1.0212515326361344
1013,1.7740000000000002,1.0212515326361344
1014,1.7740000000000002,1.0212515326361344
1015,1.7740000000000002,1.0212515326361344
1016,1.7740000000000002,1.0212515326361344
1017,1.7740000000000002,1.0212515326361344
1018,1.7740000000000002,1.0212515326361344
1019,1.7740000000000002,1.0212515326361344
1020,1.7740000000000002,1.0212515326361344
1021,1.7740000000000002,1.0212515326361344
1022,1.7740000000000002,1.0212515326361344
1023,1.7740000000000002,1.0212515326361344
1024,1.7740000000000002,1.0212515326361344
1025,1.7740000000000002,1.0212515326361344
1026,1.7740000000000002,1.0212515326361344
1027,1.7740000000000002,1.0212515326361344
1028,1.7740000000000002,1.0212515326361344
1029,1.7740000000000002,1.0212515326361344
1030,1.7740000000000002,1.0212515326361344
1031,1.7740000000000002,1.0212515326361344
1032,1.7740000000000002,1.0212515326361344
1033,1.7740000000000002,1.0212515326361344
1034,1.7740000000000002,1.0212515326361344
1035,1.7740000000000002,1.0212515326361344
1036,1.7740000000000002,1.0212515326361344
1037,1.7740000000000002,1.0212515326361344
1038,1.7740000000000002,1.0212515326361344
1039,1.7740000000000002,1.0212515326361344
1040,1.7740000000000002,1.0212515326361344
1041,1.7740000000000002,1.0212515326361344
1042,1.7740000000000002,1.0212515326361344
1043,1.7740000000000002,1.0212515326361344
1044,1.7740000000000002,1.0212515326361344
1045,1.7740000000000002,1.0212515326361344
1046,1.7740000000000002,1.0212515326361344
1047,1.7740000000000002,1.0212515326361344
1048,1.7740000000000002,1.0212515326361344
1049,1.7740000000000002,1.0212515326361344
1050,1.7740000000000002,1.0212515326361344
1051,1.7740000000000002,1.0212515326361344
1052,1.7740000000000002,1.0212515326361344
1053,1.7740000000000002,1.0212515326361344
1054,1.7740000000000002,1.0212515326361344
1055,1.7740000000000002,1.0212515326361344
1056,1.6600000000000001,1.0212515326361344
1057,1.6600000000000001,1.0212515326361344
1058,1.6600000000000001,1.0212515326361344
1059,1.6600000000000001,1.0212515326361344
1060,1.6600000000000001,1.0212515326361344
1061,1.6600000000000001,1.0212515326361344
1062,1.6600000000000001,1.0212515326361344
1063,1.6600000000000001,1.0212515326361344
1064,1.6600000000000001,1.0212515326361344
1065,1.6600000000000001,1.0212515326361344
1066,1.6600000000000001,1.0212515326361344
1067,1.6600000000000001,1.0212515326361344
1068,1.6600000000000001,1.0212515326361344
1069,1.6600000000000001,1.0212515326361344
1070,1.6600000000000001,1.0212515326361344
1071,1.6600000000000001,1.0212515326361344
1072,1.6600000000000001,1.0212515326361344
1073,1.6600000000000001,1.0212515326361344
1074,1.6600000000000001,1.0212515326361344
1075,1.6600000000000001,1.0212515326361344
1076,1.6600000000000001,1.0212515326361344
1077,1.6600000000000001,1.0212515326361344
1078,1.6600000000000001,1.0212515326361344
1079,1.6600000000000001,1.0212515326361344
1080,1.6600000000000001,1.0212515326361344
1081,1.6600000000000001,1.0212515326361344
1082,1.6600000000000001,1.0212515326361344
1083,1.6600000000000001,1.0212515326361344
1084,1.6600000000000001,1.0212515326361344
1085,1.6600000000000001,1.0212515326361344
1086,1.6600000000000001,1.0212515326361344
1087,1.6600000000000001,1.0212515326361344
1088,1.6600000000000001,1.0212515326361344
1089,1.6600000000000001,1.0212515326361344
1090,1.6600000000000001,1.0212515326361344
1091,1.6600000000000001,1.0212515326361344
1092,1.6600000000000001,1.0212515326361344
1093,1.6600000000000001,1.0212515326361344
1094,1.6600000000000001,1.0212515326361344
1095,1.6600000000000001,1.0212515326361344
1096,1.6600000000000001,1.0212515326361344
1097,1.6600000000000001,1.0212515326361344
1098,1.6600000000000001,1.0212515326361344
1099,1.6600000000000001,1.0212515326361344
1100,1.6600000000000001,1.0212515326361344
1101,1.6600000000000001,1.0212515326361344
1102,1.6600000000000001,1.0212515326361344
1103,1.6600000000000001,1.0212515326361344
1104,1.6600000000000001,1.0212515326361344
1105,1.6600000000000001,1.0212515326361344
1106,1.6600000000000001,1.0212515326361344
1107,1.6600000000000001,1.0212515326361344
1108,1.6600000000000001,1.0212515326361344
1109,1.6600000000000001,1.0212515326361344
1110,1.6600000000000001,1.0212515326361344
1111,1.6600000000000001,1.0212515326361344
1112,1.6600000000000001,1.0212515326361344
1113,1.6600000000000001,1.0212515326361344
1114,1.6600000000000001,1.0212515326361344
1115,1.6600000000000001,1.0212515326361344
1116,1.6600000000000001,1.0212515326361344
1117,1.6600000000000001,1.0212515326361344
1118,1.6600000000000001,1.0212515326361344
1119,1.6600000000000001,1.0212515326361344
1120,1.6600000000000001,1.0212515326361344
1121,1.6600000000000001,1.0212515326361344
1122,1.6600000000000001,1.0212515326361344
1123,1.6600000000000001,1.0212515326361344
1124,1.6600000000000001,1.0212515326361344
1125,1.6600000000000001,1.0212515326361344
1126,1.6600000000000001,1.0212515326361344
1127,1.6600000000000001,1.0212515326361344
1128,1.6600000000000001,1.0212515326361344
1129,1.6600000000000001,1.0212515326361344
1130,1.6600000000000001,1.0212515326361344
1131,1.6600000000000001,1.0212515326361344
1132,1.6600000000000001,1.0212515326361344
1133,1.6600000000000001,1.0212515326361344
1134,1.6600000000000001,1.0212515326361344
1135,1.6600000000000001,1.0212515326361344
1136,1.6600000000000001,1.0212515326361344
1137,1.6600000000000001,1.0212515326361344
1138,1.6600000000000001,1.0212515326361344
1139,1.6600000000000001,1.0212515326361344
1140,1.6600000000000001,1.0212515326361344
1141,1.6600000000000001,1.0212515326361344
1142,1.6600000000000001,1.0212515326361344
1143,1.6600000000000001,1.0212515326361344
1144,1.6600000000000001,1.0212515326361344
1145,1.6600000000000001,1.0212515326361344
1146,1.6600000000000001,1.0212515326361344
1147,1.6600000000000001,1.0212515326361344
1148,1.6600000000000001,1.0212515326361344
1149,1.6600000000000001,1.0212515326361344
1150,1.6600000000000001,1.0212515326361344
1151,1.6600000000000001,1.0212515326361344
1152,1.6600000000000001,1.0212515326361344
1153,1.6600000000000001,1.0212515326361344
1154,1.6600000000000001,1.0212515326361344
1155,1.6600000000000001,1.0212515326361344
1156,1.6600000000000001,1.0212515326361344
1157,1.6600000000000001,1.0212515326361344
1158,1.6600000000000001,1.0212515326361344
1159,1.6600000000000001,1.0212515326361344
1160,1.6600000000000001,1.0212515326361344
1161,1.6600000000000001,1.0212515326361344
1162,1.6600000000000001,1.0212515326361344
1163,1.6600000000000001,1.0212515326361344
1164,1.6600000000000001,1.0212515326361344
1165,1.6600000000000001,1.0212515326361344
1166,1.6600000000000001,1.0212515326361344
1167,1.6600000000000001,1.0212515326361344
1168,1.6600000000000001,1.0212515326361344
1169,1.6600000000000001,1.0212515326361344
1170,1.6600000000000001,1.0212515326361344
1171,1.6600000000000001,1.0212515326361344
1172,1.6600000000000001,1.0212515326361344
1173,1.6600000000000001,1.0212515326361344
1174,1.6600000000000001,1.0212515326361344
1175,1.6600000000000001,1.0212515326361344
1176,1.6600000000000001,1.0212515326361344
1177,1.6600000000000001,1.0212515326361344
1178,1.6600000000000001,1.0212515326361344
1179,1.6600000000000001,1.0212515326361344
1180,1.6600000000000001,1.0212515326361344
1181,1.6600000000000001,1.0212515326361344
1182,1.6600000000000001,1.0212515326361344
1183,1.6600000000000001,1.0212515326361344
1184,1.6600000000000001,1.0212515326361344
1185,1.6600000000000001,1.0212515326361344
1186,1.6600000000000001,1.0212515326361344
1187,1.6600000000000001,1.0212515326361344
1188,1.6600000000000001,1.0212515326361344
1189,1.6600000000000001,1.0212515326361344
1190,1.6600000000000001,1.0212515326361344
1191,1.6600000000000001,1.0212515326361344
1192,1.6600000000000001,1.0212515326361344
1193,1.6600000000000001,1.0212515326361344
1194,1.6600000000000001,1.0212515326361344
1195,1.6600000000000001,1.0212515326361344
1196,1.6600000000000001,1.0212515326361344
1197,1.6600000000000001,1.0212515326361344
1198,1.6600000000000001,1.0212515326361344
1199,1.6600000000000001,1.0212515326361344
1200,1.6600000000000001,1.0212515326361344
1201,1.6600000000000001,1.0212515326361344
1202,1.6600000000000001,1.0212515326361344
1203,1.6600000000000001,1.0212515326361344
1204,1.6600000000000001,1.0212515326361344
1205,1.6600000000000001,1.0212515326361344
1206,1.6600000000000001,1.0212515326361344
1207,1.6600000000000001,1.0212515326361344
1208,1.6600000000000001,1.0212515326361344
1209,1.6600000000000001,1.0212515326361344
1210,1.6600000000000001,1.0212515326361344
1211,1.6600000000000001,1.0212515326361344
1212,1.6600000000000001,1.0212515326361344
1213,1.6600000000000001,1.0212515326361344
1214,1.6600000000000001,1.0212515326361344
1215,1.6600000000000001,1.0212515326361344
1216,1.6600000000000001,1.0212515326361344
1217,1.6600000000000001,1.0212515326361344
1218,1.6600000000000001,1.0212515326361344
1219,1.6600000000000001,1.0212515326361344
1220,1.6600000000000001,1.0212515326361344
1221,1.6600000000000001,1.0212515326361344
1222,1.6600000000000001,1.0212515326361344
1223,1.6600000000000001,1.0212515326361344
1224,1.6600000000000001,1.0212515326361344
1225,1.6600000000000001,1.0212515326361344
1226,1.6600000000000001,1.0212515326361344
1227,1.6600000000000001,1.0212515326361344
1228,1.6600000000000001,1.0212515326361344
1229,1.6600000000000001,1.0212515326361344
1230,1.6600000000000001,1.0212515326361344
1231,1.6600000000000001,1.0212515326361344
1232,1.6600000000000001,1.0212515326361344
1233,1.6600000000000001,1.0212515326361344
1234,1.6600000000000001,1.0212515326361344
1235,1.6600000000000001,1.0212515326361344
1236,1.6600000000000001,1.0212515326361344
1237,1.6600000000000001,1.0212515326361344
1238,1.6600000000000001,1.0212515326361344
1239,1.6600000000000001,1.0212515326361344
1240,1.6600000000000001,1.0212515326361344
1241,1.6600000000000001,1.0212515326361344
1242,1.6600000000000001,1.0212515326361344
1243,1.6600000000000001,1.0212515326361344
1244,1.6600000000000001,1.0212515326361344
1245,1.6600000000000001,1.0212515326361344
1246,1.6600000000000001,1.0212515326361344
1247,1.6600000000000001,1.0212515326361344
1248,1.6600000000000001,1.0212515326361344
1249,1.6600000000000001,1.0212515326361344
1250,1.6600000000000001,1.0212515326361344
1251,1.6600000000000001,1.0212515326361344
1252,1.6600000000000001,1.0212515326361344
1253,1.6600000000000001,1.0212515326361344
1254,1.6600000000000001,1.0212515326361344
1255,1.6600000000000001,1.0212515326361344
1256,1.6600000000000001,1.0212515326361344
1257,1.6600000000000001,1.0212515326361344
1258,1.6600000000000001,1.0212515326361344
1259,1.6600000000000001,1.0212515326361344
1260,1.6600000000000001,1.0212515326361344
1261,1.6600000000000001,1.0212515326361344
1262,1.6600000000000001,1.0212515326361344
1263,1.6600000000000001,1.0212515326361344
1264,1.6600000000000001,1.0212515326361344
1265,1.6600000000000001,1.0212515326361344
1266,1.6600000000000001,1.0212515326361344
1267,1.6600000000000001,1.0212515326361344
1268,1.6600000000000001,1.0212515326361344
1269,1.6600000000000001,1.0212515326361344
1270,1.6600000000000001,1.0212515326361344
1271,1.6600000000000001,1.0212515326361344
1272,1.6600000000000001,1.0212515326361344
1273,1.6600000000000001,1.0212515326361344
1274,1.6600000000000001,1.0212515326361344
1275,1.6600000000000001,1.0212515326361344
1276,1.6600000000000001,1.0212515326361344
1277,1.6600000000000001,1.0212515326361344
1278,1.6600000000000001,1.0212515326361344
1279,1.6600000000000001,1.0212515326361344
1280,1.6600000000000001,1.0212515326361344
1281,1.6600000000000001,1.0212515326361344
1282,1.6600000000000001,1.0212515326361344
1283,1.6600000000000001,1.0212515326361344
1284,1.6600000000000001,1.0212515326361344
1285,1.6600000000000001,1.0212515326361344
1286,1.6600000000000001,1.0212515326361344
1287,1.6600000000000001,1.0212515326361344
1288,1.6600000000000001,1.0212515326361344
1289,1.6600000000000001,1.0212515326361344
1290,1.6600000000000001,1.0212515326361344
1291,1.6600000000000001,1.0212515326361344
1292,1.6600000000000001,1.0212515326361344
1293,1.6600000000000001,1.0212515326361344
1294,1.6600000000000001,1.0212515326361344
1295,1.6600000000000001,1.0212515326361344
1296,1.6600000000000001,1.0212515326361344
1297,1.6600000000000001,1.0212515326361344
1298,1.6600000000000001,1.0212515326361344
1299,1.6600000000000001,1.0212515326361344
1300,1.6600000000000001,1.0212515326361344
1301,1.6600000000000001,1.0212515326361344
1302,1.6600000000000001,1.0212515326361344
1303,1.6600000000000001,1.0212515326361344
1304,1.6600000000000001,1.0212515326361344
1305,1.6600000000000001,1.0212515326361344
1306,1.6600000000000001,1.0212515326361344
1307,1.6600000000000001,1.0212515326361344
1308,1.6600000000000001,1.0212515326361344
1309,1.6600000000000001,1.0212515326361344
1310,1.6600000000000001,1.0212515326361344
1311,1.6600000000000001,1.0212515326361344
1312,1.6600000000000001,1.0212515326361344
1313,1.6600000000000001,1.0212515326361344
1314,1.6600000000000001,1.0212515326361344
1315,1.6600000000000001,1.0212515326361344
1316,1.6600000000000001,1.0212515326361344
1317,1.6600000000000001,1.0212515326361344
1318,1.6600000000000001,1.0212515326361344
1319,1.6600000000000001,1.0212515326361344
1320,1.6600000000000001,1.0212515326361344
1321,1.6600000000000001,1.0212515326361344
1322,1.6600000000000001,1.0212515326361344
1323,1.6600000000000001,1.0212515326361344
1324,1.6600000000000001,1.0212515326361344
1325,1.6600000000000001,1.0212515326361344
1326,1.6600000000000001,1.0212515326361344
1327,1.6600000000000001,1.0212515326361344
1328,1.6600000000000001,1.0212515326361344
1329,1.6600000000000001,1.0212515326361344
1330,1.6600000000000001,1.0212515326361344
1331,1.6600000000000001,1.0212515326361344
1332,1.6600000000000001,1.0212515326361344
1333,1.6600000000000001,1.0212515326361344
1334,1.6600000000000001,1.0212515326361344
1335,1.6600000000000001,1.0212515326361344
1336,1.6600000000000001,1.0212515326361344
1337,1.6600000000000001,1.0212515326361344
1338,1.6600000000000001,1.0212515326361344
1339,1.6600000000000001,1.0212515326361344
1340,1.6600000000000001,1.0212515326361344
1341,1.6600000000000001,1.0212515326361344
1342,1.6600000000000001,1.0212515326361344
1343,1.6600000000000001,1.0212515326361344
1344,1.6600000000000001,1.0212515326361344
1345,1.6600000000000001,1.0212515326361344
1346,1.6600000000000001,1.0212515326361344
1347,1.6600000000000001,1.0212515326361344
1348,1.6600000000000001,1.0212515326361344
1349,1.6600000000000001,1.0212515326361344
1350,1.6600000000000001,1.0212515326361344
1351,1.6600000000000001,1.0212515326361344
1352,1.6600000000000001,1.0212515326361344
1353,1.6600000000000001,1.0212515326361344
1354,1.6600000000000001,1.0212515326361344
1355,1.6600000000000001,1.0212515326361344
1356,1.6600000000000001,1.0212515326361344
1357,1.6600000000000001,1.0212515326361344
1358,1.6600000000000001,1.0212515326361344
1359,1.6600000000000001,1.0212515326361344
1360,1.6600000000000001,1.0212515326361344
1361,1.6600000000000001,1.0212515326361344
1362,1.6600000000000001,1.0212515326361344
1363,1.6600000000000001,1.0212515326361344
1364,1.6600000000000001,1.0212515326361344
1365,1.6600000000000001,1.0212515326361344
1366,1.6600000000000001,1.0212515326361344
1367,1.6600000000000001,1.0212515326361344
1368,1.6600000000000001,1.0212515326361344
1369,1.6600000000000001,1.0212515326361344
1370,1.6600000000000001,1.0212515326361344
1371,1.6600000000000001,1.0212515326361344
1372,1.6600000000000001,1.0212515326361344
1373,1.6600000000000001,1.0212515326361344
1374,1.6600000000000001,1.0212515326361344
1375,1.6600000000000001,1.0212515326361344
1376,1.6600000000000001,1.0212515326361344
1377,1.6600000000000001,1.0212515326361344
1378,1.6600000000000001,1.0212515326361344
1379,1.6600000000000001,1.0212515326361344
1380,1.6600000000000001,1.0212515326361344
1381,1.6600000000000001,1.0212515326361344
1382,1.6600000000000001,1.0212515326361344
1383,1.6600000000000001,1.0212515326361344
1384,1.6600000000000001,1.0212515326361344
1385,1.6600000000000001,1.0212515326361344
1386,1.6600000000000001,1.0212515326361344
1387,1.6600000000000001,1.0212515326361344
1388,1.6600000000000001,1.0212515326361344
1389,1.6600000000000001,1.0212515326361344
1390,1.6600000000000001,1.0212515326361344
1391,1.6600000000000001,1.0212515326361344
1392,1.6600000000000001,1.0212515326361344
1393,1.6600000000000001,1.0212515326361344
1394,1.6600000000000001,1.0212515326361344
1395,1.6600000000000001,1.0212515326361344
1396,1.6600000000000001,1.0212515326361344
1397,1.6600000000000001,1.0212515326361344
1398,1.6600000000000001,1.0212515326361344
1399,1.6600000000000001,1.0212515326361344
1400,1.6600000000000001,1.0212515326361344
1401,1.6600000000000001,1.0212515326361344
1402,1.6600000000000001,1.0212515326361344
1403,1.6600000000000001,1.0212515326361344
1404,1.6600000000000001,1.0212515326361344
1405,1.6600000000000001,1.0212515326361344
1406,1.6600000000000001,1.0212515326361344
1407,1.6600000000000001,1.0212515326361344
1408,1.6600000000000001,1.0212515326361344
1409,1.6600000000000001,1.0212515326361344
1410,1.6600000000000001,1.0212515326361344
1411,1.6600000000000001,1.0212515326361344
1412,1.6600000000000001,1.0212515326361344
1413,1.6600000000000001,1.0212515326361344
1414,1.6600000000000001,1.0212515326361344
1415,1.6600000000000001,1.0212515326361344
1416,1.6600000000000001,1.0212515326361344
1417,1.6600000000000001,1.0212515326361344
1418,1.6600000000000001,1.0212515326361344
1419,1.6600000000000001,1.0212515326361344
1420,1.6600000000000001,1.0212515326361344
1421,1.6600000000000001,1.0212515326361344
1422,1.6600000000000001,1.0212515326361344
1423,1.6600000000000001,1.0212515326361344
1424,1.6600000000000001,1.0212515326361344
1425,1.6600000000000001,1.0212515326361344
1426,1.6600000000000001,1.0212515326361344
1427,1.6600000000000001,1.0212515326361344
1428,1.6600000000000001,1.0212515326361344
1429,1.6600000000000001,1.0212515326361344
1430,1.6600000000000001,1.0212515326361344
1431,1.6600000000000001,1.0212515326361344
1432,1.6600000000000001,1.0212515326361344
1433,1.6600000000000001,1.0212515326361344
1434,1.6600000000000001,1.0212515326361344
1435,1.6600000000000001,1.0212515326361344
1436,1.6600000000000001,1.0212515326361344
1437,1.6600000000000001,1.0212515326361344
1438,1.6600000000000001,1.0212515326361344
1439,1.6600000000000001,1.0212515326361344
1440,1.6600000000000001,1.0212515326361344
1441,1.6600000000000001,1.0212515326361344
1442,1.6600000000000001,1.0212515326361344
1443,1.6600000000000001,1.0212515326361344
1444,1.6600000000000001,1.0212515326361344
1445,1.6600000000000001,1.0212515326361344
1446,1.6600000000000001,1.0212515326361344
1447,1.6600000000000001,1.0212515326361344
1448,1.6600000000000001,1.0212515326361344
1449,1.6600000000000001,1.0212515326361344
1450,1.6600000000000001,1.0212515326361344
1451,1.6600000000000001,1.0212515326361344
1452,1.6600000000000001,1.0212515326361344
1453,1.6600000000000001,1.0212515326361344
1454,1.6600000000000001,1.0212515326361344
1455,1.6600000000000001,1.0212515326361344
1456,1.6600000000000001,1.0212515326361344
1457,1.6600000000000001,1.0212515326361344
1458,1.6600000000000001,1.0212515326361344
1459,1.6600000000000001,1.0212515326361344
1460,1.6600000000000001,1.0212515326361344
1461,1.6600000000000001,1.0212515326361344
1462,1.6600000000000001,1.0212515326361344
1463,1.6600000000000001,1.0212515326361344
1464,1.6600000000000001,1.0212515326361344
1465,1.6600000000000001,1.0212515326361344
1466,1.6600000000000001,1.0212515326361344
1467,1.6600000000000001,1.0212515326361344
1468,1.6600000000000001,1.0212515326361344
1469,1.6600000000000001,1.0212515326361344
1470,1.6600000000000001,1.0212515326361344
1471,1.6600000000000001,1.0212515326361344
1472,1.6600000000000001,1.0212515326361344
1473,1.6600000000000001,1.0212515326361344
1474,1.6600000000000001,1.0212515326361344
1475,1.6600000000000001,1.0212515326361344
1476,1.6600000000000001,1.0212515326361344
1477,1.6600000000000001,1.0212515326361344
1478,1.6600000000000001,1.0212515326361344
1479,1.6600000000000001,1.0212515326361344
1480,1.6600000000000001,1.0212515326361344
1481,1.6600000000000001,1.0212515326361344
1482,1.6600000000000001,1.0212515326361344
1483,1.6600000000000001,1.0212515326361344
1484,1.6600000000000001,1.0212515326361344
1485,1.6600000000000001,1.0212515326361344
1486,1.6600000000000001,1.0212515326361344
1487,1.6600000000000001,1.0212515326361344
1488,1.6600000000000001,1.0212515326361344
1489,1.6600000000000001,1.0212515326361344
1490,1.6600000000000001,1.0212515326361344
1491,1.6600000000000001,1.0212515326361344
1492,1.6600000000000001,1.0212515326361344
1493,1.6600000000000001,1.0212515326361344
1494,1.6600000000000001,1.0212515326361344
1495,1.6600000000000001,1.0212515326361344
1496,1.6600000000000001,1.0212515326361344
1497,1.6600000000000001,1.0212515326361344
1498,1.6600000000000001,1.0212515326361344
1499,1.6600000000000001,1.0212515326361344
1500,1.6600000000000001,1.0212515326361344
1501,1.6600000000000001,1.0212515326361344
1502,1.6600000000000001,1.0212515326361344
1503,1.6600000000000001,1.0212515326361344
1504,1.6600000000000001,1.0212515326361344
1505,1.6600000000000001,1.0212515326361344
1506,1.6600000000000001,1.0212515326361344
1507,1.6600000000000001,1.0212515326361344
1508,1.6600000000000001,1.0212515326361344
1509,1.6600000000000001,1.0212515326361344
1510,1.6600000000000001,1.0212515326361344
1511,1.6600000000000001,1.0212515326361344
1512,1.6600000000000001,1.0212515326361344
1513,1.6600000000000001,1.0212515326361344
1514,1.6600000000000001,1.0212515326361344
1515,1.6600000000000001,1.0212515326361344
1516,1.6600000000000001,1.0212515326361344
1517,1.6600000000000001,1.0212515326361344
1518,1.6600000000000001,1.0212515326361344
1519,1.6600000000000001,1.0212515326361344
1520,1.6600000000000001,1.0212515326361344
1521,1.6600000000000001,1.0212515326361344
1522,1.6600000000000001,1.0212515326361344
1523,1.6600000000000001,1.0212515326361344
1524,1.6600000000000001,1.0212515326361344
1525,1.6600000000000001,1.0212515326361344
1526,1.6600000000000001,1.0212515326361344
1527,1.6600000000000001,1.0212515326361344
1528,1.6600000000000001,1.0212515326361344
1529,1.6600000000000001,1.0212515326361344
1530,1.6600000000000001,1.0212515326361344
1531,1.6600000000000001,1.0212515326361344
1532,1.6600000000000001,1.0212515326361344
1533,1.6600000000000001,1.0212515326361344
1534,1.6600000000000001,1.0212515326361344
1535,1.6600000000000001,1.0212515326361344
1536,1.6600000000000001,1.0212515326361344
1537,1.6600000000000001,1.0212515326361344
1538,1.6600000000000001,1.0212515326361344
1539,1.6600000000000001,1.0212515326361344
1540,1.6600000000000001,1.0212515326361344
1541,1.6600000000000001,1.0212515326361344
1542,1.6600000000000001,1.0212515326361344
1543,1.6600000000000001,1.0212515326361344
1544,1.6600000000000001,1.0212515326361344
1545,1.6600000000000001,1.0212515326361344
1546,1.6600000000000001,1.0212515326361344
1547,1.6600000000000001,1.0212515326361344
1548,1.6600000000000001,1.0212515326361344
1549,1.6600000000000001,1.0212515326361344
1550,1.6600000000000001,1.0212515326361344
1551,1.6600000000000001,1.0212515326361344
1552,1.6600000000000001,1.0212515326361344
1553,1.6600000000000001,1.0212515326361344
1554,1.6600000000000001,1.0212515326361344
1555,1.6600000000000001,1.0212515326361344
1556,1.6600000000000001,1.0212515326361344
1557,1.6600000000000001,1.0212515326361344
1558,1.6600000000000001,1.0212515326361344
1559,1.6600000000000001,1.0212515326361344
1560,1.6600000000000001,1.0212515326361344
1561,1.6600000000000001,1.0212515326361344
1562,1.6600000000000001,1.0212515326361344
1563,1.6600000000000001,1.0212515326361344
1564,1.6600000000000001,1.0212515326361344
1565,1.6600000000000001,1.0212515326361344
1566,1.6600000000000001,1.0212515326361344
1567,1.6600000000000001,1.0212515326361344
1568,1.6600000000000001,1.0212515326361344
1569,1.6600000000000001,1.0212515326361344
1570,1.6600000000000001,1.0212515326361344
1571,1.6600000000000001,1.0212515326361344
1572,1.6600000000000001,1.0212515326361344
1573,1.6600000000000001,1.0212515326361344
1574,1.6600000000000001,1.0212515326361344
1575,1.6600000000000001,1.0212515326361344
1576,1.6600000000000001,1.0212515326361344
1577,1.6600000000000001,1.0212515326361344
1578,1.6600000000000001,1.0212515326361344
1579,1.6600000000000001,1.0212515326361344
1580,1.6600000000000001,1.0212515326361344
1581,1.6600000000000001,1.0212515326361344
1582,1.6600000000000001,1.0212515326361344
1583,1.6600000000000001,1.0212515326361344
1584,1.6600000000000001,1.0212515326361344
1585,1.6600000000000001,1.0212515326361344
1586,1.6600000000000001,1.0212515326361344
1587,1.6600000000000001,1.0212515326361344
1588,1.6600000000000001,1.0212515326361344
1589,1.6600000000000001,1.0212515326361344
1590,1.6600000000000001,1.0212515326361344
1591,1.6600000000000001,1.0212515326361344
1592,1.6600000000000001,1.0212515326361344
1593,1.6600000000000001,1.0212515326361344
1594,1.6600000000000001,1.0212515326361344
1595,1.6600000000000001,1.0212515326361344
1596,1.6600000000000001,1.0212515326361344
1597,1.6600000000000001,1.0212515326361344
1598,1.6600000000000001,1.0212515326361344
1599,1.6600000000000001,1.0212515326361344
1600,1.6600000000000001,1.0212515326361344
1601,1.6600000000000001,1.0212515326361344
1602,1.6600000000000001,1.0212515326361344
1603,1.6600000000000001,1.0212515326361344
1604,1.6600000000000001,1.0212515326361344
1605,1.6600000000000001,1.0212515326361344
1606,1.6600000000000001,1.0212515326361344
1607,1.6600000000000001,1.0212515326361344
1608,1.6600000000000001,1.0212515326361344
1609,1.6600000000000001,1.0212515326361344
1610,1.6600000000000001,1.0212515326361344
1611,1.6600000000000001,1.0212515326361344
1612,1.6600000000000001,1.0212515326361344
1613,1.6600000000000001,1.0212515326361344
1614,1.6600000000000001,1.0212515326361344
1615,1.6600000000000001,1.0212515326361344
1616,1.6600000000000001,1.0212515326361344
1617,1.6600000000000001,1.0212515326361344
1618,1.6600000000000001,1.0212515326361344
1619,1.6600000000000001,1.0212515326361344
1620,1.6600000000000001,1.0212515326361344
1621,1.6600000000000001,1.0212515326361344
1622,1.6600000000000001,1.0212515326361344
1623,1.6600000000000001,1.0212515326361344
1624,1.6600000000000001,1.0212515326361344
1625,1.6600000000000001,1.0212515326361344
1626,1.6600000000000001,1.0212515326361344
1627,1.6600000000000001,1.0212515326361344
1628,1.6600000000000001,1.0212515326361344
1629,1.6600000000000001,1.0212515326361344
1630,1.6600000000000001,1.0212515326361344
1631,1.6600000000000001,1.0212515326361344
1632,1.6600000000000001,1.0212515326361344
1633,1.6600000000000001,1.0212515326361344
1634,1.6600000000000001,1.0212515326361344
1635,1.6600000000000001,1.0212515326361344
1636,1.6600000000000001,1.0212515326361344
1637,1.6600000000000001,1.0212515326361344
1638,1.6600000000000001,1.0212515326361344
1639,1.6600000000000001,1.0212515326361344
1640,1.6600000000000001,1.0212515326361344
1641,1.6600000000000001,1.0212515326361344
1642,1.6600000000000001,1.0212515326361344
1643,1.6600000000000001,1.0212515326361344
1644,1.6600000000000001,1.0212515326361344
1645,1.6600000000000001,1.0212515326361344
1646,1.6600000000000001,1.0212515326361344
1647,1.6600000000000001,1.0212515326361344
1648,1.6600000000000001,1.0212515326361344
1649,1.6600000000000001,1.0212515326361344
1650,1.6600000000000001,1.0212515326361344
1651,1.6600000000000001,1.0212515326361344
1652,1.6600000000000001,1.0212515326361344
1653,1.6600000000000001,1.0212515326361344
1654,1.6600000000000001,1.0212515326361344
1655,1.6600000000000001,1.0212515326361344
1656,1.6600000000000001,1.0212515326361344
1657,1.6600000000000001,1.0212515326361344
1658,1.6600000000000001,1.0212515326361344
1659,1.6600000000000001,1.0212515326361344
1660,1.6600000000000001,1.0212515326361344
1661,1.6600000000000001,1.0212515326361344
1662,1.6600000000000001,1.0212515326361344
1663,1.6600000000000001,1.0212515326361344
1664,1.6600000000000001,1.0212515326361344
1665,1.6600000000000001,1.0212515326361344
1666,1.6600000000000001,1.0212515326361344
1667,1.6600000000000001,1.0212515326361344
1668,1.6600000000000001,1.0212515326361344
1669,1.6600000000000001,1.0212515326361344
1670,1.6600000000000001,1.0212515326361344
1671,1.6600000000000001,1.0212515326361344
1672,1.6600000000000001,1.0212515326361344
1673,1.6600000000000001,1.0212515326361344
1674,1.6600000000000001,1.0212515326361344
1675,1.6600000000000001,1.0212515326361344
1676,1.6600000000000001,1.0212515326361344
1677,1.6600000000000001,1.0212515326361344
1678,1.6600000000000001,1.0212515326361344
1679,1.6600000000000001,1.0212515326361344
1680,1.6600000000000001,1.0212515326361344
1681,1.6600000000000001,1.0212515326361344
1682,1.6600000000000001,1.0212515326361344
1683,1.6600000000000001,1.0212515326361344
1684,1.6600000000000001,1.0212515326361344
1685,1.6600000000000001,1.0212515326361344
1686,1.6600000000000001,1.0212515326361344
1687,1.6600000000000001,1.0212515326361344
1688,1.6600000000000001,1.0212515326361344
1689,1.6600000000000001,1.0212515326361344
1690,1.6600000000000001,1.0212515326361344
1691,1.6600000000000001,1.0212515326361344
1692,1.6600000000000001,1.0212515326361344
1693,1.6600000000000001,1.0212515326361344
1694,1.6600000000000001,1.0212515326361344
1695,1.6600000000000001,1.0212515326361344
1696,1.6600000000000001,1.0212515326361344
1697,1.6600000000000001,1.0212515326361344
1698,1.6600000000000001,1.0212515326361344
1699,1.6600000000000001,1.0212515326361344
1700,1.6600000000000001,1.0212515326361344
1701,1.6600000000000001,1.0212515326361344
1702,1.6600000000000001,1.0212515326361344
1703,1.6600000000000001,1.0212515326361344
1704,1.6600000000000001,1.0212515326361344
1705,1.6600000000000001,1.0212515326361344
1706,1.6600000000000001,1.0212515326361344
1707,1.6600000000000001,1.0212515326361344
1708,1.6600000000000001,1.0212515326361344
1709,1.6600000000000001,1.0212515326361344
1710,1.6600000000000001,1.0212515326361344
1711,1.6600000000000001,1.0212515326361344
1712,1.6600000000000001,1.0212515326361344
1713,1.6600000000000001,1.0212515326361344
1714,1.6600000000000001,1.0212515326361344
1715,1.6600000000000001,1.0212515326361344
1716,1.6600000000000001,1.0212515326361344
1717,1.6600000000000001,1.0212515326361344
1718,1.6600000000000001,1.0212515326361344
1719,1.6600000000000001,1.0212515326361344
1720,1.6600000000000001,1.0212515326361344
1721,1.6600000000000001,1.0212515326361344
1722,1.6600000000000001,1.0212515326361344
1723,1.6600000000000001,1.0212515326361344
1724,1.6600000000000001,1.0212515326361344
1725,1.6600000000000001,1.0212515326361344
1726,1.6600000000000001,1.0212515326361344
1727,1.6600000000000001,1.0212515326361344
1728,1.6600000000000001,1.0212515326361344
1729,1.6600000000000001,1.0212515326361344
1730,1.6600000000000001,1.0212515326361344
1731,1.6600000000000001,1.0212515326361344
1732,1.6600000000000001,1.0212515326361344
1733,1.6600000000000001,1.0212515326361344
1734,1.6600000000000001,1.0212515326361344
1735,1.6600000000000001,1.0212515326361344
1736,1.6600000000000001,1.0212515326361344
1737,1.6600000000000001,1.0212515326361344
1738,1.6600000000000001,1.0212515326361344
1739,1.6600000000000001,1.0212515326361344
1740,1.6600000000000001,1.0212515326361344
1741,1.6600000000000001,1.0212515326361344
1742,1.6600000000000001,1.0212515326361344
1743,1.6600000000000001,1.0212515326361344
1744,1.6600000000000001,1.0212515326361344
1745,1.6600000000000001,1.0212515326361344
1746,1.6600000000000001,1.0212515326361344
1747,1.6600000000000001,1.0212515326361344
1748,1.6600000000000001,1.0212515326361344
1749,1.6600000000000001,1.0212515326361344
1750,1.6600000000000001,1.0212515326361344
1751,1.6600000000000001,1.0212515326361344
1752,1.6600000000000001,1.0212515326361344
1753,1.6600000000000001,1.0212515326361344
1754,1.6600000000000001,1.0212515326361344
1755,1.6600000000000001,1.0212515326361344
1756,1.6600000000000001,1.0212515326361344
1757,1.6600000000000001,1.0212515326361344
1758,1.6600000000000001,1.0212515326361344
1759,1.6600000000000001,1.0212515326361344
1760,1.6600000000000001,1.0212515326361344
1761,1.6600000000000001,1.0212515326361344
1762,1.6600000000000001,1.0212515326361344
1763,1.6600000000000001,1.0212515326361344
1764,1.6600000000000001,1.0212515326361344
1765,1.6600000000000001,1.0212515326361344
1766,1.6600000000000001,1.0212515326361344
1767,1.6600000000000001,1.0212515326361344
1768,1.6600000000000001,1.0212515326361344
1769,1.6600000000000001,1.0212515326361344
1770,1.6600000000000001,1.0212515326361344
1771,1.6600000000000001,1.0212515326361344
1772,1.6600000000000001,1.0212515326361344
1773,1.6600000000000001,1.0212515326361344
1774,1.6600000000000001,1.0212515326361344
1775,1.6600000000000001,1.0212515326361344
1776,1.6600000000000001,1.0212515326361344
1777,1.6600000000000001,1.0212515326361344
1778,1.6600000000000001,1.0212515326361344
1779,1.6600000000000001,1.0212515326361344
1780,1.6600000000000001,1.0212515326361344
1781,1.6600000000000001,1.0212515326361344
1782,1.6600000000000001,1.0212515326361344
1783,1.6600000000000001,1.0212515326361344
1784,1.6600000000000001,1.0212515326361344
1785,1.6600000000000001,1.0212515326361344
1786,1.6600000000000001,1.0212515326361344
1787,1.6600000000000001,1.0212515326361344
1788,1.6600000000000001,1.0212515326361344
1789,1.6600000000000001,1.0212515326361344
1790,1.6600000000000001,1.0212515326361344
1791,1.6600000000000001,1.0212515326361344
1792,1.6600000000000001,1.0212515326361344
1793,1.6600000000000001,1.0212515326361344
1794,1.6600000000000001,1.0212515326361344
1795,1.6600000000000001,1.0212515326361344
1796,1.6600000000000001,1.0212515326361344
1797,1.6600000000000001,1.0212515326361344
1798,1.6600000000000001,1.0212515326361344
1799,1.6600000000000001,1.0212515326361344
1800,1.6600000000000001,1.0212515326361344
1801,1.6600000000000001,1.0212515326361344
1802,1.6600000000000001,1.0212515326361344
1803,1.6600000000000001,1.0212515326361344
1804,1.6600000000000001,1.0212515326361344
1805,1.6600000000000001,1.0212515326361344
1806,1.6600000000000001,1.0212515326361344
1807,1.6600000000000001,1.0212515326361344
1808,1.6600000000000001,1.0212515326361344
1809,1.6600000000000001,1.0212515326361344
1810,1.6600000000000001,1.0212515326361344
1811,1.6600000000000001,1.0212515326361344
1812,1.6600000000000001,1.0212515326361344
1813,1.6600000000000001,1.0212515326361344
1814,1.6600000000000001,1.0212515326361344
1815,1.6600000000000001,1.0212515326361344
1816,1.6600000000000001,1.0212515326361344
1817,1.6600000000000001,1.0212515326361344
1818,1.6600000000000001,1.0212515326361344
1819,1.6600000000000001,1.0212515326361344
1820,1.6600000000000001,1.0212515326361344
1821,1.6600000000000001,1.0212515326361344
1822,1.6600000000000001,1.0212515326361344
1823,1.6600000000000001,1.0212515326361344
1824,1.6600000000000001,1.0212515326361344
1825,1.6600000000000001,1.0212515326361344
1826,1.6600000000000001,1.0212515326361344
1827,1.6600000000000001,1.0212515326361344
1828,1.6600000000000001,1.0212515326361344
1829,1.6600000000000001,1.0212515326361344
1830,1.6600000000000001,1.0212515326361344
1831,1.6600000000000001,1.0212515326361344
1832,1.6600000000000001,1.0212515326361344
1833,1.6600000000000001,1.0212515326361344
1834,1.6600000000000001,1.0212515326361344
1835,1.6600000000000001,1.0212515326361344
1836,1.6600000000000001,1.0212515326361344
1837,1.6600000000000001,1.0212515326361344
1838,1.6600000000000001,1.0212515326361344
1839,1.6600000000000001,1.0212515326361344
1840,1.6600000000000001,1.0212515326361344
1841,1.6600000000000001,1.0212515326361344
1842,1.6600000000000001,1.0212515326361344
1843,1.6600000000000001,1.0212515326361344
1844,1.6600000000000001,1.0212515326361344
1845,1.6600000000000001,1.0212515326361344
1846,1.6600000000000001,1.0212515326361344
1847,1.6600000000000001,1.0212515326361344
1848,1.6600000000000001,1.0212515326361344
1849,1.6600000000000001,1.0212515326361344
1850,1.6600000000000001,1.0212515326361344
1851,1.6600000000000001,1.0212515326361344
1852,1.6600000000000001,1.0212515326361344
1853,1.6600000000000001,1.0212515326361344
1854,1.6600000000000001,1.0212515326361344
1855,1.6600000000000001,1.0212515326361344
1856,1.6600000000000001,1.0212515326361344
1857,1.6600000000000001,1.0212515326361344
1858,1.6600000000000001,1.0212515326361344
1859,1.6600000000000001,1.0212515326361344
1860,1.6600000000000001,1.0212515326361344
1861,1.6600000000000001,1.0212515326361344
1862,1.6600000000000001,1.0212515326361344
1863,1.6600000000000001,1.0212515326361344
1864,1.6600000000000001,1.0212515326361344
1865,1.6600000000000001,1.0212515326361344
1866,1.6600000000000001,1.0212515326361344
1867,1.6600000000000001,1.0212515326361344
1868,1.6600000000000001,1.0212515326361344
1869,1.6600000000000001,1.0212515326361344
1870,1.6600000000000001,1.0212515326361344
1871,1.6600000000000001,1.0212515326361344
1872,1.6600000000000001,1.0212515326361344
1873,1.6600000000000001,1.0212515326361344
1874,1.6600000000000001,1.0212515326361344
1875,1.6600000000000001,1.0212515326361344
1876,1.6600000000000001,1.0212515326361344
1877,1.6600000000000001,1.0212515326361344
1878,1.6600000000000001,1.0212515326361344
1879,1.6600000000000001,1.0212515326361344
1880,1.6600000000000001,1.0212515326361344
1881,1.6600000000000001,1.0212515326361344
1882,1.6600000000000001,1.0212515326361344
1883,1.6600000000000001,1.0212515326361344
1884,1.6600000000000001,1.0212515326361344
1885,1.6600000000000001,1.0212515326361344
1886,1.6600000000000001,1.0212515326361344
1887,1.6600000000000001,1.0212515326361344
1888,1.6600000000000001,1.0212515326361344
1889,1.6600000000000001,1.0212515326361344
1890,1.6600000000000001,1.0212515326361344
1891,1.639,1.0212515326361344
1892,1.5250000000000001,1.0212515326361344
1893,1.5250000000000001,1.0212515326361344
1894,1.5250000000000001,1.0212515326361344
1895,1.5250000000000001,1.0212515326361344
1896,1.5250000000000001,1.0212515326361344
1897,1.5250000000000001,1.0212515326361344
1898,1.5250000000000001,1.0212515326361344
1899,1.5250000000000001,1.0212515326361344
1900,1.5250000000000001,1.0212515326361344
1901,1.5250000000000001,1.0212515326361344
1902,1.5250000000000001,1.0212515326361344
1903,1.5250000000000001,1.0212515326361344
1904,1.5250000000000001,1.0212515326361344
1905,1.5250000000000001,1.0212515326361344
1906,1.5250000000000001,1.0212515326361344
1907,1.5250000000000001,1.0212515326361344
1908,1.5250000000000001,1.0212515326361344
1909,1.5250000000000001,1.0212515326361344
1910,1.5250000000000001,1.0212515326361344
1911,1.5250000000000001,1.0212515326361344
1912,1.5250000000000001,1.0212515326361344
1913,1.5250000000000001,1.0212515326361344
1914,1.5250000000000001,1.0212515326361344
1915,1.5250000000000001,1.0212515326361344
1916,1.5250000000000001,1.0212515326361344
1917,1.5250000000000001,1.0212515326361344
1918,1.5250000000000001,1.0212515326361344
1919,1.5250000000000001,1.0212515326361344
1920,1.5250000000000001,1.0212515326361344
1921,1.5250000000000001,1.0212515326361344
1922,1.5250000000000001,1.0212515326361344
1923,1.5250000000000001,1.0212515326361344
1924,1.5250000000000001,1.0212515326361344
1925,1.5250000000000001,1.0212515326361344
1926,1.5250000000000001,1.0212515326361344
1927,1.5250000000000001,1.0212515326361344
1928,1.5250000000000001,1.0212515326361344
1929,1.5250000000000001,1.0212515326361344
1930,1.5250000000000001,1.0212515326361344
1931,1.5250000000000001,1.0212515326361344
1932,1.5250000000000001,1.0212515326361344
1933,1.5250000000000001,1.0212515326361344
1934,1.5250000000000001,1.0212515326361344
1935,1.5250000000000001,1.0212515326361344
1936,1.5250000000000001,1.0212515326361344
1937,1.5250000000000001,1.0212515326361344
1938,1.5250000000000001,1.0212515326361344
1939,1.5250000000000001,1.0212515326361344
1940,1.5250000000000001,1.0212515326361344
1941,1.5250000000000001,1.0212515326361344
1942,1.5250000000000001,1.0212515326361344
1943,1.5250000000000001,1.0212515326361344
1944,1.5250000000000001,1.0212515326361344
1945,1.5250000000000001,1.0212515326361344
1946,1.5250000000000001,1.0212515326361344
1947,1.5250000000000001,1.0212515326361344
1948,1.5250000000000001,1.0212515326361344
1949,1.5250000000000001,1.0212515326361344
1950,1.5250000000000001,1.0212515326361344
1951,1.5250000000000001,1.0212515326361344
1952,1.5250000000000001,1.0212515326361344
1953,1.5250000000000001,1.0212515326361344
1954,1.5250000000000001,1.0212515326361344
1955,1.5250000000000001,1.0212515326361344
1956,1.5250000000000001,1.0212515326361344
1957,1.5250000000000001,1.0212515326361344
1958,1.5250000000000001,1.0212515326361344
1959,1.5250000000000001,1.0212515326361344
1960,1.5250000000000001,1.0212515326361344
1961,1.5250000000000001,1.0212515326361344
1962,1.5250000000000001,1.0212515326361344
1963,1.5250000000000001,1.0212515326361344
1964,1.5250000000000001,1.0212515326361344
1965,1.5250000000000001,1.0212515326361344
1966,1.5250000000000001,1.0212515326361344
1967,1.5250000000000001,1.0212515326361344
1968,1.5250000000000001,1.0212515326361344
1969,1.5250000000000001,1.0212515326361344
1970,1.5250000000000001,1.0212515326361344
1971,1.5250000000000001,1.0212515326361344
1972,1.5250000000000001,1.0212515326361344
1973,1.5250000000000001,1.0212515326361344
1974,1.5250000000000001,1.0212515326361344
1975,1.5250000000000001,1.0212515326361344
1976,1.5250000000000001,1.0212515326361344
1977,1.5250000000000001,1.0212515326361344
1978,1.5250000000000001,1.0212515326361344
1979,1.5250000000000001,1.0212515326361344
1980,1.5250000000000001,1.0212515326361344
1981,1.5250000000000001,1.0212515326361344
1982,1.5250000000000001,1.0212515326361344
1983,1.5250000000000001,1.0212515326361344
1984,1.5250000000000001,1.0212515326361344
1985,1.5250000000000001,1.0212515326361344
1986,1.5250000000000001,1.0212515326361344
1987,1.5250000000000001,1.0212515326361344
1988,1.5250000000000001,1.0212515326361344
1989,1.5250000000000001,1.0212515326361344
1990,1.5250000000000001,1.0212515326361344
1991,1.5250000000000001,1.0212515326361344
1992,1.5250000000000001,1.0212515326361344
1993,1.5250000000000001,1.0212515326361344
1994,1.5250000000000001,1.0212515326361344
1995,1.5250000000000001,1.0212515326361344
1996,1.5250000000000001,1.0212515326361344
1997,1.5250000000000001,1.0212515326361344
1998,1.5250000000000001,1.0212515326361344
1999,1.5250000000000001,1.0212515326361344
2000,1.5250000000000001,1.0212515326361344
2001,1.5250000000000001,1.0212515326361344
2002,1.5250000000000001,1.0212515326361344
2003,1.5250000000000001,1.0212515326361344
2004,1.5250000000000001,1.0212515326361344
2005,1.5250000000000001,1.0212515326361344
2006,1.5250000000000001,1.0212515326361344
2007,1.5250000000000001,1.0212515326361344
2008,1.5250000000000001,1.0212515326361344
2009,1.5250000000000001,1.0212515326361344
2010,1.5250000000000001,1.0212515326361344
2011,1.5250000000000001,1.0212515326361344
2012,1.5250000000000001,1.0212515326361344
2013,1.5250000000000001,1.0212515326361344
2014,1.5250000000000001,1.0212515326361344
2015,1.5250000000000001,1.0212515326361344
2016,1.5250000000000001,1.0212515326361344
2017,1.5250000000000001,1.0212515326361344
2018,1.5250000000000001,1.0212515326361344
2019,1.5250000000000001,1.0212515326361344
2020,1.5250000000000001,1.0212515326361344
2021,1.5250000000000001,1.0212515326361344
2022,1.5250000000000001,1.0212515326361344
2023,1.5250000000000001,1.0212515326361344
2024,1.5250000000000001,1.0212515326361344
2025,1.5250000000000001,1.0212515326361344
2026,1.5250000000000001,1.0212515326361344
2027,1.5250000000000001,1.0212515326361344
2028,1.5250000000000001,1.0212515326361344
2029,1.5250000000000001,1.0212515326361344
2030,1.5250000000000001,1.0212515326361344
2031,1.5250000000000001,1.0212515326361344
2032,1.5250000000000001,1.0212515326361344
2033,1.5250000000000001,1.0212515326361344
2034,1.5250000000000001,1.0212515326361344
2035,1.5250000000000001,1.0212515326361344
2036,1.5250000000000001,1.0212515326361344
2037,1.5250000000000001,1.0212515326361344
2038,1.5250000000000001,1.0212515326361344
2039,1.5250000000000001,1.0212515326361344
2040,1.5250000000000001,1.0212515326361344
2041,1.5250000000000001,1.0212515326361344
2042,1.5250000000000001,1.0212515326361344
2043,1.5250000000000001,1.0212515326361344
2044,1.5250000000000001,1.0212515326361344
2045,1.5250000000000001,1.0212515326361344
2046,1.5250000000000001,1.0212515326361344
2047,1.5250000000000001,1.0212515326361344
2048,1.5250000000000001,1.0212515326361344
2049,1.5250000000000001,1.0212515326361344
2050,1.5250000000000001,1.0212515326361344
2051,1.5250000000000001,1.0212515326361344
2052,1.5250000000000001,1.0212515326361344
2053,1.5250000000000001,1.0212515326361344
2054,1.5250000000000001,1.0212515326361344
2055,1.5250000000000001,1.0212515326361344
2056,1.5250000000000001,1.0212515326361344
2057,1.5250000000000001,1.0212515326361344
2058,1.5250000000000001,1.0212515326361344
2059,1.5250000000000001,1.0212515326361344
2060,1.5250000000000001,1.0212515326361344
2061,1.5250000000000001,1.0212515326361344
2062,1.5250000000000001,1.0212515326361344
2063,1.5250000000000001,1.0212515326361344
2064,1.5250000000000001,1.0212515326361344
2065,1.5250000000000001,1.0212515326361344
2066,1.5250000000000001,1.0212515326361344
2067,1.5250000000000001,1.0212515326361344
2068,1.5250000000000001,1.0212515326361344
2069,1.5250000000000001,1.0212515326361344
2070,1.5250000000000001,1.0212515326361344
2071,1.5250000000000001,1.0212515326361344
2072,1.5250000000000001,1.0212515326361344
2073,1.5250000000000001,1.0212515326361344
2074,1.5250000000000001,1.0212515326361344
2075,1.5250000000000001,1.0212515326361344
2076,1.5250000000000001,1.0212515326361344
2077,1.5250000000000001,1.0212515326361344
2078,1.5250000000000001,1.0212515326361344
2079,1.5250000000000001,1.0212515326361344
2080,1.5250000000000001,1.0212515326361344
2081,1.5250000000000001,1.0212515326361344
2082,1.5250000000000001,1.0212515326361344
2083,1.5250000000000001,1.0212515326361344
2084,1.5250000000000001,1.0212515326361344
2085,1.5250000000000001,1.0212515326361344
2086,1.5250000000000001,1.0212515326361344
2087,1.5250000000000001,1.0212515326361344
2088,1.5250000000000001,1.0212515326361344
2089,1.5250000000000001,1.0212515326361344
2090,1.5250000000000001,1.0212515326361344
2091,1.5250000000000001,1.0212515326361344
2092,1.5250000000000001,1.0212515326361344
2093,1.5250000000000001,1.0212515326361344
2094,1.5250000000000001,1.0212515326361344
2095,1.5250000000000001,1.0212515326361344
2096,1.5250000000000001,1.0212515326361344
2097,1.5250000000000001,1.0212515326361344
2098,1.5250000000000001,1.0212515326361344
2099,1.5250000000000001,1.0212515326361344
2100,1.5250000000000001,1.0212515326361344
2101,1.5250000000000001,1.0212515326361344
2102,1.5250000000000001,1.0212515326361344
2103,1.5250000000000001,1.0212515326361344
2104,1.5250000000000001,1.0212515326361344
2105,1.5250000000000001,1.0212515326361344
2106,1.5250000000000001,1.0212515326361344
2107,1.5250000000000001,1.0212515326361344
2108,1.5250000000000001,1.0212515326361344
2109,1.5250000000000001,1.0212515326361344
2110,1.5250000000000001,1.0212515326361344
2111,1.5250000000000001,1.0212515326361344
2112,1.5250000000000001,1.0212515326361344
2113,1.5250000000000001,1.0212515326361344
2114,1.5250000000000001,1.0212515326361344
2115,1.5250000000000001,1.0212515326361344
2116,1.5250000000000001,1.0212515326361344
2117,1.5250000000000001,1.0212515326361344
2118,1.5250000000000001,1.0212515326361344
2119,1.5250000000000001,1.0212515326361344
2120,1.5250000000000001,1.0212515326361344
2121,1.5250000000000001,1.0212515326361344
2122,1.5250000000000001,1.0212515326361344
2123,1.5250000000000001,1.0212515326361344
2124,1.5250000000000001,1.0212515326361344
2125,1.5250000000000001,1.0212515326361344
2126,1.5250000000000001,1.0212515326361344
2127,1.5250000000000001,1.0212515326361344
2128,1.5250000000000001,1.0212515326361344
2129,1.5250000000000001,1.0212515326361344
2130,1.5250000000000001,1.0212515326361344
2131,1.5250000000000001,1.0212515326361344
2132,1.5250000000000001,1.0212515326361344
2133,1.5250000000000001,1.0212515326361344
2134,1.5250000000000001,1.0212515326361344
2135,1.5250000000000001,1.0212515326361344
2136,1.5250000000000001,1.0212515326361344
2137,1.5250000000000001,1.0212515326361344
2138,1.5250000000000001,1.0212515326361344
2139,1.5250000000000001,1.0212515326361344
2140,1.5250000000000001,1.0212515326361344
2141,1.5250000000000001,1.0212515326361344
2142,1.5250000000000001,1.0212515326361344
2143,1.5250000000000001,1.0212515326361344
2144,1.5250000000000001,1.0212515326361344
2145,1.5250000000000001,1.0212515326361344
2146,1.5250000000000001,1.0212515326361344
2147,1.5250000000000001,1.0212515326361344
2148,1.5250000000000001,1.0212515326361344
2149,1.5250000000000001,1.0212515326361344
2150,1.5250000000000001,1.0212515326361344
2151,1.5250000000000001,1.0212515326361344
2152,1.5250000000000001,1.0212515326361344
2153,1.5250000000000001,1.0212515326361344
2154,1.5250000000000001,1.0212515326361344
2155,1.5250000000000001,1.0212515326361344
2156,1.5250000000000001,1.0212515326361344
2157,1.5250000000000001,1.0212515326361344
2158,1.5250000000000001,1.0212515326361344
2159,1.5250000000000001,1.0212515326361344
2160,1.5250000000000001,1.0212515326361344
2161,1.5250000000000001,1.0212515326361344
2162,1.5250000000000001,1.0212515326361344
2163,1.5250000000000001,1.0212515326361344
2164,1.5250000000000001,1.0212515326361344
2165,1.5250000000000001,1.0212515326361344
2166,1.5250000000000001,1.0212515326361344
2167,1.5250000000000001,1.0212515326361344
2168,1.5250000000000001,1.0212515326361344
2169,1.5250000000000001,1.0212515326361344
2170,1.5250000000000001,1.0212515326361344
2171,1.5250000000000001,1.0212515326361344
2172,1.5250000000000001,1.0212515326361344
2173,1.5250000000000001,1.0212515326361344
2174,1.5250000000000001,1.0212515326361344
2175,1.5250000000000001,1.0212515326361344
2176,1.5250000000000001,1.0212515326361344
2177,1.5250000000000001,1.0212515326361344
2178,1.5250000000000001,1.0212515326361344
2179,1.5250000000000001,1.0212515326361344
2180,1.5250000000000001,1.0212515326361344
2181,1.5250000000000001,1.0212515326361344
2182,1.5250000000000001,1.0212515326361344
2183,1.5250000000000001,1.0212515326361344
2184,1.5250000000000001,1.0212515326361344
2185,1.5250000000000001,1.0212515326361344
2186,1.5250000000000001,1.0212515326361344
2187,1.5250000000000001,1.0212515326361344
2188,1.5250000000000001,1.0212515326361344
2189,1.5250000000000001,1.0212515326361344
2190,1.5250000000000001,1.0212515326361344
2191,1.5250000000000001,1.0212515326361344
2192,1.5250000000000001,1.0212515326361344
2193,1.5250000000000001,1.0212515326361344
2194,1.5250000000000001,1.0212515326361344
2195,1.5250000000000001,1.0212515326361344
2196,1.5250000000000001,1.0212515326361344
2197,1.5250000000000001,1.0212515326361344
2198,1.5250000000000001,1.0212515326361344
2199,1.5250000000000001,1.0212515326361344
2200,1.5250000000000001,1.0212515326361344
2201,1.5250000000000001,1.0212515326361344
2202,1.5250000000000001,1.0212515326361344
2203,1.5250000000000001,1.0212515326361344
2204,1.5250000000000001,1.0212515326361344
2205,1.5250000000000001,1.0212515326361344
2206,1.5250000000000001,1.0212515326361344
2207,1.5250000000000001,1.0212515326361344
2208,1.5250000000000001,1.0212515326361344
2209,1.5250000000000001,1.0212515326361344
2210,1.5250000000000001,1.0212515326361344
2211,1.5250000000000001,1.0212515326361344
2212,1.5250000000000001,1.0212515326361344
2213,1.5250000000000001,1.0212515326361344
2214,1.5250000000000001,1.0212515326361344
2215,1.5250000000000001,1.0212515326361344
2216,1.5250000000000001,1.0212515326361344
2217,1.5250000000000001,1.0212515326361344
2218,1.5250000000000001,1.0212515326361344
2219,1.5250000000000001,1.0212515326361344
2220,1.5250000000000001,1.0212515326361344
2221,1.5250000000000001,1.0212515326361344
2222,1.5250000000000001,1.0212515326361344
2223,1.5250000000000001,1.0212515326361344
2224,1.5250000000000001,1.0212515326361344
2225,1.5250000000000001,1.0212515326361344
2226,1.5250000000000001,1.0212515326361344
2227,1.5250000000000001,1.0212515326361344
2228,1.5250000000000001,1.0212515326361344
2229,1.5250000000000001,1.0212515326361344
2230,1.5250000000000001,1.0212515326361344
2231,1.5250000000000001,1.0212515326361344
2232,1.5250000000000001,1.0212515326361344
2233,1.5250000000000001,1.0212515326361344
2234,1.5250000000000001,1.0212515326361344
2235,1.5250000000000001,1.0212515326361344
2236,1.5250000000000001,1.0212515326361344
2237,1.5250000000000001,1.0212515326361344
2238,1.5250000000000001,1.0212515326361344
2239,1.5250000000000001,1.0212515326361344
2240,1.5250000000000001,1.0212515326361344
2241,1.5250000000000001,1.0212515326361344
2242,1.5250000000000001,1.0212515326361344
2243,1.5250000000000001,1.0212515326361344
2244,1.5250000000000001,1.0212515326361344
2245,1.5250000000000001,1.0212515326361344
2246,1.5250000000000001,1.0212515326361344
2247,1.5250000000000001,1.0212515326361344
2248,1.5250000000000001,1.0212515326361344
2249,1.5250000000000001,1.0212515326361344
2250,1.5250000000000001,1.0212515326361344
2251,1.5250000000000001,1.0212515326361344
2252,1.5250000000000001,1.0212515326361344
2253,1.5250000000000001,1.0212515326361344
2254,1.5250000000000001,1.0212515326361344
2255,1.5250000000000001,1.0212515326361344
2256,1.5250000000000001,1.0212515326361344
2257,1.5250000000000001,1.0212515326361344
2258,1.5250000000000001,1.0212515326361344
2259,1.5250000000000001,1.0212515326361344
2260,1.5250000000000001,1.0212515326361344
2261,1.5250000000000001,1.0212515326361344
2262,1.5250000000000001,1.0212515326361344
2263,1.5250000000000001,1.0212515326361344
2264,1.5250000000000001,1.0212515326361344
2265,1.5250000000000001,1.0212515326361344
2266,1.5250000000000001,1.0212515326361344
2267,1.5250000000000001,1.0212515326361344
2268,1.5250000000000001,1.0212515326361344
2269,1.5250000000000001,1.0212515326361344
2270,1.5250000000000001,1.0212515326361344
2271,1.5250000000000001,1.0212515326361344
2272,1.5250000000000001,1.0212515326361344
2273,1.5250000000000001,1.0212515326361344
2274,1.5250000000000001,1.0212515326361344
2275,1.5250000000000001,1.0212515326361344
2276,1.5250000000000001,1.0212515326361344
2277,1.5250000000000001,1.0212515326361344
2278,1.5250000000000001,1.0212515326361344
2279,1.5250000000000001,1.0212515326361344
2280,1.5250000000000001,1.0212515326361344
2281,1.5250000000000001,1.0212515326361344
2282,1.5250000000000001,1.0212515326361344
2283,1.3900000000000001,1.0212515326361344
2284,1.3900000000000001,1.0212515326361344
2285,1.3900000000000001,1.0212515326361344
2286,1.3900000000000001,1.0212515326361344
2287,1.3900000000000001,1.0212515326361344
2288,1.3900000000000001,1.0212515326361344
2289,1.3900000000000001,1.0212515326361344
2290,1.3900000000000001,1.0212515326361344
2291,1.3900000000000001,1.0212515326361344
2292,1.3900000000000001,1.0212515326361344
2293,1.3900000000000001,1.0212515326361344
2294,1.3900000000000001,1.0212515326361344
2295,1.3900000000000001,1.0212515326361344
2296,1.3900000000000001,1.0212515326361344
2297,1.3900000000000001,1.0212515326361344
2298,1.3900000000000001,1.0212515326361344
2299,1.3900000000000001,1.0212515326361344
2300,1.3900000000000001,1.0212515326361344
2301,1.3900000000000001,1.0212515326361344
2302,1.3900000000000001,1.0212515326361344
2303,1.3900000000000001,1.0212515326361344
2304,1.3900000000000001,1.0212515326361344
2305,1.3900000000000001,1.0212515326361344
2306,1.3900000000000001,1.0212515326361344
2307,1.3900000000000001,1.0212515326361344
2308,1.3900000000000001,1.0212515326361344
2309,1.3900000000000001,1.0212515326361344
2310,1.3900000000000001,1.0212515326361344
2311,1.3900000000000001,1.0212515326361344
2312,1.3900000000000001,1.0212515326361344
2313,1.3900000000000001,1.0212515326361344
2314,1.3900000000000001,1.0212515326361344
2315,1.3900000000000001,1.0212515326361344
2316,1.3900000000000001,1.0212515326361344
2317,1.3900000000000001,1.0212515326361344
2318,1.3900000000000001,1.0212515326361344
2319,1.3900000000000001,1.0212515326361344
2320,1.3900000000000001,1.0212515326361344
2321,1.3900000000000001,1.0212515326361344
2322,1.3900000000000001,1.0212515326361344
2323,1.3900000000000001,1.0212515326361344
2324,1.3900000000000001,1.0212515326361344
2325,1.3900000000000001,1.0212515326361344
2326,1.3900000000000001,1.0212515326361344
2327,1.3900000000000001,1.0212515326361344
2328,1.3900000000000001,1.0212515326361344
2329,1.3900000000000001,1.0212515326361344
2330,1.3900000000000001,1.0212515326361344
2331,1.3900000000000001,1.0212515326361344
2332,1.3900000000000001,1.0212515326361344
2333,1.3900000000000001,1.0212515326361344
2334,1.3900000000000001,1.0212515326361344
2335,1.3900000000000001,1.0212515326361344
2336,1.3900000000000001,1.0212515326361344
2337,1.3900000000000001,1.0212515326361344
2338,1.3900000000000001,1.0212515326361344
2339,1.3900000000000001,1.0212515326361344
2340,1.3900000000000001,1.0212515326361344
2341,1.3900000000000001,1.0212515326361344
2342,1.3900000000000001,1.0212515326361344
2343,1.3900000000000001,1.0212515326361344
2344,1.3900000000000001,1.0212515326361344
2345,1.3900000000000001,1.0212515326361344
2346,1.3900000000000001,1.0212515326361344
2347,1.3900000000000001,1.0212515326361344
2348,1.3900000000000001,1.0212515326361344
2349,1.3900000000000001,1.0212515326361344
2350,1.3900000000000001,1.0212515326361344
2351,1.3900000000000001,1.0212515326361344
2352,1.3900000000000001,1.0212515326361344
2353,1.3900000000000001,1.0212515326361344
2354,1.3900000000000001,1.0212515326361344
2355,1.3900000000000001,1.0212515326361344
2356,1.3900000000000001,1.0212515326361344
2357,1.3900000000000001,1.0212515326361344
2358,1.3900000000000001,1.0212515326361344
2359,1.3900000000000001,1.0212515326361344
2360,1.3900000000000001,1.0212515326361344
2361,1.3900000000000001,1.0212515326361344
2362,1.3900000000000001,1.0212515326361344
2363,1.3900000000000001,1.0212515326361344
2364,1.3900000000000001,1.0212515326361344
2365,1.3900000000000001,1.0212515326361344
2366,1.3900000000000001,1.0212515326361344
2367,1.3900000000000001,1.0212515326361344
2368,1.3900000000000001,1.0212515326361344
2369,1.3900000000000001,1.0212515326361344
2370,1.3900000000000001,1.0212515326361344
2371,1.3900000000000001,1.0212515326361344
2372,1.3900000000000001,1.0212515326361344
2373,1.3900000000000001,1.0212515326361344
2374,1.3900000000000001,1.0212515326361344
2375,1.3900000000000001,1.0212515326361344
2376,1.3900000000000001,1.0212515326361344
2377,1.3900000000000001,1.0212515326361344
2378,1.3900000000000001,1.0212515326361344
2379,1.3900000000000001,1.0212515326361344
2380,1.3900000000000001,1.0212515326361344
2381,1.3900000000000001,1.0212515326361344
2382,1.3900000000000001,1.0212515326361344
2383,1.2550000000000001,1.0212515326361344
2384,1.2550000000000001,1.0212515326361344
2385,1.2550000000000001,1.0212515326361344
2386,1.2550000000000001,1.0212515326361344
2387,1.2550000000000001,1.0212515326361344
2388,1.2550000000000001,1.0212515326361344
2389,1.2550000000000001,1.0212515326361344
2390,1.2550000000000001,1.0212515326361344
2391,1.2550000000000001,1.0212515326361344
2392,1.2550000000000001,1.0212515326361344
2393,1.2550000000000001,1.0212515326361344
2394,1.2550000000000001,1.0212515326361344
2395,1.2550000000000001,1.0212515326361344
2396,1.2550000000000001,1.0212515326361344
2397,1.2550000000000001,1.0212515326361344
2398,1.2550000000000001,1.0212515326361344
2399,1.2550000000000001,1.0212515326361344
2400,1.2550000000000001,1.0212515326361344
2401,1.2550000000000001,1.0212515326361344
2402,1.2550000000000001,1.0212515326361344
2403,1.2550000000000001,1.0212515326361344
2404,1.2550000000000001,1.0212515326361344
2405,1.2550000000000001,1.0212515326361344
2406,1.2550000000000001,1.0212515326361344
2407,1.2550000000000001,1.0212515326361344
2408,1.2550000000000001,1.0212515326361344
2409,1.2550000000000001,1.0212515326361344
2410,1.2550000000000001,1.0212515326361344
2411,1.2550000000000001,1.0212515326361344
2412,1.2550000000000001,1.0212515326361344
2413,1.2550000000000001,1.0212515326361344
2414,1.2550000000000001,1.0212515326361344
2415,1.2550000000000001,1.0212515326361344
2416,1.2550000000000001,1.0212515326361344
2417,1.2550000000000001,1.0212515326361344
2418,1.2550000000000001,1.0212515326361344
2419,1.2550000000000001,1.0212515326361344
2420,1.2550000000000001,1.0212515326361344
2421,1.2550000000000001,1.0212515326361344
2422,1.2550000000000001,1.0212515326361344
2423,1.2550000000000001,1.0212515326361344
2424,1.2550000000000001,1.0212515326361344
2425,1.2550000000000001,1.0212515326361344
2426,1.2550000000000001,1.0212515326361344
2427,1.2550000000000001,1.0212515326361344
2428,1.2550000000000001,1.0212515326361344
2429,1.2550000000000001,1.0212515326361344
2430,1.2550000000000001,1.0212515326361344
2431,1.2550000000000001,1.0212515326361344
2432,1.2550000000000001,1.0212515326361344
2433,1.2550000000000001,1.0212515326361344
2434,1.2550000000000001,1.0212515326361344
2435,1.2550000000000001,1.0212515326361344
2436,1.2550000000000001,1.0212515326361344
2437,1.2550000000000001,1.0212515326361344
2438,1.2550000000000001,1.0212515326361344
2439,1.2550000000000001,1.0212515326361344
2440,1.2550000000000001,1.0212515326361344
2441,1.2550000000000001,1.0212515326361344
2442,1.2550000000000001,1.0212515326361344
2443,1.2550000000000001,1.0212515326361344
2444,1.2550000000000001,1.0212515326361344
2445,1.2550000000000001,1.0212515326361344
2446,1.2550000000000001,1.0212515326361344
2447,1.2550000000000001,1.0212515326361344
2448,1.2550000000000001,1.0212515326361344
2449,1.2550000000000001,1.0212515326361344
2450,1.2550000000000001,1.0212515326361344
2451,1.2550000000000001,1.0212515326361344
2452,1.2550000000000001,1.0212515326361344
2453,1.2550000000000001,1.0212515326361344
2454,1.2550000000000001,1.0212515326361344
2455,1.2550000000000001,1.0212515326361344
2456,1.2550000000000001,1.0212515326361344
2457,1.2550000000000001,1.0212515326361344
2458,1.2550000000000001,1.0212515326361344
2459,1.2550000000000001,1.0212515326361344
2460,1.2550000000000001,1.0212515326361344
2461,1.2550000000000001,1.0212515326361344
2462,1.2550000000000001,1.0212515326361344
2463,1.2550000000000001,1.0212515326361344
2464,1.2550000000000001,1.0212515326361344
2465,1.2550000000000001,1.0212515326361344
2466,1.2550000000000001,1.0212515326361344
2467,1.2550000000000001,1.0212515326361344
2468,1.2550000000000001,1.0212515326361344
2469,1.2550000000000001,1.0212515326361344
2470,1.2550000000000001,1.0212515326361344
2471,1.2550000000000001,1.0212515326361344
2472,1.2550000000000001,1.0212515326361344
2473,1.2550000000000001,1.0212515326361344
2474,1.2550000000000001,1.0212515326361344
2475,1.2550000000000001,1.0212515326361344
2476,1.2550000000000001,1.0212515326361344
2477,1.2550000000000001,1.0212515326361344
2478,1.2550000000000001,1.0212515326361344
2479,1.2550000000000001,1.0212515326361344
2480,1.2550000000000001,1.0212515326361344
2481,1.2550000000000001,1.0212515326361344
2482,1.2550000000000001,1.0212515326361344
2483,1.2550000000000001,1.0212515326361344
2484,1.2550000000000001,1.0212515326361344
2485,1.2550000000000001,1.0212515326361344
2486,1.2550000000000001,1.0212515326361344
2487,1.2550000000000001,1.0212515326361344
2488,1.2550000000000001,1.0212515326361344
2489,1.2550000000000001,1.0212515326361344
2490,1.2550000000000001,1.0212515326361344
2491,1.2550000000000001,1.0212515326361344
2492,1.2550000000000001,1.0212515326361344
2493,1.2550000000000001,1.0212515326361344
2494,1.2550000000000001,1.0212515326361344
2495,1.2550000000000001,1.0212515326361344
2496,1.2550000000000001,1.0212515326361344
2497,1.2550000000000001,1.0212515326361344
2498,1.2550000000000001,1.0212515326361344
2499,1.2550000000000001,1.0212515326361344
2500,1.2550000000000001,1.0212515326361344
2501,1.2550000000000001,1.0212515326361344
2502,1.2550000000000001,1.0212515326361344
2503,1.2550000000000001,1.0212515326361344
2504,1.2550000000000001,1.0212515326361344
2505,1.2550000000000001,1.0212515326361344
2506,1.2550000000000001,1.0212515326361344
2507,1.2550000000000001,1.0212515326361344
2508,1.2550000000000001,1.0212515326361344
2509,1.2550000000000001,1.0212515326361344
2510,1.2550000000000001,1.0212515326361344
2511,1.2550000000000001,1.0212515326361344
2512,1.2550000000000001,1.0212515326361344
2513,1.2550000000000001,1.0212515326361344
2514,1.2550000000000001,1.0212515326361344
2515,1.2550000000000001,1.0212515326361344
2516,1.2550000000000001,1.0212515326361344
2517,1.2550000000000001,1.0212515326361344
2518,1.2550000000000001,1.0212515326361344
2519,1.2550000000000001,1.0212515326361344
2520,1.2550000000000001,1.0212515326361344
2521,1.2550000000000001,1.0212515326361344
2522,1.2550000000000001,1.0212515326361344
2523,1.2550000000000001,1.0212515326361344
2524,1.2550000000000001,1.0212515326361344
2525,1.2550000000000001,1.0212515326361344
2526,1.2550000000000001,1.0212515326361344
2527,1.2550000000000001,1.0212515326361344
2528,1.2550000000000001,1.0212515326361344
2529,1.2550000000000001,1.0212515326361344
2530,1.2550000000000001,1.0212515326361344
2531,1.2550000000000001,1.0212515326361344
2532,1.2550000000000001,1.0212515326361344
2533,1.2550000000000001,1.0212515326361344
2534,1.2550000000000001,1.0212515326361344
2535,1.2550000000000001,1.0212515326361344
2536,1.2550000000000001,1.0212515326361344
2537,1.2550000000000001,1.0212515326361344
2538,1.2550000000000001,1.0212515326361344
2539,1.2550000000000001,1.0212515326361344
2540,1.2550000000000001,1.0212515326361344
2541,1.2550000000000001,1.0212515326361344
2542,1.2550000000000001,1.0212515326361344
2543,1.2550000000000001,1.0212515326361344
2544,1.2550000000000001,1.0212515326361344
2545,1.2550000000000001,1.0212515326361344
2546,1.2550000000000001,1.0212515326361344
2547,1.2550000000000001,1.0212515326361344
2548,1.2550000000000001,1.0212515326361344
2549,1.2550000000000001,1.0212515326361344
2550,1.2550000000000001,1.0212515326361344
2551,1.2550000000000001,1.0212515326361344
2552,1.2550000000000001,1.0212515326361344
2553,1.2550000000000001,1.0212515326361344
2554,1.2550000000000001,1.0212515326361344
2555,1.2550000000000001,1.0212515326361344
2556,1.2550000000000001,1.0212515326361344
2557,1.2550000000000001,1.0212515326361344
2558,1.2550000000000001,1.0212515326361344
2559,1.2550000000000001,1.0212515326361344
2560,1.2550000000000001,1.0212515326361344
2561,1.2550000000000001,1.0212515326361344
2562,1.2550000000000001,1.0212515326361344
2563,1.2550000000000001,1.0212515326361344
2564,1.2550000000000001,1.0212515326361344
2565,1.2550000000000001,1.0212515326361344
2566,1.2550000000000001,1.0212515326361344
2567,1.2550000000000001,1.0212515326361344
2568,1.2550000000000001,1.0212515326361344
2569,1.2550000000000001,1.0212515326361344
2570,1.2550000000000001,1.0212515326361344
2571,1.2550000000000001,1.0212515326361344
2572,1.2550000000000001,1.0212515326361344
2573,1.2550000000000001,1.0212515326361344
2574,1.2550000000000001,1.0212515326361344
2575,1.2550000000000001,1.0212515326361344
2576,1.2550000000000001,1.0212515326361344
2577,1.2550000000000001,1.0212515326361344
2578,1.2550000000000001,1.0212515326361344
2579,1.2550000000000001,1.0212515326361344
2580,1.2550000000000001,1.0212515326361344
2581,1.2550000000000001,1.0212515326361344
2582,1.2550000000000001,1.0212515326361344
2583,1.2550000000000001,1.0212515326361344
2584,1.2550000000000001,1.0212515326361344
2585,1.2550000000000001,1.0212515326361344
2586,1.2550000000000001,1.0212515326361344
2587,1.2550000000000001,1.0212515326361344
2588,1.2550000000000001,1.0212515326361344
2589,1.2550000000000001,1.0212515326361344
2590,1.2550000000000001,1.0212515326361344
2591,1.2550000000000001,1.0212515326361344
2592,1.2550000000000001,1.0212515326361344
2593,1.2550000000000001,1.0212515326361344
2594,1.2550000000000001,1.0212515326361344
2595,1.2550000000000001,1.0212515326361344
2596,1.2550000000000001,1.0212515326361344
2597,1.2550000000000001,1.0212515326361344
2598,1.2550000000000001,1.0212515326361344
2599,1.2550000000000001,1.0212515326361344
2600,1.2550000000000001,1.0212515326361344
2601,1.2550000000000001,1.0212515326361344
2602,1.2550000000000001,1.0212515326361344
2603,1.2550000000000001,1.0212515326361344
2604,1.2550000000000001,1.0212515326361344
2605,1.2550000000000001,1.0212515326361344
2606,1.2550000000000001,1.0212515326361344
2607,1.2550000000000001,1.0212515326361344
2608,1.2550000000000001,1.0212515326361344
2609,1.2550000000000001,1.0212515326361344
2610,1.2550000000000001,1.0212515326361344
2611,1.2550000000000001,1.0212515326361344
2612,1.2550000000000001,1.0212515326361344
2613,1.2550000000000001,1.0212515326361344
2614,1.2550000000000001,1.0212515326361344
2615,1.2550000000000001,1.0212515326361344
2616,1.2550000000000001,1.0212515326361344
2617,1.2550000000000001,1.0212515326361344
2618,1.2550000000000001,1.0212515326361344
2619,1.2550000000000001,1.0212515326361344
2620,1.2550000000000001,1.0212515326361344
2621,1.2550000000000001,1.0212515326361344
2622,1.2550000000000001,1.0212515326361344
2623,1.2550000000000001,1.0212515326361344
2624,1.2550000000000001,1.0212515326361344
2625,1.2550000000000001,1.0212515326361344
2626,1.2550000000000001,1.0212515326361344
2627,1.2550000000000001,1.0212515326361344
2628,1.2550000000000001,1.0212515326361344
2629,1.2550000000000001,1.0212515326361344
2630,1.2550000000000001,1.0212515326361344
2631,1.2550000000000001,1.0212515326361344
2632,1.2550000000000001,1.0212515326361344
2633,1.2550000000000001,1.0212515326361344
2634,1.2550000000000001,1.0212515326361344
2635,1.2550000000000001,1.0212515326361344
2636,1.2550000000000001,1.0212515326361344
2637,1.2550000000000001,1.0212515326361344
2638,1.2550000000000001,1.0212515326361344
2639,1.2550000000000001,1.0212515326361344
2640,1.2550000000000001,1.0212515326361344
2641,1.2550000000000001,1.0212515326361344
2642,1.2550000000000001,1.0212515326361344
2643,1.2550000000000001,1.0212515326361344
2644,1.2550000000000001,1.0212515326361344
2645,1.2550000000000001,1.0212515326361344
2646,1.2550000000000001,1.0212515326361344
2647,1.2550000000000001,1.0212515326361344
2648,1.2550000000000001,1.0212515326361344
2649,1.2550000000000001,1.0212515326361344
2650,1.2550000000000001,1.0212515326361344
2651,1.2550000000000001,1.0212515326361344
2652,1.2550000000000001,1.0212515326361344
2653,1.2550000000000001,1.0212515326361344
2654,1.2550000000000001,1.0212515326361344
2655,1.2550000000000001,1.0212515326361344
2656,1.2550000000000001,1.0212515326361344
2657,1.2550000000000001,1.0212515326361344
2658,1.2550000000000001,1.0212515326361344
2659,1.2550000000000001,1.0212515326361344
2660,1.2550000000000001,1.0212515326361344
2661,1.2550000000000001,1.0212515326361344
2662,1.2550000000000001,1.0212515326361344
2663,1.2550000000000001,1.0212515326361344
2664,1.2550000000000001,1.0212515326361344
2665,1.2550000000000001,1.0212515326361344
2666,1.2550000000000001,1.0212515326361344
2667,1.2550000000000001,1.0212515326361344
2668,1.2550000000000001,1.0212515326361344
2669,1.2550000000000001,1.0212515326361344
2670,1.2550000000000001,1.0212515326361344
2671,1.2550000000000001,1.0212515326361344
2672,1.2550000000000001,1.0212515326361344
2673,1.2550000000000001,1.0212515326361344
2674,1.2550000000000001,1.0212515326361344
2675,1.2550000000000001,1.0212515326361344
2676,1.2550000000000001,1.0212515326361344
2677,1.2550000000000001,1.0212515326361344
2678,1.2550000000000001,1.0212515326361344
2679,1.2550000000000001,1.0212515326361344
2680,1.2550000000000001,1.0212515326361344
2681,1.2550000000000001,1.0212515326361344
2682,1.2550000000000001,1.0212515326361344
2683,1.2550000000000001,1.0212515326361344
2684,1.2550000000000001,1.0212515326361344
2685,1.2550000000000001,1.0212515326361344
2686,1.2550000000000001,1.0212515326361344
2687,1.2550000000000001,1.0212515326361344
2688,1.2550000000000001,1.0212515326361344
2689,1.2550000000000001,1.0212515326361344
2690,1.2550000000000001,1.0212515326361344
2691,1.2550000000000001,1.0212515326361344
2692,1.2550000000000001,1.0212515326361344
2693,1.2550000000000001,1.0212515326361344
2694,1.2550000000000001,1.0212515326361344
2695,1.2550000000000001,1.0212515326361344
2696,1.2550000000000001,1.0212515326361344
2697,1.2550000000000001,1.0212515326361344
2698,1.2550000000000001,1.0212515326361344
2699,1.2550000000000001,1.0212515326361344
2700,1.2550000000000001,1.0212515326361344
2701,1.2550000000000001,1.0212515326361344
2702,1.2550000000000001,1.0212515326361344
2703,1.2550000000000001,1.0212515326361344
2704,1.2550000000000001,1.0212515326361344
2705,1.2550000000000001,1.0212515326361344
2706,1.2550000000000001,1.0212515326361344
2707,1.2550000000000001,1.0212515326361344
2708,1.2550000000000001,1.0212515326361344
2709,1.2550000000000001,1.0212515326361344
2710,1.2550000000000001,1.0212515326361344
2711,1.2550000000000001,1.0212515326361344
2712,1.2550000000000001,1.0212515326361344
2713,1.2550000000000001,1.0212515326361344
2714,1.2550000000000001,1.0212515326361344
2715,1.2550000000000001,1.0212515326361344
2716,1.2550000000000001,1.0212515326361344
2717,1.2550000000000001,1.0212515326361344
2718,1.2550000000000001,1.0212515326361344
2719,1.2550000000000001,1.0212515326361344
2720,1.2550000000000001,1.0212515326361344
2721,1.2550000000000001,1.0212515326361344
2722,1.2550000000000001,1.0212515326361344
2723,1.2550000000000001,1.0212515326361344
2724,1.2550000000000001,1.0212515326361344
2725,1.2550000000000001,1.0212515326361344
2726,1.2550000000000001,1.0212515326361344
2727,1.2550000000000001,1.0212515326361344
2728,1.2550000000000001,1.0212515326361344
2729,1.2550000000000001,1.0212515326361344
2730,1.2550000000000001,1.0212515326361344
2731,1.2550000000000001,1.0212515326361344
2732,1.2550000000000001,1.0212515326361344
2733,1.2550000000000001,1.0212515326361344
2734,1.2550000000000001,1.0212515326361344
2735,1.2550000000000001,1.0212515326361344
2736,1.2550000000000001,1.0212515326361344
2737,1.2550000000000001,1.0212515326361344
2738,1.2550000000000001,1.0212515326361344
2739,1.2550000000000001,1.0212515326361344
2740,1.2550000000000001,1.0212515326361344
2741,1.2550000000000001,1.0212515326361344
2742,1.2550000000000001,1.0212515326361344
2743,1.2550000000000001,1.0212515326361344
2744,1.2550000000000001,1.0212515326361344
2745,1.2550000000000001,1.0212515326361344
2746,1.2550000000000001,1.0212515326361344
2747,1.2550000000000001,1.0212515326361344
2748,1.2550000000000001,1.0212515326361344
2749,1.2550000000000001,1.0212515326361344
2750,1.2550000000000001,1.0212515326361344
2751,1.2550000000000001,1.0212515326361344
2752,1.2550000000000001,1.0212515326361344
2753,1.2550000000000001,1.0212515326361344
2754,1.2550000000000001,1.0212515326361344
2755,1.2550000000000001,1.0212515326361344
2756,1.2550000000000001,1.0212515326361344
2757,1.2550000000000001,1.0212515326361344
2758,1.2550000000000001,1.0212515326361344
2759,1.2550000000000001,1.0212515326361344
2760,1.2550000000000001,1.0212515326361344
2761,1.2550000000000001,1.0212515326361344
2762,1.2550000000000001,1.0212515326361344
2763,1.2550000000000001,1.0212515326361344
2764,1.2550000000000001,1.0212515326361344
2765,1.2550000000000001,1.0212515326361344
2766,1.2550000000000001,1.0212515326361344
2767,1.2550000000000001,1.0212515326361344
2768,1.2550000000000001,1.0212515326361344
2769,1.2550000000000001,1.0212515326361344
2770,1.2550000000000001,1.0212515326361344
2771,1.2550000000000001,1.0212515326361344
2772,1.2550000000000001,1.0212515326361344
2773,1.2550000000000001,1.0212515326361344
2774,1.2550000000000001,1.0212515326361344
2775,1.2550000000000001,1.0212515326361344
2776,1.12,1.0212515326361344
2777,1.12,1.0212515326361344
2778,1.12,1.0212515326361344
2779,1.12,1.0212515326361344
2780,1.12,1.0212515326361344
2781,1.12,1.0212515326361344
2782,1.12,1.0212515326361344
2783,1.12,1.0212515326361344
2784,1.12,1.0212515326361344
2785,1.12,1.0212515326361344
2786,1.12,1.0212515326361344
2787,1.12,1.0212515326361344
2788,1.12,1.0212515326361344
2789,1.12,1.0212515326361344
2790,1.12,1.0212515326361344
2791,1.12,1.0212515326361344
2792,1.12,1.0212515326361344
2793,1.12,1.0212515326361344
2794,1.12,1.0212515326361344
2795,1.12,1.0212515326361344
2796,1.12,1.0212515326361344
2797,1.12,1.0212515326361344
2798,1.12,1.0212515326361344
2799,1.12,1.0212515326361344
2800,1.12,1.0212515326361344
2801,1.12,1.0212515326361344
2802,1.12,1.0212515326361344
2803,1.12,1.0212515326361344
2804,1.12,1.0212515326361344
2805,1.12,1.0212515326361344
2806,1.12,1.0212515326361344
2807,1.12,1.0212515326361344
2808,1.12,1.0212515326361344
2809,1.12,1.0212515326361344
2810,1.12,1.0212515326361344
2811,1.12,1.0212515326361344
2812,1.12,1.0212515326361344
2813,1.12,1.0212515326361344
2814,1.12,1.0212515326361344
2815,1.12,1.0212515326361344
2816,1.12,1.0212515326361344
2817,1.12,1.0212515326361344
2818,1.12,1.0212515326361344
2819,1.12,1.0212515326361344
2820,1.12,1.0212515326361344
2821,1.12,1.0212515326361344
2822,1.12,1.0212515326361344
2823,1.12,1.0212515326361344
2824,1.12,1.0212515326361344
2825,1.12,1.0212515326361344
2826,1.12,1.0212515326361344
2827,1.12,1.0212515326361344
2828,1.12,1.0212515326361344
2829,1.12,1.0212515326361344
2830,1.12,1.0212515326361344
2831,1.12,1.0212515326361344
2832,1.12,1.0212515326361344
2833,1.12,1.0212515326361344
2834,1.12,1.0212515326361344
2835,1.12,1.0212515326361344
2836,1.12,1.0212515326361344
2837,1.12,1.0212515326361344
2838,1.12,1.0212515326361344
2839,1.12,1.0212515326361344
2840,1.12,1.0212515326361344
2841,1.12,1.0212515326361344
2842,1.12,1.0212515326361344
2843,1.12,1.0212515326361344
2844,1.12,1.0212515326361344
2845,1.12,1.0212515326361344
2846,1.12,1.0212515326361344
2847,1.12,1.0212515326361344
2848,1.12,1.0212515326361344
2849,1.12,1.0212515326361344
2850,1.12,1.0212515326361344
2851,1.12,1.0212515326361344
2852,1.12,1.0212515326361344
2853,1.12,1.0212515326361344
2854,1.12,1.0212515326361344
2855,1.12,1.0212515326361344
2856,1.12,1.0212515326361344
2857,1.12,1.0212515326361344
2858,1.12,1.0212515326361344
2859,1.12,1.0212515326361344
2860,1.12,1.0212515326361344
2861,1.12,1.0212515326361344
2862,1.12,1.0212515326361344
2863,1.12,1.0212515326361344
2864,1.12,1.0212515326361344
2865,1.12,1.0212515326361344
2866,1.12,1.0212515326361344
2867,1.12,1.0212515326361344
2868,1.12,1.0212515326361344
2869,1.12,1.0212515326361344
2870,1.12,1.0212515326361344
2871,1.12,1.0212515326361344
2872,1.12,1.0212515326361344
2873,1.12,1.0212515326361344
2874,1.12,1.0212515326361344
2875,1.12,1.0212515326361344
2876,1.12,1.0212515326361344
2877,1.12,1.0212515326361344
2878,1.12,1.0212515326361344
2879,1.12,1.0212515326361344
2880,1.12,1.0212515326361344
2881,1.12,1.0212515326361344
2882,1.12,1.0212515326361344
2883,1.12,1.0212515326361344
2884,1.12,1.0212515326361344
2885,1.12,1.0212515326361344
2886,1.12,1.0212515326361344
2887,1.12,1.0212515326361344
2888,1.12,1.0212515326361344
2889,1.12,1.0212515326361344
2890,1.12,1.0212515326361344
2891,1.12,1.0212515326361344
2892,1.12,1.0212515326361344
2893,1.12,1.0212515326361344
2894,1.12,1.0212515326361344
2895,1.12,1.0212515326361344
2896,1.12,1.0212515326361344
2897,1.12,1.0212515326361344
2898,1.12,1.0212515326361344
2899,1.12,1.0212515326361344
2900,1.12,1.0212515326361344
2901,1.12,1.0212515326361344
2902,1.12,1.0212515326361344
2903,1.12,1.0212515326361344
2904,1.12,1.0212515326361344
2905,1.12,1.0212515326361344
2906,1.12,1.0212515326361344
2907,1.12,1.0212515326361344
2908,1.12,1.0212515326361344
2909,1.12,1.0212515326361344
2910,1.12,1.0212515326361344
2911,1.12,1.0212515326361344
2912,1.12,1.0212515326361344
2913,1.12,1.0212515326361344
2914,1.12,1.0212515326361344
2915,1.12,1.0212515326361344
2916,1.12,1.0212515326361344
2917,1.12,1.0212515326361344
2918,1.12,1.0212515326361344
2919,1.12,1.0212515326361344
2920,1.12,1.0212515326361344
2921,1.12,1.0212515326361344
2922,1.12,1.0212515326361344
2923,1.12,1.0212515326361344
2924,1.12,1.0212515326361344
2925,1.12,1.0212515326361344
2926,1.12,1.0212515326361344
2927,1.12,1.0212515326361344
2928,1.12,1.0212515326361344
2929,1.12,1.0212515326361344
2930,1.12,1.0212515326361344
2931,1.12,1.0212515326361344
2932,1.12,1.0212515326361344
2933,1.12,1.0212515326361344
2934,1.12,1.0212515326361344
2935,1.12,1.0212515326361344
2936,1.12,1.0212515326361344
2937,1.12,1.0212515326361344
2938,1.12,1.0212515326361344
2939,1.12,1.0212515326361344
2940,1.12,1.0212515326361344
2941,1.12,1.0212515326361344
2942,1.12,1.0212515326361344
2943,1.12,1.0212515326361344
2944,1.12,1.0212515326361344
2945,1.12,1.0212515326361344
2946,1.12,1.0212515326361344
2947,1.12,1.0212515326361344
2948,1.12,1.0212515326361344
2949,1.12,1.0212515326361344
2950,1.12,1.0212515326361344
2951,1.12,1.0212515326361344
2952,1.12,1.0212515326361344
2953,1.12,1.0212515326361344
2954,1.12,1.0212515326361344
2955,1.12,1.0212515326361344
2956,1.12,1.0212515326361344
2957,1.12,1.0212515326361344
2958,1.12,1.0212515326361344
2959,1.12,1.0212515326361344
2960,1.12,1.0212515326361344
2961,1.12,1.0212515326361344
2962,1.12,1.0212515326361344
2963,1.12,1.0212515326361344
2964,1.12,1.0212515326361344
2965,1.12,1.0212515326361344
2966,1.12,1.0212515326361344
2967,1.12,1.0212515326361344
2968,1.12,1.0212515326361344
2969,1.12,1.0212515326361344
2970,1.12,1.0212515326361344
2971,1.12,1.0212515326361344
2972,1.12,1.0212515326361344
2973,1.12,1.0212515326361344
2974,1.12,1.0212515326361344
2975,1.12,1.0212515326361344
2976,1.12,1.0212515326361344
2977,1.12,1.0212515326361344
2978,1.12,1.0212515326361344
2979,1.12,1.0212515326361344
2980,1.12,1.0212515326361344
2981,1.12,1.0212515326361344
2982,1.12,1.0212515326361344
2983,1.12,1.0212515326361344
2984,1.12,1.0212515326361344
2985,1.12,1.0212515326361344
2986,1.12,1.0212515326361344
2987,1.12,1.0212515326361344
2988,1.12,1.0212515326361344
2989,1.12,1.0212515326361344
2990,1.12,1.0212515326361344
2991,1.12,1.0212515326361344
2992,1.12,1.0212515326361344
2993,1.12,1.0212515326361344
2994,1.12,1.0212515326361344
2995,1.12,1.0212515326361344
2996,1.12,1.0212515326361344
2997,1.12,1.0212515326361344
2998,1.12,1.0212515326361344
2999,1.12,1.0212515326361344
3000,1.12,1.0212515326361344
3001,1.12,1.0212515326361344
3002,1.12,1.0212515326361344
3003,1.12,1.0212515326361344
3004,1.12,1.0212515326361344
3005,1.12,1.0212515326361344
3006,1.12,1.0212515326361344
3007,1.12,1.0212515326361344
3008,1.12,1.0212515326361344
3009,1.12,1.0212515326361344
3010,1.12,1.0212515326361344
3011,1.12,1.0212515326361344
3012,1.12,1.0212515326361344
3013,1.12,1.0212515326361344
3014,1.12,1.0212515326361344
3015,1.12,1.0212515326361344
3016,1.12,1.0212515326361344
3017,1.12,1.0212515326361344
3018,1.12,1.0212515326361344
3019,1.12,1.0212515326361344
3020,1.12,1.0212515326361344
3021,1.12,1.0212515326361344
3022,1.12,1.0212515326361344
3023,1.12,1.0212515326361344
3024,1.12,1.0212515326361344
3025,1.12,1.0212515326361344
3026,1.12,1.0212515326361344
3027,1.12,1.0212515326361344
3028,1.12,1.0212515326361344
3029,1.12,1.0212515326361344
3030,1.12,1.0212515326361344
3031,1.12,1.0212515326361344
3032,1.12,1.0212515326361344
3033,1.12,1.0212515326361344
3034,1.12,1.0212515326361344
3035,1.12,1.0212515326361344
3036,1.12,1.0212515326361344
3037,1.12,1.0212515326361344
3038,1.12,1.0212515326361344
3039,1.12,1.0212515326361344
3040,1.12,1.0212515326361344
3041,1.12,1.0212515326361344
3042,1.12,1.0212515326361344
3043,1.12,1.0212515326361344
3044,1.12,1.0212515326361344
3045,1.12,1.0212515326361344
3046,1.12,1.0212515326361344
3047,1.12,1.0212515326361344
3048,1.12,1.0212515326361344
3049,1.12,1.0212515326361344
3050,1.12,1.0212515326361344
3051,1.12,1.0212515326361344
3052,1.12,1.0212515326361344
3053,1.12,1.0212515326361344
3054,1.12,1.0212515326361344
3055,1.12,1.0212515326361344
3056,1.12,1.0212515326361344
3057,1.12,1.0212515326361344
3058,1.12,1.0212515326361344
3059,1.12,1.0212515326361344
3060,1.12,1.0212515326361344
3061,1.12,1.0212515326361344
3062,1.12,1.0212515326361344
3063,1.12,1.0212515326361344
3064,1.12,1.0212515326361344
3065,1.12,1.0212515326361344
3066,1.12,1.0212515326361344
3067,1.12,1.0212515326361344
3068,1.12,1.0212515326361344
3069,1.12,1.0212515326361344
3070,1.12,1.0212515326361344
3071,1.12,1.0212515326361344
3072,1.12,1.0212515326361344
3073,0.985,1.0212515326361344
3074,0.985,1.0212515326361344
3075,0.985,1.0212515326361344
3076,0.985,1.0212515326361344
3077,0.985,1.0212515326361344
3078,0.985,1.0212515326361344
3079,0.985,1.0212515326361344
3080,0.985,1.0212515326361344
3081,0.985,1.0212515326361344
3082,0.985,1.0212515326361344
3083,0.985,1.0212515326361344
3084,0.985,1.0212515326361344
3085,0.985,1.0212515326361344
3086,0.985,1.0212515326361344
3087,0.985,1.0212515326361344
3088,0.985,1.0212515326361344
3089,0.985,1.0212515326361344
3090,0.985,1.0212515326361344
3091,0.985,1.0212515326361344
3092,0.985,1.0212515326361344
3093,0.985,1.0212515326361344
3094,0.985,1.0212515326361344
3095,0.985,1.0212515326361344
3096,0.985,1.0212515326361344
3097,0.985,1.0212515326361344
3098,0.985,1.0212515326361344
3099,0.985,1.0212515326361344
3100,0.985,1.0212515326361344
3101,0.985,1.0212515326361344
3102,0.985,1.0212515326361344
3103,0.985,1.0212515326361344
3104,0.985,1.0212515326361344
3105,0.985,1.0212515326361344
3106,0.985,1.0212515326361344
3107,0.985,1.0212515326361344
3108,0.985,1.0212515326361344
3109,0.985,1.0212515326361344
3110,0.985,1.0212515326361344
3111,0.985,1.0212515326361344
3112,0.985,1.0212515326361344
3113,0.985,1.0212515326361344
3114,0.985,1.0212515326361344
3115,0.985,1.0212515326361344
3116,0.985,1.0212515326361344
3117,0.985,1.0212515326361344
3118,0.985,1.0212515326361344
3119,0.985,1.0212515326361344
3120,0.985,1.0212515326361344
3121,0.985,1.0212515326361344
3122,0.985,1.0212515326361344
3123,0.985,1.0212515326361344
3124,0.985,1.0212515326361344
3125,0.985,1.0212515326361344
3126,0.985,1.0212515326361344
3127,0.985,1.0212515326361344
3128,0.985,1.0212515326361344
3129,0.985,1.0212515326361344
3130,0.985,1.0212515326361344
3131,0.985,1.0212515326361344
3132,0.985,1.0212515326361344
3133,0.985,1.0212515326361344
3134,0.985,1.0212515326361344
3135,0.985,1.0212515326361344
3136,0.985,1.0212515326361344
3137,0.985,1.0212515326361344
3138,0.985,1.0212515326361344
3139,0.985,1.0212515326361344
3140,0.985,1.0212515326361344
3141,0.985,1.0212515326361344
3142,0.985,1.0212515326361344
3143,0.985,1.0212515326361344
3144,0.985,1.0212515326361344
3145,0.985,1.0212515326361344
3146,0.985,1.0212515326361344
3147,0.985,1.0212515326361344
3148,0.985,1.0212515326361344
3149,0.985,1.0212515326361344
3150,0.985,1.0212515326361344
3151,0.985,1.0212515326361344
3152,0.985,1.0212515326361344
3153,0.985,1.0212515326361344
3154,0.985,1.0212515326361344
3155,0.985,1.0212515326361344
3156,0.985,1.0212515326361344
3157,0.985,1.0212515326361344
3158,0.985,1.0212515326361344
3159,0.985,1.0212515326361344
3160,0.985,1.0212515326361344
3161,0.985,1.0212515326361344
3162,0.985,1.0212515326361344
3163,0.985,1.0212515326361344
3164,0.985,1.0212515326361344
3165,0.985,1.0212515326361344
3166,0.985,1.0212515326361344
3167,0.985,1.0212515326361344
3168,0.985,1.0212515326361344
3169,0.985,1.0212515326361344
3170,0.9750000000000001,1.0212515326361344
3171,0.8400000000000001,1.0212515326361344
3172,0.57,1.0212515326361344
3173,0.57,1.0212515326361344
3174,0.57,1.0212515326361344
3175,0.57,1.0212515326361344
3176,0.57,1.0212515326361344
3177,0.57,1.0212515326361344
3178,0.57,1.0212515326361344
3179,0.57,1.0212515326361344
3180,0.57,1.0212515326361344
3181,0.57,1.0212515326361344
3182,0.57,1.0212515326361344
3183,0.57,1.0212515326361344
3184,0.57,1.0212515326361344
3185,0.57,1.0212515326361344
3186,0.57,1.0212515326361344
3187,0.57,1.0212515326361344
3188,0.57,1.0212515326361344
3189,0.57,1.0212515326361344
3190,0.57,1.0212515326361344
3191,0.57,1.0212515326361344
3192,0.57,1.0212515326361344
3193,0.57,1.0212515326361344
3194,0.57,1.0212515326361344
3195,0.57,1.0212515326361344
3196,0.57,1.0212515326361344
3197,0.57,1.0212515326361344
3198,0.57,1.0212515326361344
3199,0.57,1.0212515326361344
3200,0.57,1.0212515326361344
3201,0.57,1.0212515326361344
3202,0.57,1.0212515326361344
3203,0.57,1.0212515326361344
3204,0.57,1.0212515326361344
3205,0.57,1.0212515326361344
3206,0.57,1.0212515326361344
3207,0.57,1.0212515326361344
3208,0.57,1.0212515326361344
3209,0.57,1.0212515326361344
3210,0.57,1.0212515326361344
3211,0.57,1.0212515326361344
3212,0.57,1.0212515326361344
3213,0.57,1.0212515326361344
3214,0.57,1.0212515326361344
3215,0.57,1.0212515326361344
3216,0.57,1.0212515326361344
3217,0.57,1.0212515326361344
3218,0.57,1.0212515326361344
3219,0.57,1.0212515326361344
3220,0.57,1.0212515326361344
3221,0.57,1.0212515326361344
3222,0.57,1.0212515326361344
3223,0.57,1.0212515326361344
3224,0.57,1.0212515326361344
3225,0.57,1.0212515326361344
3226,0.57,1.0212515326361344
3227,0.57,1.0212515326361344
3228,0.57,1.0212515326361344
3229,0.57,1.0212515326361344
3230,0.57,1.0212515326361344
3231,0.57,1.0212515326361344
3232,0.57,1.0212515326361344
3233,0.57,1.0212515326361344
3234,0.57,1.0212515326361344
3235,0.57,1.0212515326361344
3236,0.57,1.0212515326361344
3237,0.57,1.0212515326361344
3238,0.57,1.0212515326361344
3239,0.57,1.0212515326361344
3240,0.57,1.0212515326361344
3241,0.57,1.0212515326361344
3242,0.57,1.0212515326361344
3243,0.57,1.0212515326361344
3244,0.57,1.0212515326361344
3245,0.57,1.0212515326361344
3246,0.57,1.0212515326361344
3247,0.57,1.0212515326361344
3248,0.57,1.0212515326361344
3249,0.57,1.0212515326361344
3250,0.57,1.0212515326361344
3251,0.57,1.0212515326361344
3252,0.57,1.0212515326361344
3253,0.57,1.0212515326361344
3254,0.57,1.0212515326361344
3255,0.57,1.0212515326361344
3256,0.57,1.0212515326361344
3257,0.57,1.0212515326361344
3258,0.57,1.0212515326361344
3259,0.57,1.0212515326361344
3260,0.57,1.0212515326361344
3261,0.57,1.0212515326361344
3262,0.57,1.0212515326361344
3263,0.57,1.0212515326361344
3264,0.57,1.0212515326361344
3265,0.57,1.0212515326361344
3266,0.57,1.0212515326361344
3267,0.57,1.0212515326361344
3268,0.57,1.0212515326361344
3269,0.57,1.0212515326361344
3270,0.43499999999999994,1.0212515326361344
3271,0.43499999999999994,1.0212515326361344
3272,0.43499999999999994,1.0212515326361344
3273,0.43499999999999994,1.0212515326361344
3274,0.43499999999999994,1.0212515326361344
3275,0.43499999999999994,1.0212515326361344
3276,0.43499999999999994,1.0212515326361344
3277,0.43499999999999994,1.0212515326361344
3278,0.43499999999999994,1.0212515326361344
3279,0.43499999999999994,1.0212515326361344
3280,0.43499999999999994,1.0212515326361344
3281,0.43499999999999994,1.0212515326361344
3282,0.43499999999999994,1.0212515326361344
3283,0.43499999999999994,1.0212515326361344
3284,0.43499999999999994,1.0212515326361344
3285,0.43499999999999994,1.0212515326361344
3286,0.43499999999999994,1.0212515326361344
3287,0.43499999999999994,1.0212515326361344
3288,0.43499999999999994,1.0212515326361344
3289,0.43499999999999994,1.0212515326361344
3290,0.43499999999999994,1.0212515326361344
3291,0.43499999999999994,1.0212515326361344
3292,0.43499999999999994,1.0212515326361344
3293,0.43499999999999994,1.0212515326361344
3294,0.43499999999999994,1.0212515326361344
3295,0.43499999999999994,1.0212515326361344
3296,0.43499999999999994,1.0212515326361344
3297,0.43499999999999994,1.0212515326361344
3298,0.43499999999999994,1.0212515326361344
3299,0.43499999999999994,1.0212515326361344
3300,0.43499999999999994,1.0212515326361344
3301,0.43499999999999994,1.0212515326361344
3302,0.43499999999999994,1.0212515326361344
3303,0.43499999999999994,1.0212515326361344
3304,0.43499999999999994,1.0212515326361344
3305,0.43499999999999994,1.0212515326361344
3306,0.43499999999999994,1.0212515326361344
3307,0.43499999999999994,1.0212515326361344
3308,0.43499999999999994,1.0212515326361344
3309,0.43499999999999994,1.0212515326361344
3310,0.43499999999999994,1.0212515326361344
3311,0.43499999999999994,1.0212515326361344
3312,0.43499999999999994,1.0212515326361344
3313,0.43499999999999994,1.0212515326361344
3314,0.43499999999999994,1.0212515326361344
3315,0.43499999999999994,1.0212515326361344
3316,0.43499999999999994,1.0212515326361344
3317,0.43499999999999994,1.0212515326361344
3318,0.43499999999999994,1.0212515326361344
3319,0.43499999999999994,1.0212515326361344
3320,0.43499999999999994,1.0212515326361344
3321,0.43499999999999994,1.0212515326361344
3322,0.43499999999999994,1.0212515326361344
3323,0.43499999999999994,1.0212515326361344
3324,0.43499999999999994,1.0212515326361344
3325,0.43499999999999994,1.0212515326361344
3326,0.43499999999999994,1.0212515326361344
3327,0.43499999999999994,1.0212515326361344
3328,0.43499999999999994,1.0212515326361344
3329,0.43499999999999994,1.0212515326361344
3330,0.43499999999999994,1.0212515326361344
3331,0.43499999999999994,1.0212515326361344
3332,0.43499999999999994,1.0212515326361344
3333,0.43499999999999994,1.0212515326361344
3334,0.43499999999999994,1.0212515326361344
3335,0.43499999999999994,1.0212515326361344
3336,0.43499999999999994,1.0212515326361344
3337,0.43499999999999994,1.0212515326361344
3338,0.43499999999999994,1.0212515326361344
3339,0.43499999999999994,1.0212515326361344
3340,0.43499999999999994,1.0212515326361344
3341,0.43499999999999994,1.0212515326361344
3342,0.43499999999999994,1.0212515326361344
3343,0.43499999999999994,1.0212515326361344
3344,0.43499999999999994,1.0212515326361344
3345,0.43499999999999994,1.0212515326361344
3346,0.43499999999999994,1.0212515326361344
3347,0.43499999999999994,1.0212515326361344
3348,0.43499999999999994,1.0212515326361344
3349,0.43499999999999994,1.0212515326361344
3350,0.43499999999999994,1.0212515326361344
3351,0.43499999999999994,1.0212515326361344
3352,0.43499999999999994,1.0212515326361344
3353,0.43499999999999994,1.0212515326361344
3354,0.43499999999999994,1.0212515326361344
3355,0.43499999999999994,1.0212515326361344
3356,0.43499999999999994,1.0212515326361344
3357,0.43499999999999994,1.0212515326361344
3358,0.43499999999999994,1.0212515326361344
3359,0.43499999999999994,1.0212515326361344
3360,0.43499999999999994,1.0212515326361344
3361,0.43499999999999994,1.0212515326361344
3362,0.43499999999999994,1.0212515326361344
3363,0.43499999999999994,1.0212515326361344
3364,0.43499999999999994,1.0212515326361344
3365,0.43499999999999994,1.0212515326361344
3366,0.43499999999999994,1.0212515326361344
3367,0.43499999999999994,1.0212515326361344
3368,0.43499999999999994,1.0212515326361344
3369,0.43499999999999994,1.0212515326361344
3370,0.43499999999999994,1.0212515326361344
3371,0.43499999999999994,1.0212515326361344
3372,0.43499999999999994,1.0212515326361344
3373,0.43499999999999994,1.0212515326361344
3374,0.43499999999999994,1.0212515326361344
3375,0.43499999999999994,1.0212515326361344
3376,0.43499999999999994,1.0212515326361344
3377,0.43499999999999994,1.0212515326361344
3378,0.43499999999999994,1.0212515326361344
3379,0.43499999999999994,1.0212515326361344
3380,0.43499999999999994,1.0212515326361344
3381,0.43499999999999994,1.0212515326361344
3382,0.43499999999999994,1.0212515326361344
3383,0.43499999999999994,1.0212515326361344
3384,0.43499999999999994,1.0212515326361344
3385,0.43499999999999994,1.0212515326361344
3386,0.43499999999999994,1.0212515326361344
3387,0.43499999999999994,1.0212515326361344
3388,0.43499999999999994,1.0212515326361344
3389,0.43499999999999994,1.0212515326361344
3390,0.43499999999999994,1.0212515326361344
3391,0.43499999999999994,1.0212515326361344
3392,0.43499999999999994,1.0212515326361344
3393,0.43499999999999994,1.0212515326361344
3394,0.43499999999999994,1.0212515326361344
3395,0.43499999999999994,1.0212515326361344
3396,0.43499999999999994,1.0212515326361344
3397,0.43499999999999994,1.0212515326361344
3398,0.43499999999999994,1.0212515326361344
3399,0.43499999999999994,1.0212515326361344
3400,0.43499999999999994,1.0212515326361344
3401,0.43499999999999994,1.0212515326361344
3402,0.43499999999999994,1.0212515326361344
3403,0.43499999999999994,1.0212515326361344
3404,0.43499999999999994,1.0212515326361344
3405,0.43499999999999994,1.0212515326361344
3406,0.43499999999999994,1.0212515326361344
3407,0.43499999999999994,1.0212515326361344
3408,0.43499999999999994,1.0212515326361344
3409,0.43499999999999994,1.0212515326361344
3410,0.43499999999999994,1.0212515326361344
3411,0.43499999999999994,1.0212515326361344
3412,0.43499999999999994,1.0212515326361344
3413,0.43499999999999994,1.0212515326361344
3414,0.43499999999999994,1.0212515326361344
3415,0.43499999999999994,1.0212515326361344
3416,0.43499999999999994,1.0212515326361344
3417,0.43499999999999994,1.0212515326361344
3418,0.43499999999999994,1.0212515326361344
3419,0.43499999999999994,1.0212515326361344
3420,0.43499999999999994,1.0212515326361344
3421,0.43499999999999994,1.0212515326361344
3422,0.43499999999999994,1.0212515326361344
3423,0.43499999999999994,1.0212515326361344
3424,0.43499999999999994,1.0212515326361344
3425,0.43499999999999994,1.0212515326361344
3426,0.43499999999999994,1.0212515326361344
3427,0.43499999999999994,1.0212515326361344
3428,0.43499999999999994,1.0212515326361344
3429,0.43499999999999994,1.0212515326361344
3430,0.43499999999999994,1.0212515326361344
3431,0.43499999999999994,1.0212515326361344
3432,0.43499999999999994,1.0212515326361344
3433,0.43499999999999994,1.0212515326361344
3434,0.43499999999999994,1.0212515326361344
3435,0.43499999999999994,1.0212515326361344
3436,0.43499999999999994,1.0212515326361344
3437,0.43499999999999994,1.0212515326361344
3438,0.43499999999999994,1.0212515326361344
3439,0.43499999999999994,1.0212515326361344
3440,0.43499999999999994,1.0212515326361344
3441,0.43499999999999994,1.0212515326361344
3442,0.43499999999999994,1.0212515326361344
3443,0.43499999999999994,1.0212515326361344
3444,0.43499999999999994,1.0212515326361344
3445,0.43499999999999994,1.0212515326361344
3446,0.43499999999999994,1.0212515326361344
3447,0.43499999999999994,1.0212515326361344
3448,0.43499999999999994,1.0212515326361344
3449,0.43499999999999994,1.0212515326361344
3450,0.43499999999999994,1.0212515326361344
3451,0.43499999999999994,1.0212515326361344
3452,0.43499999999999994,1.0212515326361344
3453,0.43499999999999994,1.0212515326361344
3454,0.43499999999999994,1.0212515326361344
3455,0.43499999999999994,1.0212515326361344
3456,0.43499999999999994,1.0212515326361344
3457,0.43499999999999994,1.0212515326361344
3458,0.43499999999999994,1.0212515326361344
3459,0.43499999999999994,1.0212515326361344
3460,0.43499999999999994,1.0212515326361344
3461,0.43499999999999994,1.0212515326361344
3462,0.43499999999999994,1.0212515326361344
3463,0.43499999999999994,1.0212515326361344
3464,0.43499999999999994,1.0212515326361344
3465,0.43499999999999994,1.0212515326361344
3466,0.43499999999999994,1.0212515326361344
3467,0.43499999999999994,1.0212515326361344
3468,0.43499999999999994,1.0212515326361344
3469,0.43499999999999994,1.0212515326361344
3470,0.43499999999999994,1.0212515326361344
3471,0.43499999999999994,1.0212515326361344
3472,0.43499999999999994,1.0212515326361344
3473,0.43499999999999994,1.0212515326361344
3474,0.43499999999999994,1.0212515326361344
3475,0.43499999999999994,1.0212515326361344
3476,0.43499999999999994,1.0212515326361344
3477,0.43499999999999994,1.0212515326361344
3478,0.43499999999999994,1.0212515326361344
3479,0.43499999999999994,1.0212515326361344
3480,0.43499999999999994,1.0212515326361344
3481,0.43499999999999994,1.0212515326361344
3482,0.43499999999999994,1.0212515326361344
3483,0.43499999999999994,1.0212515326361344
3484,0.43499999999999994,1.0212515326361344
3485,0.43499999999999994,1.0212515326361344
3486,0.43499999999999994,1.0212515326361344
3487,0.43499999999999994,1.0212515326361344
3488,0.43499999999999994,1.0212515326361344
3489,0.43499999999999994,1.0212515326361344
3490,0.43499999999999994,1.0212515326361344
3491,0.43499999999999994,1.0212515326361344
3492,0.43499999999999994,1.0212515326361344
3493,0.43499999999999994,1.0212515326361344
3494,0.43499999999999994,1.0212515326361344
3495,0.43499999999999994,1.0212515326361344
3496,0.43499999999999994,1.0212515326361344
3497,0.43499999999999994,1.0212515326361344
3498,0.43499999999999994,1.0212515326361344
3499,0.43499999999999994,1.0212515326361344
3500,0.43499999999999994,1.0212515326361344
3501,0.43499999999999994,1.0212515326361344
3502,0.43499999999999994,1.0212515326361344
3503,0.43499999999999994,1.0212515326361344
3504,0.43499999999999994,1.0212515326361344
3505,0.43499999999999994,1.0212515326361344
3506,0.43499999999999994,1.0212515326361344
3507,0.43499999999999994,1.0212515326361344
3508,0.43499999999999994,1.0212515326361344
3509,0.43499999999999994,1.0212515326361344
3510,0.43499999999999994,1.0212515326361344
3511,0.43499999999999994,1.0212515326361344
3512,0.43499999999999994,1.0212515326361344
3513,0.43499999999999994,1.0212515326361344
3514,0.43499999999999994,1.0212515326361344
3515,0.43499999999999994,1.0212515326361344
3516,0.43499999999999994,1.0212515326361344
3517,0.43499999999999994,1.0212515326361344
3518,0.43499999999999994,1.0212515326361344
3519,0.43499999999999994,1.0212515326361344
3520,0.43499999999999994,1.0212515326361344
3521,0.43499999999999994,1.0212515326361344
3522,0.43499999999999994,1.0212515326361344
3523,0.43499999999999994,1.0212515326361344
3524,0.43499999999999994,1.0212515326361344
3525,0.43499999999999994,1.0212515326361344
3526,0.43499999999999994,1.0212515326361344
3527,0.43499999999999994,1.0212515326361344
3528,0.43499999999999994,1.0212515326361344
3529,0.43499999999999994,1.0212515326361344
3530,0.43499999999999994,1.0212515326361344
3531,0.43499999999999994,1.0212515326361344
3532,0.43499999999999994,1.0212515326361344
3533,0.43499999999999994,1.0212515326361344
3534,0.43499999999999994,1.0212515326361344
3535,0.43499999999999994,1.0212515326361344
3536,0.43499999999999994,1.0212515326361344
3537,0.43499999999999994,1.0212515326361344
3538,0.43499999999999994,1.0212515326361344
3539,0.43499999999999994,1.0212515326361344
3540,0.43499999999999994,1.0212515326361344
3541,0.43499999999999994,1.0212515326361344
3542,0.43499999999999994,1.0212515326361344
3543,0.43499999999999994,1.0212515326361344
3544,0.43499999999999994,1.0212515326361344
3545,0.43499999999999994,1.0212515326361344
3546,0.43499999999999994,1.0212515326361344
3547,0.43499999999999994,1.0212515326361344
3548,0.43499999999999994,1.0212515326361344
3549,0.43499999999999994,1.0212515326361344
3550,0.43499999999999994,1.0212515326361344
3551,0.43499999999999994,1.0212515326361344
3552,0.43499999999999994,1.0212515326361344
3553,0.43499999999999994,1.0212515326361344
3554,0.43499999999999994,1.0212515326361344
3555,0.43499999999999994,1.0212515326361344
3556,0.43499999999999994,1.0212515326361344
3557,0.43499999999999994,1.0212515326361344
3558,0.43499999999999994,1.0212515326361344
3559,0.43499999999999994,1.0212515326361344
3560,0.43499999999999994,1.0212515326361344
3561,0.43499999999999994,1.0212515326361344
3562,0.43499999999999994,1.0212515326361344
3563,0.43499999999999994,1.0212515326361344
3564,0.43499999999999994,1.0212515326361344
3565,0.43499999999999994,1.0212515326361344
3566,0.43499999999999994,1.0212515326361344
3567,0.43499999999999994,1.0212515326361344
3568,0.43499999999999994,1.0212515326361344
3569,0.43499999999999994,1.0212515326361344
3570,0.43499999999999994,1.0212515326361344
3571,0.43499999999999994,1.0212515326361344
3572,0.43499999999999994,1.0212515326361344
3573,0.43499999999999994,1.0212515326361344
3574,0.43499999999999994,1.0212515326361344
3575,0.43499999999999994,1.0212515326361344
3576,0.43499999999999994,1.0212515326361344
3577,0.43499999999999994,1.0212515326361344
3578,0.43499999999999994,1.0212515326361344
3579,0.43499999999999994,1.0212515326361344
3580,0.43499999999999994,1.0212515326361344
3581,0.43499999999999994,1.0212515326361344
3582,0.43499999999999994,1.0212515326361344
3583,0.43499999999999994,1.0212515326361344
3584,0.43499999999999994,1.0212515326361344
3585,0.43499999999999994,1.0212515326361344
3586,0.43499999999999994,1.0212515326361344
3587,0.43499999999999994,1.0212515326361344
3588,0.43499999999999994,1.0212515326361344
3589,0.43499999999999994,1.0212515326361344
3590,0.43499999999999994,1.0212515326361344
3591,0.43499999999999994,1.0212515326361344
3592,0.43499999999999994,1.0212515326361344
3593,0.43499999999999994,1.0212515326361344
3594,0.43499999999999994,1.0212515326361344
3595,0.43499999999999994,1.0212515326361344
3596,0.43499999999999994,1.0212515326361344
3597,0.43499999999999994,1.0212515326361344
3598,0.43499999999999994,1.0212515326361344
3599,0.43499999999999994,1.0212515326361344
3600,0.43499999999999994,1.0212515326361344
3601,0.43499999999999994,1.0212515326361344
3602,0.43499999999999994,1.0212515326361344
3603,0.43499999999999994,1.0212515326361344
3604,0.43499999999999994,1.0212515326361344
3605,0.43499999999999994,1.0212515326361344
3606,0.43499999999999994,1.0212515326361344
3607,0.43499999999999994,1.0212515326361344
3608,0.43499999999999994,1.0212515326361344
3609,0.43499999999999994,1.0212515326361344
3610,0.43499999999999994,1.0212515326361344
3611,0.43499999999999994,1.0212515326361344
3612,0.43499999999999994,1.0212515326361344
3613,0.43499999999999994,1.0212515326361344
3614,0.43499999999999994,1.0212515326361344
3615,0.43499999999999994,1.0212515326361344
3616,0.43499999999999994,1.0212515326361344
3617,0.43499999999999994,1.0212515326361344
3618,0.43499999999999994,1.0212515326361344
3619,0.43499999999999994,1.0212515326361344
3620,0.43499999999999994,1.0212515326361344
3621,0.43499999999999994,1.0212515326361344
3622,0.43499999999999994,1.0212515326361344
3623,0.43499999999999994,1.0212515326361344
3624,0.43499999999999994,1.0212515326361344
3625,0.43499999999999994,1.0212515326361344
3626,0.43499999999999994,1.0212515326361344
3627,0.43499999999999994,1.0212515326361344
3628,0.43499999999999994,1.0212515326361344
3629,0.43499999999999994,1.0212515326361344
3630,0.43499999999999994,1.0212515326361344
3631,0.43499999999999994,1.0212515326361344
3632,0.43499999999999994,1.0212515326361344
3633,0.43499999999999994,1.0212515326361344
3634,0.43499999999999994,1.0212515326361344
3635,0.43499999999999994,1.0212515326361344
3636,0.43499999999999994,1.0212515326361344
3637,0.43499999999999994,1.0212515326361344
3638,0.43499999999999994,1.0212515326361344
3639,0.43499999999999994,1.0212515326361344
3640,0.43499999999999994,1.0212515326361344
3641,0.43499999999999994,1.0212515326361344
3642,0.43499999999999994,1.0212515326361344
3643,0.43499999999999994,1.0212515326361344
3644,0.43499999999999994,1.0212515326361344
3645,0.43499999999999994,1.0212515326361344
3646,0.43499999999999994,1.0212515326361344
3647,0.43499999999999994,1.0212515326361344
3648,0.43499999999999994,1.0212515326361344
3649,0.43499999999999994,1.0212515326361344
3650,0.43499999999999994,1.0212515326361344
3651,0.43499999999999994,1.0212515326361344
3652,0.43499999999999994,1.0212515326361344
3653,0.43499999999999994,1.0212515326361344
3654,0.43499999999999994,1.0212515326361344
3655,0.43499999999999994,1.0212515326361344
3656,0.43499999999999994,1.0212515326361344
3657,0.43499999999999994,1.0212515326361344
3658,0.43499999999999994,1.0212515326361344
3659,0.43499999999999994,1.0212515326361344
3660,0.43499999999999994,1.0212515326361344
3661,0.43499999999999994,1.0212515326361344
3662,0.43499999999999994,1.0212515326361344
3663,0.43499999999999994,1.0212515326361344
3664,0.43499999999999994,1.0212515326361344
3665,0.43499999999999994,1.0212515326361344
3666,0.43499999999999994,1.0212515326361344
3667,0.43499999999999994,1.0212515326361344
3668,0.43499999999999994,1.0212515326361344
3669,0.43499999999999994,1.0212515326361344
3670,0.43499999999999994,1.0212515326361344
3671,0.43499999999999994,1.0212515326361344
3672,0.43499999999999994,1.0212515326361344
3673,0.43499999999999994,1.0212515326361344
3674,0.43499999999999994,1.0212515326361344
3675,0.43499999999999994,1.0212515326361344
3676,0.43499999999999994,1.0212515326361344
3677,0.43499999999999994,1.0212515326361344
3678,0.43499999999999994,1.0212515326361344
3679,0.43499999999999994,1.0212515326361344
3680,0.43499999999999994,1.0212515326361344
3681,0.43499999999999994,1.0212515326361344
3682,0.43499999999999994,1.0212515326361344
3683,0.43499999999999994,1.0212515326361344
3684,0.43499999999999994,1.0212515326361344
3685,0.43499999999999994,1.0212515326361344
3686,0.43499999999999994,1.0212515326361344
3687,0.43499999999999994,1.0212515326361344
3688,0.43499999999999994,1.0212515326361344
3689,0.43499999999999994,1.0212515326361344
3690,0.43499999999999994,1.0212515326361344
3691,0.43499999999999994,1.0212515326361344
3692,0.43499999999999994,1.0212515326361344
3693,0.43499999999999994,1.0212515326361344
3694,0.43499999999999994,1.0212515326361344
3695,0.43499999999999994,1.0212515326361344
3696,0.43499999999999994,1.0212515326361344
3697,0.43499999999999994,1.0212515326361344
3698,0.43499999999999994,1.0212515326361344
3699,0.43499999999999994,1.0212515326361344
3700,0.43499999999999994,1.0212515326361344
3701,0.43499999999999994,1.0212515326361344
3702,0.43499999999999994,1.0212515326361344
3703,0.43499999999999994,1.0212515326361344
3704,0.43499999999999994,1.0212515326361344
3705,0.43499999999999994,1.0212515326361344
3706,0.43499999999999994,1.0212515326361344
3707,0.43499999999999994,1.0212515326361344
3708,0.43499999999999994,1.0212515326361344
3709,0.43499999999999994,1.0212515326361344
3710,0.43499999999999994,1.0212515326361344
3711,0.43499999999999994,1.0212515326361344
3712,0.43499999999999994,1.0212515326361344
3713,0.43499999999999994,1.0212515326361344
3714,0.43499999999999994,1.0212515326361344
3715,0.43499999999999994,1.0212515326361344
3716,0.43499999999999994,1.0212515326361344
3717,0.43499999999999994,1.0212515326361344
3718,0.43499999999999994,1.0212515326361344
3719,0.43499999999999994,1.0212515326361344
3720,0.43499999999999994,1.0212515326361344
3721,0.43499999999999994,1.0212515326361344
3722,0.43499999999999994,1.0212515326361344
3723,0.43499999999999994,1.0212515326361344
3724,0.43499999999999994,1.0212515326361344
3725,0.43499999999999994,1.0212515326361344
3726,0.43499999999999994,1.0212515326361344
3727,0.43499999999999994,1.0212515326361344
3728,0.43499999999999994,1.0212515326361344
3729,0.43499999999999994,1.0212515326361344
3730,0.43499999999999994,1.0212515326361344
3731,0.43499999999999994,1.0212515326361344
3732,0.43499999999999994,1.0212515326361344
3733,0.43499999999999994,1.0212515326361344
3734,0.43499999999999994,1.0212515326361344
3735,0.43499999999999994,1.0212515326361344
3736,0.43499999999999994,1.0212515326361344
3737,0.43499999999999994,1.0212515326361344
3738,0.43499999999999994,1.0212515326361344
3739,0.43499999999999994,1.0212515326361344
3740,0.43499999999999994,1.0212515326361344
3741,0.43499999999999994,1.0212515326361344
3742,0.43499999999999994,1.0212515326361344
3743,0.43499999999999994,1.0212515326361344
3744,0.43499999999999994,1.0212515326361344
3745,0.43499999999999994,1.0212515326361344
3746,0.43499999999999994,1.0212515326361344
3747,0.43499999999999994,1.0212515326361344
3748,0.43499999999999994,1.0212515326361344
3749,0.43499999999999994,1.0212515326361344
3750,0.43499999999999994,1.0212515326361344
3751,0.43499999999999994,1.0212515326361344
3752,0.43499999999999994,1.0212515326361344
3753,0.43499999999999994,1.0212515326361344
3754,0.43499999999999994,1.0212515326361344
3755,0.43499999999999994,1.0212515326361344
3756,0.43499999999999994,1.0212515326361344
3757,0.43499999999999994,1.0212515326361344
3758,0.43499999999999994,1.0212515326361344
3759,0.43499999999999994,1.0212515326361344
3760,0.43499999999999994,1.0212515326361344
3761,0.43499999999999994,1.0212515326361344
3762,0.43499999999999994,1.0212515326361344
3763,0.43499999999999994,1.0212515326361344
3764,0.43499999999999994,1.0212515326361344
3765,0.43499999999999994,1.0212515326361344
3766,0.43499999999999994,1.0212515326361344
3767,0.43499999999999994,1.0212515326361344
3768,0.43499999999999994,1.0212515326361344
3769,0.43499999999999994,1.0212515326361344
3770,0.43499999999999994,1.0212515326361344
3771,0.43499999999999994,1.0212515326361344
3772,0.43499999999999994,1.0212515326361344
3773,0.43499999999999994,1.0212515326361344
3774,0.43499999999999994,1.0212515326361344
3775,0.43499999999999994,1.0212515326361344
3776,0.43499999999999994,1.0212515326361344
3777,0.43499999999999994,1.0212515326361344
3778,0.43499999999999994,1.0212515326361344
3779,0.43499999999999994,1.0212515326361344
3780,0.43499999999999994,1.0212515326361344
3781,0.43499999999999994,1.0212515326361344
3782,0.43499999999999994,1.0212515326361344
3783,0.43499999999999994,1.0212515326361344
3784,0.43499999999999994,1.0212515326361344
3785,0.43499999999999994,1.0212515326361344
3786,0.43499999999999994,1.0212515326361344
3787,0.43499999999999994,1.0212515326361344
3788,0.43499999999999994,1.0212515326361344
3789,0.43499999999999994,1.0212515326361344
3790,0.43499999999999994,1.0212515326361344
3791,0.43499999999999994,1.0212515326361344
3792,0.43499999999999994,1.0212515326361344
3793,0.43499999999999994,1.0212515326361344
3794,0.43499999999999994,1.0212515326361344
3795,0.43499999999999994,1.0212515326361344
3796,0.43499999999999994,1.0212515326361344
3797,0.43499999999999994,1.0212515326361344
3798,0.43499999999999994,1.0212515326361344
3799,0.43499999999999994,1.0212515326361344
3800,0.43499999999999994,1.0212515326361344
3801,0.43499999999999994,1.0212515326361344
3802,0.43499999999999994,1.0212515326361344
3803,0.43499999999999994,1.0212515326361344
3804,0.43499999999999994,1.0212515326361344
3805,0.43499999999999994,1.0212515326361344
3806,0.43499999999999994,1.0212515326361344
3807,0.43499999999999994,1.0212515326361344
3808,0.43499999999999994,1.0212515326361344
3809,0.43499999999999994,1.0212515326361344
3810,0.43499999999999994,1.0212515326361344
3811,0.43499999999999994,1.0212515326361344
3812,0.43499999999999994,1.0212515326361344
3813,0.43499999999999994,1.0212515326361344
3814,0.43499999999999994,1.0212515326361344
3815,0.43499999999999994,1.0212515326361344
3816,0.43499999999999994,1.0212515326361344
3817,0.43499999999999994,1.0212515326361344
3818,0.43499999999999994,1.0212515326361344
3819,0.43499999999999994,1.0212515326361344
3820,0.43499999999999994,1.0212515326361344
3821,0.43499999999999994,1.0212515326361344
3822,0.43499999999999994,1.0212515326361344
3823,0.43499999999999994,1.0212515326361344
3824,0.43499999999999994,1.0212515326361344
3825,0.43499999999999994,1.0212515326361344
3826,0.43499999999999994,1.0212515326361344
3827,0.43499999999999994,1.0212515326361344
3828,0.43499999999999994,1.0212515326361344
3829,0.43499999999999994,1.0212515326361344
3830,0.43499999999999994,1.0212515326361344
3831,0.43499999999999994,1.0212515326361344
3832,0.43499999999999994,1.0212515326361344
3833,0.43499999999999994,1.0212515326361344
3834,0.43499999999999994,1.0212515326361344
3835,0.43499999999999994,1.0212515326361344
3836,0.43499999999999994,1.0212515326361344
3837,0.43499999999999994,1.0212515326361344
3838,0.43499999999999994,1.0212515326361344
3839,0.43499999999999994,1.0212515326361344
3840,0.43499999999999994,1.0212515326361344
3841,0.43499999999999994,1.0212515326361344
3842,0.43499999999999994,1.0212515326361344
3843,0.43499999999999994,1.0212515326361344
3844,0.43499999999999994,1.0212515326361344
3845,0.43499999999999994,1.0212515326361344
3846,0.43499999999999994,1.0212515326361344
3847,0.43499999999999994,1.0212515326361344
3848,0.43499999999999994,1.0212515326361344
3849,0.43499999999999994,1.0212515326361344
3850,0.43499999999999994,1.0212515326361344
3851,0.43499999999999994,1.0212515326361344
3852,0.43499999999999994,1.0212515326361344
3853,0.43499999999999994,1.0212515326361344
3854,0.43499999999999994,1.0212515326361344
3855,0.43499999999999994,1.0212515326361344
3856,0.43499999999999994,1.0212515326361344
3857,0.43499999999999994,1.0212515326361344
3858,0.43499999999999994,1.0212515326361344
3859,0.43499999999999994,1.0212515326361344
3860,0.43499999999999994,1.0212515326361344
3861,0.43499999999999994,1.0212515326361344
3862,0.43499999999999994,1.0212515326361344
3863,0.43499999999999994,1.0212515326361344
3864,0.43499999999999994,1.0212515326361344
3865,0.43499999999999994,1.0212515326361344
3866,0.43499999999999994,1.0212515326361344
3867,0.43499999999999994,1.0212515326361344
3868,0.43499999999999994,1.0212515326361344
3869,0.43499999999999994,1.0212515326361344
3870,0.43499999999999994,1.0212515326361344
3871,0.43499999999999994,1.0212515326361344
3872,0.43499999999999994,1.0212515326361344
3873,0.43499999999999994,1.0212515326361344
3874,0.43499999999999994,1.0212515326361344
3875,0.43499999999999994,1.0212515326361344
3876,0.43499999999999994,1.0212515326361344
3877,0.43499999999999994,1.0212515326361344
3878,0.43499999999999994,1.0212515326361344
3879,0.43499999999999994,1.0212515326361344
3880,0.43499999999999994,1.0212515326361344
3881,0.43499999999999994,1.0212515326361344
3882,0.43499999999999994,1.0212515326361344
3883,0.43499999999999994,1.0212515326361344
3884,0.43499999999999994,1.0212515326361344
3885,0.43499999999999994,1.0212515326361344
3886,0.43499999999999994,1.0212515326361344
3887,0.43499999999999994,1.0212515326361344
3888,0.43499999999999994,1.0212515326361344
3889,0.43499999999999994,1.0212515326361344
3890,0.43499999999999994,1.0212515326361344
3891,0.43499999999999994,1.0212515326361344
3892,0.43499999999999994,1.0212515326361344
3893,0.43499999999999994,1.0212515326361344
3894,0.43499999999999994,1.0212515326361344
3895,0.43499999999999994,1.0212515326361344
3896,0.43499999999999994,1.0212515326361344
3897,0.43499999999999994,1.0212515326361344
3898,0.43499999999999994,1.0212515326361344
3899,0.43499999999999994,1.0212515326361344
3900,0.43499999999999994,1.0212515326361344
3901,0.43499999999999994,1.0212515326361344
3902,0.43499999999999994,1.0212515326361344
3903,0.43499999999999994,1.0212515326361344
3904,0.43499999999999994,1.0212515326361344
3905,0.43499999999999994,1.0212515326361344
3906,0.43499999999999994,1.0212515326361344
3907,0.43499999999999994,1.0212515326361344
3908,0.43499999999999994,1.0212515326361344
3909,0.43499999999999994,1.0212515326361344
3910,0.43499999999999994,1.0212515326361344
3911,0.43499999999999994,1.0212515326361344
3912,0.43499999999999994,1.0212515326361344
3913,0.43499999999999994,1.0212515326361344
3914,0.43499999999999994,1.0212515326361344
3915,0.43499999999999994,1.0212515326361344
3916,0.43499999999999994,1.0212515326361344
3917,0.43499999999999994,1.0212515326361344
3918,0.43499999999999994,1.0212515326361344
3919,0.43499999999999994,1.0212515326361344
3920,0.43499999999999994,1.0212515326361344
3921,0.43499999999999994,1.0212515326361344
3922,0.43499999999999994,1.0212515326361344
3923,0.43499999999999994,1.0212515326361344
3924,0.43499999999999994,1.0212515326361344
3925,0.43499999999999994,1.0212515326361344
3926,0.43499999999999994,1.0212515326361344
3927,0.43499999999999994,1.0212515326361344
3928,0.43499999999999994,1.0212515326361344
3929,0.43499999999999994,1.0212515326361344
3930,0.43499999999999994,1.0212515326361344
3931,0.43499999999999994,1.0212515326361344
3932,0.43499999999999994,1.0212515326361344
3933,0.43499999999999994,1.0212515326361344
3934,0.43499999999999994,1.0212515326361344
3935,0.43499999999999994,1.0212515326361344
3936,0.43499999999999994,1.0212515326361344
3937,0.43499999999999994,1.0212515326361344
3938,0.43499999999999994,1.0212515326361344
3939,0.43499999999999994,1.0212515326361344
3940,0.43499999999999994,1.0212515326361344
3941,0.43499999999999994,1.0212515326361344
3942,0.43499999999999994,1.0212515326361344
3943,0.43499999999999994,1.0212515326361344
3944,0.43499999999999994,1.0212515326361344
3945,0.43499999999999994,1.0212515326361344
3946,0.43499999999999994,1.0212515326361344
3947,0.43499999999999994,1.0212515326361344
3948,0.43499999999999994,1.0212515326361344
3949,0.43499999999999994,1.0212515326361344
3950,0.43499999999999994,1.0212515326361344
3951,0.43499999999999994,1.0212515326361344
3952,0.43499999999999994,1.0212515326361344
3953,0.43499999999999994,1.0212515326361344
3954,0.43499999999999994,1.0212515326361344
3955,0.43499999999999994,1.0212515326361344
3956,0.43499999999999994,1.0212515326361344
3957,0.43499999999999994,1.0212515326361344
3958,0.43499999999999994,1.0212515326361344
3959,0.43499999999999994,1.0212515326361344
3960,0.43499999999999994,1.0212515326361344
3961,0.43499999999999994,1.0212515326361344
3962,0.43499999999999994,1.0212515326361344
3963,0.43499999999999994,1.0212515326361344
3964,0.43499999999999994,1.0212515326361344
3965,0.43499999999999994,1.0212515326361344
3966,0.43499999999999994,1.0212515326361344
3967,0.43499999999999994,1.0212515326361344
3968,0.43499999999999994,1.0212515326361344
3969,0.43499999999999994,1.0212515326361344
3970,0.43499999999999994,1.0212515326361344
3971,0.43499999999999994,1.0212515326361344
3972,0.43499999999999994,1.0212515326361344
3973,0.43499999999999994,1.0212515326361344
3974,0.43499999999999994,1.0212515326361344
3975,0.43499999999999994,1.0212515326361344
3976,0.43499999999999994,1.0212515326361344
3977,0.43499999999999994,1.0212515326361344
3978,0.43499999999999994,1.0212515326361344
3979,0.43499999999999994,1.0212515326361344
3980,0.43499999999999994,1.0212515326361344
3981,0.43499999999999994,1.0212515326361344
3982,0.43499999999999994,1.0212515326361344
3983,0.43499999999999994,1.0212515326361344
3984,0.43499999999999994,1.0212515326361344
3985,0.43499999999999994,1.0212515326361344
3986,0.43499999999999994,1.0212515326361344
3987,0.43499999999999994,1.0212515326361344
3988,0.43499999999999994,1.0212515326361344
3989,0.43499999999999994,1.0212515326361344
3990,0.43499999999999994,1.0212515326361344
3991,0.43499999999999994,1.0212515326361344
3992,0.43499999999999994,1.0212515326361344
3993,0.43499999999999994,1.0212515326361344
3994,0.43499999999999994,1.0212515326361344
3995,0.43499999999999994,1.0212515326361344
3996,0.43499999999999994,1.0212515326361344
3997,0.43499999999999994,1.0212515326361344
3998,0.43499999999999994,1.0212515326361344
3999,0.43499999999999994,1.0212515326361344
4000,0.43499999999999994,1.0212515326361344
4001,0.43499999999999994,1.0212515326361344
4002,0.43499999999999994,1.0212515326361344
4003,0.43499999999999994,1.0212515326361344
4004,0.43499999999999994,1.0212515326361344
4005,0.43499999999999994,1.0212515326361344
4006,0.43499999999999994,1.0212515326361344
4007,0.43499999999999994,1.0212515326361344
4008,0.43499999999999994,1.0212515326361344
4009,0.43499999999999994,1.0212515326361344
4010,0.43499999999999994,1.0212515326361344
4011,0.43499999999999994,1.0212515326361344
4012,0.43499999999999994,1.0212515326361344
4013,0.43499999999999994,1.0212515326361344
4014,0.43499999999999994,1.0212515326361344
4015,0.43499999999999994,1.0212515326361344
4016,0.43499999999999994,1.0212515326361344
4017,0.43499999999999994,1.0212515326361344
4018,0.43499999999999994,1.0212515326361344
4019,0.43499999999999994,1.0212515326361344
4020,0.43499999999999994,1.0212515326361344
4021,0.43499999999999994,1.0212515326361344
4022,0.43499999999999994,1.0212515326361344
4023,0.43499999999999994,1.0212515326361344
4024,0.43499999999999994,1.0212515326361344
4025,0.43499999999999994,1.0212515326361344
4026,0.43499999999999994,1.0212515326361344
4027,0.43499999999999994,1.0212515326361344
4028,0.43499999999999994,1.0212515326361344
4029,0.43499999999999994,1.0212515326361344
4030,0.43499999999999994,1.0212515326361344
4031,0.43499999999999994,1.0212515326361344
4032,0.43499999999999994,1.0212515326361344
4033,0.43499999999999994,1.0212515326361344
4034,0.43499999999999994,1.0212515326361344
4035,0.43499999999999994,1.0212515326361344
4036,0.43499999999999994,1.0212515326361344
4037,0.43499999999999994,1.0212515326361344
4038,0.43499999999999994,1.0212515326361344
4039,0.43499999999999994,1.0212515326361344
4040,0.43499999999999994,1.0212515326361344
4041,0.43499999999999994,1.0212515326361344
4042,0.43499999999999994,1.0212515326361344
4043,0.43499999999999994,1.0212515326361344
4044,0.43499999999999994,1.0212515326361344
4045,0.43499999999999994,1.0212515326361344
4046,0.43499999999999994,1.0212515326361344
4047,0.43499999999999994,1.0212515326361344
4048,0.43499999999999994,1.0212515326361344
4049,0.43499999999999994,1.0212515326361344
4050,0.43499999999999994,1.0212515326361344
4051,0.43499999999999994,1.0212515326361344
4052,0.43499999999999994,1.0212515326361344
4053,0.43499999999999994,1.0212515326361344
4054,0.43499999999999994,1.0212515326361344
4055,0.43499999999999994,1.0212515326361344
4056,0.43499999999999994,1.0212515326361344
4057,0.43499999999999994,1.0212515326361344
4058,0.43499999999999994,1.0212515326361344
4059,0.43499999999999994,1.0212515326361344
4060,0.43499999999999994,1.0212515326361344
4061,0.43499999999999994,1.0212515326361344
4062,0.43499999999999994,1.0212515326361344
4063,0.43499999999999994,1.0212515326361344
4064,0.43499999999999994,1.0212515326361344
4065,0.43499999999999994,1.0212515326361344
4066,0.43499999999999994,1.0212515326361344
4067,0.43499999999999994,1.0212515326361344
4068,0.43499999999999994,1.0212515326361344
4069,0.43499999999999994,1.0212515326361344
4070,0.43499999999999994,1.0212515326361344
4071,0.43499999999999994,1.0212515326361344
4072,0.43499999999999994,1.0212515326361344
4073,0.43499999999999994,1.0212515326361344
4074,0.43499999999999994,1.0212515326361344
4075,0.43499999999999994,1.0212515326361344
4076,0.43499999999999994,1.0212515326361344
4077,0.43499999999999994,1.0212515326361344
4078,0.43499999999999994,1.0212515326361344
4079,0.43499999999999994,1.0212515326361344
4080,0.43499999999999994,1.0212515326361344
4081,0.43499999999999994,1.0212515326361344
4082,0.43499999999999994,1.0212515326361344
4083,0.43499999999999994,1.0212515326361344
4084,0.43499999999999994,1.0212515326361344
4085,0.43499999999999994,1.0212515326361344
4086,0.43499999999999994,1.0212515326361344
4087,0.43499999999999994,1.0212515326361344
4088,0.43499999999999994,1.0212515326361344
4089,0.43499999999999994,1.0212515326361344
4090,0.43499999999999994,1.0212515326361344
4091,0.43499999999999994,1.0212515326361344
4092,0.43499999999999994,1.0212515326361344
4093,0.43499999999999994,1.0212515326361344
4094,0.43499999999999994,1.0212515326361344
4095,0.43499999999999994,1.0212515326361344
4096,0.43499999999999994,1.0212515326361344
4097,0.43499999999999994,1.0212515326361344
4098,0.43499999999999994,1.0212515326361344
4099,0.43499999999999994,1.0212515326361344
4100,0.43499999999999994,1.0212515326361344
4101,0.43499999999999994,1.0212515326361344
4102,0.43499999999999994,1.0212515326361344
4103,0.43499999999999994,1.0212515326361344
4104,0.43499999999999994,1.0212515326361344
4105,0.43499999999999994,1.0212515326361344
4106,0.43499999999999994,1.0212515326361344
4107,0.43499999999999994,1.0212515326361344
4108,0.43499999999999994,1.0212515326361344
4109,0.43499999999999994,1.0212515326361344
4110,0.43499999999999994,1.0212515326361344
4111,0.43499999999999994,1.0212515326361344
4112,0.43499999999999994,1.0212515326361344
4113,0.43499999999999994,1.0212515326361344
4114,0.43499999999999994,1.0212515326361344
4115,0.43499999999999994,1.0212515326361344
4116,0.43499999999999994,1.0212515326361344
4117,0.43499999999999994,1.0212515326361344
4118,0.43499999999999994,1.0212515326361344
4119,0.43499999999999994,1.0212515326361344
4120,0.43499999999999994,1.0212515326361344
4121,0.43499999999999994,1.0212515326361344
4122,0.43499999999999994,1.0212515326361344
4123,0.43499999999999994,1.0212515326361344
4124,0.43499999999999994,1.0212515326361344
4125,0.43499999999999994,1.0212515326361344
4126,0.43499999999999994,1.0212515326361344
4127,0.43499999999999994,1.0212515326361344
4128,0.43499999999999994,1.0212515326361344
4129,0.43499999999999994,1.0212515326361344
4130,0.43499999999999994,1.0212515326361344
4131,0.43499999999999994,1.0212515326361344
4132,0.43499999999999994,1.0212515326361344
4133,0.43499999999999994,1.0212515326361344
4134,0.43499999999999994,1.0212515326361344
4135,0.43499999999999994,1.0212515326361344
4136,0.43499999999999994,1.0212515326361344
4137,0.43499999999999994,1.0212515326361344
4138,0.43499999999999994,1.0212515326361344
4139,0.43499999999999994,1.0212515326361344
4140,0.43499999999999994,1.0212515326361344
4141,0.43499999999999994,1.0212515326361344
4142,0.43499999999999994,1.0212515326361344
4143,0.43499999999999994,1.0212515326361344
4144,0.43499999999999994,1.0212515326361344
4145,0.43499999999999994,1.0212515326361344
4146,0.43499999999999994,1.0212515326361344
4147,0.43499999999999994,1.0212515326361344
4148,0.43499999999999994,1.0212515326361344
4149,0.43499999999999994,1.0212515326361344
4150,0.43499999999999994,1.0212515326361344
4151,0.43499999999999994,1.0212515326361344
4152,0.43499999999999994,1.0212515326361344
4153,0.43499999999999994,1.0212515326361344
4154,0.43499999999999994,1.0212515326361344
4155,0.43499999999999994,1.0212515326361344
4156,0.43499999999999994,1.0212515326361344
4157,0.43499999999999994,1.0212515326361344
4158,0.43499999999999994,1.0212515326361344
4159,0.43499999999999994,1.0212515326361344
4160,0.42500000000000004,1.0212515326361344
4161,0.29,1.0212515326361344
4162,0.29,1.0212515326361344
4163,0.29,1.0212515326361344
4164,0.29,1.0212515326361344
4165,0.29,1.0212515326361344
4166,0.29,1.0212515326361344
4167,0.29,1.0212515326361344
4168,0.29,1.0212515326361344
4169,0.29,1.0212515326361344
4170,0.29,1.0212515326361344
4171,0.29,1.0212515326361344
4172,0.29,1.0212515326361344
4173,0.29,1.0212515326361344
4174,0.29,1.0212515326361344
4175,0.29,1.0212515326361344
4176,0.29,1.0212515326361344
4177,0.29,1.0212515326361344
4178,0.29,1.0212515326361344
4179,0.29,1.0212515326361344
4180,0.29,1.0212515326361344
4181,0.29,1.0212515326361344
4182,0.29,1.0212515326361344
4183,0.29,1.0212515326361344
4184,0.29,1.0212515326361344
4185,0.29,1.0212515326361344
4186,0.29,1.0212515326361344
4187,0.29,1.0212515326361344
4188,0.29,1.0212515326361344
4189,0.29,1.0212515326361344
4190,0.29,1.0212515326361344
4191,0.29,1.0212515326361344
4192,0.29,1.0212515326361344
4193,0.29,1.0212515326361344
4194,0.29,1.0212515326361344
4195,0.29,1.0212515326361344
4196,0.29,1.0212515326361344
4197,0.29,1.0212515326361344
4198,0.29,1.0212515326361344
4199,0.29,1.0212515326361344
4200,0.29,1.0212515326361344
4201,0.29,1.0212515326361344
4202,0.29,1.0212515326361344
4203,0.29,1.0212515326361344
4204,0.29,1.0212515326361344
4205,0.29,1.0212515326361344
4206,0.29,1.0212515326361344
4207,0.29,1.0212515326361344
4208,0.29,1.0212515326361344
4209,0.29,1.0212515326361344
4210,0.29,1.0212515326361344
4211,0.29,1.0212515326361344
4212,0.29,1.0212515326361344
4213,0.29,1.0212515326361344
4214,0.29,1.0212515326361344
4215,0.29,1.0212515326361344
4216,0.29,1.0212515326361344
4217,0.29,1.0212515326361344
4218,0.29,1.0212515326361344
4219,0.29,1.0212515326361344
4220,0.29,1.0212515326361344
4221,0.29,1.0212515326361344
4222,0.29,1.0212515326361344
4223,0.29,1.0212515326361344
4224,0.29,1.0212515326361344
4225,0.29,1.0212515326361344
4226,0.29,1.0212515326361344
4227,0.29,1.0212515326361344
4228,0.29,1.0212515326361344
4229,0.29,1.0212515326361344
4230,0.29,1.0212515326361344
4231,0.29,1.0212515326361344
4232,0.29,1.0212515326361344
4233,0.29,1.0212515326361344
4234,0.29,1.0212515326361344
4235,0.29,1.0212515326361344
4236,0.29,1.0212515326361344
4237,0.29,1.0212515326361344
4238,0.29,1.0212515326361344
4239,0.29,1.0212515326361344
4240,0.29,1.0212515326361344
4241,0.29,1.0212515326361344
4242,0.29,1.0212515326361344
4243,0.29,1.0212515326361344
4244,0.29,1.0212515326361344
4245,0.29,1.0212515326361344
4246,0.29,1.0212515326361344
4247,0.29,1.0212515326361344
4248,0.29,1.0212515326361344
4249,0.29,1.0212515326361344
4250,0.29,1.0212515326361344
4251,0.29,1.0212515326361344
4252,0.29,1.0212515326361344
4253,0.29,1.0212515326361344
4254,0.29,1.0212515326361344
4255,0.29,1.0212515326361344
4256,0.29,1.0212515326361344
4257,0.29,1.0212515326361344
4258,0.29,1.0212515326361344
4259,0.29,1.0212515326361344
4260,0.29,1.0212515326361344
4261,0.29,1.0212515326361344
4262,0.29,1.0212515326361344
4263,0.29,1.0212515326361344
4264,0.29,1.0212515326361344
4265,0.29,1.0212515326361344
4266,0.29,1.0212515326361344
4267,0.29,1.0212515326361344
4268,0.29,1.0212515326361344
4269,0.29,1.0212515326361344
4270,0.29,1.0212515326361344
4271,0.29,1.0212515326361344
4272,0.29,1.0212515326361344
4273,0.29,1.0212515326361344
4274,0.29,1.0212515326361344
4275,0.29,1.0212515326361344
4276,0.29,1.0212515326361344
4277,0.29,1.0212515326361344
4278,0.29,1.0212515326361344
4279,0.29,1.0212515326361344
4280,0.29,1.0212515326361344
4281,0.29,1.0212515326361344
4282,0.29,1.0212515326361344
4283,0.29,1.0212515326361344
4284,0.29,1.0212515326361344
4285,0.29,1.0212515326361344
4286,0.29,1.0212515326361344
4287,0.29,1.0212515326361344
4288,0.29,1.0212515326361344
4289,0.29,1.0212515326361344
4290,0.29,1.0212515326361344
4291,0.29,1.0212515326361344
4292,0.29,1.0212515326361344
4293,0.29,1.0212515326361344
4294,0.29,1.0212515326361344
4295,0.29,1.0212515326361344
4296,0.29,1.0212515326361344
4297,0.29,1.0212515326361344
4298,0.29,1.0212515326361344
4299,0.29,1.0212515326361344
4300,0.29,1.0212515326361344
4301,0.29,1.0212515326361344
4302,0.29,1.0212515326361344
4303,0.29,1.0212515326361344
4304,0.29,1.0212515326361344
4305,0.29,1.0212515326361344
4306,0.29,1.0212515326361344
4307,0.29,1.0212515326361344
4308,0.29,1.0212515326361344
4309,0.29,1.0212515326361344
4310,0.29,1.0212515326361344
4311,0.29,1.0212515326361344
4312,0.29,1.0212515326361344
4313,0.29,1.0212515326361344
4314,0.29,1.0212515326361344
4315,0.29,1.0212515326361344
4316,0.29,1.0212515326361344
4317,0.29,1.0212515326361344
4318,0.29,1.0212515326361344
4319,0.29,1.0212515326361344
4320,0.29,1.0212515326361344
4321,0.29,1.0212515326361344
4322,0.29,1.0212515326361344
4323,0.29,1.0212515326361344
4324,0.29,1.0212515326361344
4325,0.29,1.0212515326361344
4326,0.29,1.0212515326361344
4327,0.29,1.0212515326361344
4328,0.29,1.0212515326361344
4329,0.29,1.0212515326361344
4330,0.29,1.0212515326361344
4331,0.29,1.0212515326361344
4332,0.29,1.0212515326361344
4333,0.29,1.0212515326361344
4334,0.29,1.0212515326361344
4335,0.29,1.0212515326361344
4336,0.29,1.0212515326361344
4337,0.29,1.0212515326361344
4338,0.29,1.0212515326361344
4339,0.29,1.0212515326361344
4340,0.29,1.0212515326361344
4341,0.29,1.0212515326361344
4342,0.29,1.0212515326361344
4343,0.29,1.0212515326361344
4344,0.29,1.0212515326361344
4345,0.29,1.0212515326361344
4346,0.29,1.0212515326361344
4347,0.29,1.0212515326361344
4348,0.29,1.0212515326361344
4349,0.29,1.0212515326361344
4350,0.29,1.0212515326361344
4351,0.29,1.0212515326361344
4352,0.29,1.0212515326361344
4353,0.29,1.0212515326361344
4354,0.29,1.0212515326361344
4355,0.29,1.0212515326361344
4356,0.29,1.0212515326361344
4357,0.29,1.0212515326361344
4358,0.29,1.0212515326361344
4359,0.29,1.0212515326361344
4360,0.29,1.0212515326361344
4361,0.29,1.0212515326361344
4362,0.29,1.0212515326361344
4363,0.29,1.0212515326361344
4364,0.29,1.0212515326361344
4365,0.29,1.0212515326361344
4366,0.29,1.0212515326361344
4367,0.29,1.0212515326361344
4368,0.29,1.0212515326361344
4369,0.29,1.0212515326361344
4370,0.29,1.0212515326361344
4371,0.29,1.0212515326361344
4372,0.29,1.0212515326361344
4373,0.29,1.0212515326361344
4374,0.29,1.0212515326361344
4375,0.29,1.0212515326361344
4376,0.29,1.0212515326361344
4377,0.29,1.0212515326361344
4378,0.29,1.0212515326361344
4379,0.29,1.0212515326361344
4380,0.29,1.0212515326361344
4381,0.29,1.0212515326361344
4382,0.29,1.0212515326361344
4383,0.29,1.0212515326361344
4384,0.29,1.0212515326361344
4385,0.29,1.0212515326361344
4386,0.29,1.0212515326361344
4387,0.29,1.0212515326361344
4388,0.29,1.0212515326361344
4389,0.29,1.0212515326361344
4390,0.29,1.0212515326361344
4391,0.29,1.0212515326361344
4392,0.29,1.0212515326361344
4393,0.29,1.0212515326361344
4394,0.29,1.0212515326361344
4395,0.29,1.0212515326361344
4396,0.29,1.0212515326361344
4397,0.29,1.0212515326361344
4398,0.29,1.0212515326361344
4399,0.29,1.0212515326361344
4400,0.29,1.0212515326361344
4401,0.29,1.0212515326361344
4402,0.29,1.0212515326361344
4403,0.29,1.0212515326361344
4404,0.29,1.0212515326361344
4405,0.29,1.0212515326361344
4406,0.29,1.0212515326361344
4407,0.29,1.0212515326361344
4408,0.29,1.0212515326361344
4409,0.29,1.0212515326361344
4410,0.29,1.0212515326361344
4411,0.29,1.0212515326361344
4412,0.29,1.0212515326361344
4413,0.29,1.0212515326361344
4414,0.29,1.0212515326361344
4415,0.29,1.0212515326361344
4416,0.29,1.0212515326361344
4417,0.29,1.0212515326361344
4418,0.29,1.0212515326361344
4419,0.29,1.0212515326361344
4420,0.29,1.0212515326361344
4421,0.29,1.0212515326361344
4422,0.29,1.0212515326361344
4423,0.29,1.0212515326361344
4424,0.29,1.0212515326361344
4425,0.29,1.0212515326361344
4426,0.29,1.0212515326361344
4427,0.29,1.0212515326361344
4428,0.29,1.0212515326361344
4429,0.29,1.0212515326361344
4430,0.29,1.0212515326361344
4431,0.29,1.0212515326361344
4432,0.29,1.0212515326361344
4433,0.29,1.0212515326361344
4434,0.29,1.0212515326361344
4435,0.29,1.0212515326361344
4436,0.29,1.0212515326361344
4437,0.29,1.0212515326361344
4438,0.29,1.0212515326361344
4439,0.29,1.0212515326361344
4440,0.29,1.0212515326361344
4441,0.29,1.0212515326361344
4442,0.29,1.0212515326361344
4443,0.29,1.0212515326361344
4444,0.29,1.0212515326361344
4445,0.29,1.0212515326361344
4446,0.29,1.0212515326361344
4447,0.29,1.0212515326361344
4448,0.29,1.0212515326361344
4449,0.29,1.0212515326361344
4450,0.29,1.0212515326361344
4451,0.29,1.0212515326361344
4452,0.29,1.0212515326361344
4453,0.29,1.0212515326361344
4454,0.29,1.0212515326361344
4455,0.29,1.0212515326361344
4456,0.29,1.0212515326361344
4457,0.29,1.0212515326361344
4458,0.29,1.0212515326361344
4459,0.29,1.0212515326361344
4460,0.29,1.0212515326361344
4461,0.29,1.0212515326361344
4462,0.29,1.0212515326361344
4463,0.29,1.0212515326361344
4464,0.29,1.0212515326361344
4465,0.29,1.0212515326361344
4466,0.29,1.0212515326361344
4467,0.29,1.0212515326361344
4468,0.29,1.0212515326361344
4469,0.29,1.0212515326361344
4470,0.29,1.0212515326361344
4471,0.29,1.0212515326361344
4472,0.29,1.0212515326361344
4473,0.29,1.0212515326361344
4474,0.29,1.0212515326361344
4475,0.29,1.0212515326361344
4476,0.29,1.0212515326361344
4477,0.29,1.0212515326361344
4478,0.29,1.0212515326361344
4479,0.29,1.0212515326361344
4480,0.29,1.0212515326361344
4481,0.29,1.0212515326361344
4482,0.29,1.0212515326361344
4483,0.29,1.0212515326361344
4484,0.29,1.0212515326361344
4485,0.29,1.0212515326361344
4486,0.29,1.0212515326361344
4487,0.29,1.0212515326361344
4488,0.29,1.0212515326361344
4489,0.29,1.0212515326361344
4490,0.29,1.0212515326361344
4491,0.29,1.0212515326361344
4492,0.29,1.0212515326361344
4493,0.29,1.0212515326361344
4494,0.29,1.0212515326361344
4495,0.29,1.0212515326361344
4496,0.29,1.0212515326361344
4497,0.29,1.0212515326361344
4498,0.29,1.0212515326361344
4499,0.29,1.0212515326361344
4500,0.29,1.0212515326361344
4501,0.29,1.0212515326361344
4502,0.29,1.0212515326361344
4503,0.29,1.0212515326361344
4504,0.29,1.0212515326361344
4505,0.29,1.0212515326361344
4506,0.29,1.0212515326361344
4507,0.29,1.0212515326361344
4508,0.29,1.0212515326361344
4509,0.29,1.0212515326361344
4510,0.29,1.0212515326361344
4511,0.29,1.0212515326361344
4512,0.29,1.0212515326361344
4513,0.29,1.0212515326361344
4514,0.29,1.0212515326361344
4515,0.29,1.0212515326361344
4516,0.29,1.0212515326361344
4517,0.29,1.0212515326361344
4518,0.29,1.0212515326361344
4519,0.29,1.0212515326361344
4520,0.29,1.0212515326361344
4521,0.29,1.0212515326361344
4522,0.29,1.0212515326361344
4523,0.29,1.0212515326361344
4524,0.29,1.0212515326361344
4525,0.29,1.0212515326361344
4526,0.29,1.0212515326361344
4527,0.29,1.0212515326361344
4528,0.29,1.0212515326361344
4529,0.29,1.0212515326361344
4530,0.29,1.0212515326361344
4531,0.29,1.0212515326361344
4532,0.29,1.0212515326361344
4533,0.29,1.0212515326361344
4534,0.29,1.0212515326361344
4535,0.29,1.0212515326361344
4536,0.29,1.0212515326361344
4537,0.29,1.0212515326361344
4538,0.29,1.0212515326361344
4539,0.29,1.0212515326361344
4540,0.29,1.0212515326361344
4541,0.29,1.0212515326361344
4542,0.29,1.0212515326361344
4543,0.29,1.0212515326361344
4544,0.29,1.0212515326361344
4545,0.29,1.0212515326361344
4546,0.29,1.0212515326361344
4547,0.29,1.0212515326361344
4548,0.29,1.0212515326361344
4549,0.29,1.0212515326361344
4550,0.29,1.0212515326361344
4551,0.29,1.0212515326361344
4552,0.29,1.0212515326361344
4553,0.29,1.0212515326361344
4554,0.29,1.0212515326361344
4555,0.29,1.0212515326361344
4556,0.29,1.0212515326361344
4557,0.29,1.0212515326361344
4558,0.29,1.0212515326361344
4559,0.29,1.0212515326361344
4560,0.29,1.0212515326361344
4561,0.29,1.0212515326361344
4562,0.29,1.0212515326361344
4563,0.29,1.0212515326361344
4564,0.29,1.0212515326361344
4565,0.29,1.0212515326361344
4566,0.29,1.0212515326361344
4567,0.29,1.0212515326361344
4568,0.29,1.0212515326361344
4569,0.29,1.0212515326361344
4570,0.29,1.0212515326361344
4571,0.29,1.0212515326361344
4572,0.29,1.0212515326361344
4573,0.29,1.0212515326361344
4574,0.29,1.0212515326361344
4575,0.29,1.0212515326361344
4576,0.29,1.0212515326361344
4577,0.29,1.0212515326361344
4578,0.29,1.0212515326361344
4579,0.29,1.0212515326361344
4580,0.29,1.0212515326361344
4581,0.29,1.0212515326361344
4582,0.29,1.0212515326361344
4583,0.29,1.0212515326361344
4584,0.29,1.0212515326361344
4585,0.29,1.0212515326361344
4586,0.29,1.0212515326361344
4587,0.29,1.0212515326361344
4588,0.29,1.0212515326361344
4589,0.29,1.0212515326361344
4590,0.29,1.0212515326361344
4591,0.29,1.0212515326361344
4592,0.29,1.0212515326361344
4593,0.29,1.0212515326361344
4594,0.29,1.0212515326361344
4595,0.29,1.0212515326361344
4596,0.29,1.0212515326361344
4597,0.29,1.0212515326361344
4598,0.29,1.0212515326361344
4599,0.29,1.0212515326361344
4600,0.29,1.0212515326361344
4601,0.29,1.0212515326361344
4602,0.29,1.0212515326361344
4603,0.29,1.0212515326361344
4604,0.29,1.0212515326361344
4605,0.29,1.0212515326361344
4606,0.29,1.0212515326361344
4607,0.29,1.0212515326361344
4608,0.29,1.0212515326361344
4609,0.29,1.0212515326361344
4610,0.29,1.0212515326361344
4611,0.29,1.0212515326361344
4612,0.29,1.0212515326361344
4613,0.29,1.0212515326361344
4614,0.29,1.0212515326361344
4615,0.29,1.0212515326361344
4616,0.29,1.0212515326361344
4617,0.29,1.0212515326361344
4618,0.29,1.0212515326361344
4619,0.29,1.0212515326361344
4620,0.29,1.0212515326361344
4621,0.29,1.0212515326361344
4622,0.29,1.0212515326361344
4623,0.29,1.0212515326361344
4624,0.29,1.0212515326361344
4625,0.29,1.0212515326361344
4626,0.29,1.0212515326361344
4627,0.29,1.0212515326361344
4628,0.29,1.0212515326361344
4629,0.29,1.0212515326361344
4630,0.29,1.0212515326361344
4631,0.29,1.0212515326361344
4632,0.29,1.0212515326361344
4633,0.29,1.0212515326361344
4634,0.29,1.0212515326361344
4635,0.29,1.0212515326361344
4636,0.29,1.0212515326361344
4637,0.29,1.0212515326361344
4638,0.29,1.0212515326361344
4639,0.29,1.0212515326361344
4640,0.29,1.0212515326361344
4641,0.29,1.0212515326361344
4642,0.29,1.0212515326361344
4643,0.29,1.0212515326361344
4644,0.29,1.0212515326361344
4645,0.29,1.0212515326361344
4646,0.29,1.0212515326361344
4647,0.29,1.0212515326361344
4648,0.29,1.0212515326361344
4649,0.29,1.0212515326361344
4650,0.29,1.0212515326361344
4651,0.29,1.0212515326361344
4652,0.29,1.0212515326361344
4653,0.29,1.0212515326361344
4654,0.29,1.0212515326361344
4655,0.29,1.0212515326361344
4656,0.29,1.0212515326361344
4657,0.29,1.0212515326361344
4658,0.29,1.0212515326361344
4659,0.29,1.0212515326361344
4660,0.29,1.0212515326361344
4661,0.29,1.0212515326361344
4662,0.29,1.0212515326361344
4663,0.29,1.0212515326361344
4664,0.29,1.0212515326361344
4665,0.29,1.0212515326361344
4666,0.29,1.0212515326361344
4667,0.29,1.0212515326361344
4668,0.29,1.0212515326361344
4669,0.29,1.0212515326361344
4670,0.29,1.0212515326361344
4671,0.29,1.0212515326361344
4672,0.29,1.0212515326361344
4673,0.29,1.0212515326361344
4674,0.29,1.0212515326361344
4675,0.29,1.0212515326361344
4676,0.29,1.0212515326361344
4677,0.29,1.0212515326361344
4678,0.29,1.0212515326361344
4679,0.29,1.0212515326361344
4680,0.29,1.0212515326361344
4681,0.29,1.0212515326361344
4682,0.29,1.0212515326361344
4683,0.29,1.0212515326361344
4684,0.29,1.0212515326361344
4685,0.29,1.0212515326361344
4686,0.29,1.0212515326361344
4687,0.29,1.0212515326361344
4688,0.29,1.0212515326361344
4689,0.29,1.0212515326361344
4690,0.29,1.0212515326361344
4691,0.29,1.0212515326361344
4692,0.29,1.0212515326361344
4693,0.29,1.0212515326361344
4694,0.29,1.0212515326361344
4695,0.29,1.0212515326361344
4696,0.29,1.0212515326361344
4697,0.29,1.0212515326361344
4698,0.29,1.0212515326361344
4699,0.29,1.0212515326361344
4700,0.29,1.0212515326361344
4701,0.29,1.0212515326361344
4702,0.29,1.0212515326361344
4703,0.29,1.0212515326361344
4704,0.29,1.0212515326361344
4705,0.29,1.0212515326361344
4706,0.29,1.0212515326361344
4707,0.29,1.0212515326361344
4708,0.29,1.0212515326361344
4709,0.29,1.0212515326361344
4710,0.29,1.0212515326361344
4711,0.29,1.0212515326361344
4712,0.29,1.0212515326361344
4713,0.29,1.0212515326361344
4714,0.29,1.0212515326361344
4715,0.29,1.0212515326361344
4716,0.29,1.0212515326361344
4717,0.29,1.0212515326361344
4718,0.29,1.0212515326361344
4719,0.29,1.0212515326361344
4720,0.29,1.0212515326361344
4721,0.29,1.0212515326361344
4722,0.29,1.0212515326361344
4723,0.29,1.0212515326361344
4724,0.29,1.0212515326361344
4725,0.29,1.0212515326361344
4726,0.29,1.0212515326361344
4727,0.29,1.0212515326361344
4728,0.29,1.0212515326361344
4729,0.29,1.0212515326361344
4730,0.29,1.0212515326361344
4731,0.29,1.0212515326361344
4732,0.29,1.0212515326361344
4733,0.29,1.0212515326361344
4734,0.29,1.0212515326361344
4735,0.29,1.0212515326361344
4736,0.29,1.0212515326361344
4737,0.29,1.0212515326361344
4738,0.29,1.0212515326361344
4739,0.29,1.0212515326361344
4740,0.29,1.0212515326361344
4741,0.29,1.0212515326361344
4742,0.29,1.0212515326361344
4743,0.29,1.0212515326361344
4744,0.29,1.0212515326361344
4745,0.29,1.0212515326361344
4746,0.29,1.0212515326361344
4747,0.29,1.0212515326361344
4748,0.29,1.0212515326361344
4749,0.29,1.0212515326361344
4750,0.29,1.0212515326361344
4751,0.29,1.0212515326361344
4752,0.29,1.0212515326361344
4753,0.29,1.0212515326361344
4754,0.29,1.0212515326361344
4755,0.29,1.0212515326361344
4756,0.29,1.0212515326361344
4757,0.29,1.0212515326361344
4758,0.29,1.0212515326361344
4759,0.29,1.0212515326361344
4760,0.29,1.0212515326361344
4761,0.29,1.0212515326361344
4762,0.29,1.0212515326361344
4763,0.29,1.0212515326361344
4764,0.29,1.0212515326361344
4765,0.29,1.0212515326361344
4766,0.29,1.0212515326361344
4767,0.29,1.0212515326361344
4768,0.29,1.0212515326361344
4769,0.29,1.0212515326361344
4770,0.29,1.0212515326361344
4771,0.29,1.0212515326361344
4772,0.29,1.0212515326361344
4773,0.29,1.0212515326361344
4774,0.29,1.0212515326361344
4775,0.29,1.0212515326361344
4776,0.29,1.0212515326361344
4777,0.29,1.0212515326361344
4778,0.29,1.0212515326361344
4779,0.29,1.0212515326361344
4780,0.29,1.0212515326361344
4781,0.29,1.0212515326361344
4782,0.29,1.0212515326361344
4783,0.29,1.0212515326361344
4784,0.29,1.0212515326361344
4785,0.29,1.0212515326361344
4786,0.29,1.0212515326361344
4787,0.29,1.0212515326361344
4788,0.29,1.0212515326361344
4789,0.29,1.0212515326361344
4790,0.29,1.0212515326361344
4791,0.29,1.0212515326361344
4792,0.29,1.0212515326361344
4793,0.29,1.0212515326361344
4794,0.29,1.0212515326361344
4795,0.29,1.0212515326361344
4796,0.29,1.0212515326361344
4797,0.29,1.0212515326361344
4798,0.29,1.0212515326361344
4799,0.29,1.0212515326361344
4800,0.29,1.0212515326361344
4801,0.29,1.0212515326361344
4802,0.29,1.0212515326361344
4803,0.29,1.0212515326361344
4804,0.29,1.0212515326361344
4805,0.29,1.0212515326361344
4806,0.29,1.0212515326361344
4807,0.29,1.0212515326361344
4808,0.29,1.0212515326361344
4809,0.29,1.0212515326361344
4810,0.29,1.0212515326361344
4811,0.29,1.0212515326361344
4812,0.29,1.0212515326361344
4813,0.29,1.0212515326361344
4814,0.29,1.0212515326361344
4815,0.29,1.0212515326361344
4816,0.29,1.0212515326361344
4817,0.29,1.0212515326361344
4818,0.29,1.0212515326361344
4819,0.29,1.0212515326361344
4820,0.29,1.0212515326361344
4821,0.29,1.0212515326361344
4822,0.29,1.0212515326361344
4823,0.29,1.0212515326361344
4824,0.29,1.0212515326361344
4825,0.29,1.0212515326361344
4826,0.29,1.0212515326361344
4827,0.29,1.0212515326361344
4828,0.29,1.0212515326361344
4829,0.29,1.0212515326361344
4830,0.29,1.0212515326361344
4831,0.29,1.0212515326361344
4832,0.29,1.0212515326361344
4833,0.29,1.0212515326361344
4834,0.29,1.0212515326361344
4835,0.29,1.0212515326361344
4836,0.29,1.0212515326361344
4837,0.29,1.0212515326361344
4838,0.29,1.0212515326361344
4839,0.29,1.0212515326361344
4840,0.29,1.0212515326361344
4841,0.29,1.0212515326361344
4842,0.29,1.0212515326361344
4843,0.29,1.0212515326361344
4844,0.29,1.0212515326361344
4845,0.29,1.0212515326361344
4846,0.29,1.0212515326361344
4847,0.29,1.0212515326361344
4848,0.29,1.0212515326361344
4849,0.29,1.0212515326361344
4850,0.29,1.0212515326361344
4851,0.29,1.0212515326361344
4852,0.28,1.0212515326361344
4853,0.145,1.0212515326361344
4854,0.145,1.0212515326361344
4855,0.145,1.0212515326361344
4856,0.145,1.0212515326361344
4857,0.145,1.0212515326361344
4858,0.145,1.0212515326361344
4859,0.145,1.0212515326361344
4860,0.145,1.0212515326361344
4861,0.145,1.0212515326361344
4862,0.145,1.0212515326361344
4863,0.145,1.0212515326361344
4864,0.145,1.0212515326361344
4865,0.145,1.0212515326361344
4866,0.145,1.0212515326361344
4867,0.145,1.0212515326361344
4868,0.145,1.0212515326361344
4869,0.145,1.0212515326361344
4870,0.145,1.0212515326361344
4871,0.145,1.0212515326361344
4872,0.145,1.0212515326361344
4873,0.145,1.0212515326361344
4874,0.145,1.0212515326361344
4875,0.145,1.0212515326361344
4876,0.145,1.0212515326361344
4877,0.145,1.0212515326361344
4878,0.145,1.0212515326361344
4879,0.145,1.0212515326361344
4880,0.145,1.0212515326361344
4881,0.145,1.0212515326361344
4882,0.145,1.0212515326361344
4883,0.145,1.0212515326361344
4884,0.145,1.0212515326361344
4885,0.145,1.0212515326361344
4886,0.145,1.0212515326361344
4887,0.145,1.0212515326361344
4888,0.145,1.0212515326361344
4889,0.145,1.0212515326361344
4890,0.145,1.0212515326361344
4891,0.145,1.0212515326361344
4892,0.145,1.0212515326361344
4893,0.145,1.0212515326361344
4894,0.145,1.0212515326361344
4895,0.145,1.0212515326361344
4896,0.145,1.0212515326361344
4897,0.145,1.0212515326361344
4898,0.145,1.0212515326361344
4899,0.145,1.0212515326361344
4900,0.145,1.0212515326361344
4901,0.145,1.0212515326361344
4902,0.145,1.0212515326361344
4903,0.145,1.0212515326361344
4904,0.145,1.0212515326361344
4905,0.145,1.0212515326361344
4906,0.145,1.0212515326361344
4907,0.145,1.0212515326361344
4908,0.145,1.0212515326361344
4909,0.145,1.0212515326361344
4910,0.145,1.0212515326361344
4911,0.145,1.0212515326361344
4912,0.145,1.0212515326361344
4913,0.145,1.0212515326361344
4914,0.145,1.0212515326361344
4915,0.145,1.0212515326361344
4916,0.145,1.0212515326361344
4917,0.145,1.0212515326361344
4918,0.145,1.0212515326361344
4919,0.145,1.0212515326361344
4920,0.145,1.0212515326361344
4921,0.145,1.0212515326361344
4922,0.145,1.0212515326361344
4923,0.145,1.0212515326361344
4924,0.145,1.0212515326361344
4925,0.145,1.0212515326361344
4926,0.145,1.0212515326361344
4927,0.145,1.0212515326361344
4928,0.145,1.0212515326361344
4929,0.145,1.0212515326361344
4930,0.145,1.0212515326361344
4931,0.145,1.0212515326361344
4932,0.145,1.0212515326361344
4933,0.145,1.0212515326361344
4934,0.145,1.0212515326361344
4935,0.145,1.0212515326361344
4936,0.145,1.0212515326361344
4937,0.145,1.0212515326361344
4938,0.145,1.0212515326361344
4939,0.145,1.0212515326361344
4940,0.145,1.0212515326361344
4941,0.145,1.0212515326361344
4942,0.145,1.0212515326361344
4943,0.145,1.0212515326361344
4944,0.145,1.0212515326361344
4945,0.145,1.0212515326361344
4946,0.145,1.0212515326361344
4947,0.145,1.0212515326361344
4948,0.145,1.0212515326361344
4949,0.145,1.0212515326361344
4950,0.145,1.0212515326361344
4951,0.145,1.0212515326361344
4952,0.145,1.0212515326361344
4953,0.145,1.0212515326361344
4954,0.145,1.0212515326361344
4955,0.145,1.0212515326361344
4956,0.145,1.0212515326361344
4957,0.145,1.0212515326361344
4958,0.145,1.0212515326361344
4959,0.145,1.0212515326361344
4960,0.145,1.0212515326361344
4961,0.145,1.0212515326361344
4962,0.145,1.0212515326361344
4963,0.145,1.0212515326361344
4964,0.145,1.0212515326361344
4965,0.145,1.0212515326361344
4966,0.145,1.0212515326361344
4967,0.145,1.0212515326361344
4968,0.145,1.0212515326361344
4969,0.145,1.0212515326361344
4970,0.145,1.0212515326361344
4971,0.145,1.0212515326361344
4972,0.145,1.0212515326361344
4973,0.145,1.0212515326361344
4974,0.145,1.0212515326361344
4975,0.145,1.0212515326361344
4976,0.145,1.0212515326361344
4977,0.145,1.0212515326361344
4978,0.145,1.0212515326361344
4979,0.145,1.0212515326361344
4980,0.145,1.0212515326361344
4981,0.145,1.0212515326361344
4982,0.145,1.0212515326361344
4983,0.145,1.0212515326361344
4984,0.145,1.0212515326361344
4985,0.145,1.0212515326361344
4986,0.145,1.0212515326361344
4987,0.145,1.0212515326361344
4988,0.145,1.0212515326361344
4989,0.145,1.0212515326361344
4990,0.145,1.0212515326361344
4991,0.145,1.0212515326361344
4992,0.145,1.0212515326361344
4993,0.145,1.0212515326361344
4994,0.145,1.0212515326361344
4995,0.145,1.0212515326361344
4996,0.145,1.0212515326361344
4997,0.145,1.0212515326361344
4998,0.145,1.0212515326361344
4999,0.145,1.0212515326361344
5000,0.145,1.0212515326361344
5001,0.145,1.0212515326361344
5002,0.145,1.0212515326361344
5003,0.145,1.0212515326361344
5004,0.145,1.0212515326361344
5005,0.145,1.0212515326361344
5006,0.145,1.0212515326361344
5007,0.145,1.0212515326361344
5008,0.145,1.0212515326361344
5009,0.145,1.0212515326361344
5010,0.145,1.0212515326361344
5011,0.145,1.0212515326361344
5012,0.145,1.0212515326361344
5013,0.145,1.0212515326361344
5014,0.145,1.0212515326361344
5015,0.145,1.0212515326361344
5016,0.145,1.0212515326361344
5017,0.145,1.0212515326361344
5018,0.145,1.0212515326361344
5019,0.145,1.0212515326361344
5020,0.145,1.0212515326361344
5021,0.145,1.0212515326361344
5022,0.145,1.0212515326361344
5023,0.145,1.0212515326361344
5024,0.145,1.0212515326361344
5025,0.145,1.0212515326361344
5026,0.145,1.0212515326361344
5027,0.145,1.0212515326361344
5028,0.145,1.0212515326361344
5029,0.145,1.0212515326361344
5030,0.145,1.0212515326361344
5031,0.145,1.0212515326361344
5032,0.145,1.0212515326361344
5033,0.145,1.0212515326361344
5034,0.145,1.0212515326361344
5035,0.145,1.0212515326361344
5036,0.145,1.0212515326361344
5037,0.145,1.0212515326361344
5038,0.145,1.0212515326361344
5039,0.145,1.0212515326361344
5040,0.145,1.0212515326361344
5041,0.145,1.0212515326361344
5042,0.145,1.0212515326361344
5043,0.145,1.0212515326361344
5044,0.145,1.0212515326361344
5045,0.145,1.0212515326361344
5046,0.145,1.0212515326361344
5047,0.145,1.0212515326361344
5048,0.145,1.0212515326361344
5049,0.145,1.0212515326361344
5050,0.145,1.0212515326361344
5051,0.145,1.0212515326361344
5052,0.145,1.0212515326361344
5053,0.145,1.0212515326361344
5054,0.145,1.0212515326361344
5055,0.145,1.0212515326361344
5056,0.145,1.0212515326361344
5057,0.145,1.0212515326361344
5058,0.145,1.0212515326361344
5059,0.145,1.0212515326361344
5060,0.145,1.0212515326361344
5061,0.145,1.0212515326361344
5062,0.145,1.0212515326361344
5063,0.145,1.0212515326361344
5064,0.145,1.0212515326361344
5065,0.145,1.0212515326361344
5066,0.145,1.0212515326361344
5067,0.145,1.0212515326361344
5068,0.145,1.0212515326361344
5069,0.145,1.0212515326361344
5070,0.145,1.0212515326361344
5071,0.145,1.0212515326361344
5072,0.145,1.0212515326361344
5073,0.145,1.0212515326361344
5074,0.145,1.0212515326361344
5075,0.145,1.0212515326361344
5076,0.145,1.0212515326361344
5077,0.145,1.0212515326361344
5078,0.145,1.0212515326361344
5079,0.145,1.0212515326361344
5080,0.145,1.0212515326361344
5081,0.145,1.0212515326361344
5082,0.145,1.0212515326361344
5083,0.145,1.0212515326361344
5084,0.145,1.0212515326361344
5085,0.145,1.0212515326361344
5086,0.145,1.0212515326361344
5087,0.145,1.0212515326361344
5088,0.145,1.0212515326361344
5089,0.145,1.0212515326361344
5090,0.145,1.0212515326361344
5091,0.145,1.0212515326361344
5092,0.145,1.0212515326361344
5093,0.145,1.0212515326361344
5094,0.145,1.0212515326361344
5095,0.145,1.0212515326361344
5096,0.145,1.0212515326361344
5097,0.145,1.0212515326361344
5098,0.145,1.0212515326361344
5099,0.145,1.0212515326361344
5100,0.145,1.0212515326361344
5101,0.145,1.0212515326361344
5102,0.145,1.0212515326361344
5103,0.145,1.0212515326361344
5104,0.145,1.0212515326361344
5105,0.145,1.0212515326361344
5106,0.145,1.0212515326361344
5107,0.145,1.0212515326361344
5108,0.145,1.0212515326361344
5109,0.145,1.0212515326361344
5110,0.145,1.0212515326361344
5111,0.145,1.0212515326361344
5112,0.145,1.0212515326361344
5113,0.145,1.0212515326361344
5114,0.145,1.0212515326361344
5115,0.145,1.0212515326361344
5116,0.145,1.0212515326361344
5117,0.145,1.0212515326361344
5118,0.145,1.0212515326361344
5119,0.145,1.0212515326361344
5120,0.145,1.0212515326361344
5121,0.145,1.0212515326361344
5122,0.145,1.0212515326361344
5123,0.145,1.0212515326361344
5124,0.145,1.0212515326361344
5125,0.145,1.0212515326361344
5126,0.145,1.0212515326361344
5127,0.145,1.0212515326361344
5128,0.145,1.0212515326361344
5129,0.145,1.0212515326361344
5130,0.145,1.0212515326361344
5131,0.145,1.0212515326361344
5132,0.145,1.0212515326361344
5133,0.145,1.0212515326361344
5134,0.145,1.0212515326361344
5135,0.145,1.0212515326361344
5136,0.145,1.0212515326361344
5137,0.145,1.0212515326361344
5138,0.145,1.0212515326361344
5139,0.145,1.0212515326361344
5140,0.145,1.0212515326361344
5141,0.145,1.0212515326361344
5142,0.145,1.0212515326361344
5143,0.145,1.0212515326361344
5144,0.145,1.0212515326361344
5145,0.145,1.0212515326361344
5146,0.145,1.0212515326361344
5147,0.145,1.0212515326361344
5148,0.145,1.0212515326361344
5149,0.145,1.0212515326361344
5150,0.145,1.0212515326361344
5151,0.145,1.0212515326361344
5152,0.145,1.0212515326361344
5153,0.145,1.0212515326361344
5154,0.145,1.0212515326361344
5155,0.145,1.0212515326361344
5156,0.145,1.0212515326361344
5157,0.145,1.0212515326361344
5158,0.145,1.0212515326361344
5159,0.145,1.0212515326361344
5160,0.145,1.0212515326361344
5161,0.145,1.0212515326361344
5162,0.145,1.0212515326361344
5163,0.145,1.0212515326361344
5164,0.145,1.0212515326361344
5165,0.145,1.0212515326361344
5166,0.145,1.0212515326361344
5167,0.145,1.0212515326361344
5168,0.145,1.0212515326361344
5169,0.145,1.0212515326361344
5170,0.145,1.0212515326361344
5171,0.145,1.0212515326361344
5172,0.145,1.0212515326361344
5173,0.145,1.0212515326361344
5174,0.145,1.0212515326361344
5175,0.145,1.0212515326361344
5176,0.145,1.0212515326361344
5177,0.145,1.0212515326361344
5178,0.145,1.0212515326361344
5179,0.145,1.0212515326361344
5180,0.145,1.0212515326361344
5181,0.145,1.0212515326361344
5182,0.145,1.0212515326361344
5183,0.145,1.0212515326361344
5184,0.145,1.0212515326361344
5185,0.145,1.0212515326361344
5186,0.145,1.0212515326361344
5187,0.145,1.0212515326361344
5188,0.145,1.0212515326361344
5189,0.145,1.0212515326361344
5190,0.145,1.0212515326361344
5191,0.145,1.0212515326361344
5192,0.145,1.0212515326361344
5193,0.145,1.0212515326361344
5194,0.145,1.0212515326361344
5195,0.145,1.0212515326361344
5196,0.145,1.0212515326361344
5197,0.145,1.0212515326361344
5198,0.145,1.0212515326361344
5199,0.145,1.0212515326361344
5200,0.145,1.0212515326361344
5201,0.145,1.0212515326361344
5202,0.145,1.0212515326361344
5203,0.145,1.0212515326361344
5204,0.145,1.0212515326361344
5205,0.145,1.0212515326361344
5206,0.145,1.0212515326361344
5207,0.145,1.0212515326361344
5208,0.145,1.0212515326361344
5209,0.145,1.0212515326361344
5210,0.145,1.0212515326361344
5211,0.145,1.0212515326361344
5212,0.145,1.0212515326361344
5213,0.145,1.0212515326361344
5214,0.145,1.0212515326361344
5215,0.145,1.0212515326361344
5216,0.145,1.0212515326361344
5217,0.145,1.0212515326361344
5218,0.145,1.0212515326361344
5219,0.145,1.0212515326361344
5220,0.145,1.0212515326361344
5221,0.145,1.0212515326361344
5222,0.145,1.0212515326361344
5223,0.145,1.0212515326361344
5224,0.145,1.0212515326361344
5225,0.145,1.0212515326361344
5226,0.145,1.0212515326361344
5227,0.145,1.0212515326361344
5228,0.145,1.0212515326361344
5229,0.145,1.0212515326361344
5230,0.145,1.0212515326361344
5231,0.145,1.0212515326361344
5232,0.145,1.0212515326361344
5233,0.145,1.0212515326361344
5234,0.145,1.0212515326361344
5235,0.145,1.0212515326361344
5236,0.145,1.0212515326361344
5237,0.145,1.0212515326361344
5238,0.145,1.0212515326361344
5239,0.145,1.0212515326361344
5240,0.145,1.0212515326361344
5241,0.145,1.0212515326361344
5242,0.145,1.0212515326361344
5243,0.145,1.0212515326361344
5244,0.145,1.0212515326361344
5245,0.145,1.0212515326361344
5246,0.145,1.0212515326361344
5247,0.145,1.0212515326361344
5248,0.145,1.0212515326361344
5249,0.145,1.0212515326361344
5250,0.145,1.0212515326361344
5251,0.145,1.0212515326361344
5252,0.145,1.0212515326361344
5253,0.145,1.0212515326361344
5254,0.145,1.0212515326361344
5255,0.145,1.0212515326361344
5256,0.145,1.0212515326361344
5257,0.145,1.0212515326361344
5258,0.145,1.0212515326361344
5259,0.145,1.0212515326361344
5260,0.145,1.0212515326361344
5261,0.145,1.0212515326361344
5262,0.145,1.0212515326361344
5263,0.145,1.0212515326361344
5264,0.145,1.0212515326361344
5265,0.145,1.0212515326361344
5266,0.145,1.0212515326361344
5267,0.145,1.0212515326361344
5268,0.145,1.0212515326361344
5269,0.145,1.0212515326361344
5270,0.145,1.0212515326361344
5271,0.145,1.0212515326361344
5272,0.145,1.0212515326361344
5273,0.145,1.0212515326361344
5274,0.145,1.0212515326361344
5275,0.145,1.0212515326361344
5276,0.145,1.0212515326361344
5277,0.145,1.0212515326361344
5278,0.145,1.0212515326361344
5279,0.145,1.0212515326361344
5280,0.145,1.0212515326361344
5281,0.145,1.0212515326361344
5282,0.145,1.0212515326361344
5283,0.145,1.0212515326361344
5284,0.145,1.0212515326361344
5285,0.145,1.0212515326361344
5286,0.145,1.0212515326361344
5287,0.145,1.0212515326361344
5288,0.145,1.0212515326361344
5289,0.145,1.0212515326361344
5290,0.145,1.0212515326361344
5291,0.145,1.0212515326361344
5292,0.145,1.0212515326361344
5293,0.145,1.0212515326361344
5294,0.145,1.0212515326361344
5295,0.145,1.0212515326361344
5296,0.145,1.0212515326361344
5297,0.145,1.0212515326361344
5298,0.145,1.0212515326361344
5299,0.145,1.0212515326361344
5300,0.145,1.0212515326361344
5301,0.145,1.0212515326361344
5302,0.145,1.0212515326361344
5303,0.145,1.0212515326361344
5304,0.145,1.0212515326361344
5305,0.145,1.0212515326361344
5306,0.145,1.0212515326361344
5307,0.145,1.0212515326361344
5308,0.145,1.0212515326361344
5309,0.145,1.0212515326361344
5310,0.145,1.0212515326361344
5311,0.145,1.0212515326361344
5312,0.145,1.0212515326361344
5313,0.145,1.0212515326361344
5314,0.145,1.0212515326361344
5315,0.145,1.0212515326361344
5316,0.145,1.0212515326361344
5317,0.145,1.0212515326361344
5318,0.145,1.0212515326361344
5319,0.145,1.0212515326361344
5320,0.145,1.0212515326361344
5321,0.145,1.0212515326361344
5322,0.145,1.0212515326361344
5323,0.145,1.0212515326361344
5324,0.145,1.0212515326361344
5325,0.145,1.0212515326361344
5326,0.145,1.0212515326361344
5327,0.145,1.0212515326361344
5328,0.145,1.0212515326361344
5329,0.145,1.0212515326361344
5330,0.145,1.0212515326361344
5331,0.145,1.0212515326361344
5332,0.145,1.0212515326361344
5333,0.145,1.0212515326361344
5334,0.145,1.0212515326361344
5335,0.145,1.0212515326361344
5336,0.145,1.0212515326361344
5337,0.145,1.0212515326361344
5338,0.145,1.0212515326361344
5339,0.145,1.0212515326361344
5340,0.145,1.0212515326361344
5341,0.145,1.0212515326361344
5342,0.145,1.0212515326361344
5343,0.145,1.0212515326361344
5344,0.145,1.0212515326361344
5345,0.145,1.0212515326361344
5346,0.145,1.0212515326361344
5347,0.145,1.0212515326361344
5348,0.145,1.0212515326361344
5349,0.145,1.0212515326361344
5350,0.145,1.0212515326361344
5351,0.145,1.0212515326361344
5352,0.145,1.0212515326361344
5353,0.145,1.0212515326361344
5354,0.145,1.0212515326361344
5355,0.145,1.0212515326361344
5356,0.145,1.0212515326361344
5357,0.145,1.0212515326361344
5358,0.145,1.0212515326361344
5359,0.145,1.0212515326361344
5360,0.145,1.0212515326361344
5361,0.145,1.0212515326361344
5362,0.145,1.0212515326361344
5363,0.145,1.0212515326361344
5364,0.145,1.0212515326361344
5365,0.145,1.0212515326361344
5366,0.145,1.0212515326361344
5367,0.145,1.0212515326361344
5368,0.145,1.0212515326361344
5369,0.145,1.0212515326361344
5370,0.145,1.0212515326361344
5371,0.145,1.0212515326361344
5372,0.145,1.0212515326361344
5373,0.145,1.0212515326361344
5374,0.145,1.0212515326361344
5375,0.145,1.0212515326361344
5376,0.145,1.0212515326361344
5377,0.145,1.0212515326361344
5378,0.145,1.0212515326361344
5379,0.145,1.0212515326361344
5380,0.145,1.0212515326361344
5381,0.145,1.0212515326361344
5382,0.145,1.0212515326361344
5383,0.145,1.0212515326361344
5384,0.145,1.0212515326361344
5385,0.145,1.0212515326361344
5386,0.145,1.0212515326361344
5387,0.145,1.0212515326361344
5388,0.145,1.0212515326361344
5389,0.145,1.0212515326361344
5390,0.145,1.0212515326361344
5391,0.145,1.0212515326361344
5392,0.145,1.0212515326361344
5393,0.145,1.0212515326361344
5394,0.145,1.0212515326361344
5395,0.145,1.0212515326361344
5396,0.145,1.0212515326361344
5397,0.145,1.0212515326361344
5398,0.145,1.0212515326361344
5399,0.145,1.0212515326361344
5400,0.145,1.0212515326361344
5401,0.145,1.0212515326361344
5402,0.145,1.0212515326361344
5403,0.145,1.0212515326361344
5404,0.145,1.0212515326361344
5405,0.145,1.0212515326361344
5406,0.145,1.0212515326361344
5407,0.145,1.0212515326361344
5408,0.145,1.0212515326361344
5409,0.145,1.0212515326361344
5410,0.145,1.0212515326361344
5411,0.145,1.0212515326361344
5412,0.145,1.0212515326361344
5413,0.145,1.0212515326361344
5414,0.145,1.0212515326361344
5415,0.145,1.0212515326361344
5416,0.145,1.0212515326361344
5417,0.145,1.0212515326361344
5418,0.145,1.0212515326361344
5419,0.145,1.0212515326361344
5420,0.145,1.0212515326361344
5421,0.145,1.0212515326361344
5422,0.145,1.0212515326361344
5423,0.145,1.0212515326361344
5424,0.145,1.0212515326361344
5425,0.145,1.0212515326361344
5426,0.145,1.0212515326361344
5427,0.145,1.0212515326361344
5428,0.145,1.0212515326361344
5429,0.145,1.0212515326361344
5430,0.145,1.0212515326361344
5431,0.145,1.0212515326361344
5432,0.145,1.0212515326361344
5433,0.145,1.0212515326361344
5434,0.145,1.0212515326361344
5435,0.145,1.0212515326361344
5436,0.145,1.0212515326361344
5437,0.145,1.0212515326361344
5438,0.145,1.0212515326361344
5439,0.145,1.0212515326361344
5440,0.145,1.0212515326361344
5441,0.145,1.0212515326361344
5442,0.145,1.0212515326361344
5443,0.145,1.0212515326361344
5444,0.145,1.0212515326361344
5445,0.145,1.0212515326361344
5446,0.145,1.0212515326361344
5447,0.145,1.0212515326361344
5448,0.145,1.0212515326361344
5449,0.145,1.0212515326361344
5450,0.145,1.0212515326361344
5451,0.145,1.0212515326361344
5452,0.145,1.0212515326361344
5453,0.145,1.0212515326361344
5454,0.145,1.0212515326361344
5455,0.145,1.0212515326361344
5456,0.145,1.0212515326361344
5457,0.145,1.0212515326361344
5458,0.145,1.0212515326361344
5459,0.145,1.0212515326361344
5460,0.145,1.0212515326361344
5461,0.145,1.0212515326361344
5462,0.145,1.0212515326361344
5463,0.145,1.0212515326361344
5464,0.145,1.0212515326361344
5465,0.145,1.0212515326361344
5466,0.145,1.0212515326361344
5467,0.145,1.0212515326361344
5468,0.145,1.0212515326361344
5469,0.145,1.0212515326361344
5470,0.145,1.0212515326361344
5471,0.145,1.0212515326361344
5472,0.145,1.0212515326361344
5473,0.145,1.0212515326361344
5474,0.145,1.0212515326361344
5475,0.145,1.0212515326361344
5476,0.145,1.0212515326361344
5477,0.145,1.0212515326361344
5478,0.145,1.0212515326361344
5479,0.145,1.0212515326361344
5480,0.145,1.0212515326361344
5481,0.145,1.0212515326361344
5482,0.145,1.0212515326361344
5483,0.145,1.0212515326361344
5484,0.145,1.0212515326361344
5485,0.145,1.0212515326361344
5486,0.145,1.0212515326361344
5487,0.145,1.0212515326361344
5488,0.145,1.0212515326361344
5489,0.145,1.0212515326361344
5490,0.145,1.0212515326361344
5491,0.145,1.0212515326361344
5492,0.145,1.0212515326361344
5493,0.145,1.0212515326361344
5494,0.145,1.0212515326361344
5495,0.145,1.0212515326361344
5496,0.145,1.0212515326361344
5497,0.145,1.0212515326361344
5498,0.145,1.0212515326361344
5499,0.145,1.0212515326361344
5500,0.145,1.0212515326361344
5501,0.145,1.0212515326361344
5502,0.145,1.0212515326361344
5503,0.145,1.0212515326361344
5504,0.145,1.0212515326361344
5505,0.145,1.0212515326361344
5506,0.145,1.0212515326361344
5507,0.145,1.0212515326361344
5508,0.145,1.0212515326361344
5509,0.145,1.0212515326361344
5510,0.145,1.0212515326361344
5511,0.145,1.0212515326361344
5512,0.145,1.0212515326361344
5513,0.145,1.0212515326361344
5514,0.145,1.0212515326361344
5515,0.145,1.0212515326361344
5516,0.145,1.0212515326361344
5517,0.145,1.0212515326361344
5518,0.145,1.0212515326361344
5519,0.145,1.0212515326361344
5520,0.145,1.0212515326361344
5521,0.145,1.0212515326361344
5522,0.145,1.0212515326361344
5523,0.145,1.0212515326361344
5524,0.145,1.0212515326361344
5525,0.145,1.0212515326361344
5526,0.145,1.0212515326361344
5527,0.145,1.0212515326361344
5528,0.145,1.0212515326361344
5529,0.145,1.0212515326361344
5530,0.145,1.0212515326361344
5531,0.145,1.0212515326361344
5532,0.145,1.0212515326361344
5533,0.145,1.0212515326361344
5534,0.145,1.0212515326361344
5535,0.145,1.0212515326361344
5536,0.145,1.0212515326361344
5537,0.145,1.0212515326361344
5538,0.145,1.0212515326361344
5539,0.145,1.0212515326361344
5540,0.145,1.0212515326361344
5541,0.145,1.0212515326361344
5542,0.145,1.0212515326361344
5543,0.145,1.0212515326361344
5544,0.145,1.0212515326361344
5545,0.145,1.0212515326361344
