Tick,TotalEnergy(kWh),AverageEnergy(kWh)
0,1.4820000000000004,0.9908668317774815
1,1.733,0.9908668317774815
2,1.733,0.9908668317774815
3,1.733,0.9908668317774815
4,1.733,0.9908668317774815
5,1.733,0.9908668317774815
6,1.733,0.9908668317774815
7,1.733,0.9908668317774815
8,1.733,0.9908668317774815
9,1.733,0.9908668317774815
10,1.733,0.9908668317774815
11,1.733,0.9908668317774815
12,1.733,0.9908668317774815
13,1.733,0.9908668317774815
14,1.733,0.9908668317774815
15,1.733,0.9908668317774815
16,1.733,0.9908668317774815
17,1.733,0.9908668317774815
18,1.733,0.9908668317774815
19,1.733,0.9908668317774815
20,1.733,0.9908668317774815
21,1.733,0.9908668317774815
22,1.733,0.9908668317774815
23,1.733,0.9908668317774815
24,1.733,0.9908668317774815
25,1.733,0.9908668317774815
26,1.733,0.9908668317774815
27,1.733,0.9908668317774815
28,1.733,0.9908668317774815
29,1.733,0.9908668317774815
30,1.733,0.9908668317774815
31,1.733,0.9908668317774815
32,1.733,0.9908668317774815
33,1.733,0.9908668317774815
34,1.733,0.9908668317774815
35,1.733,0.9908668317774815
36,1.733,0.9908668317774815
37,1.733,0.9908668317774815
38,1.733,0.9908668317774815
39,1.733,0.9908668317774815
40,1.733,0.9908668317774815
41,1.733,0.9908668317774815
42,1.733,0.9908668317774815
43,1.733,0.9908668317774815
44,1.733,0.9908668317774815
45,1.733,0.9908668317774815
46,1.733,0.9908668317774815
47,1.733,0.9908668317774815
48,1.733,0.9908668317774815
49,1.733,0.9908668317774815
50,1.733,0.9908668317774815
51,1.733,0.9908668317774815
52,1.733,0.9908668317774815
53,1.733,0.9908668317774815
54,1.733,0.9908668317774815
55,1.733,0.9908668317774815
56,1.733,0.9908668317774815
57,1.733,0.9908668317774815
58,1.733,0.9908668317774815
59,1.733,0.9908668317774815
60,1.733,0.9908668317774815
61,1.733,0.9908668317774815
62,1.733,0.9908668317774815
63,1.733,0.9908668317774815
64,1.733,0.9908668317774815
65,1.733,0.9908668317774815
66,1.733,0.9908668317774815
67,1.733,0.9908668317774815
68,1.733,0.9908668317774815
69,1.733,0.9908668317774815
70,1.733,0.9908668317774815
71,1.733,0.9908668317774815
72,1.733,0.9908668317774815
73,1.733,0.9908668317774815
74,1.733,0.9908668317774815
75,1.733,0.9908668317774815
76,1.733,0.9908668317774815
77,1.733,0.9908668317774815
78,1.733,0.9908668317774815
79,1.733,0.9908668317774815
80,1.733,0.9908668317774815
81,1.733,0.9908668317774815
82,1.733,0.9908668317774815
83,1.733,0.9908668317774815
84,1.733,0.9908668317774815
85,1.733,0.9908668317774815
86,1.733,0.9908668317774815
87,1.733,0.9908668317774815
88,1.733,0.9908668317774815
89,1.733,0.9908668317774815
90,1.733,0.9908668317774815
91,1.733,0.9908668317774815
92,1.733,0.9908668317774815
93,1.733,0.9908668317774815
94,1.733,0.9908668317774815
95,1.733,0.9908668317774815
96,1.733,0.9908668317774815
97,1.733,0.9908668317774815
98,1.733,0.9908668317774815
99,1.7130000000000003,0.9908668317774815
100,1.733,0.9908668317774815
101,1.733,0.9908668317774815
102,1.733,0.9908668317774815
103,1.733,0.9908668317774815
104,1.733,0.9908668317774815
105,1.733,0.9908668317774815
106,1.733,0.9908668317774815
107,1.733,0.9908668317774815
108,1.733,0.9908668317774815
109,1.733,0.9908668317774815
110,1.733,0.9908668317774815
111,1.733,0.9908668317774815
112,1.733,0.9908668317774815
113,1.733,0.9908668317774815
114,1.733,0.9908668317774815
115,1.733,0.9908668317774815
116,1.733,0.9908668317774815
117,1.733,0.9908668317774815
118,1.733,0.9908668317774815
119,1.733,0.9908668317774815
120,1.733,0.9908668317774815
121,1.733,0.9908668317774815
122,1.733,0.9908668317774815
123,1.733,0.9908668317774815
124,1.733,0.9908668317774815
125,1.733,0.9908668317774815
126,1.733,0.9908668317774815
127,1.733,0.9908668317774815
128,1.733,0.9908668317774815
129,1.733,0.9908668317774815
130,1.733,0.9908668317774815
131,1.733,0.9908668317774815
132,1.733,0.9908668317774815
133,1.733,0.9908668317774815
134,1.733,0.9908668317774815
135,1.733,0.9908668317774815
136,1.733,0.9908668317774815
137,1.733,0.9908668317774815
138,1.733,0.9908668317774815
139,1.733,0.9908668317774815
140,1.733,0.9908668317774815
141,1.733,0.9908668317774815
142,1.733,0.9908668317774815
143,1.733,0.9908668317774815
144,1.733,0.9908668317774815
145,1.733,0.9908668317774815
146,1.733,0.9908668317774815
147,1.733,0.9908668317774815
148,1.733,0.9908668317774815
149,1.733,0.9908668317774815
150,1.733,0.9908668317774815
151,1.733,0.9908668317774815
152,1.733,0.9908668317774815
153,1.733,0.9908668317774815
154,1.733,0.9908668317774815
155,1.733,0.9908668317774815
156,1.733,0.9908668317774815
157,1.733,0.9908668317774815
158,1.733,0.9908668317774815
159,1.733,0.9908668317774815
160,1.733,0.9908668317774815
161,1.733,0.9908668317774815
162,1.733,0.9908668317774815
163,1.733,0.9908668317774815
164,1.733,0.9908668317774815
165,1.733,0.9908668317774815
166,1.733,0.9908668317774815
167,1.733,0.9908668317774815
168,1.733,0.9908668317774815
169,1.733,0.9908668317774815
170,1.733,0.9908668317774815
171,1.733,0.9908668317774815
172,1.733,0.9908668317774815
173,1.733,0.9908668317774815
174,1.733,0.9908668317774815
175,1.733,0.9908668317774815
176,1.733,0.9908668317774815
177,1.733,0.9908668317774815
178,1.733,0.9908668317774815
179,1.733,0.9908668317774815
180,1.733,0.9908668317774815
181,1.733,0.9908668317774815
182,1.733,0.9908668317774815
183,1.733,0.9908668317774815
184,1.733,0.9908668317774815
185,1.733,0.9908668317774815
186,1.733,0.9908668317774815
187,1.733,0.9908668317774815
188,1.733,0.9908668317774815
189,1.733,0.9908668317774815
190,1.733,0.9908668317774815
191,1.733,0.9908668317774815
192,1.733,0.9908668317774815
193,1.733,0.9908668317774815
194,1.733,0.9908668317774815
195,1.733,0.9908668317774815
196,1.733,0.9908668317774815
197,1.733,0.9908668317774815
198,1.733,0.9908668317774815
199,1.733,0.9908668317774815
200,1.733,0.9908668317774815
201,1.733,0.9908668317774815
202,1.733,0.9908668317774815
203,1.733,0.9908668317774815
204,1.733,0.9908668317774815
205,1.733,0.9908668317774815
206,1.733,0.9908668317774815
207,1.733,0.9908668317774815
208,1.733,0.9908668317774815
209,1.733,0.9908668317774815
210,1.733,0.9908668317774815
211,1.733,0.9908668317774815
212,1.733,0.9908668317774815
213,1.733,0.9908668317774815
214,1.733,0.9908668317774815
215,1.733,0.9908668317774815
216,1.733,0.9908668317774815
217,1.733,0.9908668317774815
218,1.733,0.9908668317774815
219,1.733,0.9908668317774815
220,1.733,0.9908668317774815
221,1.733,0.9908668317774815
222,1.733,0.9908668317774815
223,1.733,0.9908668317774815
224,1.733,0.9908668317774815
225,1.733,0.9908668317774815
226,1.733,0.9908668317774815
227,1.733,0.9908668317774815
228,1.733,0.9908668317774815
229,1.733,0.9908668317774815
230,1.733,0.9908668317774815
231,1.733,0.9908668317774815
232,1.733,0.9908668317774815
233,1.733,0.9908668317774815
234,1.733,0.9908668317774815
235,1.733,0.9908668317774815
236,1.733,0.9908668317774815
237,1.733,0.9908668317774815
238,1.733,0.9908668317774815
239,1.733,0.9908668317774815
240,1.733,0.9908668317774815
241,1.733,0.9908668317774815
242,1.733,0.9908668317774815
243,1.733,0.9908668317774815
244,1.733,0.9908668317774815
245,1.733,0.9908668317774815
246,1.733,0.9908668317774815
247,1.733,0.9908668317774815
248,1.733,0.9908668317774815
249,1.733,0.9908668317774815
250,1.733,0.9908668317774815
251,1.733,0.9908668317774815
252,1.733,0.9908668317774815
253,1.733,0.9908668317774815
254,1.733,0.9908668317774815
255,1.733,0.9908668317774815
256,1.733,0.9908668317774815
257,1.733,0.9908668317774815
258,1.733,0.9908668317774815
259,1.733,0.9908668317774815
260,1.733,0.9908668317774815
261,1.733,0.9908668317774815
262,1.733,0.9908668317774815
263,1.733,0.9908668317774815
264,1.733,0.9908668317774815
265,1.733,0.9908668317774815
266,1.733,0.9908668317774815
267,1.733,0.9908668317774815
268,1.733,0.9908668317774815
269,1.733,0.9908668317774815
270,1.733,0.9908668317774815
271,1.733,0.9908668317774815
272,1.733,0.9908668317774815
273,1.733,0.9908668317774815
274,1.733,0.9908668317774815
275,1.733,0.9908668317774815
276,1.733,0.9908668317774815
277,1.733,0.9908668317774815
278,1.733,0.9908668317774815
279,1.733,0.9908668317774815
280,1.733,0.9908668317774815
281,1.733,0.9908668317774815
282,1.733,0.9908668317774815
283,1.733,0.9908668317774815
284,1.733,0.9908668317774815
285,1.733,0.9908668317774815
286,1.733,0.9908668317774815
287,1.733,0.9908668317774815
288,1.733,0.9908668317774815
289,1.733,0.9908668317774815
290,1.733,0.9908668317774815
291,1.733,0.9908668317774815
292,1.733,0.9908668317774815
293,1.733,0.9908668317774815
294,1.733,0.9908668317774815
295,1.733,0.9908668317774815
296,1.733,0.9908668317774815
297,1.733,0.9908668317774815
298,1.733,0.9908668317774815
299,1.733,0.9908668317774815
300,1.733,0.9908668317774815
301,1.733,0.9908668317774815
302,1.733,0.9908668317774815
303,1.733,0.9908668317774815
304,1.733,0.9908668317774815
305,1.733,0.9908668317774815
306,1.733,0.9908668317774815
307,1.733,0.9908668317774815
308,1.733,0.9908668317774815
309,1.733,0.9908668317774815
310,1.733,0.9908668317774815
311,1.733,0.9908668317774815
312,1.733,0.9908668317774815
313,1.733,0.9908668317774815
314,1.733,0.9908668317774815
315,1.733,0.9908668317774815
316,1.733,0.9908668317774815
317,1.733,0.9908668317774815
318,1.733,0.9908668317774815
319,1.733,0.9908668317774815
320,1.733,0.9908668317774815
321,1.733,0.9908668317774815
322,1.733,0.9908668317774815
323,1.733,0.9908668317774815
324,1.733,0.9908668317774815
325,1.733,0.9908668317774815
326,1.733,0.9908668317774815
327,1.733,0.9908668317774815
328,1.733,0.9908668317774815
329,1.733,0.9908668317774815
330,1.733,0.9908668317774815
331,1.733,0.9908668317774815
332,1.733,0.9908668317774815
333,1.733,0.9908668317774815
334,1.733,0.9908668317774815
335,1.733,0.9908668317774815
336,1.733,0.9908668317774815
337,1.733,0.9908668317774815
338,1.733,0.9908668317774815
339,1.733,0.9908668317774815
340,1.733,0.9908668317774815
341,1.733,0.9908668317774815
342,1.733,0.9908668317774815
343,1.733,0.9908668317774815
344,1.733,0.9908668317774815
345,1.733,0.9908668317774815
346,1.733,0.9908668317774815
347,1.733,0.9908668317774815
348,1.733,0.9908668317774815
349,1.733,0.9908668317774815
350,1.733,0.9908668317774815
351,1.733,0.9908668317774815
352,1.733,0.9908668317774815
353,1.733,0.9908668317774815
354,1.733,0.9908668317774815
355,1.733,0.9908668317774815
356,1.733,0.9908668317774815
357,1.733,0.9908668317774815
358,1.733,0.9908668317774815
359,1.733,0.9908668317774815
360,1.733,0.9908668317774815
361,1.733,0.9908668317774815
362,1.733,0.9908668317774815
363,1.733,0.9908668317774815
364,1.733,0.9908668317774815
365,1.733,0.9908668317774815
366,1.733,0.9908668317774815
367,1.733,0.9908668317774815
368,1.733,0.9908668317774815
369,1.733,0.9908668317774815
370,1.733,0.9908668317774815
371,1.733,0.9908668317774815
372,1.733,0.9908668317774815
373,1.733,0.9908668317774815
374,1.733,0.9908668317774815
375,1.733,0.9908668317774815
376,1.733,0.9908668317774815
377,1.733,0.9908668317774815
378,1.733,0.9908668317774815
379,1.733,0.9908668317774815
380,1.733,0.9908668317774815
381,1.733,0.9908668317774815
382,1.733,0.9908668317774815
383,1.733,0.9908668317774815
384,1.733,0.9908668317774815
385,1.733,0.9908668317774815
386,1.733,0.9908668317774815
387,1.733,0.9908668317774815
388,1.733,0.9908668317774815
389,1.733,0.9908668317774815
390,1.733,0.9908668317774815
391,1.733,0.9908668317774815
392,1.733,0.9908668317774815
393,1.733,0.9908668317774815
394,1.733,0.9908668317774815
395,1.733,0.9908668317774815
396,1.733,0.9908668317774815
397,1.733,0.9908668317774815
398,1.733,0.9908668317774815
399,1.733,0.9908668317774815
400,1.733,0.9908668317774815
401,1.733,0.9908668317774815
402,1.733,0.9908668317774815
403,1.733,0.9908668317774815
404,1.733,0.9908668317774815
405,1.733,0.9908668317774815
406,1.733,0.9908668317774815
407,1.733,0.9908668317774815
408,1.733,0.9908668317774815
409,1.733,0.9908668317774815
410,1.733,0.9908668317774815
411,1.733,0.9908668317774815
412,1.733,0.9908668317774815
413,1.733,0.9908668317774815
414,1.733,0.9908668317774815
415,1.733,0.9908668317774815
416,1.733,0.9908668317774815
417,1.733,0.9908668317774815
418,1.733,0.9908668317774815
419,1.733,0.9908668317774815
420,1.733,0.9908668317774815
421,1.733,0.9908668317774815
422,1.733,0.9908668317774815
423,1.733,0.9908668317774815
424,1.733,0.9908668317774815
425,1.733,0.9908668317774815
426,1.733,0.9908668317774815
427,1.733,0.9908668317774815
428,1.733,0.9908668317774815
429,1.733,0.9908668317774815
430,1.733,0.9908668317774815
431,1.733,0.9908668317774815
432,1.733,0.9908668317774815
433,1.733,0.9908668317774815
434,1.733,0.9908668317774815
435,1.733,0.9908668317774815
436,1.733,0.9908668317774815
437,1.733,0.9908668317774815
438,1.733,0.9908668317774815
439,1.733,0.9908668317774815
440,1.733,0.9908668317774815
441,1.733,0.9908668317774815
442,1.733,0.9908668317774815
443,1.733,0.9908668317774815
444,1.733,0.9908668317774815
445,1.733,0.9908668317774815
446,1.733,0.9908668317774815
447,1.733,0.9908668317774815
448,1.733,0.9908668317774815
449,1.733,0.9908668317774815
450,1.733,0.9908668317774815
451,1.733,0.9908668317774815
452,1.733,0.9908668317774815
453,1.733,0.9908668317774815
454,1.733,0.9908668317774815
455,1.733,0.9908668317774815
456,1.733,0.9908668317774815
457,1.733,0.9908668317774815
458,1.733,0.9908668317774815
459,1.733,0.9908668317774815
460,1.733,0.9908668317774815
461,1.733,0.9908668317774815
462,1.733,0.9908668317774815
463,1.733,0.9908668317774815
464,1.733,0.9908668317774815
465,1.733,0.9908668317774815
466,1.733,0.9908668317774815
467,1.733,0.9908668317774815
468,1.733,0.9908668317774815
469,1.733,0.9908668317774815
470,1.733,0.9908668317774815
471,1.733,0.9908668317774815
472,1.733,0.9908668317774815
473,1.733,0.9908668317774815
474,1.733,0.9908668317774815
475,1.733,0.9908668317774815
476,1.733,0.9908668317774815
477,1.733,0.9908668317774815
478,1.733,0.9908668317774815
479,1.733,0.9908668317774815
480,1.733,0.9908668317774815
481,1.733,0.9908668317774815
482,1.733,0.9908668317774815
483,1.733,0.9908668317774815
484,1.733,0.9908668317774815
485,1.733,0.9908668317774815
486,1.733,0.9908668317774815
487,1.733,0.9908668317774815
488,1.733,0.9908668317774815
489,1.733,0.9908668317774815
490,1.733,0.9908668317774815
491,1.733,0.9908668317774815
492,1.733,0.9908668317774815
493,1.733,0.9908668317774815
494,1.733,0.9908668317774815
495,1.733,0.9908668317774815
496,1.733,0.9908668317774815
497,1.733,0.9908668317774815
498,1.733,0.9908668317774815
499,1.733,0.9908668317774815
500,1.733,0.9908668317774815
501,1.733,0.9908668317774815
502,1.733,0.9908668317774815
503,1.733,0.9908668317774815
504,1.733,0.9908668317774815
505,1.733,0.9908668317774815
506,1.733,0.9908668317774815
507,1.733,0.9908668317774815
508,1.733,0.9908668317774815
509,1.733,0.9908668317774815
510,1.733,0.9908668317774815
511,1.733,0.9908668317774815
512,1.733,0.9908668317774815
513,1.733,0.9908668317774815
514,1.733,0.9908668317774815
515,1.733,0.9908668317774815
516,1.733,0.9908668317774815
517,1.733,0.9908668317774815
518,1.733,0.9908668317774815
519,1.733,0.9908668317774815
520,1.733,0.9908668317774815
521,1.733,0.9908668317774815
522,1.733,0.9908668317774815
523,1.733,0.9908668317774815
524,1.733,0.9908668317774815
525,1.733,0.9908668317774815
526,1.733,0.9908668317774815
527,1.733,0.9908668317774815
528,1.733,0.9908668317774815
529,1.733,0.9908668317774815
530,1.733,0.9908668317774815
531,1.733,0.9908668317774815
532,1.733,0.9908668317774815
533,1.733,0.9908668317774815
534,1.733,0.9908668317774815
535,1.733,0.9908668317774815
536,1.733,0.9908668317774815
537,1.733,0.9908668317774815
538,1.733,0.9908668317774815
539,1.733,0.9908668317774815
540,1.733,0.9908668317774815
541,1.733,0.9908668317774815
542,1.733,0.9908668317774815
543,1.733,0.9908668317774815
544,1.733,0.9908668317774815
545,1.733,0.9908668317774815
546,1.733,0.9908668317774815
547,1.733,0.9908668317774815
548,1.733,0.9908668317774815
549,1.733,0.9908668317774815
550,1.733,0.9908668317774815
551,1.733,0.9908668317774815
552,1.733,0.9908668317774815
553,1.733,0.9908668317774815
554,1.733,0.9908668317774815
555,1.733,0.9908668317774815
556,1.733,0.9908668317774815
557,1.733,0.9908668317774815
558,1.733,0.9908668317774815
559,1.733,0.9908668317774815
560,1.733,0.9908668317774815
561,1.733,0.9908668317774815
562,1.733,0.9908668317774815
563,1.733,0.9908668317774815
564,1.733,0.9908668317774815
565,1.733,0.9908668317774815
566,1.733,0.9908668317774815
567,1.733,0.9908668317774815
568,1.733,0.9908668317774815
569,1.733,0.9908668317774815
570,1.733,0.9908668317774815
571,1.733,0.9908668317774815
572,1.733,0.9908668317774815
573,1.733,0.9908668317774815
574,1.733,0.9908668317774815
575,1.733,0.9908668317774815
576,1.733,0.9908668317774815
577,1.733,0.9908668317774815
578,1.733,0.9908668317774815
579,1.733,0.9908668317774815
580,1.733,0.9908668317774815
581,1.733,0.9908668317774815
582,1.733,0.9908668317774815
583,1.733,0.9908668317774815
584,1.733,0.9908668317774815
585,1.733,0.9908668317774815
586,1.733,0.9908668317774815
587,1.733,0.9908668317774815
588,1.733,0.9908668317774815
589,1.733,0.9908668317774815
590,1.733,0.9908668317774815
591,1.733,0.9908668317774815
592,1.733,0.9908668317774815
593,1.733,0.9908668317774815
594,1.733,0.9908668317774815
595,1.733,0.9908668317774815
596,1.733,0.9908668317774815
597,1.733,0.9908668317774815
598,1.733,0.9908668317774815
599,1.733,0.9908668317774815
600,1.733,0.9908668317774815
601,1.733,0.9908668317774815
602,1.733,0.9908668317774815
603,1.733,0.9908668317774815
604,1.733,0.9908668317774815
605,1.733,0.9908668317774815
606,1.733,0.9908668317774815
607,1.733,0.9908668317774815
608,1.733,0.9908668317774815
609,1.733,0.9908668317774815
610,1.733,0.9908668317774815
611,1.733,0.9908668317774815
612,1.733,0.9908668317774815
613,1.733,0.9908668317774815
614,1.733,0.9908668317774815
615,1.733,0.9908668317774815
616,1.733,0.9908668317774815
617,1.733,0.9908668317774815
618,1.733,0.9908668317774815
619,1.733,0.9908668317774815
620,1.733,0.9908668317774815
621,1.733,0.9908668317774815
622,1.733,0.9908668317774815
623,1.733,0.9908668317774815
624,1.733,0.9908668317774815
625,1.733,0.9908668317774815
626,1.733,0.9908668317774815
627,1.733,0.9908668317774815
628,1.733,0.9908668317774815
629,1.733,0.9908668317774815
630,1.733,0.9908668317774815
631,1.733,0.9908668317774815
632,1.733,0.9908668317774815
633,1.733,0.9908668317774815
634,1.733,0.9908668317774815
635,1.733,0.9908668317774815
636,1.733,0.9908668317774815
637,1.733,0.9908668317774815
638,1.733,0.9908668317774815
639,1.733,0.9908668317774815
640,1.733,0.9908668317774815
641,1.733,0.9908668317774815
642,1.733,0.9908668317774815
643,1.733,0.9908668317774815
644,1.733,0.9908668317774815
645,1.733,0.9908668317774815
646,1.733,0.9908668317774815
647,1.733,0.9908668317774815
648,1.733,0.9908668317774815
649,1.733,0.9908668317774815
650,1.733,0.9908668317774815
651,1.733,0.9908668317774815
652,1.733,0.9908668317774815
653,1.733,0.9908668317774815
654,1.733,0.9908668317774815
655,1.733,0.9908668317774815
656,1.733,0.9908668317774815
657,1.733,0.9908668317774815
658,1.733,0.9908668317774815
659,1.733,0.9908668317774815
660,1.733,0.9908668317774815
661,1.733,0.9908668317774815
662,1.733,0.9908668317774815
663,1.733,0.9908668317774815
664,1.733,0.9908668317774815
665,1.733,0.9908668317774815
666,1.733,0.9908668317774815
667,1.733,0.9908668317774815
668,1.733,0.9908668317774815
669,1.733,0.9908668317774815
670,1.733,0.9908668317774815
671,1.733,0.9908668317774815
672,1.733,0.9908668317774815
673,1.733,0.9908668317774815
674,1.733,0.9908668317774815
675,1.733,0.9908668317774815
676,1.733,0.9908668317774815
677,1.733,0.9908668317774815
678,1.733,0.9908668317774815
679,1.733,0.9908668317774815
680,1.733,0.9908668317774815
681,1.733,0.9908668317774815
682,1.733,0.9908668317774815
683,1.733,0.9908668317774815
684,1.733,0.9908668317774815
685,1.733,0.9908668317774815
686,1.733,0.9908668317774815
687,1.733,0.9908668317774815
688,1.733,0.9908668317774815
689,1.733,0.9908668317774815
690,1.733,0.9908668317774815
691,1.733,0.9908668317774815
692,1.733,0.9908668317774815
693,1.733,0.9908668317774815
694,1.733,0.9908668317774815
695,1.733,0.9908668317774815
696,1.733,0.9908668317774815
697,1.733,0.9908668317774815
698,1.733,0.9908668317774815
699,1.733,0.9908668317774815
700,1.733,0.9908668317774815
701,1.733,0.9908668317774815
702,1.733,0.9908668317774815
703,1.733,0.9908668317774815
704,1.733,0.9908668317774815
705,1.733,0.9908668317774815
706,1.733,0.9908668317774815
707,1.733,0.9908668317774815
708,1.733,0.9908668317774815
709,1.733,0.9908668317774815
710,1.733,0.9908668317774815
711,1.733,0.9908668317774815
712,1.733,0.9908668317774815
713,1.733,0.9908668317774815
714,1.733,0.9908668317774815
715,1.733,0.9908668317774815
716,1.733,0.9908668317774815
717,1.733,0.9908668317774815
718,1.733,0.9908668317774815
719,1.733,0.9908668317774815
720,1.733,0.9908668317774815
721,1.733,0.9908668317774815
722,1.733,0.9908668317774815
723,1.733,0.9908668317774815
724,1.733,0.9908668317774815
725,1.733,0.9908668317774815
726,1.733,0.9908668317774815
727,1.733,0.9908668317774815
728,1.733,0.9908668317774815
729,1.733,0.9908668317774815
730,1.733,0.9908668317774815
731,1.733,0.9908668317774815
732,1.733,0.9908668317774815
733,1.733,0.9908668317774815
734,1.733,0.9908668317774815
735,1.733,0.9908668317774815
736,1.733,0.9908668317774815
737,1.733,0.9908668317774815
738,1.733,0.9908668317774815
739,1.733,0.9908668317774815
740,1.733,0.9908668317774815
741,1.733,0.9908668317774815
742,1.733,0.9908668317774815
743,1.733,0.9908668317774815
744,1.733,0.9908668317774815
745,1.733,0.9908668317774815
746,1.733,0.9908668317774815
747,1.733,0.9908668317774815
748,1.733,0.9908668317774815
749,1.733,0.9908668317774815
750,1.733,0.9908668317774815
751,1.733,0.9908668317774815
752,1.733,0.9908668317774815
753,1.733,0.9908668317774815
754,1.733,0.9908668317774815
755,1.733,0.9908668317774815
756,1.733,0.9908668317774815
757,1.733,0.9908668317774815
758,1.733,0.9908668317774815
759,1.733,0.9908668317774815
760,1.733,0.9908668317774815
761,1.733,0.9908668317774815
762,1.733,0.9908668317774815
763,1.733,0.9908668317774815
764,1.733,0.9908668317774815
765,1.733,0.9908668317774815
766,1.733,0.9908668317774815
767,1.733,0.9908668317774815
768,1.733,0.9908668317774815
769,1.733,0.9908668317774815
770,1.733,0.9908668317774815
771,1.733,0.9908668317774815
772,1.733,0.9908668317774815
773,1.733,0.9908668317774815
774,1.733,0.9908668317774815
775,1.733,0.9908668317774815
776,1.733,0.9908668317774815
777,1.733,0.9908668317774815
778,1.733,0.9908668317774815
779,1.733,0.9908668317774815
780,1.733,0.9908668317774815
781,1.733,0.9908668317774815
782,1.733,0.9908668317774815
783,1.733,0.9908668317774815
784,1.733,0.9908668317774815
785,1.733,0.9908668317774815
786,1.733,0.9908668317774815
787,1.733,0.9908668317774815
788,1.733,0.9908668317774815
789,1.733,0.9908668317774815
790,1.733,0.9908668317774815
791,1.733,0.9908668317774815
792,1.733,0.9908668317774815
793,1.733,0.9908668317774815
794,1.733,0.9908668317774815
795,1.733,0.9908668317774815
796,1.733,0.9908668317774815
797,1.733,0.9908668317774815
798,1.733,0.9908668317774815
799,1.733,0.9908668317774815
800,1.733,0.9908668317774815
801,1.733,0.9908668317774815
802,1.733,0.9908668317774815
803,1.733,0.9908668317774815
804,1.733,0.9908668317774815
805,1.733,0.9908668317774815
806,1.733,0.9908668317774815
807,1.733,0.9908668317774815
808,1.733,0.9908668317774815
809,1.733,0.9908668317774815
810,1.733,0.9908668317774815
811,1.733,0.9908668317774815
812,1.733,0.9908668317774815
813,1.733,0.9908668317774815
814,1.733,0.9908668317774815
815,1.733,0.9908668317774815
816,1.733,0.9908668317774815
817,1.733,0.9908668317774815
818,1.733,0.9908668317774815
819,1.733,0.9908668317774815
820,1.733,0.9908668317774815
821,1.733,0.9908668317774815
822,1.733,0.9908668317774815
823,1.733,0.9908668317774815
824,1.733,0.9908668317774815
825,1.733,0.9908668317774815
826,1.733,0.9908668317774815
827,1.733,0.9908668317774815
828,1.733,0.9908668317774815
829,1.733,0.9908668317774815
830,1.733,0.9908668317774815
831,1.733,0.9908668317774815
832,1.733,0.9908668317774815
833,1.733,0.9908668317774815
834,1.733,0.9908668317774815
835,1.733,0.9908668317774815
836,1.733,0.9908668317774815
837,1.733,0.9908668317774815
838,1.733,0.9908668317774815
839,1.733,0.9908668317774815
840,1.733,0.9908668317774815
841,1.733,0.9908668317774815
842,1.733,0.9908668317774815
843,1.733,0.9908668317774815
844,1.733,0.9908668317774815
845,1.733,0.9908668317774815
846,1.733,0.9908668317774815
847,1.733,0.9908668317774815
848,1.733,0.9908668317774815
849,1.733,0.9908668317774815
850,1.733,0.9908668317774815
851,1.733,0.9908668317774815
852,1.733,0.9908668317774815
853,1.733,0.9908668317774815
854,1.733,0.9908668317774815
855,1.733,0.9908668317774815
856,1.733,0.9908668317774815
857,1.733,0.9908668317774815
858,1.733,0.9908668317774815
859,1.733,0.9908668317774815
860,1.733,0.9908668317774815
861,1.733,0.9908668317774815
862,1.733,0.9908668317774815
863,1.733,0.9908668317774815
864,1.733,0.9908668317774815
865,1.733,0.9908668317774815
866,1.733,0.9908668317774815
867,1.733,0.9908668317774815
868,1.733,0.9908668317774815
869,1.733,0.9908668317774815
870,1.733,0.9908668317774815
871,1.733,0.9908668317774815
872,1.733,0.9908668317774815
873,1.733,0.9908668317774815
874,1.733,0.9908668317774815
875,1.733,0.9908668317774815
876,1.733,0.9908668317774815
877,1.733,0.9908668317774815
878,1.733,0.9908668317774815
879,1.733,0.9908668317774815
880,1.733,0.9908668317774815
881,1.733,0.9908668317774815
882,1.733,0.9908668317774815
883,1.733,0.9908668317774815
884,1.733,0.9908668317774815
885,1.733,0.9908668317774815
886,1.733,0.9908668317774815
887,1.733,0.9908668317774815
888,1.733,0.9908668317774815
889,1.733,0.9908668317774815
890,1.733,0.9908668317774815
891,1.733,0.9908668317774815
892,1.733,0.9908668317774815
893,1.733,0.9908668317774815
894,1.733,0.9908668317774815
895,1.733,0.9908668317774815
896,1.733,0.9908668317774815
897,1.733,0.9908668317774815
898,1.733,0.9908668317774815
899,1.733,0.9908668317774815
900,1.733,0.9908668317774815
901,1.733,0.9908668317774815
902,1.733,0.9908668317774815
903,1.733,0.9908668317774815
904,1.733,0.9908668317774815
905,1.733,0.9908668317774815
906,1.733,0.9908668317774815
907,1.733,0.9908668317774815
908,1.733,0.9908668317774815
909,1.733,0.9908668317774815
910,1.733,0.9908668317774815
911,1.733,0.9908668317774815
912,1.733,0.9908668317774815
913,1.733,0.9908668317774815
914,1.733,0.9908668317774815
915,1.733,0.9908668317774815
916,1.733,0.9908668317774815
917,1.733,0.9908668317774815
918,1.733,0.9908668317774815
919,1.733,0.9908668317774815
920,1.733,0.9908668317774815
921,1.733,0.9908668317774815
922,1.733,0.9908668317774815
923,1.733,0.9908668317774815
924,1.733,0.9908668317774815
925,1.733,0.9908668317774815
926,1.733,0.9908668317774815
927,1.733,0.9908668317774815
928,1.733,0.9908668317774815
929,1.733,0.9908668317774815
930,1.733,0.9908668317774815
931,1.733,0.9908668317774815
932,1.733,0.9908668317774815
933,1.733,0.9908668317774815
934,1.733,0.9908668317774815
935,1.733,0.9908668317774815
936,1.733,0.9908668317774815
937,1.733,0.9908668317774815
938,1.733,0.9908668317774815
939,1.733,0.9908668317774815
940,1.733,0.9908668317774815
941,1.733,0.9908668317774815
942,1.733,0.9908668317774815
943,1.733,0.9908668317774815
944,1.733,0.9908668317774815
945,1.733,0.9908668317774815
946,1.733,0.9908668317774815
947,1.733,0.9908668317774815
948,1.733,0.9908668317774815
949,1.733,0.9908668317774815
950,1.733,0.9908668317774815
951,1.733,0.9908668317774815
952,1.733,0.9908668317774815
953,1.733,0.9908668317774815
954,1.733,0.9908668317774815
955,1.733,0.9908668317774815
956,1.733,0.9908668317774815
957,1.733,0.9908668317774815
958,1.733,0.9908668317774815
959,1.733,0.9908668317774815
960,1.733,0.9908668317774815
961,1.733,0.9908668317774815
962,1.733,0.9908668317774815
963,1.733,0.9908668317774815
964,1.733,0.9908668317774815
965,1.733,0.9908668317774815
966,1.733,0.9908668317774815
967,1.733,0.9908668317774815
968,1.733,0.9908668317774815
969,1.733,0.9908668317774815
970,1.733,0.9908668317774815
971,1.733,0.9908668317774815
972,1.733,0.9908668317774815
973,1.733,0.9908668317774815
974,1.733,0.9908668317774815
975,1.733,0.9908668317774815
976,1.733,0.9908668317774815
977,1.733,0.9908668317774815
978,1.733,0.9908668317774815
979,1.733,0.9908668317774815
980,1.733,0.9908668317774815
981,1.733,0.9908668317774815
982,1.733,0.9908668317774815
983,1.733,0.9908668317774815
984,1.733,0.9908668317774815
985,1.733,0.9908668317774815
986,1.733,0.9908668317774815
987,1.733,0.9908668317774815
988,1.733,0.9908668317774815
989,1.733,0.9908668317774815
990,1.733,0.9908668317774815
991,1.733,0.9908668317774815
992,1.733,0.9908668317774815
993,1.733,0.9908668317774815
994,1.733,0.9908668317774815
995,1.733,0.9908668317774815
996,1.733,0.9908668317774815
997,1.733,0.9908668317774815
998,1.733,0.9908668317774815
999,1.733,0.9908668317774815
1000,1.733,0.9908668317774815
1001,1.733,0.9908668317774815
1002,1.733,0.9908668317774815
1003,1.733,0.9908668317774815
1004,1.733,0.9908668317774815
1005,1.733,0.9908668317774815
1006,1.733,0.9908668317774815
1007,1.733,0.9908668317774815
1008,1.733,0.9908668317774815
1009,1.733,0.9908668317774815
1010,1.733,0.9908668317774815
1011,1.733,0.9908668317774815
1012,1.733,0.9908668317774815
1013,1.733,0.9908668317774815
1014,1.733,0.9908668317774815
1015,1.733,0.9908668317774815
1016,1.733,0.9908668317774815
1017,1.733,0.9908668317774815
1018,1.733,0.9908668317774815
1019,1.733,0.9908668317774815
1020,1.733,0.9908668317774815
1021,1.733,0.9908668317774815
1022,1.733,0.9908668317774815
1023,1.733,0.9908668317774815
1024,1.733,0.9908668317774815
1025,1.733,0.9908668317774815
1026,1.733,0.9908668317774815
1027,1.733,0.9908668317774815
1028,1.733,0.9908668317774815
1029,1.733,0.9908668317774815
1030,1.733,0.9908668317774815
1031,1.733,0.9908668317774815
1032,1.733,0.9908668317774815
1033,1.733,0.9908668317774815
1034,1.733,0.9908668317774815
1035,1.733,0.9908668317774815
1036,1.733,0.9908668317774815
1037,1.733,0.9908668317774815
1038,1.733,0.9908668317774815
1039,1.733,0.9908668317774815
1040,1.733,0.9908668317774815
1041,1.733,0.9908668317774815
1042,1.733,0.9908668317774815
1043,1.733,0.9908668317774815
1044,1.733,0.9908668317774815
1045,1.733,0.9908668317774815
1046,1.733,0.9908668317774815
1047,1.619,0.9908668317774815
1048,1.619,0.9908668317774815
1049,1.619,0.9908668317774815
1050,1.619,0.9908668317774815
1051,1.619,0.9908668317774815
1052,1.619,0.9908668317774815
1053,1.619,0.9908668317774815
1054,1.619,0.9908668317774815
1055,1.619,0.9908668317774815
1056,1.619,0.9908668317774815
1057,1.619,0.9908668317774815
1058,1.619,0.9908668317774815
1059,1.619,0.9908668317774815
1060,1.619,0.9908668317774815
1061,1.619,0.9908668317774815
1062,1.619,0.9908668317774815
1063,1.619,0.9908668317774815
1064,1.619,0.9908668317774815
1065,1.619,0.9908668317774815
1066,1.619,0.9908668317774815
1067,1.619,0.9908668317774815
1068,1.619,0.9908668317774815
1069,1.619,0.9908668317774815
1070,1.619,0.9908668317774815
1071,1.619,0.9908668317774815
1072,1.619,0.9908668317774815
1073,1.619,0.9908668317774815
1074,1.619,0.9908668317774815
1075,1.619,0.9908668317774815
1076,1.619,0.9908668317774815
1077,1.619,0.9908668317774815
1078,1.619,0.9908668317774815
1079,1.619,0.9908668317774815
1080,1.619,0.9908668317774815
1081,1.619,0.9908668317774815
1082,1.619,0.9908668317774815
1083,1.619,0.9908668317774815
1084,1.619,0.9908668317774815
1085,1.619,0.9908668317774815
1086,1.619,0.9908668317774815
1087,1.619,0.9908668317774815
1088,1.619,0.9908668317774815
1089,1.619,0.9908668317774815
1090,1.619,0.9908668317774815
1091,1.619,0.9908668317774815
1092,1.619,0.9908668317774815
1093,1.619,0.9908668317774815
1094,1.619,0.9908668317774815
1095,1.619,0.9908668317774815
1096,1.619,0.9908668317774815
1097,1.619,0.9908668317774815
1098,1.619,0.9908668317774815
1099,1.619,0.9908668317774815
1100,1.619,0.9908668317774815
1101,1.619,0.9908668317774815
1102,1.619,0.9908668317774815
1103,1.619,0.9908668317774815
1104,1.619,0.9908668317774815
1105,1.619,0.9908668317774815
1106,1.619,0.9908668317774815
1107,1.619,0.9908668317774815
1108,1.619,0.9908668317774815
1109,1.619,0.9908668317774815
1110,1.619,0.9908668317774815
1111,1.619,0.9908668317774815
1112,1.619,0.9908668317774815
1113,1.619,0.9908668317774815
1114,1.619,0.9908668317774815
1115,1.619,0.9908668317774815
1116,1.619,0.9908668317774815
1117,1.619,0.9908668317774815
1118,1.619,0.9908668317774815
1119,1.619,0.9908668317774815
1120,1.619,0.9908668317774815
1121,1.619,0.9908668317774815
1122,1.619,0.9908668317774815
1123,1.619,0.9908668317774815
1124,1.619,0.9908668317774815
1125,1.619,0.9908668317774815
1126,1.619,0.9908668317774815
1127,1.619,0.9908668317774815
1128,1.619,0.9908668317774815
1129,1.619,0.9908668317774815
1130,1.619,0.9908668317774815
1131,1.619,0.9908668317774815
1132,1.619,0.9908668317774815
1133,1.619,0.9908668317774815
1134,1.619,0.9908668317774815
1135,1.619,0.9908668317774815
1136,1.619,0.9908668317774815
1137,1.619,0.9908668317774815
1138,1.619,0.9908668317774815
1139,1.619,0.9908668317774815
1140,1.619,0.9908668317774815
1141,1.619,0.9908668317774815
1142,1.619,0.9908668317774815
1143,1.619,0.9908668317774815
1144,1.619,0.9908668317774815
1145,1.619,0.9908668317774815
1146,1.619,0.9908668317774815
1147,1.619,0.9908668317774815
1148,1.619,0.9908668317774815
1149,1.619,0.9908668317774815
1150,1.619,0.9908668317774815
1151,1.619,0.9908668317774815
1152,1.619,0.9908668317774815
1153,1.619,0.9908668317774815
1154,1.619,0.9908668317774815
1155,1.619,0.9908668317774815
1156,1.619,0.9908668317774815
1157,1.619,0.9908668317774815
1158,1.619,0.9908668317774815
1159,1.619,0.9908668317774815
1160,1.619,0.9908668317774815
1161,1.619,0.9908668317774815
1162,1.619,0.9908668317774815
1163,1.619,0.9908668317774815
1164,1.619,0.9908668317774815
1165,1.619,0.9908668317774815
1166,1.619,0.9908668317774815
1167,1.619,0.9908668317774815
1168,1.619,0.9908668317774815
1169,1.619,0.9908668317774815
1170,1.619,0.9908668317774815
1171,1.619,0.9908668317774815
1172,1.619,0.9908668317774815
1173,1.619,0.9908668317774815
1174,1.619,0.9908668317774815
1175,1.619,0.9908668317774815
1176,1.619,0.9908668317774815
1177,1.619,0.9908668317774815
1178,1.619,0.9908668317774815
1179,1.619,0.9908668317774815
1180,1.619,0.9908668317774815
1181,1.619,0.9908668317774815
1182,1.619,0.9908668317774815
1183,1.619,0.9908668317774815
1184,1.619,0.9908668317774815
1185,1.619,0.9908668317774815
1186,1.619,0.9908668317774815
1187,1.619,0.9908668317774815
1188,1.619,0.9908668317774815
1189,1.619,0.9908668317774815
1190,1.619,0.9908668317774815
1191,1.619,0.9908668317774815
1192,1.619,0.9908668317774815
1193,1.619,0.9908668317774815
1194,1.619,0.9908668317774815
1195,1.619,0.9908668317774815
1196,1.619,0.9908668317774815
1197,1.619,0.9908668317774815
1198,1.619,0.9908668317774815
1199,1.619,0.9908668317774815
1200,1.619,0.9908668317774815
1201,1.619,0.9908668317774815
1202,1.619,0.9908668317774815
1203,1.619,0.9908668317774815
1204,1.619,0.9908668317774815
1205,1.619,0.9908668317774815
1206,1.619,0.9908668317774815
1207,1.619,0.9908668317774815
1208,1.619,0.9908668317774815
1209,1.619,0.9908668317774815
1210,1.619,0.9908668317774815
1211,1.619,0.9908668317774815
1212,1.619,0.9908668317774815
1213,1.619,0.9908668317774815
1214,1.619,0.9908668317774815
1215,1.619,0.9908668317774815
1216,1.619,0.9908668317774815
1217,1.619,0.9908668317774815
1218,1.619,0.9908668317774815
1219,1.619,0.9908668317774815
1220,1.619,0.9908668317774815
1221,1.619,0.9908668317774815
1222,1.619,0.9908668317774815
1223,1.619,0.9908668317774815
1224,1.619,0.9908668317774815
1225,1.619,0.9908668317774815
1226,1.619,0.9908668317774815
1227,1.619,0.9908668317774815
1228,1.619,0.9908668317774815
1229,1.619,0.9908668317774815
1230,1.619,0.9908668317774815
1231,1.619,0.9908668317774815
1232,1.619,0.9908668317774815
1233,1.619,0.9908668317774815
1234,1.619,0.9908668317774815
1235,1.619,0.9908668317774815
1236,1.619,0.9908668317774815
1237,1.619,0.9908668317774815
1238,1.619,0.9908668317774815
1239,1.619,0.9908668317774815
1240,1.619,0.9908668317774815
1241,1.619,0.9908668317774815
1242,1.619,0.9908668317774815
1243,1.619,0.9908668317774815
1244,1.619,0.9908668317774815
1245,1.619,0.9908668317774815
1246,1.619,0.9908668317774815
1247,1.619,0.9908668317774815
1248,1.619,0.9908668317774815
1249,1.619,0.9908668317774815
1250,1.619,0.9908668317774815
1251,1.619,0.9908668317774815
1252,1.619,0.9908668317774815
1253,1.619,0.9908668317774815
1254,1.619,0.9908668317774815
1255,1.619,0.9908668317774815
1256,1.619,0.9908668317774815
1257,1.619,0.9908668317774815
1258,1.619,0.9908668317774815
1259,1.619,0.9908668317774815
1260,1.619,0.9908668317774815
1261,1.619,0.9908668317774815
1262,1.619,0.9908668317774815
1263,1.619,0.9908668317774815
1264,1.619,0.9908668317774815
1265,1.619,0.9908668317774815
1266,1.619,0.9908668317774815
1267,1.619,0.9908668317774815
1268,1.619,0.9908668317774815
1269,1.619,0.9908668317774815
1270,1.619,0.9908668317774815
1271,1.619,0.9908668317774815
1272,1.619,0.9908668317774815
1273,1.619,0.9908668317774815
1274,1.619,0.9908668317774815
1275,1.619,0.9908668317774815
1276,1.619,0.9908668317774815
1277,1.619,0.9908668317774815
1278,1.619,0.9908668317774815
1279,1.619,0.9908668317774815
1280,1.619,0.9908668317774815
1281,1.619,0.9908668317774815
1282,1.619,0.9908668317774815
1283,1.619,0.9908668317774815
1284,1.619,0.9908668317774815
1285,1.619,0.9908668317774815
1286,1.619,0.9908668317774815
1287,1.619,0.9908668317774815
1288,1.619,0.9908668317774815
1289,1.619,0.9908668317774815
1290,1.619,0.9908668317774815
1291,1.619,0.9908668317774815
1292,1.619,0.9908668317774815
1293,1.619,0.9908668317774815
1294,1.619,0.9908668317774815
1295,1.619,0.9908668317774815
1296,1.619,0.9908668317774815
1297,1.619,0.9908668317774815
1298,1.619,0.9908668317774815
1299,1.619,0.9908668317774815
1300,1.619,0.9908668317774815
1301,1.619,0.9908668317774815
1302,1.619,0.9908668317774815
1303,1.619,0.9908668317774815
1304,1.619,0.9908668317774815
1305,1.619,0.9908668317774815
1306,1.619,0.9908668317774815
1307,1.619,0.9908668317774815
1308,1.619,0.9908668317774815
1309,1.619,0.9908668317774815
1310,1.619,0.9908668317774815
1311,1.619,0.9908668317774815
1312,1.619,0.9908668317774815
1313,1.619,0.9908668317774815
1314,1.619,0.9908668317774815
1315,1.619,0.9908668317774815
1316,1.619,0.9908668317774815
1317,1.619,0.9908668317774815
1318,1.619,0.9908668317774815
1319,1.619,0.9908668317774815
1320,1.619,0.9908668317774815
1321,1.619,0.9908668317774815
1322,1.619,0.9908668317774815
1323,1.619,0.9908668317774815
1324,1.619,0.9908668317774815
1325,1.619,0.9908668317774815
1326,1.619,0.9908668317774815
1327,1.619,0.9908668317774815
1328,1.619,0.9908668317774815
1329,1.619,0.9908668317774815
1330,1.619,0.9908668317774815
1331,1.619,0.9908668317774815
1332,1.619,0.9908668317774815
1333,1.619,0.9908668317774815
1334,1.619,0.9908668317774815
1335,1.619,0.9908668317774815
1336,1.619,0.9908668317774815
1337,1.619,0.9908668317774815
1338,1.619,0.9908668317774815
1339,1.619,0.9908668317774815
1340,1.619,0.9908668317774815
1341,1.619,0.9908668317774815
1342,1.619,0.9908668317774815
1343,1.619,0.9908668317774815
1344,1.619,0.9908668317774815
1345,1.619,0.9908668317774815
1346,1.619,0.9908668317774815
1347,1.619,0.9908668317774815
1348,1.619,0.9908668317774815
1349,1.619,0.9908668317774815
1350,1.619,0.9908668317774815
1351,1.619,0.9908668317774815
1352,1.619,0.9908668317774815
1353,1.619,0.9908668317774815
1354,1.619,0.9908668317774815
1355,1.619,0.9908668317774815
1356,1.619,0.9908668317774815
1357,1.619,0.9908668317774815
1358,1.619,0.9908668317774815
1359,1.619,0.9908668317774815
1360,1.619,0.9908668317774815
1361,1.619,0.9908668317774815
1362,1.619,0.9908668317774815
1363,1.619,0.9908668317774815
1364,1.619,0.9908668317774815
1365,1.619,0.9908668317774815
1366,1.619,0.9908668317774815
1367,1.619,0.9908668317774815
1368,1.619,0.9908668317774815
1369,1.619,0.9908668317774815
1370,1.619,0.9908668317774815
1371,1.619,0.9908668317774815
1372,1.619,0.9908668317774815
1373,1.619,0.9908668317774815
1374,1.619,0.9908668317774815
1375,1.619,0.9908668317774815
1376,1.619,0.9908668317774815
1377,1.619,0.9908668317774815
1378,1.619,0.9908668317774815
1379,1.619,0.9908668317774815
1380,1.619,0.9908668317774815
1381,1.619,0.9908668317774815
1382,1.619,0.9908668317774815
1383,1.619,0.9908668317774815
1384,1.619,0.9908668317774815
1385,1.619,0.9908668317774815
1386,1.619,0.9908668317774815
1387,1.619,0.9908668317774815
1388,1.619,0.9908668317774815
1389,1.619,0.9908668317774815
1390,1.619,0.9908668317774815
1391,1.619,0.9908668317774815
1392,1.619,0.9908668317774815
1393,1.619,0.9908668317774815
1394,1.619,0.9908668317774815
1395,1.619,0.9908668317774815
1396,1.619,0.9908668317774815
1397,1.619,0.9908668317774815
1398,1.619,0.9908668317774815
1399,1.619,0.9908668317774815
1400,1.619,0.9908668317774815
1401,1.619,0.9908668317774815
1402,1.619,0.9908668317774815
1403,1.619,0.9908668317774815
1404,1.619,0.9908668317774815
1405,1.619,0.9908668317774815
1406,1.619,0.9908668317774815
1407,1.619,0.9908668317774815
1408,1.619,0.9908668317774815
1409,1.619,0.9908668317774815
1410,1.619,0.9908668317774815
1411,1.619,0.9908668317774815
1412,1.619,0.9908668317774815
1413,1.619,0.9908668317774815
1414,1.619,0.9908668317774815
1415,1.619,0.9908668317774815
1416,1.619,0.9908668317774815
1417,1.619,0.9908668317774815
1418,1.619,0.9908668317774815
1419,1.619,0.9908668317774815
1420,1.619,0.9908668317774815
1421,1.619,0.9908668317774815
1422,1.619,0.9908668317774815
1423,1.619,0.9908668317774815
1424,1.619,0.9908668317774815
1425,1.619,0.9908668317774815
1426,1.619,0.9908668317774815
1427,1.619,0.9908668317774815
1428,1.619,0.9908668317774815
1429,1.619,0.9908668317774815
1430,1.619,0.9908668317774815
1431,1.619,0.9908668317774815
1432,1.619,0.9908668317774815
1433,1.619,0.9908668317774815
1434,1.619,0.9908668317774815
1435,1.619,0.9908668317774815
1436,1.619,0.9908668317774815
1437,1.619,0.9908668317774815
1438,1.619,0.9908668317774815
1439,1.619,0.9908668317774815
1440,1.619,0.9908668317774815
1441,1.619,0.9908668317774815
1442,1.619,0.9908668317774815
1443,1.619,0.9908668317774815
1444,1.619,0.9908668317774815
1445,1.619,0.9908668317774815
1446,1.619,0.9908668317774815
1447,1.619,0.9908668317774815
1448,1.619,0.9908668317774815
1449,1.619,0.9908668317774815
1450,1.619,0.9908668317774815
1451,1.619,0.9908668317774815
1452,1.619,0.9908668317774815
1453,1.619,0.9908668317774815
1454,1.619,0.9908668317774815
1455,1.619,0.9908668317774815
1456,1.619,0.9908668317774815
1457,1.619,0.9908668317774815
1458,1.619,0.9908668317774815
1459,1.619,0.9908668317774815
1460,1.619,0.9908668317774815
1461,1.619,0.9908668317774815
1462,1.619,0.9908668317774815
1463,1.619,0.9908668317774815
1464,1.619,0.9908668317774815
1465,1.619,0.9908668317774815
1466,1.619,0.9908668317774815
1467,1.619,0.9908668317774815
1468,1.619,0.9908668317774815
1469,1.619,0.9908668317774815
1470,1.619,0.9908668317774815
1471,1.619,0.9908668317774815
1472,1.619,0.9908668317774815
1473,1.619,0.9908668317774815
1474,1.619,0.9908668317774815
1475,1.619,0.9908668317774815
1476,1.619,0.9908668317774815
1477,1.619,0.9908668317774815
1478,1.619,0.9908668317774815
1479,1.619,0.9908668317774815
1480,1.619,0.9908668317774815
1481,1.619,0.9908668317774815
1482,1.619,0.9908668317774815
1483,1.619,0.9908668317774815
1484,1.619,0.9908668317774815
1485,1.619,0.9908668317774815
1486,1.619,0.9908668317774815
1487,1.619,0.9908668317774815
1488,1.619,0.9908668317774815
1489,1.619,0.9908668317774815
1490,1.619,0.9908668317774815
1491,1.619,0.9908668317774815
1492,1.619,0.9908668317774815
1493,1.619,0.9908668317774815
1494,1.619,0.9908668317774815
1495,1.619,0.9908668317774815
1496,1.619,0.9908668317774815
1497,1.619,0.9908668317774815
1498,1.619,0.9908668317774815
1499,1.619,0.9908668317774815
1500,1.619,0.9908668317774815
1501,1.619,0.9908668317774815
1502,1.619,0.9908668317774815
1503,1.619,0.9908668317774815
1504,1.619,0.9908668317774815
1505,1.619,0.9908668317774815
1506,1.619,0.9908668317774815
1507,1.619,0.9908668317774815
1508,1.619,0.9908668317774815
1509,1.619,0.9908668317774815
1510,1.619,0.9908668317774815
1511,1.619,0.9908668317774815
1512,1.619,0.9908668317774815
1513,1.619,0.9908668317774815
1514,1.619,0.9908668317774815
1515,1.619,0.9908668317774815
1516,1.619,0.9908668317774815
1517,1.619,0.9908668317774815
1518,1.619,0.9908668317774815
1519,1.619,0.9908668317774815
1520,1.619,0.9908668317774815
1521,1.619,0.9908668317774815
1522,1.619,0.9908668317774815
1523,1.619,0.9908668317774815
1524,1.619,0.9908668317774815
1525,1.619,0.9908668317774815
1526,1.619,0.9908668317774815
1527,1.619,0.9908668317774815
1528,1.619,0.9908668317774815
1529,1.619,0.9908668317774815
1530,1.619,0.9908668317774815
1531,1.619,0.9908668317774815
1532,1.619,0.9908668317774815
1533,1.619,0.9908668317774815
1534,1.619,0.9908668317774815
1535,1.619,0.9908668317774815
1536,1.619,0.9908668317774815
1537,1.619,0.9908668317774815
1538,1.619,0.9908668317774815
1539,1.619,0.9908668317774815
1540,1.619,0.9908668317774815
1541,1.619,0.9908668317774815
1542,1.619,0.9908668317774815
1543,1.619,0.9908668317774815
1544,1.619,0.9908668317774815
1545,1.619,0.9908668317774815
1546,1.619,0.9908668317774815
1547,1.619,0.9908668317774815
1548,1.619,0.9908668317774815
1549,1.619,0.9908668317774815
1550,1.619,0.9908668317774815
1551,1.619,0.9908668317774815
1552,1.619,0.9908668317774815
1553,1.619,0.9908668317774815
1554,1.619,0.9908668317774815
1555,1.619,0.9908668317774815
1556,1.619,0.9908668317774815
1557,1.619,0.9908668317774815
1558,1.619,0.9908668317774815
1559,1.619,0.9908668317774815
1560,1.619,0.9908668317774815
1561,1.619,0.9908668317774815
1562,1.619,0.9908668317774815
1563,1.619,0.9908668317774815
1564,1.619,0.9908668317774815
1565,1.619,0.9908668317774815
1566,1.619,0.9908668317774815
1567,1.619,0.9908668317774815
1568,1.619,0.9908668317774815
1569,1.619,0.9908668317774815
1570,1.619,0.9908668317774815
1571,1.619,0.9908668317774815
1572,1.619,0.9908668317774815
1573,1.619,0.9908668317774815
1574,1.619,0.9908668317774815
1575,1.619,0.9908668317774815
1576,1.619,0.9908668317774815
1577,1.619,0.9908668317774815
1578,1.619,0.9908668317774815
1579,1.619,0.9908668317774815
1580,1.619,0.9908668317774815
1581,1.619,0.9908668317774815
1582,1.619,0.9908668317774815
1583,1.619,0.9908668317774815
1584,1.619,0.9908668317774815
1585,1.619,0.9908668317774815
1586,1.619,0.9908668317774815
1587,1.619,0.9908668317774815
1588,1.619,0.9908668317774815
1589,1.619,0.9908668317774815
1590,1.619,0.9908668317774815
1591,1.619,0.9908668317774815
1592,1.619,0.9908668317774815
1593,1.619,0.9908668317774815
1594,1.619,0.9908668317774815
1595,1.619,0.9908668317774815
1596,1.619,0.9908668317774815
1597,1.619,0.9908668317774815
1598,1.619,0.9908668317774815
1599,1.619,0.9908668317774815
1600,1.619,0.9908668317774815
1601,1.619,0.9908668317774815
1602,1.619,0.9908668317774815
1603,1.619,0.9908668317774815
1604,1.619,0.9908668317774815
1605,1.619,0.9908668317774815
1606,1.619,0.9908668317774815
1607,1.619,0.9908668317774815
1608,1.619,0.9908668317774815
1609,1.619,0.9908668317774815
1610,1.619,0.9908668317774815
1611,1.619,0.9908668317774815
1612,1.619,0.9908668317774815
1613,1.619,0.9908668317774815
1614,1.619,0.9908668317774815
1615,1.619,0.9908668317774815
1616,1.619,0.9908668317774815
1617,1.619,0.9908668317774815
1618,1.619,0.9908668317774815
1619,1.619,0.9908668317774815
1620,1.619,0.9908668317774815
1621,1.619,0.9908668317774815
1622,1.619,0.9908668317774815
1623,1.619,0.9908668317774815
1624,1.619,0.9908668317774815
1625,1.619,0.9908668317774815
1626,1.619,0.9908668317774815
1627,1.619,0.9908668317774815
1628,1.619,0.9908668317774815
1629,1.619,0.9908668317774815
1630,1.619,0.9908668317774815
1631,1.619,0.9908668317774815
1632,1.619,0.9908668317774815
1633,1.619,0.9908668317774815
1634,1.619,0.9908668317774815
1635,1.619,0.9908668317774815
1636,1.619,0.9908668317774815
1637,1.619,0.9908668317774815
1638,1.619,0.9908668317774815
1639,1.619,0.9908668317774815
1640,1.619,0.9908668317774815
1641,1.619,0.9908668317774815
1642,1.619,0.9908668317774815
1643,1.619,0.9908668317774815
1644,1.619,0.9908668317774815
1645,1.619,0.9908668317774815
1646,1.619,0.9908668317774815
1647,1.619,0.9908668317774815
1648,1.619,0.9908668317774815
1649,1.619,0.9908668317774815
1650,1.619,0.9908668317774815
1651,1.619,0.9908668317774815
1652,1.619,0.9908668317774815
1653,1.619,0.9908668317774815
1654,1.619,0.9908668317774815
1655,1.619,0.9908668317774815
1656,1.619,0.9908668317774815
1657,1.619,0.9908668317774815
1658,1.619,0.9908668317774815
1659,1.619,0.9908668317774815
1660,1.619,0.9908668317774815
1661,1.619,0.9908668317774815
1662,1.619,0.9908668317774815
1663,1.619,0.9908668317774815
1664,1.619,0.9908668317774815
1665,1.619,0.9908668317774815
1666,1.619,0.9908668317774815
1667,1.619,0.9908668317774815
1668,1.619,0.9908668317774815
1669,1.619,0.9908668317774815
1670,1.619,0.9908668317774815
1671,1.619,0.9908668317774815
1672,1.619,0.9908668317774815
1673,1.619,0.9908668317774815
1674,1.619,0.9908668317774815
1675,1.619,0.9908668317774815
1676,1.619,0.9908668317774815
1677,1.619,0.9908668317774815
1678,1.619,0.9908668317774815
1679,1.619,0.9908668317774815
1680,1.619,0.9908668317774815
1681,1.619,0.9908668317774815
1682,1.619,0.9908668317774815
1683,1.619,0.9908668317774815
1684,1.619,0.9908668317774815
1685,1.619,0.9908668317774815
1686,1.619,0.9908668317774815
1687,1.619,0.9908668317774815
1688,1.619,0.9908668317774815
1689,1.619,0.9908668317774815
1690,1.619,0.9908668317774815
1691,1.619,0.9908668317774815
1692,1.619,0.9908668317774815
1693,1.619,0.9908668317774815
1694,1.619,0.9908668317774815
1695,1.5050000000000001,0.9908668317774815
1696,1.5050000000000001,0.9908668317774815
1697,1.5050000000000001,0.9908668317774815
1698,1.5050000000000001,0.9908668317774815
1699,1.5050000000000001,0.9908668317774815
1700,1.5050000000000001,0.9908668317774815
1701,1.5050000000000001,0.9908668317774815
1702,1.5050000000000001,0.9908668317774815
1703,1.5050000000000001,0.9908668317774815
1704,1.5050000000000001,0.9908668317774815
1705,1.5050000000000001,0.9908668317774815
1706,1.5050000000000001,0.9908668317774815
1707,1.5050000000000001,0.9908668317774815
1708,1.5050000000000001,0.9908668317774815
1709,1.5050000000000001,0.9908668317774815
1710,1.5050000000000001,0.9908668317774815
1711,1.5050000000000001,0.9908668317774815
1712,1.5050000000000001,0.9908668317774815
1713,1.5050000000000001,0.9908668317774815
1714,1.5050000000000001,0.9908668317774815
1715,1.5050000000000001,0.9908668317774815
1716,1.5050000000000001,0.9908668317774815
1717,1.5050000000000001,0.9908668317774815
1718,1.5050000000000001,0.9908668317774815
1719,1.5050000000000001,0.9908668317774815
1720,1.5050000000000001,0.9908668317774815
1721,1.5050000000000001,0.9908668317774815
1722,1.5050000000000001,0.9908668317774815
1723,1.5050000000000001,0.9908668317774815
1724,1.5050000000000001,0.9908668317774815
1725,1.5050000000000001,0.9908668317774815
1726,1.5050000000000001,0.9908668317774815
1727,1.5050000000000001,0.9908668317774815
1728,1.5050000000000001,0.9908668317774815
1729,1.5050000000000001,0.9908668317774815
1730,1.5050000000000001,0.9908668317774815
1731,1.5050000000000001,0.9908668317774815
1732,1.5050000000000001,0.9908668317774815
1733,1.5050000000000001,0.9908668317774815
1734,1.5050000000000001,0.9908668317774815
1735,1.5050000000000001,0.9908668317774815
1736,1.5050000000000001,0.9908668317774815
1737,1.5050000000000001,0.9908668317774815
1738,1.5050000000000001,0.9908668317774815
1739,1.5050000000000001,0.9908668317774815
1740,1.5050000000000001,0.9908668317774815
1741,1.5050000000000001,0.9908668317774815
1742,1.5050000000000001,0.9908668317774815
1743,1.5050000000000001,0.9908668317774815
1744,1.5050000000000001,0.9908668317774815
1745,1.5050000000000001,0.9908668317774815
1746,1.5050000000000001,0.9908668317774815
1747,1.5050000000000001,0.9908668317774815
1748,1.5050000000000001,0.9908668317774815
1749,1.5050000000000001,0.9908668317774815
1750,1.5050000000000001,0.9908668317774815
1751,1.5050000000000001,0.9908668317774815
1752,1.5050000000000001,0.9908668317774815
1753,1.5050000000000001,0.9908668317774815
1754,1.5050000000000001,0.9908668317774815
1755,1.5050000000000001,0.9908668317774815
1756,1.5050000000000001,0.9908668317774815
1757,1.5050000000000001,0.9908668317774815
1758,1.5050000000000001,0.9908668317774815
1759,1.5050000000000001,0.9908668317774815
1760,1.5050000000000001,0.9908668317774815
1761,1.5050000000000001,0.9908668317774815
1762,1.5050000000000001,0.9908668317774815
1763,1.5050000000000001,0.9908668317774815
1764,1.5050000000000001,0.9908668317774815
1765,1.5050000000000001,0.9908668317774815
1766,1.5050000000000001,0.9908668317774815
1767,1.5050000000000001,0.9908668317774815
1768,1.5050000000000001,0.9908668317774815
1769,1.5050000000000001,0.9908668317774815
1770,1.5050000000000001,0.9908668317774815
1771,1.5050000000000001,0.9908668317774815
1772,1.5050000000000001,0.9908668317774815
1773,1.5050000000000001,0.9908668317774815
1774,1.5050000000000001,0.9908668317774815
1775,1.5050000000000001,0.9908668317774815
1776,1.5050000000000001,0.9908668317774815
1777,1.5050000000000001,0.9908668317774815
1778,1.5050000000000001,0.9908668317774815
1779,1.5050000000000001,0.9908668317774815
1780,1.5050000000000001,0.9908668317774815
1781,1.5050000000000001,0.9908668317774815
1782,1.5050000000000001,0.9908668317774815
1783,1.5050000000000001,0.9908668317774815
1784,1.5050000000000001,0.9908668317774815
1785,1.5050000000000001,0.9908668317774815
1786,1.5050000000000001,0.9908668317774815
1787,1.5050000000000001,0.9908668317774815
1788,1.5050000000000001,0.9908668317774815
1789,1.5050000000000001,0.9908668317774815
1790,1.5050000000000001,0.9908668317774815
1791,1.5050000000000001,0.9908668317774815
1792,1.5050000000000001,0.9908668317774815
1793,1.5050000000000001,0.9908668317774815
1794,1.5050000000000001,0.9908668317774815
1795,1.5050000000000001,0.9908668317774815
1796,1.5050000000000001,0.9908668317774815
1797,1.5050000000000001,0.9908668317774815
1798,1.5050000000000001,0.9908668317774815
1799,1.5050000000000001,0.9908668317774815
1800,1.5050000000000001,0.9908668317774815
1801,1.5050000000000001,0.9908668317774815
1802,1.5050000000000001,0.9908668317774815
1803,1.5050000000000001,0.9908668317774815
1804,1.5050000000000001,0.9908668317774815
1805,1.5050000000000001,0.9908668317774815
1806,1.5050000000000001,0.9908668317774815
1807,1.5050000000000001,0.9908668317774815
1808,1.5050000000000001,0.9908668317774815
1809,1.5050000000000001,0.9908668317774815
1810,1.5050000000000001,0.9908668317774815
1811,1.5050000000000001,0.9908668317774815
1812,1.5050000000000001,0.9908668317774815
1813,1.5050000000000001,0.9908668317774815
1814,1.5050000000000001,0.9908668317774815
1815,1.5050000000000001,0.9908668317774815
1816,1.5050000000000001,0.9908668317774815
1817,1.5050000000000001,0.9908668317774815
1818,1.5050000000000001,0.9908668317774815
1819,1.5050000000000001,0.9908668317774815
1820,1.5050000000000001,0.9908668317774815
1821,1.5050000000000001,0.9908668317774815
1822,1.5050000000000001,0.9908668317774815
1823,1.5050000000000001,0.9908668317774815
1824,1.5050000000000001,0.9908668317774815
1825,1.5050000000000001,0.9908668317774815
1826,1.5050000000000001,0.9908668317774815
1827,1.5050000000000001,0.9908668317774815
1828,1.5050000000000001,0.9908668317774815
1829,1.5050000000000001,0.9908668317774815
1830,1.5050000000000001,0.9908668317774815
1831,1.5050000000000001,0.9908668317774815
1832,1.5050000000000001,0.9908668317774815
1833,1.5050000000000001,0.9908668317774815
1834,1.5050000000000001,0.9908668317774815
1835,1.5050000000000001,0.9908668317774815
1836,1.5050000000000001,0.9908668317774815
1837,1.5050000000000001,0.9908668317774815
1838,1.5050000000000001,0.9908668317774815
1839,1.5050000000000001,0.9908668317774815
1840,1.5050000000000001,0.9908668317774815
1841,1.5050000000000001,0.9908668317774815
1842,1.5050000000000001,0.9908668317774815
1843,1.5050000000000001,0.9908668317774815
1844,1.5050000000000001,0.9908668317774815
1845,1.5050000000000001,0.9908668317774815
1846,1.5050000000000001,0.9908668317774815
1847,1.5050000000000001,0.9908668317774815
1848,1.5050000000000001,0.9908668317774815
1849,1.5050000000000001,0.9908668317774815
1850,1.5050000000000001,0.9908668317774815
1851,1.5050000000000001,0.9908668317774815
1852,1.5050000000000001,0.9908668317774815
1853,1.5050000000000001,0.9908668317774815
1854,1.5050000000000001,0.9908668317774815
1855,1.5050000000000001,0.9908668317774815
1856,1.5050000000000001,0.9908668317774815
1857,1.5050000000000001,0.9908668317774815
1858,1.5050000000000001,0.9908668317774815
1859,1.5050000000000001,0.9908668317774815
1860,1.5050000000000001,0.9908668317774815
1861,1.5050000000000001,0.9908668317774815
1862,1.5050000000000001,0.9908668317774815
1863,1.5050000000000001,0.9908668317774815
1864,1.5050000000000001,0.9908668317774815
1865,1.5050000000000001,0.9908668317774815
1866,1.5050000000000001,0.9908668317774815
1867,1.5050000000000001,0.9908668317774815
1868,1.5050000000000001,0.9908668317774815
1869,1.5050000000000001,0.9908668317774815
1870,1.5050000000000001,0.9908668317774815
1871,1.5050000000000001,0.9908668317774815
1872,1.5050000000000001,0.9908668317774815
1873,1.5050000000000001,0.9908668317774815
1874,1.5050000000000001,0.9908668317774815
1875,1.5050000000000001,0.9908668317774815
1876,1.5050000000000001,0.9908668317774815
1877,1.5050000000000001,0.9908668317774815
1878,1.5050000000000001,0.9908668317774815
1879,1.5050000000000001,0.9908668317774815
1880,1.5050000000000001,0.9908668317774815
1881,1.5050000000000001,0.9908668317774815
1882,1.5050000000000001,0.9908668317774815
1883,1.5050000000000001,0.9908668317774815
1884,1.5050000000000001,0.9908668317774815
1885,1.5050000000000001,0.9908668317774815
1886,1.5050000000000001,0.9908668317774815
1887,1.5050000000000001,0.9908668317774815
1888,1.5050000000000001,0.9908668317774815
1889,1.5050000000000001,0.9908668317774815
1890,1.5050000000000001,0.9908668317774815
1891,1.5050000000000001,0.9908668317774815
1892,1.5050000000000001,0.9908668317774815
1893,1.5050000000000001,0.9908668317774815
1894,1.5050000000000001,0.9908668317774815
1895,1.5050000000000001,0.9908668317774815
1896,1.5050000000000001,0.9908668317774815
1897,1.5050000000000001,0.9908668317774815
1898,1.5050000000000001,0.9908668317774815
1899,1.5050000000000001,0.9908668317774815
1900,1.5050000000000001,0.9908668317774815
1901,1.5050000000000001,0.9908668317774815
1902,1.5050000000000001,0.9908668317774815
1903,1.5050000000000001,0.9908668317774815
1904,1.5050000000000001,0.9908668317774815
1905,1.5050000000000001,0.9908668317774815
1906,1.5050000000000001,0.9908668317774815
1907,1.5050000000000001,0.9908668317774815
1908,1.5050000000000001,0.9908668317774815
1909,1.5050000000000001,0.9908668317774815
1910,1.5050000000000001,0.9908668317774815
1911,1.5050000000000001,0.9908668317774815
1912,1.5050000000000001,0.9908668317774815
1913,1.5050000000000001,0.9908668317774815
1914,1.5050000000000001,0.9908668317774815
1915,1.5050000000000001,0.9908668317774815
1916,1.5050000000000001,0.9908668317774815
1917,1.5050000000000001,0.9908668317774815
1918,1.5050000000000001,0.9908668317774815
1919,1.5050000000000001,0.9908668317774815
1920,1.5050000000000001,0.9908668317774815
1921,1.5050000000000001,0.9908668317774815
1922,1.5050000000000001,0.9908668317774815
1923,1.5050000000000001,0.9908668317774815
1924,1.5050000000000001,0.9908668317774815
1925,1.5050000000000001,0.9908668317774815
1926,1.5050000000000001,0.9908668317774815
1927,1.5050000000000001,0.9908668317774815
1928,1.5050000000000001,0.9908668317774815
1929,1.5050000000000001,0.9908668317774815
1930,1.5050000000000001,0.9908668317774815
1931,1.5050000000000001,0.9908668317774815
1932,1.5050000000000001,0.9908668317774815
1933,1.5050000000000001,0.9908668317774815
1934,1.5050000000000001,0.9908668317774815
1935,1.5050000000000001,0.9908668317774815
1936,1.5050000000000001,0.9908668317774815
1937,1.5050000000000001,0.9908668317774815
1938,1.5050000000000001,0.9908668317774815
1939,1.5050000000000001,0.9908668317774815
1940,1.5050000000000001,0.9908668317774815
1941,1.5050000000000001,0.9908668317774815
1942,1.5050000000000001,0.9908668317774815
1943,1.5050000000000001,0.9908668317774815
1944,1.5050000000000001,0.9908668317774815
1945,1.5050000000000001,0.9908668317774815
1946,1.5050000000000001,0.9908668317774815
1947,1.5050000000000001,0.9908668317774815
1948,1.5050000000000001,0.9908668317774815
1949,1.5050000000000001,0.9908668317774815
1950,1.5050000000000001,0.9908668317774815
1951,1.5050000000000001,0.9908668317774815
1952,1.5050000000000001,0.9908668317774815
1953,1.5050000000000001,0.9908668317774815
1954,1.5050000000000001,0.9908668317774815
1955,1.5050000000000001,0.9908668317774815
1956,1.5050000000000001,0.9908668317774815
1957,1.5050000000000001,0.9908668317774815
1958,1.5050000000000001,0.9908668317774815
1959,1.5050000000000001,0.9908668317774815
1960,1.5050000000000001,0.9908668317774815
1961,1.5050000000000001,0.9908668317774815
1962,1.5050000000000001,0.9908668317774815
1963,1.5050000000000001,0.9908668317774815
1964,1.5050000000000001,0.9908668317774815
1965,1.5050000000000001,0.9908668317774815
1966,1.5050000000000001,0.9908668317774815
1967,1.5050000000000001,0.9908668317774815
1968,1.5050000000000001,0.9908668317774815
1969,1.5050000000000001,0.9908668317774815
1970,1.5050000000000001,0.9908668317774815
1971,1.5050000000000001,0.9908668317774815
1972,1.5050000000000001,0.9908668317774815
1973,1.5050000000000001,0.9908668317774815
1974,1.5050000000000001,0.9908668317774815
1975,1.5050000000000001,0.9908668317774815
1976,1.5050000000000001,0.9908668317774815
1977,1.5050000000000001,0.9908668317774815
1978,1.5050000000000001,0.9908668317774815
1979,1.5050000000000001,0.9908668317774815
1980,1.5050000000000001,0.9908668317774815
1981,1.5050000000000001,0.9908668317774815
1982,1.5050000000000001,0.9908668317774815
1983,1.5050000000000001,0.9908668317774815
1984,1.5050000000000001,0.9908668317774815
1985,1.5050000000000001,0.9908668317774815
1986,1.4840000000000002,0.9908668317774815
1987,1.37,0.9908668317774815
1988,1.37,0.9908668317774815
1989,1.37,0.9908668317774815
1990,1.37,0.9908668317774815
1991,1.37,0.9908668317774815
1992,1.37,0.9908668317774815
1993,1.37,0.9908668317774815
1994,1.37,0.9908668317774815
1995,1.37,0.9908668317774815
1996,1.37,0.9908668317774815
1997,1.37,0.9908668317774815
1998,1.37,0.9908668317774815
1999,1.37,0.9908668317774815
2000,1.37,0.9908668317774815
2001,1.37,0.9908668317774815
2002,1.37,0.9908668317774815
2003,1.37,0.9908668317774815
2004,1.37,0.9908668317774815
2005,1.37,0.9908668317774815
2006,1.37,0.9908668317774815
2007,1.37,0.9908668317774815
2008,1.37,0.9908668317774815
2009,1.37,0.9908668317774815
2010,1.37,0.9908668317774815
2011,1.37,0.9908668317774815
2012,1.37,0.9908668317774815
2013,1.37,0.9908668317774815
2014,1.37,0.9908668317774815
2015,1.37,0.9908668317774815
2016,1.37,0.9908668317774815
2017,1.37,0.9908668317774815
2018,1.37,0.9908668317774815
2019,1.37,0.9908668317774815
2020,1.37,0.9908668317774815
2021,1.37,0.9908668317774815
2022,1.37,0.9908668317774815
2023,1.37,0.9908668317774815
2024,1.37,0.9908668317774815
2025,1.37,0.9908668317774815
2026,1.37,0.9908668317774815
2027,1.37,0.9908668317774815
2028,1.37,0.9908668317774815
2029,1.37,0.9908668317774815
2030,1.37,0.9908668317774815
2031,1.37,0.9908668317774815
2032,1.37,0.9908668317774815
2033,1.37,0.9908668317774815
2034,1.37,0.9908668317774815
2035,1.37,0.9908668317774815
2036,1.37,0.9908668317774815
2037,1.37,0.9908668317774815
2038,1.37,0.9908668317774815
2039,1.37,0.9908668317774815
2040,1.37,0.9908668317774815
2041,1.37,0.9908668317774815
2042,1.37,0.9908668317774815
2043,1.37,0.9908668317774815
2044,1.37,0.9908668317774815
2045,1.37,0.9908668317774815
2046,1.37,0.9908668317774815
2047,1.37,0.9908668317774815
2048,1.37,0.9908668317774815
2049,1.37,0.9908668317774815
2050,1.37,0.9908668317774815
2051,1.37,0.9908668317774815
2052,1.37,0.9908668317774815
2053,1.37,0.9908668317774815
2054,1.37,0.9908668317774815
2055,1.37,0.9908668317774815
2056,1.37,0.9908668317774815
2057,1.37,0.9908668317774815
2058,1.37,0.9908668317774815
2059,1.37,0.9908668317774815
2060,1.37,0.9908668317774815
2061,1.37,0.9908668317774815
2062,1.37,0.9908668317774815
2063,1.37,0.9908668317774815
2064,1.37,0.9908668317774815
2065,1.37,0.9908668317774815
2066,1.37,0.9908668317774815
2067,1.37,0.9908668317774815
2068,1.37,0.9908668317774815
2069,1.37,0.9908668317774815
2070,1.37,0.9908668317774815
2071,1.37,0.9908668317774815
2072,1.37,0.9908668317774815
2073,1.37,0.9908668317774815
2074,1.37,0.9908668317774815
2075,1.37,0.9908668317774815
2076,1.37,0.9908668317774815
2077,1.37,0.9908668317774815
2078,1.37,0.9908668317774815
2079,1.37,0.9908668317774815
2080,1.37,0.9908668317774815
2081,1.37,0.9908668317774815
2082,1.37,0.9908668317774815
2083,1.37,0.9908668317774815
2084,1.37,0.9908668317774815
2085,1.37,0.9908668317774815
2086,1.37,0.9908668317774815
2087,1.37,0.9908668317774815
2088,1.37,0.9908668317774815
2089,1.37,0.9908668317774815
2090,1.37,0.9908668317774815
2091,1.37,0.9908668317774815
2092,1.37,0.9908668317774815
2093,1.37,0.9908668317774815
2094,1.37,0.9908668317774815
2095,1.37,0.9908668317774815
2096,1.37,0.9908668317774815
2097,1.37,0.9908668317774815
2098,1.37,0.9908668317774815
2099,1.37,0.9908668317774815
2100,1.37,0.9908668317774815
2101,1.37,0.9908668317774815
2102,1.37,0.9908668317774815
2103,1.37,0.9908668317774815
2104,1.37,0.9908668317774815
2105,1.37,0.9908668317774815
2106,1.37,0.9908668317774815
2107,1.37,0.9908668317774815
2108,1.37,0.9908668317774815
2109,1.37,0.9908668317774815
2110,1.37,0.9908668317774815
2111,1.37,0.9908668317774815
2112,1.37,0.9908668317774815
2113,1.37,0.9908668317774815
2114,1.37,0.9908668317774815
2115,1.37,0.9908668317774815
2116,1.37,0.9908668317774815
2117,1.37,0.9908668317774815
2118,1.37,0.9908668317774815
2119,1.37,0.9908668317774815
2120,1.37,0.9908668317774815
2121,1.37,0.9908668317774815
2122,1.37,0.9908668317774815
2123,1.37,0.9908668317774815
2124,1.37,0.9908668317774815
2125,1.37,0.9908668317774815
2126,1.37,0.9908668317774815
2127,1.37,0.9908668317774815
2128,1.37,0.9908668317774815
2129,1.37,0.9908668317774815
2130,1.37,0.9908668317774815
2131,1.37,0.9908668317774815
2132,1.37,0.9908668317774815
2133,1.37,0.9908668317774815
2134,1.37,0.9908668317774815
2135,1.37,0.9908668317774815
2136,1.37,0.9908668317774815
2137,1.37,0.9908668317774815
2138,1.37,0.9908668317774815
2139,1.37,0.9908668317774815
2140,1.37,0.9908668317774815
2141,1.37,0.9908668317774815
2142,1.37,0.9908668317774815
2143,1.37,0.9908668317774815
2144,1.37,0.9908668317774815
2145,1.37,0.9908668317774815
2146,1.37,0.9908668317774815
2147,1.37,0.9908668317774815
2148,1.37,0.9908668317774815
2149,1.37,0.9908668317774815
2150,1.37,0.9908668317774815
2151,1.37,0.9908668317774815
2152,1.37,0.9908668317774815
2153,1.37,0.9908668317774815
2154,1.37,0.9908668317774815
2155,1.37,0.9908668317774815
2156,1.37,0.9908668317774815
2157,1.37,0.9908668317774815
2158,1.37,0.9908668317774815
2159,1.37,0.9908668317774815
2160,1.37,0.9908668317774815
2161,1.37,0.9908668317774815
2162,1.37,0.9908668317774815
2163,1.37,0.9908668317774815
2164,1.37,0.9908668317774815
2165,1.37,0.9908668317774815
2166,1.37,0.9908668317774815
2167,1.37,0.9908668317774815
2168,1.37,0.9908668317774815
2169,1.37,0.9908668317774815
2170,1.37,0.9908668317774815
2171,1.37,0.9908668317774815
2172,1.37,0.9908668317774815
2173,1.37,0.9908668317774815
2174,1.37,0.9908668317774815
2175,1.37,0.9908668317774815
2176,1.37,0.9908668317774815
2177,1.37,0.9908668317774815
2178,1.37,0.9908668317774815
2179,1.37,0.9908668317774815
2180,1.37,0.9908668317774815
2181,1.37,0.9908668317774815
2182,1.37,0.9908668317774815
2183,1.37,0.9908668317774815
2184,1.349,0.9908668317774815
2185,1.235,0.9908668317774815
2186,1.235,0.9908668317774815
2187,1.235,0.9908668317774815
2188,1.235,0.9908668317774815
2189,1.235,0.9908668317774815
2190,1.235,0.9908668317774815
2191,1.235,0.9908668317774815
2192,1.235,0.9908668317774815
2193,1.235,0.9908668317774815
2194,1.235,0.9908668317774815
2195,1.235,0.9908668317774815
2196,1.235,0.9908668317774815
2197,1.235,0.9908668317774815
2198,1.235,0.9908668317774815
2199,1.235,0.9908668317774815
2200,1.235,0.9908668317774815
2201,1.235,0.9908668317774815
2202,1.235,0.9908668317774815
2203,1.235,0.9908668317774815
2204,1.235,0.9908668317774815
2205,1.235,0.9908668317774815
2206,1.235,0.9908668317774815
2207,1.235,0.9908668317774815
2208,1.235,0.9908668317774815
2209,1.235,0.9908668317774815
2210,1.235,0.9908668317774815
2211,1.235,0.9908668317774815
2212,1.235,0.9908668317774815
2213,1.235,0.9908668317774815
2214,1.235,0.9908668317774815
2215,1.235,0.9908668317774815
2216,1.235,0.9908668317774815
2217,1.235,0.9908668317774815
2218,1.235,0.9908668317774815
2219,1.235,0.9908668317774815
2220,1.235,0.9908668317774815
2221,1.235,0.9908668317774815
2222,1.235,0.9908668317774815
2223,1.235,0.9908668317774815
2224,1.235,0.9908668317774815
2225,1.235,0.9908668317774815
2226,1.235,0.9908668317774815
2227,1.235,0.9908668317774815
2228,1.235,0.9908668317774815
2229,1.235,0.9908668317774815
2230,1.235,0.9908668317774815
2231,1.235,0.9908668317774815
2232,1.235,0.9908668317774815
2233,1.235,0.9908668317774815
2234,1.235,0.9908668317774815
2235,1.235,0.9908668317774815
2236,1.235,0.9908668317774815
2237,1.235,0.9908668317774815
2238,1.235,0.9908668317774815
2239,1.235,0.9908668317774815
2240,1.235,0.9908668317774815
2241,1.235,0.9908668317774815
2242,1.235,0.9908668317774815
2243,1.235,0.9908668317774815
2244,1.235,0.9908668317774815
2245,1.235,0.9908668317774815
2246,1.235,0.9908668317774815
2247,1.235,0.9908668317774815
2248,1.235,0.9908668317774815
2249,1.235,0.9908668317774815
2250,1.235,0.9908668317774815
2251,1.235,0.9908668317774815
2252,1.235,0.9908668317774815
2253,1.235,0.9908668317774815
2254,1.235,0.9908668317774815
2255,1.235,0.9908668317774815
2256,1.235,0.9908668317774815
2257,1.235,0.9908668317774815
2258,1.235,0.9908668317774815
2259,1.235,0.9908668317774815
2260,1.235,0.9908668317774815
2261,1.235,0.9908668317774815
2262,1.235,0.9908668317774815
2263,1.235,0.9908668317774815
2264,1.235,0.9908668317774815
2265,1.235,0.9908668317774815
2266,1.235,0.9908668317774815
2267,1.235,0.9908668317774815
2268,1.235,0.9908668317774815
2269,1.235,0.9908668317774815
2270,1.235,0.9908668317774815
2271,1.235,0.9908668317774815
2272,1.235,0.9908668317774815
2273,1.235,0.9908668317774815
2274,1.235,0.9908668317774815
2275,1.235,0.9908668317774815
2276,1.235,0.9908668317774815
2277,1.235,0.9908668317774815
2278,1.235,0.9908668317774815
2279,1.235,0.9908668317774815
2280,1.235,0.9908668317774815
2281,1.235,0.9908668317774815
2282,1.235,0.9908668317774815
2283,1.235,0.9908668317774815
2284,1.235,0.9908668317774815
2285,1.235,0.9908668317774815
2286,1.235,0.9908668317774815
2287,1.235,0.9908668317774815
2288,1.235,0.9908668317774815
2289,1.235,0.9908668317774815
2290,1.235,0.9908668317774815
2291,1.235,0.9908668317774815
2292,1.235,0.9908668317774815
2293,1.235,0.9908668317774815
2294,1.235,0.9908668317774815
2295,1.235,0.9908668317774815
2296,1.235,0.9908668317774815
2297,1.235,0.9908668317774815
2298,1.235,0.9908668317774815
2299,1.235,0.9908668317774815
2300,1.235,0.9908668317774815
2301,1.235,0.9908668317774815
2302,1.235,0.9908668317774815
2303,1.235,0.9908668317774815
2304,1.235,0.9908668317774815
2305,1.235,0.9908668317774815
2306,1.235,0.9908668317774815
2307,1.235,0.9908668317774815
2308,1.235,0.9908668317774815
2309,1.235,0.9908668317774815
2310,1.235,0.9908668317774815
2311,1.235,0.9908668317774815
2312,1.235,0.9908668317774815
2313,1.235,0.9908668317774815
2314,1.235,0.9908668317774815
2315,1.235,0.9908668317774815
2316,1.235,0.9908668317774815
2317,1.235,0.9908668317774815
2318,1.235,0.9908668317774815
2319,1.235,0.9908668317774815
2320,1.235,0.9908668317774815
2321,1.235,0.9908668317774815
2322,1.235,0.9908668317774815
2323,1.235,0.9908668317774815
2324,1.235,0.9908668317774815
2325,1.235,0.9908668317774815
2326,1.235,0.9908668317774815
2327,1.235,0.9908668317774815
2328,1.235,0.9908668317774815
2329,1.235,0.9908668317774815
2330,1.235,0.9908668317774815
2331,1.235,0.9908668317774815
2332,1.235,0.9908668317774815
2333,1.235,0.9908668317774815
2334,1.235,0.9908668317774815
2335,1.235,0.9908668317774815
2336,1.235,0.9908668317774815
2337,1.235,0.9908668317774815
2338,1.235,0.9908668317774815
2339,1.235,0.9908668317774815
2340,1.235,0.9908668317774815
2341,1.235,0.9908668317774815
2342,1.235,0.9908668317774815
2343,1.235,0.9908668317774815
2344,1.235,0.9908668317774815
2345,1.235,0.9908668317774815
2346,1.235,0.9908668317774815
2347,1.235,0.9908668317774815
2348,1.235,0.9908668317774815
2349,1.235,0.9908668317774815
2350,1.235,0.9908668317774815
2351,1.235,0.9908668317774815
2352,1.235,0.9908668317774815
2353,1.235,0.9908668317774815
2354,1.235,0.9908668317774815
2355,1.235,0.9908668317774815
2356,1.235,0.9908668317774815
2357,1.235,0.9908668317774815
2358,1.235,0.9908668317774815
2359,1.235,0.9908668317774815
2360,1.235,0.9908668317774815
2361,1.235,0.9908668317774815
2362,1.235,0.9908668317774815
2363,1.235,0.9908668317774815
2364,1.235,0.9908668317774815
2365,1.235,0.9908668317774815
2366,1.235,0.9908668317774815
2367,1.235,0.9908668317774815
2368,1.235,0.9908668317774815
2369,1.235,0.9908668317774815
2370,1.235,0.9908668317774815
2371,1.235,0.9908668317774815
2372,1.235,0.9908668317774815
2373,1.235,0.9908668317774815
2374,1.235,0.9908668317774815
2375,1.235,0.9908668317774815
2376,1.235,0.9908668317774815
2377,1.235,0.9908668317774815
2378,1.235,0.9908668317774815
2379,1.235,0.9908668317774815
2380,1.235,0.9908668317774815
2381,1.235,0.9908668317774815
2382,1.235,0.9908668317774815
2383,1.235,0.9908668317774815
2384,1.235,0.9908668317774815
2385,1.235,0.9908668317774815
2386,1.235,0.9908668317774815
2387,1.235,0.9908668317774815
2388,1.235,0.9908668317774815
2389,1.235,0.9908668317774815
2390,1.235,0.9908668317774815
2391,1.235,0.9908668317774815
2392,1.235,0.9908668317774815
2393,1.235,0.9908668317774815
2394,1.235,0.9908668317774815
2395,1.235,0.9908668317774815
2396,1.235,0.9908668317774815
2397,1.235,0.9908668317774815
2398,1.235,0.9908668317774815
2399,1.235,0.9908668317774815
2400,1.235,0.9908668317774815
2401,1.235,0.9908668317774815
2402,1.235,0.9908668317774815
2403,1.235,0.9908668317774815
2404,1.235,0.9908668317774815
2405,1.235,0.9908668317774815
2406,1.235,0.9908668317774815
2407,1.235,0.9908668317774815
2408,1.235,0.9908668317774815
2409,1.235,0.9908668317774815
2410,1.235,0.9908668317774815
2411,1.235,0.9908668317774815
2412,1.235,0.9908668317774815
2413,1.235,0.9908668317774815
2414,1.235,0.9908668317774815
2415,1.235,0.9908668317774815
2416,1.235,0.9908668317774815
2417,1.235,0.9908668317774815
2418,1.235,0.9908668317774815
2419,1.235,0.9908668317774815
2420,1.235,0.9908668317774815
2421,1.235,0.9908668317774815
2422,1.235,0.9908668317774815
2423,1.235,0.9908668317774815
2424,1.235,0.9908668317774815
2425,1.235,0.9908668317774815
2426,1.235,0.9908668317774815
2427,1.235,0.9908668317774815
2428,1.235,0.9908668317774815
2429,1.235,0.9908668317774815
2430,1.235,0.9908668317774815
2431,1.235,0.9908668317774815
2432,1.235,0.9908668317774815
2433,1.235,0.9908668317774815
2434,1.235,0.9908668317774815
2435,1.235,0.9908668317774815
2436,1.235,0.9908668317774815
2437,1.235,0.9908668317774815
2438,1.235,0.9908668317774815
2439,1.235,0.9908668317774815
2440,1.235,0.9908668317774815
2441,1.235,0.9908668317774815
2442,1.235,0.9908668317774815
2443,1.235,0.9908668317774815
2444,1.235,0.9908668317774815
2445,1.235,0.9908668317774815
2446,1.235,0.9908668317774815
2447,1.235,0.9908668317774815
2448,1.235,0.9908668317774815
2449,1.235,0.9908668317774815
2450,1.235,0.9908668317774815
2451,1.235,0.9908668317774815
2452,1.235,0.9908668317774815
2453,1.235,0.9908668317774815
2454,1.235,0.9908668317774815
2455,1.235,0.9908668317774815
2456,1.235,0.9908668317774815
2457,1.235,0.9908668317774815
2458,1.235,0.9908668317774815
2459,1.235,0.9908668317774815
2460,1.235,0.9908668317774815
2461,1.235,0.9908668317774815
2462,1.235,0.9908668317774815
2463,1.235,0.9908668317774815
2464,1.235,0.9908668317774815
2465,1.235,0.9908668317774815
2466,1.235,0.9908668317774815
2467,1.235,0.9908668317774815
2468,1.235,0.9908668317774815
2469,1.235,0.9908668317774815
2470,1.235,0.9908668317774815
2471,1.235,0.9908668317774815
2472,1.235,0.9908668317774815
2473,1.235,0.9908668317774815
2474,1.235,0.9908668317774815
2475,1.235,0.9908668317774815
2476,1.235,0.9908668317774815
2477,1.235,0.9908668317774815
2478,1.235,0.9908668317774815
2479,1.235,0.9908668317774815
2480,1.235,0.9908668317774815
2481,1.235,0.9908668317774815
2482,1.235,0.9908668317774815
2483,1.235,0.9908668317774815
2484,1.235,0.9908668317774815
2485,1.235,0.9908668317774815
2486,1.235,0.9908668317774815
2487,1.235,0.9908668317774815
2488,1.235,0.9908668317774815
2489,1.235,0.9908668317774815
2490,1.235,0.9908668317774815
2491,1.235,0.9908668317774815
2492,1.235,0.9908668317774815
2493,1.235,0.9908668317774815
2494,1.235,0.9908668317774815
2495,1.235,0.9908668317774815
2496,1.235,0.9908668317774815
2497,1.235,0.9908668317774815
2498,1.235,0.9908668317774815
2499,1.235,0.9908668317774815
2500,1.235,0.9908668317774815
2501,1.235,0.9908668317774815
2502,1.235,0.9908668317774815
2503,1.235,0.9908668317774815
2504,1.235,0.9908668317774815
2505,1.235,0.9908668317774815
2506,1.235,0.9908668317774815
2507,1.235,0.9908668317774815
2508,1.235,0.9908668317774815
2509,1.235,0.9908668317774815
2510,1.235,0.9908668317774815
2511,1.235,0.9908668317774815
2512,1.235,0.9908668317774815
2513,1.235,0.9908668317774815
2514,1.235,0.9908668317774815
2515,1.235,0.9908668317774815
2516,1.235,0.9908668317774815
2517,1.235,0.9908668317774815
2518,1.235,0.9908668317774815
2519,1.235,0.9908668317774815
2520,1.235,0.9908668317774815
2521,1.235,0.9908668317774815
2522,1.235,0.9908668317774815
2523,1.235,0.9908668317774815
2524,1.235,0.9908668317774815
2525,1.235,0.9908668317774815
2526,1.235,0.9908668317774815
2527,1.235,0.9908668317774815
2528,1.235,0.9908668317774815
2529,1.235,0.9908668317774815
2530,1.235,0.9908668317774815
2531,1.235,0.9908668317774815
2532,1.235,0.9908668317774815
2533,1.235,0.9908668317774815
2534,1.235,0.9908668317774815
2535,1.235,0.9908668317774815
2536,1.235,0.9908668317774815
2537,1.235,0.9908668317774815
2538,1.235,0.9908668317774815
2539,1.235,0.9908668317774815
2540,1.235,0.9908668317774815
2541,1.235,0.9908668317774815
2542,1.235,0.9908668317774815
2543,1.235,0.9908668317774815
2544,1.235,0.9908668317774815
2545,1.235,0.9908668317774815
2546,1.235,0.9908668317774815
2547,1.235,0.9908668317774815
2548,1.235,0.9908668317774815
2549,1.235,0.9908668317774815
2550,1.235,0.9908668317774815
2551,1.235,0.9908668317774815
2552,1.235,0.9908668317774815
2553,1.235,0.9908668317774815
2554,1.235,0.9908668317774815
2555,1.235,0.9908668317774815
2556,1.235,0.9908668317774815
2557,1.235,0.9908668317774815
2558,1.235,0.9908668317774815
2559,1.235,0.9908668317774815
2560,1.235,0.9908668317774815
2561,1.235,0.9908668317774815
2562,1.235,0.9908668317774815
2563,1.235,0.9908668317774815
2564,1.235,0.9908668317774815
2565,1.235,0.9908668317774815
2566,1.235,0.9908668317774815
2567,1.235,0.9908668317774815
2568,1.235,0.9908668317774815
2569,1.235,0.9908668317774815
2570,1.235,0.9908668317774815
2571,1.235,0.9908668317774815
2572,1.235,0.9908668317774815
2573,1.235,0.9908668317774815
2574,1.235,0.9908668317774815
2575,1.235,0.9908668317774815
2576,1.235,0.9908668317774815
2577,1.235,0.9908668317774815
2578,1.235,0.9908668317774815
2579,1.1,0.9908668317774815
2580,1.1,0.9908668317774815
2581,1.1,0.9908668317774815
2582,1.1,0.9908668317774815
2583,1.1,0.9908668317774815
2584,1.1,0.9908668317774815
2585,1.1,0.9908668317774815
2586,1.1,0.9908668317774815
2587,1.1,0.9908668317774815
2588,1.1,0.9908668317774815
2589,1.1,0.9908668317774815
2590,1.1,0.9908668317774815
2591,1.1,0.9908668317774815
2592,1.1,0.9908668317774815
2593,1.1,0.9908668317774815
2594,1.1,0.9908668317774815
2595,1.1,0.9908668317774815
2596,1.1,0.9908668317774815
2597,1.1,0.9908668317774815
2598,1.1,0.9908668317774815
2599,1.1,0.9908668317774815
2600,1.1,0.9908668317774815
2601,1.1,0.9908668317774815
2602,1.1,0.9908668317774815
2603,1.1,0.9908668317774815
2604,1.1,0.9908668317774815
2605,1.1,0.9908668317774815
2606,1.1,0.9908668317774815
2607,1.1,0.9908668317774815
2608,1.1,0.9908668317774815
2609,1.1,0.9908668317774815
2610,1.1,0.9908668317774815
2611,1.1,0.9908668317774815
2612,1.1,0.9908668317774815
2613,1.1,0.9908668317774815
2614,1.1,0.9908668317774815
2615,1.1,0.9908668317774815
2616,1.1,0.9908668317774815
2617,1.1,0.9908668317774815
2618,1.1,0.9908668317774815
2619,1.1,0.9908668317774815
2620,1.1,0.9908668317774815
2621,1.1,0.9908668317774815
2622,1.1,0.9908668317774815
2623,1.1,0.9908668317774815
2624,1.1,0.9908668317774815
2625,1.1,0.9908668317774815
2626,1.1,0.9908668317774815
2627,1.1,0.9908668317774815
2628,1.1,0.9908668317774815
2629,1.1,0.9908668317774815
2630,1.1,0.9908668317774815
2631,1.1,0.9908668317774815
2632,1.1,0.9908668317774815
2633,1.1,0.9908668317774815
2634,1.1,0.9908668317774815
2635,1.1,0.9908668317774815
2636,1.1,0.9908668317774815
2637,1.1,0.9908668317774815
2638,1.1,0.9908668317774815
2639,1.1,0.9908668317774815
2640,1.1,0.9908668317774815
2641,1.1,0.9908668317774815
2642,1.1,0.9908668317774815
2643,1.1,0.9908668317774815
2644,1.1,0.9908668317774815
2645,1.1,0.9908668317774815
2646,1.1,0.9908668317774815
2647,1.1,0.9908668317774815
2648,1.1,0.9908668317774815
2649,1.1,0.9908668317774815
2650,1.1,0.9908668317774815
2651,1.1,0.9908668317774815
2652,1.1,0.9908668317774815
2653,1.1,0.9908668317774815
2654,1.1,0.9908668317774815
2655,1.1,0.9908668317774815
2656,1.1,0.9908668317774815
2657,1.1,0.9908668317774815
2658,1.1,0.9908668317774815
2659,1.1,0.9908668317774815
2660,1.1,0.9908668317774815
2661,1.1,0.9908668317774815
2662,1.1,0.9908668317774815
2663,1.1,0.9908668317774815
2664,1.1,0.9908668317774815
2665,1.1,0.9908668317774815
2666,1.1,0.9908668317774815
2667,1.1,0.9908668317774815
2668,1.1,0.9908668317774815
2669,1.1,0.9908668317774815
2670,1.1,0.9908668317774815
2671,1.1,0.9908668317774815
2672,1.1,0.9908668317774815
2673,1.1,0.9908668317774815
2674,1.1,0.9908668317774815
2675,1.1,0.9908668317774815
2676,1.1,0.9908668317774815
2677,1.1,0.9908668317774815
2678,1.1,0.9908668317774815
2679,1.1,0.9908668317774815
2680,1.1,0.9908668317774815
2681,1.1,0.9908668317774815
2682,1.1,0.9908668317774815
2683,1.1,0.9908668317774815
2684,1.1,0.9908668317774815
2685,1.1,0.9908668317774815
2686,1.1,0.9908668317774815
2687,1.1,0.9908668317774815
2688,1.1,0.9908668317774815
2689,1.1,0.9908668317774815
2690,1.1,0.9908668317774815
2691,1.1,0.9908668317774815
2692,1.1,0.9908668317774815
2693,1.1,0.9908668317774815
2694,1.1,0.9908668317774815
2695,1.1,0.9908668317774815
2696,1.1,0.9908668317774815
2697,1.1,0.9908668317774815
2698,1.1,0.9908668317774815
2699,1.1,0.9908668317774815
2700,1.1,0.9908668317774815
2701,1.1,0.9908668317774815
2702,1.1,0.9908668317774815
2703,1.1,0.9908668317774815
2704,1.1,0.9908668317774815
2705,1.1,0.9908668317774815
2706,1.1,0.9908668317774815
2707,1.1,0.9908668317774815
2708,1.1,0.9908668317774815
2709,1.1,0.9908668317774815
2710,1.1,0.9908668317774815
2711,1.1,0.9908668317774815
2712,1.1,0.9908668317774815
2713,1.1,0.9908668317774815
2714,1.1,0.9908668317774815
2715,1.1,0.9908668317774815
2716,1.1,0.9908668317774815
2717,1.1,0.9908668317774815
2718,1.1,0.9908668317774815
2719,1.1,0.9908668317774815
2720,1.1,0.9908668317774815
2721,1.1,0.9908668317774815
2722,1.1,0.9908668317774815
2723,1.1,0.9908668317774815
2724,1.1,0.9908668317774815
2725,1.1,0.9908668317774815
2726,1.1,0.9908668317774815
2727,1.1,0.9908668317774815
2728,1.1,0.9908668317774815
2729,1.1,0.9908668317774815
2730,1.1,0.9908668317774815
2731,1.1,0.9908668317774815
2732,1.1,0.9908668317774815
2733,1.1,0.9908668317774815
2734,1.1,0.9908668317774815
2735,1.1,0.9908668317774815
2736,1.1,0.9908668317774815
2737,1.1,0.9908668317774815
2738,1.1,0.9908668317774815
2739,1.1,0.9908668317774815
2740,1.1,0.9908668317774815
2741,1.1,0.9908668317774815
2742,1.1,0.9908668317774815
2743,1.1,0.9908668317774815
2744,1.1,0.9908668317774815
2745,1.1,0.9908668317774815
2746,1.1,0.9908668317774815
2747,1.1,0.9908668317774815
2748,1.1,0.9908668317774815
2749,1.1,0.9908668317774815
2750,1.1,0.9908668317774815
2751,1.1,0.9908668317774815
2752,1.1,0.9908668317774815
2753,1.1,0.9908668317774815
2754,1.1,0.9908668317774815
2755,1.1,0.9908668317774815
2756,1.1,0.9908668317774815
2757,1.1,0.9908668317774815
2758,1.1,0.9908668317774815
2759,1.1,0.9908668317774815
2760,1.1,0.9908668317774815
2761,1.1,0.9908668317774815
2762,1.1,0.9908668317774815
2763,1.1,0.9908668317774815
2764,1.1,0.9908668317774815
2765,1.1,0.9908668317774815
2766,1.1,0.9908668317774815
2767,1.1,0.9908668317774815
2768,1.1,0.9908668317774815
2769,1.1,0.9908668317774815
2770,1.1,0.9908668317774815
2771,1.1,0.9908668317774815
2772,1.1,0.9908668317774815
2773,1.1,0.9908668317774815
2774,1.1,0.9908668317774815
2775,1.1,0.9908668317774815
2776,1.1,0.9908668317774815
2777,1.1,0.9908668317774815
2778,1.1,0.9908668317774815
2779,1.1,0.9908668317774815
2780,1.1,0.9908668317774815
2781,1.1,0.9908668317774815
2782,1.1,0.9908668317774815
2783,1.1,0.9908668317774815
2784,1.1,0.9908668317774815
2785,1.1,0.9908668317774815
2786,1.1,0.9908668317774815
2787,1.1,0.9908668317774815
2788,1.1,0.9908668317774815
2789,1.1,0.9908668317774815
2790,1.1,0.9908668317774815
2791,1.1,0.9908668317774815
2792,1.1,0.9908668317774815
2793,1.1,0.9908668317774815
2794,1.1,0.9908668317774815
2795,1.1,0.9908668317774815
2796,1.1,0.9908668317774815
2797,1.1,0.9908668317774815
2798,1.1,0.9908668317774815
2799,1.1,0.9908668317774815
2800,1.1,0.9908668317774815
2801,1.1,0.9908668317774815
2802,1.1,0.9908668317774815
2803,1.1,0.9908668317774815
2804,1.1,0.9908668317774815
2805,1.1,0.9908668317774815
2806,1.1,0.9908668317774815
2807,1.1,0.9908668317774815
2808,1.1,0.9908668317774815
2809,1.1,0.9908668317774815
2810,1.1,0.9908668317774815
2811,1.1,0.9908668317774815
2812,1.1,0.9908668317774815
2813,1.1,0.9908668317774815
2814,1.1,0.9908668317774815
2815,1.1,0.9908668317774815
2816,1.1,0.9908668317774815
2817,1.1,0.9908668317774815
2818,1.1,0.9908668317774815
2819,1.1,0.9908668317774815
2820,1.1,0.9908668317774815
2821,1.1,0.9908668317774815
2822,1.1,0.9908668317774815
2823,1.1,0.9908668317774815
2824,1.1,0.9908668317774815
2825,1.1,0.9908668317774815
2826,1.1,0.9908668317774815
2827,1.1,0.9908668317774815
2828,1.1,0.9908668317774815
2829,1.1,0.9908668317774815
2830,1.1,0.9908668317774815
2831,1.1,0.9908668317774815
2832,1.1,0.9908668317774815
2833,1.1,0.9908668317774815
2834,1.1,0.9908668317774815
2835,1.1,0.9908668317774815
2836,1.1,0.9908668317774815
2837,1.1,0.9908668317774815
2838,1.1,0.9908668317774815
2839,1.1,0.9908668317774815
2840,1.1,0.9908668317774815
2841,1.1,0.9908668317774815
2842,1.1,0.9908668317774815
2843,1.1,0.9908668317774815
2844,1.1,0.9908668317774815
2845,1.1,0.9908668317774815
2846,1.1,0.9908668317774815
2847,1.1,0.9908668317774815
2848,1.1,0.9908668317774815
2849,1.1,0.9908668317774815
2850,1.1,0.9908668317774815
2851,1.1,0.9908668317774815
2852,1.1,0.9908668317774815
2853,1.1,0.9908668317774815
2854,1.1,0.9908668317774815
2855,1.1,0.9908668317774815
2856,1.1,0.9908668317774815
2857,1.1,0.9908668317774815
2858,1.1,0.9908668317774815
2859,1.1,0.9908668317774815
2860,1.1,0.9908668317774815
2861,1.1,0.9908668317774815
2862,1.1,0.9908668317774815
2863,1.1,0.9908668317774815
2864,1.1,0.9908668317774815
2865,1.1,0.9908668317774815
2866,1.1,0.9908668317774815
2867,1.1,0.9908668317774815
2868,1.1,0.9908668317774815
2869,1.1,0.9908668317774815
2870,1.1,0.9908668317774815
2871,1.1,0.9908668317774815
2872,1.1,0.9908668317774815
2873,1.1,0.9908668317774815
2874,1.1,0.9908668317774815
2875,0.9650000000000001,0.9908668317774815
2876,0.8300000000000001,0.9908668317774815
2877,0.8300000000000001,0.9908668317774815
2878,0.8300000000000001,0.9908668317774815
2879,0.8300000000000001,0.9908668317774815
2880,0.8300000000000001,0.9908668317774815
2881,0.8300000000000001,0.9908668317774815
2882,0.8300000000000001,0.9908668317774815
2883,0.8300000000000001,0.9908668317774815
2884,0.8300000000000001,0.9908668317774815
2885,0.8300000000000001,0.9908668317774815
2886,0.8300000000000001,0.9908668317774815
2887,0.8300000000000001,0.9908668317774815
2888,0.8300000000000001,0.9908668317774815
2889,0.8300000000000001,0.9908668317774815
2890,0.8300000000000001,0.9908668317774815
2891,0.8300000000000001,0.9908668317774815
2892,0.8300000000000001,0.9908668317774815
2893,0.8300000000000001,0.9908668317774815
2894,0.8300000000000001,0.9908668317774815
2895,0.8300000000000001,0.9908668317774815
2896,0.8300000000000001,0.9908668317774815
2897,0.8300000000000001,0.9908668317774815
2898,0.8300000000000001,0.9908668317774815
2899,0.8300000000000001,0.9908668317774815
2900,0.8300000000000001,0.9908668317774815
2901,0.8300000000000001,0.9908668317774815
2902,0.8300000000000001,0.9908668317774815
2903,0.8300000000000001,0.9908668317774815
2904,0.8300000000000001,0.9908668317774815
2905,0.8300000000000001,0.9908668317774815
2906,0.8300000000000001,0.9908668317774815
2907,0.8300000000000001,0.9908668317774815
2908,0.8300000000000001,0.9908668317774815
2909,0.8300000000000001,0.9908668317774815
2910,0.8300000000000001,0.9908668317774815
2911,0.8300000000000001,0.9908668317774815
2912,0.8300000000000001,0.9908668317774815
2913,0.8300000000000001,0.9908668317774815
2914,0.8300000000000001,0.9908668317774815
2915,0.8300000000000001,0.9908668317774815
2916,0.8300000000000001,0.9908668317774815
2917,0.8300000000000001,0.9908668317774815
2918,0.8300000000000001,0.9908668317774815
2919,0.8300000000000001,0.9908668317774815
2920,0.8300000000000001,0.9908668317774815
2921,0.8300000000000001,0.9908668317774815
2922,0.8300000000000001,0.9908668317774815
2923,0.8300000000000001,0.9908668317774815
2924,0.8300000000000001,0.9908668317774815
2925,0.8300000000000001,0.9908668317774815
2926,0.8300000000000001,0.9908668317774815
2927,0.8300000000000001,0.9908668317774815
2928,0.8300000000000001,0.9908668317774815
2929,0.8300000000000001,0.9908668317774815
2930,0.8300000000000001,0.9908668317774815
2931,0.8300000000000001,0.9908668317774815
2932,0.8300000000000001,0.9908668317774815
2933,0.8300000000000001,0.9908668317774815
2934,0.8300000000000001,0.9908668317774815
2935,0.8300000000000001,0.9908668317774815
2936,0.8300000000000001,0.9908668317774815
2937,0.8300000000000001,0.9908668317774815
2938,0.8300000000000001,0.9908668317774815
2939,0.8300000000000001,0.9908668317774815
2940,0.8300000000000001,0.9908668317774815
2941,0.8300000000000001,0.9908668317774815
2942,0.8300000000000001,0.9908668317774815
2943,0.8300000000000001,0.9908668317774815
2944,0.8300000000000001,0.9908668317774815
2945,0.8300000000000001,0.9908668317774815
2946,0.8300000000000001,0.9908668317774815
2947,0.8300000000000001,0.9908668317774815
2948,0.8300000000000001,0.9908668317774815
2949,0.8300000000000001,0.9908668317774815
2950,0.8300000000000001,0.9908668317774815
2951,0.8300000000000001,0.9908668317774815
2952,0.8300000000000001,0.9908668317774815
2953,0.8300000000000001,0.9908668317774815
2954,0.8300000000000001,0.9908668317774815
2955,0.8300000000000001,0.9908668317774815
2956,0.8300000000000001,0.9908668317774815
2957,0.8300000000000001,0.9908668317774815
2958,0.8300000000000001,0.9908668317774815
2959,0.8300000000000001,0.9908668317774815
2960,0.8300000000000001,0.9908668317774815
2961,0.8300000000000001,0.9908668317774815
2962,0.8300000000000001,0.9908668317774815
2963,0.8300000000000001,0.9908668317774815
2964,0.8300000000000001,0.9908668317774815
2965,0.8300000000000001,0.9908668317774815
2966,0.8300000000000001,0.9908668317774815
2967,0.8300000000000001,0.9908668317774815
2968,0.8300000000000001,0.9908668317774815
2969,0.8300000000000001,0.9908668317774815
2970,0.8300000000000001,0.9908668317774815
2971,0.8300000000000001,0.9908668317774815
2972,0.8300000000000001,0.9908668317774815
2973,0.8300000000000001,0.9908668317774815
2974,0.8300000000000001,0.9908668317774815
2975,0.8300000000000001,0.9908668317774815
2976,0.8300000000000001,0.9908668317774815
2977,0.8300000000000001,0.9908668317774815
2978,0.8300000000000001,0.9908668317774815
2979,0.8300000000000001,0.9908668317774815
2980,0.8300000000000001,0.9908668317774815
2981,0.8300000000000001,0.9908668317774815
2982,0.8300000000000001,0.9908668317774815
2983,0.8300000000000001,0.9908668317774815
2984,0.8300000000000001,0.9908668317774815
2985,0.8300000000000001,0.9908668317774815
2986,0.8300000000000001,0.9908668317774815
2987,0.8300000000000001,0.9908668317774815
2988,0.8300000000000001,0.9908668317774815
2989,0.8300000000000001,0.9908668317774815
2990,0.8300000000000001,0.9908668317774815
2991,0.8300000000000001,0.9908668317774815
2992,0.8300000000000001,0.9908668317774815
2993,0.8300000000000001,0.9908668317774815
2994,0.8300000000000001,0.9908668317774815
2995,0.8300000000000001,0.9908668317774815
2996,0.8300000000000001,0.9908668317774815
2997,0.8300000000000001,0.9908668317774815
2998,0.8300000000000001,0.9908668317774815
2999,0.8300000000000001,0.9908668317774815
3000,0.8300000000000001,0.9908668317774815
3001,0.8300000000000001,0.9908668317774815
3002,0.8300000000000001,0.9908668317774815
3003,0.8300000000000001,0.9908668317774815
3004,0.8300000000000001,0.9908668317774815
3005,0.8300000000000001,0.9908668317774815
3006,0.8300000000000001,0.9908668317774815
3007,0.8300000000000001,0.9908668317774815
3008,0.8300000000000001,0.9908668317774815
3009,0.8300000000000001,0.9908668317774815
3010,0.8300000000000001,0.9908668317774815
3011,0.8300000000000001,0.9908668317774815
3012,0.8300000000000001,0.9908668317774815
3013,0.8300000000000001,0.9908668317774815
3014,0.8300000000000001,0.9908668317774815
3015,0.8300000000000001,0.9908668317774815
3016,0.8300000000000001,0.9908668317774815
3017,0.8300000000000001,0.9908668317774815
3018,0.8300000000000001,0.9908668317774815
3019,0.8300000000000001,0.9908668317774815
3020,0.8300000000000001,0.9908668317774815
3021,0.8300000000000001,0.9908668317774815
3022,0.8300000000000001,0.9908668317774815
3023,0.8300000000000001,0.9908668317774815
3024,0.8300000000000001,0.9908668317774815
3025,0.8300000000000001,0.9908668317774815
3026,0.8300000000000001,0.9908668317774815
3027,0.8300000000000001,0.9908668317774815
3028,0.8300000000000001,0.9908668317774815
3029,0.8300000000000001,0.9908668317774815
3030,0.8300000000000001,0.9908668317774815
3031,0.8300000000000001,0.9908668317774815
3032,0.8300000000000001,0.9908668317774815
3033,0.8300000000000001,0.9908668317774815
3034,0.8300000000000001,0.9908668317774815
3035,0.8300000000000001,0.9908668317774815
3036,0.8300000000000001,0.9908668317774815
3037,0.8300000000000001,0.9908668317774815
3038,0.8300000000000001,0.9908668317774815
3039,0.8300000000000001,0.9908668317774815
3040,0.8300000000000001,0.9908668317774815
3041,0.8300000000000001,0.9908668317774815
3042,0.8300000000000001,0.9908668317774815
3043,0.8300000000000001,0.9908668317774815
3044,0.8300000000000001,0.9908668317774815
3045,0.8300000000000001,0.9908668317774815
3046,0.8300000000000001,0.9908668317774815
3047,0.8300000000000001,0.9908668317774815
3048,0.8300000000000001,0.9908668317774815
3049,0.8300000000000001,0.9908668317774815
3050,0.8300000000000001,0.9908668317774815
3051,0.8300000000000001,0.9908668317774815
3052,0.8300000000000001,0.9908668317774815
3053,0.8300000000000001,0.9908668317774815
3054,0.8300000000000001,0.9908668317774815
3055,0.8300000000000001,0.9908668317774815
3056,0.8300000000000001,0.9908668317774815
3057,0.8300000000000001,0.9908668317774815
3058,0.8300000000000001,0.9908668317774815
3059,0.8300000000000001,0.9908668317774815
3060,0.8300000000000001,0.9908668317774815
3061,0.8300000000000001,0.9908668317774815
3062,0.8300000000000001,0.9908668317774815
3063,0.8300000000000001,0.9908668317774815
3064,0.8300000000000001,0.9908668317774815
3065,0.8300000000000001,0.9908668317774815
3066,0.8300000000000001,0.9908668317774815
3067,0.8300000000000001,0.9908668317774815
3068,0.8300000000000001,0.9908668317774815
3069,0.8300000000000001,0.9908668317774815
3070,0.8300000000000001,0.9908668317774815
3071,0.8300000000000001,0.9908668317774815
3072,0.6950000000000001,0.9908668317774815
3073,0.56,0.9908668317774815
3074,0.56,0.9908668317774815
3075,0.56,0.9908668317774815
3076,0.56,0.9908668317774815
3077,0.56,0.9908668317774815
3078,0.56,0.9908668317774815
3079,0.56,0.9908668317774815
3080,0.56,0.9908668317774815
3081,0.56,0.9908668317774815
3082,0.56,0.9908668317774815
3083,0.56,0.9908668317774815
3084,0.56,0.9908668317774815
3085,0.56,0.9908668317774815
3086,0.56,0.9908668317774815
3087,0.56,0.9908668317774815
3088,0.56,0.9908668317774815
3089,0.56,0.9908668317774815
3090,0.56,0.9908668317774815
3091,0.56,0.9908668317774815
3092,0.56,0.9908668317774815
3093,0.56,0.9908668317774815
3094,0.56,0.9908668317774815
3095,0.56,0.9908668317774815
3096,0.56,0.9908668317774815
3097,0.56,0.9908668317774815
3098,0.56,0.9908668317774815
3099,0.56,0.9908668317774815
3100,0.56,0.9908668317774815
3101,0.56,0.9908668317774815
3102,0.56,0.9908668317774815
3103,0.56,0.9908668317774815
3104,0.56,0.9908668317774815
3105,0.56,0.9908668317774815
3106,0.56,0.9908668317774815
3107,0.56,0.9908668317774815
3108,0.56,0.9908668317774815
3109,0.56,0.9908668317774815
3110,0.56,0.9908668317774815
3111,0.56,0.9908668317774815
3112,0.56,0.9908668317774815
3113,0.56,0.9908668317774815
3114,0.56,0.9908668317774815
3115,0.56,0.9908668317774815
3116,0.56,0.9908668317774815
3117,0.56,0.9908668317774815
3118,0.56,0.9908668317774815
3119,0.56,0.9908668317774815
3120,0.56,0.9908668317774815
3121,0.56,0.9908668317774815
3122,0.56,0.9908668317774815
3123,0.56,0.9908668317774815
3124,0.56,0.9908668317774815
3125,0.56,0.9908668317774815
3126,0.56,0.9908668317774815
3127,0.56,0.9908668317774815
3128,0.56,0.9908668317774815
3129,0.56,0.9908668317774815
3130,0.56,0.9908668317774815
3131,0.56,0.9908668317774815
3132,0.56,0.9908668317774815
3133,0.56,0.9908668317774815
3134,0.56,0.9908668317774815
3135,0.56,0.9908668317774815
3136,0.56,0.9908668317774815
3137,0.56,0.9908668317774815
3138,0.56,0.9908668317774815
3139,0.56,0.9908668317774815
3140,0.56,0.9908668317774815
3141,0.56,0.9908668317774815
3142,0.56,0.9908668317774815
3143,0.56,0.9908668317774815
3144,0.56,0.9908668317774815
3145,0.56,0.9908668317774815
3146,0.56,0.9908668317774815
3147,0.56,0.9908668317774815
3148,0.56,0.9908668317774815
3149,0.56,0.9908668317774815
3150,0.56,0.9908668317774815
3151,0.56,0.9908668317774815
3152,0.56,0.9908668317774815
3153,0.56,0.9908668317774815
3154,0.56,0.9908668317774815
3155,0.56,0.9908668317774815
3156,0.56,0.9908668317774815
3157,0.56,0.9908668317774815
3158,0.56,0.9908668317774815
3159,0.56,0.9908668317774815
3160,0.56,0.9908668317774815
3161,0.56,0.9908668317774815
3162,0.56,0.9908668317774815
3163,0.56,0.9908668317774815
3164,0.56,0.9908668317774815
3165,0.56,0.9908668317774815
3166,0.56,0.9908668317774815
3167,0.56,0.9908668317774815
3168,0.56,0.9908668317774815
3169,0.56,0.9908668317774815
3170,0.56,0.9908668317774815
3171,0.42500000000000004,0.9908668317774815
3172,0.42500000000000004,0.9908668317774815
3173,0.42500000000000004,0.9908668317774815
3174,0.42500000000000004,0.9908668317774815
3175,0.42500000000000004,0.9908668317774815
3176,0.42500000000000004,0.9908668317774815
3177,0.42500000000000004,0.9908668317774815
3178,0.42500000000000004,0.9908668317774815
3179,0.42500000000000004,0.9908668317774815
3180,0.42500000000000004,0.9908668317774815
3181,0.42500000000000004,0.9908668317774815
3182,0.42500000000000004,0.9908668317774815
3183,0.42500000000000004,0.9908668317774815
3184,0.42500000000000004,0.9908668317774815
3185,0.42500000000000004,0.9908668317774815
3186,0.42500000000000004,0.9908668317774815
3187,0.42500000000000004,0.9908668317774815
3188,0.42500000000000004,0.9908668317774815
3189,0.42500000000000004,0.9908668317774815
3190,0.42500000000000004,0.9908668317774815
3191,0.42500000000000004,0.9908668317774815
3192,0.42500000000000004,0.9908668317774815
3193,0.42500000000000004,0.9908668317774815
3194,0.42500000000000004,0.9908668317774815
3195,0.42500000000000004,0.9908668317774815
3196,0.42500000000000004,0.9908668317774815
3197,0.42500000000000004,0.9908668317774815
3198,0.42500000000000004,0.9908668317774815
3199,0.42500000000000004,0.9908668317774815
3200,0.42500000000000004,0.9908668317774815
3201,0.42500000000000004,0.9908668317774815
3202,0.42500000000000004,0.9908668317774815
3203,0.42500000000000004,0.9908668317774815
3204,0.42500000000000004,0.9908668317774815
3205,0.42500000000000004,0.9908668317774815
3206,0.42500000000000004,0.9908668317774815
3207,0.42500000000000004,0.9908668317774815
3208,0.42500000000000004,0.9908668317774815
3209,0.42500000000000004,0.9908668317774815
3210,0.42500000000000004,0.9908668317774815
3211,0.42500000000000004,0.9908668317774815
3212,0.42500000000000004,0.9908668317774815
3213,0.42500000000000004,0.9908668317774815
3214,0.42500000000000004,0.9908668317774815
3215,0.42500000000000004,0.9908668317774815
3216,0.42500000000000004,0.9908668317774815
3217,0.42500000000000004,0.9908668317774815
3218,0.42500000000000004,0.9908668317774815
3219,0.42500000000000004,0.9908668317774815
3220,0.42500000000000004,0.9908668317774815
3221,0.42500000000000004,0.9908668317774815
3222,0.42500000000000004,0.9908668317774815
3223,0.42500000000000004,0.9908668317774815
3224,0.42500000000000004,0.9908668317774815
3225,0.42500000000000004,0.9908668317774815
3226,0.42500000000000004,0.9908668317774815
3227,0.42500000000000004,0.9908668317774815
3228,0.42500000000000004,0.9908668317774815
3229,0.42500000000000004,0.9908668317774815
3230,0.42500000000000004,0.9908668317774815
3231,0.42500000000000004,0.9908668317774815
3232,0.42500000000000004,0.9908668317774815
3233,0.42500000000000004,0.9908668317774815
3234,0.42500000000000004,0.9908668317774815
3235,0.42500000000000004,0.9908668317774815
3236,0.42500000000000004,0.9908668317774815
3237,0.42500000000000004,0.9908668317774815
3238,0.42500000000000004,0.9908668317774815
3239,0.42500000000000004,0.9908668317774815
3240,0.42500000000000004,0.9908668317774815
3241,0.42500000000000004,0.9908668317774815
3242,0.42500000000000004,0.9908668317774815
3243,0.42500000000000004,0.9908668317774815
3244,0.42500000000000004,0.9908668317774815
3245,0.42500000000000004,0.9908668317774815
3246,0.42500000000000004,0.9908668317774815
3247,0.42500000000000004,0.9908668317774815
3248,0.42500000000000004,0.9908668317774815
3249,0.42500000000000004,0.9908668317774815
3250,0.42500000000000004,0.9908668317774815
3251,0.42500000000000004,0.9908668317774815
3252,0.42500000000000004,0.9908668317774815
3253,0.42500000000000004,0.9908668317774815
3254,0.42500000000000004,0.9908668317774815
3255,0.42500000000000004,0.9908668317774815
3256,0.42500000000000004,0.9908668317774815
3257,0.42500000000000004,0.9908668317774815
3258,0.42500000000000004,0.9908668317774815
3259,0.42500000000000004,0.9908668317774815
3260,0.42500000000000004,0.9908668317774815
3261,0.42500000000000004,0.9908668317774815
3262,0.42500000000000004,0.9908668317774815
3263,0.42500000000000004,0.9908668317774815
3264,0.42500000000000004,0.9908668317774815
3265,0.42500000000000004,0.9908668317774815
3266,0.42500000000000004,0.9908668317774815
3267,0.42500000000000004,0.9908668317774815
3268,0.42500000000000004,0.9908668317774815
3269,0.42500000000000004,0.9908668317774815
3270,0.42500000000000004,0.9908668317774815
3271,0.42500000000000004,0.9908668317774815
3272,0.42500000000000004,0.9908668317774815
3273,0.42500000000000004,0.9908668317774815
3274,0.42500000000000004,0.9908668317774815
3275,0.42500000000000004,0.9908668317774815
3276,0.42500000000000004,0.9908668317774815
3277,0.42500000000000004,0.9908668317774815
3278,0.42500000000000004,0.9908668317774815
3279,0.42500000000000004,0.9908668317774815
3280,0.42500000000000004,0.9908668317774815
3281,0.42500000000000004,0.9908668317774815
3282,0.42500000000000004,0.9908668317774815
3283,0.42500000000000004,0.9908668317774815
3284,0.42500000000000004,0.9908668317774815
3285,0.42500000000000004,0.9908668317774815
3286,0.42500000000000004,0.9908668317774815
3287,0.42500000000000004,0.9908668317774815
3288,0.42500000000000004,0.9908668317774815
3289,0.42500000000000004,0.9908668317774815
3290,0.42500000000000004,0.9908668317774815
3291,0.42500000000000004,0.9908668317774815
3292,0.42500000000000004,0.9908668317774815
3293,0.42500000000000004,0.9908668317774815
3294,0.42500000000000004,0.9908668317774815
3295,0.42500000000000004,0.9908668317774815
3296,0.42500000000000004,0.9908668317774815
3297,0.42500000000000004,0.9908668317774815
3298,0.42500000000000004,0.9908668317774815
3299,0.42500000000000004,0.9908668317774815
3300,0.42500000000000004,0.9908668317774815
3301,0.42500000000000004,0.9908668317774815
3302,0.42500000000000004,0.9908668317774815
3303,0.42500000000000004,0.9908668317774815
3304,0.42500000000000004,0.9908668317774815
3305,0.42500000000000004,0.9908668317774815
3306,0.42500000000000004,0.9908668317774815
3307,0.42500000000000004,0.9908668317774815
3308,0.42500000000000004,0.9908668317774815
3309,0.42500000000000004,0.9908668317774815
3310,0.42500000000000004,0.9908668317774815
3311,0.42500000000000004,0.9908668317774815
3312,0.42500000000000004,0.9908668317774815
3313,0.42500000000000004,0.9908668317774815
3314,0.42500000000000004,0.9908668317774815
3315,0.42500000000000004,0.9908668317774815
3316,0.42500000000000004,0.9908668317774815
3317,0.42500000000000004,0.9908668317774815
3318,0.42500000000000004,0.9908668317774815
3319,0.42500000000000004,0.9908668317774815
3320,0.42500000000000004,0.9908668317774815
3321,0.42500000000000004,0.9908668317774815
3322,0.42500000000000004,0.9908668317774815
3323,0.42500000000000004,0.9908668317774815
3324,0.42500000000000004,0.9908668317774815
3325,0.42500000000000004,0.9908668317774815
3326,0.42500000000000004,0.9908668317774815
3327,0.42500000000000004,0.9908668317774815
3328,0.42500000000000004,0.9908668317774815
3329,0.42500000000000004,0.9908668317774815
3330,0.42500000000000004,0.9908668317774815
3331,0.42500000000000004,0.9908668317774815
3332,0.42500000000000004,0.9908668317774815
3333,0.42500000000000004,0.9908668317774815
3334,0.42500000000000004,0.9908668317774815
3335,0.42500000000000004,0.9908668317774815
3336,0.42500000000000004,0.9908668317774815
3337,0.42500000000000004,0.9908668317774815
3338,0.42500000000000004,0.9908668317774815
3339,0.42500000000000004,0.9908668317774815
3340,0.42500000000000004,0.9908668317774815
3341,0.42500000000000004,0.9908668317774815
3342,0.42500000000000004,0.9908668317774815
3343,0.42500000000000004,0.9908668317774815
3344,0.42500000000000004,0.9908668317774815
3345,0.42500000000000004,0.9908668317774815
3346,0.42500000000000004,0.9908668317774815
3347,0.42500000000000004,0.9908668317774815
3348,0.42500000000000004,0.9908668317774815
3349,0.42500000000000004,0.9908668317774815
3350,0.42500000000000004,0.9908668317774815
3351,0.42500000000000004,0.9908668317774815
3352,0.42500000000000004,0.9908668317774815
3353,0.42500000000000004,0.9908668317774815
3354,0.42500000000000004,0.9908668317774815
3355,0.42500000000000004,0.9908668317774815
3356,0.42500000000000004,0.9908668317774815
3357,0.42500000000000004,0.9908668317774815
3358,0.42500000000000004,0.9908668317774815
3359,0.42500000000000004,0.9908668317774815
3360,0.42500000000000004,0.9908668317774815
3361,0.42500000000000004,0.9908668317774815
3362,0.42500000000000004,0.9908668317774815
3363,0.42500000000000004,0.9908668317774815
3364,0.42500000000000004,0.9908668317774815
3365,0.42500000000000004,0.9908668317774815
3366,0.42500000000000004,0.9908668317774815
3367,0.42500000000000004,0.9908668317774815
3368,0.42500000000000004,0.9908668317774815
3369,0.42500000000000004,0.9908668317774815
3370,0.42500000000000004,0.9908668317774815
3371,0.42500000000000004,0.9908668317774815
3372,0.42500000000000004,0.9908668317774815
3373,0.42500000000000004,0.9908668317774815
3374,0.42500000000000004,0.9908668317774815
3375,0.42500000000000004,0.9908668317774815
3376,0.42500000000000004,0.9908668317774815
3377,0.42500000000000004,0.9908668317774815
3378,0.42500000000000004,0.9908668317774815
3379,0.42500000000000004,0.9908668317774815
3380,0.42500000000000004,0.9908668317774815
3381,0.42500000000000004,0.9908668317774815
3382,0.42500000000000004,0.9908668317774815
3383,0.42500000000000004,0.9908668317774815
3384,0.42500000000000004,0.9908668317774815
3385,0.42500000000000004,0.9908668317774815
3386,0.42500000000000004,0.9908668317774815
3387,0.42500000000000004,0.9908668317774815
3388,0.42500000000000004,0.9908668317774815
3389,0.42500000000000004,0.9908668317774815
3390,0.42500000000000004,0.9908668317774815
3391,0.42500000000000004,0.9908668317774815
3392,0.42500000000000004,0.9908668317774815
3393,0.42500000000000004,0.9908668317774815
3394,0.42500000000000004,0.9908668317774815
3395,0.42500000000000004,0.9908668317774815
3396,0.42500000000000004,0.9908668317774815
3397,0.42500000000000004,0.9908668317774815
3398,0.42500000000000004,0.9908668317774815
3399,0.42500000000000004,0.9908668317774815
3400,0.42500000000000004,0.9908668317774815
3401,0.42500000000000004,0.9908668317774815
3402,0.42500000000000004,0.9908668317774815
3403,0.42500000000000004,0.9908668317774815
3404,0.42500000000000004,0.9908668317774815
3405,0.42500000000000004,0.9908668317774815
3406,0.42500000000000004,0.9908668317774815
3407,0.42500000000000004,0.9908668317774815
3408,0.42500000000000004,0.9908668317774815
3409,0.42500000000000004,0.9908668317774815
3410,0.42500000000000004,0.9908668317774815
3411,0.42500000000000004,0.9908668317774815
3412,0.42500000000000004,0.9908668317774815
3413,0.42500000000000004,0.9908668317774815
3414,0.42500000000000004,0.9908668317774815
3415,0.42500000000000004,0.9908668317774815
3416,0.42500000000000004,0.9908668317774815
3417,0.42500000000000004,0.9908668317774815
3418,0.42500000000000004,0.9908668317774815
3419,0.42500000000000004,0.9908668317774815
3420,0.42500000000000004,0.9908668317774815
3421,0.42500000000000004,0.9908668317774815
3422,0.42500000000000004,0.9908668317774815
3423,0.42500000000000004,0.9908668317774815
3424,0.42500000000000004,0.9908668317774815
3425,0.42500000000000004,0.9908668317774815
3426,0.42500000000000004,0.9908668317774815
3427,0.42500000000000004,0.9908668317774815
3428,0.42500000000000004,0.9908668317774815
3429,0.42500000000000004,0.9908668317774815
3430,0.42500000000000004,0.9908668317774815
3431,0.42500000000000004,0.9908668317774815
3432,0.42500000000000004,0.9908668317774815
3433,0.42500000000000004,0.9908668317774815
3434,0.42500000000000004,0.9908668317774815
3435,0.42500000000000004,0.9908668317774815
3436,0.42500000000000004,0.9908668317774815
3437,0.42500000000000004,0.9908668317774815
3438,0.42500000000000004,0.9908668317774815
3439,0.42500000000000004,0.9908668317774815
3440,0.42500000000000004,0.9908668317774815
3441,0.42500000000000004,0.9908668317774815
3442,0.42500000000000004,0.9908668317774815
3443,0.42500000000000004,0.9908668317774815
3444,0.42500000000000004,0.9908668317774815
3445,0.42500000000000004,0.9908668317774815
3446,0.42500000000000004,0.9908668317774815
3447,0.42500000000000004,0.9908668317774815
3448,0.42500000000000004,0.9908668317774815
3449,0.42500000000000004,0.9908668317774815
3450,0.42500000000000004,0.9908668317774815
3451,0.42500000000000004,0.9908668317774815
3452,0.42500000000000004,0.9908668317774815
3453,0.42500000000000004,0.9908668317774815
3454,0.42500000000000004,0.9908668317774815
3455,0.42500000000000004,0.9908668317774815
3456,0.42500000000000004,0.9908668317774815
3457,0.42500000000000004,0.9908668317774815
3458,0.42500000000000004,0.9908668317774815
3459,0.42500000000000004,0.9908668317774815
3460,0.42500000000000004,0.9908668317774815
3461,0.42500000000000004,0.9908668317774815
3462,0.42500000000000004,0.9908668317774815
3463,0.42500000000000004,0.9908668317774815
3464,0.42500000000000004,0.9908668317774815
3465,0.42500000000000004,0.9908668317774815
3466,0.42500000000000004,0.9908668317774815
3467,0.42500000000000004,0.9908668317774815
3468,0.42500000000000004,0.9908668317774815
3469,0.42500000000000004,0.9908668317774815
3470,0.42500000000000004,0.9908668317774815
3471,0.42500000000000004,0.9908668317774815
3472,0.42500000000000004,0.9908668317774815
3473,0.42500000000000004,0.9908668317774815
3474,0.42500000000000004,0.9908668317774815
3475,0.42500000000000004,0.9908668317774815
3476,0.42500000000000004,0.9908668317774815
3477,0.42500000000000004,0.9908668317774815
3478,0.42500000000000004,0.9908668317774815
3479,0.42500000000000004,0.9908668317774815
3480,0.42500000000000004,0.9908668317774815
3481,0.42500000000000004,0.9908668317774815
3482,0.42500000000000004,0.9908668317774815
3483,0.42500000000000004,0.9908668317774815
3484,0.42500000000000004,0.9908668317774815
3485,0.42500000000000004,0.9908668317774815
3486,0.42500000000000004,0.9908668317774815
3487,0.42500000000000004,0.9908668317774815
3488,0.42500000000000004,0.9908668317774815
3489,0.42500000000000004,0.9908668317774815
3490,0.42500000000000004,0.9908668317774815
3491,0.42500000000000004,0.9908668317774815
3492,0.42500000000000004,0.9908668317774815
3493,0.42500000000000004,0.9908668317774815
3494,0.42500000000000004,0.9908668317774815
3495,0.42500000000000004,0.9908668317774815
3496,0.42500000000000004,0.9908668317774815
3497,0.42500000000000004,0.9908668317774815
3498,0.42500000000000004,0.9908668317774815
3499,0.42500000000000004,0.9908668317774815
3500,0.42500000000000004,0.9908668317774815
3501,0.42500000000000004,0.9908668317774815
3502,0.42500000000000004,0.9908668317774815
3503,0.42500000000000004,0.9908668317774815
3504,0.42500000000000004,0.9908668317774815
3505,0.42500000000000004,0.9908668317774815
3506,0.42500000000000004,0.9908668317774815
3507,0.42500000000000004,0.9908668317774815
3508,0.42500000000000004,0.9908668317774815
3509,0.42500000000000004,0.9908668317774815
3510,0.42500000000000004,0.9908668317774815
3511,0.42500000000000004,0.9908668317774815
3512,0.42500000000000004,0.9908668317774815
3513,0.42500000000000004,0.9908668317774815
3514,0.42500000000000004,0.9908668317774815
3515,0.42500000000000004,0.9908668317774815
3516,0.42500000000000004,0.9908668317774815
3517,0.42500000000000004,0.9908668317774815
3518,0.42500000000000004,0.9908668317774815
3519,0.42500000000000004,0.9908668317774815
3520,0.42500000000000004,0.9908668317774815
3521,0.42500000000000004,0.9908668317774815
3522,0.42500000000000004,0.9908668317774815
3523,0.42500000000000004,0.9908668317774815
3524,0.42500000000000004,0.9908668317774815
3525,0.42500000000000004,0.9908668317774815
3526,0.42500000000000004,0.9908668317774815
3527,0.42500000000000004,0.9908668317774815
3528,0.42500000000000004,0.9908668317774815
3529,0.42500000000000004,0.9908668317774815
3530,0.42500000000000004,0.9908668317774815
3531,0.42500000000000004,0.9908668317774815
3532,0.42500000000000004,0.9908668317774815
3533,0.42500000000000004,0.9908668317774815
3534,0.42500000000000004,0.9908668317774815
3535,0.42500000000000004,0.9908668317774815
3536,0.42500000000000004,0.9908668317774815
3537,0.42500000000000004,0.9908668317774815
3538,0.42500000000000004,0.9908668317774815
3539,0.42500000000000004,0.9908668317774815
3540,0.42500000000000004,0.9908668317774815
3541,0.42500000000000004,0.9908668317774815
3542,0.42500000000000004,0.9908668317774815
3543,0.42500000000000004,0.9908668317774815
3544,0.42500000000000004,0.9908668317774815
3545,0.42500000000000004,0.9908668317774815
3546,0.42500000000000004,0.9908668317774815
3547,0.42500000000000004,0.9908668317774815
3548,0.42500000000000004,0.9908668317774815
3549,0.42500000000000004,0.9908668317774815
3550,0.42500000000000004,0.9908668317774815
3551,0.42500000000000004,0.9908668317774815
3552,0.42500000000000004,0.9908668317774815
3553,0.42500000000000004,0.9908668317774815
3554,0.42500000000000004,0.9908668317774815
3555,0.42500000000000004,0.9908668317774815
3556,0.42500000000000004,0.9908668317774815
3557,0.42500000000000004,0.9908668317774815
3558,0.42500000000000004,0.9908668317774815
3559,0.42500000000000004,0.9908668317774815
3560,0.42500000000000004,0.9908668317774815
3561,0.42500000000000004,0.9908668317774815
3562,0.42500000000000004,0.9908668317774815
3563,0.42500000000000004,0.9908668317774815
3564,0.42500000000000004,0.9908668317774815
3565,0.42500000000000004,0.9908668317774815
3566,0.42500000000000004,0.9908668317774815
3567,0.42500000000000004,0.9908668317774815
3568,0.42500000000000004,0.9908668317774815
3569,0.42500000000000004,0.9908668317774815
3570,0.42500000000000004,0.9908668317774815
3571,0.42500000000000004,0.9908668317774815
3572,0.42500000000000004,0.9908668317774815
3573,0.42500000000000004,0.9908668317774815
3574,0.42500000000000004,0.9908668317774815
3575,0.42500000000000004,0.9908668317774815
3576,0.42500000000000004,0.9908668317774815
3577,0.42500000000000004,0.9908668317774815
3578,0.42500000000000004,0.9908668317774815
3579,0.42500000000000004,0.9908668317774815
3580,0.42500000000000004,0.9908668317774815
3581,0.42500000000000004,0.9908668317774815
3582,0.42500000000000004,0.9908668317774815
3583,0.42500000000000004,0.9908668317774815
3584,0.42500000000000004,0.9908668317774815
3585,0.42500000000000004,0.9908668317774815
3586,0.42500000000000004,0.9908668317774815
3587,0.42500000000000004,0.9908668317774815
3588,0.42500000000000004,0.9908668317774815
3589,0.42500000000000004,0.9908668317774815
3590,0.42500000000000004,0.9908668317774815
3591,0.42500000000000004,0.9908668317774815
3592,0.42500000000000004,0.9908668317774815
3593,0.42500000000000004,0.9908668317774815
3594,0.42500000000000004,0.9908668317774815
3595,0.42500000000000004,0.9908668317774815
3596,0.42500000000000004,0.9908668317774815
3597,0.42500000000000004,0.9908668317774815
3598,0.42500000000000004,0.9908668317774815
3599,0.42500000000000004,0.9908668317774815
3600,0.42500000000000004,0.9908668317774815
3601,0.42500000000000004,0.9908668317774815
3602,0.42500000000000004,0.9908668317774815
3603,0.42500000000000004,0.9908668317774815
3604,0.42500000000000004,0.9908668317774815
3605,0.42500000000000004,0.9908668317774815
3606,0.42500000000000004,0.9908668317774815
3607,0.42500000000000004,0.9908668317774815
3608,0.42500000000000004,0.9908668317774815
3609,0.42500000000000004,0.9908668317774815
3610,0.42500000000000004,0.9908668317774815
3611,0.42500000000000004,0.9908668317774815
3612,0.42500000000000004,0.9908668317774815
3613,0.42500000000000004,0.9908668317774815
3614,0.42500000000000004,0.9908668317774815
3615,0.42500000000000004,0.9908668317774815
3616,0.42500000000000004,0.9908668317774815
3617,0.42500000000000004,0.9908668317774815
3618,0.42500000000000004,0.9908668317774815
3619,0.42500000000000004,0.9908668317774815
3620,0.42500000000000004,0.9908668317774815
3621,0.42500000000000004,0.9908668317774815
3622,0.42500000000000004,0.9908668317774815
3623,0.42500000000000004,0.9908668317774815
3624,0.42500000000000004,0.9908668317774815
3625,0.42500000000000004,0.9908668317774815
3626,0.42500000000000004,0.9908668317774815
3627,0.42500000000000004,0.9908668317774815
3628,0.42500000000000004,0.9908668317774815
3629,0.42500000000000004,0.9908668317774815
3630,0.42500000000000004,0.9908668317774815
3631,0.42500000000000004,0.9908668317774815
3632,0.42500000000000004,0.9908668317774815
3633,0.42500000000000004,0.9908668317774815
3634,0.42500000000000004,0.9908668317774815
3635,0.42500000000000004,0.9908668317774815
3636,0.42500000000000004,0.9908668317774815
3637,0.42500000000000004,0.9908668317774815
3638,0.42500000000000004,0.9908668317774815
3639,0.42500000000000004,0.9908668317774815
3640,0.42500000000000004,0.9908668317774815
3641,0.42500000000000004,0.9908668317774815
3642,0.42500000000000004,0.9908668317774815
3643,0.42500000000000004,0.9908668317774815
3644,0.42500000000000004,0.9908668317774815
3645,0.42500000000000004,0.9908668317774815
3646,0.42500000000000004,0.9908668317774815
3647,0.42500000000000004,0.9908668317774815
3648,0.42500000000000004,0.9908668317774815
3649,0.42500000000000004,0.9908668317774815
3650,0.42500000000000004,0.9908668317774815
3651,0.42500000000000004,0.9908668317774815
3652,0.42500000000000004,0.9908668317774815
3653,0.42500000000000004,0.9908668317774815
3654,0.42500000000000004,0.9908668317774815
3655,0.42500000000000004,0.9908668317774815
3656,0.42500000000000004,0.9908668317774815
3657,0.42500000000000004,0.9908668317774815
3658,0.42500000000000004,0.9908668317774815
3659,0.42500000000000004,0.9908668317774815
3660,0.42500000000000004,0.9908668317774815
3661,0.42500000000000004,0.9908668317774815
3662,0.42500000000000004,0.9908668317774815
3663,0.42500000000000004,0.9908668317774815
3664,0.42500000000000004,0.9908668317774815
3665,0.42500000000000004,0.9908668317774815
3666,0.42500000000000004,0.9908668317774815
3667,0.42500000000000004,0.9908668317774815
3668,0.42500000000000004,0.9908668317774815
3669,0.42500000000000004,0.9908668317774815
3670,0.42500000000000004,0.9908668317774815
3671,0.42500000000000004,0.9908668317774815
3672,0.42500000000000004,0.9908668317774815
3673,0.42500000000000004,0.9908668317774815
3674,0.42500000000000004,0.9908668317774815
3675,0.42500000000000004,0.9908668317774815
3676,0.42500000000000004,0.9908668317774815
3677,0.42500000000000004,0.9908668317774815
3678,0.42500000000000004,0.9908668317774815
3679,0.42500000000000004,0.9908668317774815
3680,0.42500000000000004,0.9908668317774815
3681,0.42500000000000004,0.9908668317774815
3682,0.42500000000000004,0.9908668317774815
3683,0.42500000000000004,0.9908668317774815
3684,0.42500000000000004,0.9908668317774815
3685,0.42500000000000004,0.9908668317774815
3686,0.42500000000000004,0.9908668317774815
3687,0.42500000000000004,0.9908668317774815
3688,0.42500000000000004,0.9908668317774815
3689,0.42500000000000004,0.9908668317774815
3690,0.42500000000000004,0.9908668317774815
3691,0.42500000000000004,0.9908668317774815
3692,0.42500000000000004,0.9908668317774815
3693,0.42500000000000004,0.9908668317774815
3694,0.42500000000000004,0.9908668317774815
3695,0.42500000000000004,0.9908668317774815
3696,0.42500000000000004,0.9908668317774815
3697,0.42500000000000004,0.9908668317774815
3698,0.42500000000000004,0.9908668317774815
3699,0.42500000000000004,0.9908668317774815
3700,0.42500000000000004,0.9908668317774815
3701,0.42500000000000004,0.9908668317774815
3702,0.42500000000000004,0.9908668317774815
3703,0.42500000000000004,0.9908668317774815
3704,0.42500000000000004,0.9908668317774815
3705,0.42500000000000004,0.9908668317774815
3706,0.42500000000000004,0.9908668317774815
3707,0.42500000000000004,0.9908668317774815
3708,0.42500000000000004,0.9908668317774815
3709,0.42500000000000004,0.9908668317774815
3710,0.42500000000000004,0.9908668317774815
3711,0.42500000000000004,0.9908668317774815
3712,0.42500000000000004,0.9908668317774815
3713,0.42500000000000004,0.9908668317774815
3714,0.42500000000000004,0.9908668317774815
3715,0.42500000000000004,0.9908668317774815
3716,0.42500000000000004,0.9908668317774815
3717,0.42500000000000004,0.9908668317774815
3718,0.42500000000000004,0.9908668317774815
3719,0.42500000000000004,0.9908668317774815
3720,0.42500000000000004,0.9908668317774815
3721,0.42500000000000004,0.9908668317774815
3722,0.42500000000000004,0.9908668317774815
3723,0.42500000000000004,0.9908668317774815
3724,0.42500000000000004,0.9908668317774815
3725,0.42500000000000004,0.9908668317774815
3726,0.42500000000000004,0.9908668317774815
3727,0.42500000000000004,0.9908668317774815
3728,0.42500000000000004,0.9908668317774815
3729,0.42500000000000004,0.9908668317774815
3730,0.42500000000000004,0.9908668317774815
3731,0.42500000000000004,0.9908668317774815
3732,0.42500000000000004,0.9908668317774815
3733,0.42500000000000004,0.9908668317774815
3734,0.42500000000000004,0.9908668317774815
3735,0.42500000000000004,0.9908668317774815
3736,0.42500000000000004,0.9908668317774815
3737,0.42500000000000004,0.9908668317774815
3738,0.42500000000000004,0.9908668317774815
3739,0.42500000000000004,0.9908668317774815
3740,0.42500000000000004,0.9908668317774815
3741,0.42500000000000004,0.9908668317774815
3742,0.42500000000000004,0.9908668317774815
3743,0.42500000000000004,0.9908668317774815
3744,0.42500000000000004,0.9908668317774815
3745,0.42500000000000004,0.9908668317774815
3746,0.42500000000000004,0.9908668317774815
3747,0.42500000000000004,0.9908668317774815
3748,0.42500000000000004,0.9908668317774815
3749,0.42500000000000004,0.9908668317774815
3750,0.42500000000000004,0.9908668317774815
3751,0.42500000000000004,0.9908668317774815
3752,0.42500000000000004,0.9908668317774815
3753,0.42500000000000004,0.9908668317774815
3754,0.42500000000000004,0.9908668317774815
3755,0.42500000000000004,0.9908668317774815
3756,0.42500000000000004,0.9908668317774815
3757,0.42500000000000004,0.9908668317774815
3758,0.42500000000000004,0.9908668317774815
3759,0.42500000000000004,0.9908668317774815
3760,0.42500000000000004,0.9908668317774815
3761,0.42500000000000004,0.9908668317774815
3762,0.42500000000000004,0.9908668317774815
3763,0.42500000000000004,0.9908668317774815
3764,0.42500000000000004,0.9908668317774815
3765,0.42500000000000004,0.9908668317774815
3766,0.42500000000000004,0.9908668317774815
3767,0.42500000000000004,0.9908668317774815
3768,0.42500000000000004,0.9908668317774815
3769,0.42500000000000004,0.9908668317774815
3770,0.42500000000000004,0.9908668317774815
3771,0.42500000000000004,0.9908668317774815
3772,0.42500000000000004,0.9908668317774815
3773,0.42500000000000004,0.9908668317774815
3774,0.42500000000000004,0.9908668317774815
3775,0.42500000000000004,0.9908668317774815
3776,0.42500000000000004,0.9908668317774815
3777,0.42500000000000004,0.9908668317774815
3778,0.42500000000000004,0.9908668317774815
3779,0.42500000000000004,0.9908668317774815
3780,0.42500000000000004,0.9908668317774815
3781,0.42500000000000004,0.9908668317774815
3782,0.42500000000000004,0.9908668317774815
3783,0.42500000000000004,0.9908668317774815
3784,0.42500000000000004,0.9908668317774815
3785,0.42500000000000004,0.9908668317774815
3786,0.42500000000000004,0.9908668317774815
3787,0.42500000000000004,0.9908668317774815
3788,0.42500000000000004,0.9908668317774815
3789,0.42500000000000004,0.9908668317774815
3790,0.42500000000000004,0.9908668317774815
3791,0.42500000000000004,0.9908668317774815
3792,0.42500000000000004,0.9908668317774815
3793,0.42500000000000004,0.9908668317774815
3794,0.42500000000000004,0.9908668317774815
3795,0.42500000000000004,0.9908668317774815
3796,0.42500000000000004,0.9908668317774815
3797,0.42500000000000004,0.9908668317774815
3798,0.42500000000000004,0.9908668317774815
3799,0.42500000000000004,0.9908668317774815
3800,0.42500000000000004,0.9908668317774815
3801,0.42500000000000004,0.9908668317774815
3802,0.42500000000000004,0.9908668317774815
3803,0.42500000000000004,0.9908668317774815
3804,0.42500000000000004,0.9908668317774815
3805,0.42500000000000004,0.9908668317774815
3806,0.42500000000000004,0.9908668317774815
3807,0.42500000000000004,0.9908668317774815
3808,0.42500000000000004,0.9908668317774815
3809,0.42500000000000004,0.9908668317774815
3810,0.42500000000000004,0.9908668317774815
3811,0.42500000000000004,0.9908668317774815
3812,0.42500000000000004,0.9908668317774815
3813,0.42500000000000004,0.9908668317774815
3814,0.42500000000000004,0.9908668317774815
3815,0.42500000000000004,0.9908668317774815
3816,0.42500000000000004,0.9908668317774815
3817,0.42500000000000004,0.9908668317774815
3818,0.42500000000000004,0.9908668317774815
3819,0.42500000000000004,0.9908668317774815
3820,0.42500000000000004,0.9908668317774815
3821,0.42500000000000004,0.9908668317774815
3822,0.42500000000000004,0.9908668317774815
3823,0.42500000000000004,0.9908668317774815
3824,0.42500000000000004,0.9908668317774815
3825,0.42500000000000004,0.9908668317774815
3826,0.42500000000000004,0.9908668317774815
3827,0.42500000000000004,0.9908668317774815
3828,0.42500000000000004,0.9908668317774815
3829,0.42500000000000004,0.9908668317774815
3830,0.42500000000000004,0.9908668317774815
3831,0.42500000000000004,0.9908668317774815
3832,0.42500000000000004,0.9908668317774815
3833,0.42500000000000004,0.9908668317774815
3834,0.42500000000000004,0.9908668317774815
3835,0.42500000000000004,0.9908668317774815
3836,0.42500000000000004,0.9908668317774815
3837,0.42500000000000004,0.9908668317774815
3838,0.42500000000000004,0.9908668317774815
3839,0.42500000000000004,0.9908668317774815
3840,0.42500000000000004,0.9908668317774815
3841,0.42500000000000004,0.9908668317774815
3842,0.42500000000000004,0.9908668317774815
3843,0.42500000000000004,0.9908668317774815
3844,0.42500000000000004,0.9908668317774815
3845,0.42500000000000004,0.9908668317774815
3846,0.42500000000000004,0.9908668317774815
3847,0.42500000000000004,0.9908668317774815
3848,0.42500000000000004,0.9908668317774815
3849,0.42500000000000004,0.9908668317774815
3850,0.42500000000000004,0.9908668317774815
3851,0.42500000000000004,0.9908668317774815
3852,0.42500000000000004,0.9908668317774815
3853,0.42500000000000004,0.9908668317774815
3854,0.42500000000000004,0.9908668317774815
3855,0.42500000000000004,0.9908668317774815
3856,0.42500000000000004,0.9908668317774815
3857,0.42500000000000004,0.9908668317774815
3858,0.42500000000000004,0.9908668317774815
3859,0.42500000000000004,0.9908668317774815
3860,0.42500000000000004,0.9908668317774815
3861,0.42500000000000004,0.9908668317774815
3862,0.42500000000000004,0.9908668317774815
3863,0.42500000000000004,0.9908668317774815
3864,0.29,0.9908668317774815
3865,0.29,0.9908668317774815
3866,0.29,0.9908668317774815
3867,0.29,0.9908668317774815
3868,0.29,0.9908668317774815
3869,0.29,0.9908668317774815
3870,0.29,0.9908668317774815
3871,0.29,0.9908668317774815
3872,0.29,0.9908668317774815
3873,0.29,0.9908668317774815
3874,0.29,0.9908668317774815
3875,0.29,0.9908668317774815
3876,0.29,0.9908668317774815
3877,0.29,0.9908668317774815
3878,0.29,0.9908668317774815
3879,0.29,0.9908668317774815
3880,0.29,0.9908668317774815
3881,0.29,0.9908668317774815
3882,0.29,0.9908668317774815
3883,0.29,0.9908668317774815
3884,0.29,0.9908668317774815
3885,0.29,0.9908668317774815
3886,0.29,0.9908668317774815
3887,0.29,0.9908668317774815
3888,0.29,0.9908668317774815
3889,0.29,0.9908668317774815
3890,0.29,0.9908668317774815
3891,0.29,0.9908668317774815
3892,0.29,0.9908668317774815
3893,0.29,0.9908668317774815
3894,0.29,0.9908668317774815
3895,0.29,0.9908668317774815
3896,0.29,0.9908668317774815
3897,0.29,0.9908668317774815
3898,0.29,0.9908668317774815
3899,0.29,0.9908668317774815
3900,0.29,0.9908668317774815
3901,0.29,0.9908668317774815
3902,0.29,0.9908668317774815
3903,0.29,0.9908668317774815
3904,0.29,0.9908668317774815
3905,0.29,0.9908668317774815
3906,0.29,0.9908668317774815
3907,0.29,0.9908668317774815
3908,0.29,0.9908668317774815
3909,0.29,0.9908668317774815
3910,0.29,0.9908668317774815
3911,0.29,0.9908668317774815
3912,0.29,0.9908668317774815
3913,0.29,0.9908668317774815
3914,0.29,0.9908668317774815
3915,0.29,0.9908668317774815
3916,0.29,0.9908668317774815
3917,0.29,0.9908668317774815
3918,0.29,0.9908668317774815
3919,0.29,0.9908668317774815
3920,0.29,0.9908668317774815
3921,0.29,0.9908668317774815
3922,0.29,0.9908668317774815
3923,0.29,0.9908668317774815
3924,0.29,0.9908668317774815
3925,0.29,0.9908668317774815
3926,0.29,0.9908668317774815
3927,0.29,0.9908668317774815
3928,0.29,0.9908668317774815
3929,0.29,0.9908668317774815
3930,0.29,0.9908668317774815
3931,0.29,0.9908668317774815
3932,0.29,0.9908668317774815
3933,0.29,0.9908668317774815
3934,0.29,0.9908668317774815
3935,0.29,0.9908668317774815
3936,0.29,0.9908668317774815
3937,0.29,0.9908668317774815
3938,0.29,0.9908668317774815
3939,0.29,0.9908668317774815
3940,0.29,0.9908668317774815
3941,0.29,0.9908668317774815
3942,0.29,0.9908668317774815
3943,0.29,0.9908668317774815
3944,0.29,0.9908668317774815
3945,0.29,0.9908668317774815
3946,0.29,0.9908668317774815
3947,0.29,0.9908668317774815
3948,0.29,0.9908668317774815
3949,0.29,0.9908668317774815
3950,0.29,0.9908668317774815
3951,0.29,0.9908668317774815
3952,0.29,0.9908668317774815
3953,0.29,0.9908668317774815
3954,0.29,0.9908668317774815
3955,0.29,0.9908668317774815
3956,0.29,0.9908668317774815
3957,0.29,0.9908668317774815
3958,0.29,0.9908668317774815
3959,0.29,0.9908668317774815
3960,0.29,0.9908668317774815
3961,0.29,0.9908668317774815
3962,0.29,0.9908668317774815
3963,0.29,0.9908668317774815
3964,0.29,0.9908668317774815
3965,0.29,0.9908668317774815
3966,0.29,0.9908668317774815
3967,0.29,0.9908668317774815
3968,0.29,0.9908668317774815
3969,0.29,0.9908668317774815
3970,0.29,0.9908668317774815
3971,0.29,0.9908668317774815
3972,0.29,0.9908668317774815
3973,0.29,0.9908668317774815
3974,0.29,0.9908668317774815
3975,0.29,0.9908668317774815
3976,0.29,0.9908668317774815
3977,0.29,0.9908668317774815
3978,0.29,0.9908668317774815
3979,0.29,0.9908668317774815
3980,0.29,0.9908668317774815
3981,0.29,0.9908668317774815
3982,0.29,0.9908668317774815
3983,0.29,0.9908668317774815
3984,0.29,0.9908668317774815
3985,0.29,0.9908668317774815
3986,0.29,0.9908668317774815
3987,0.29,0.9908668317774815
3988,0.29,0.9908668317774815
3989,0.29,0.9908668317774815
3990,0.29,0.9908668317774815
3991,0.29,0.9908668317774815
3992,0.29,0.9908668317774815
3993,0.29,0.9908668317774815
3994,0.29,0.9908668317774815
3995,0.29,0.9908668317774815
3996,0.29,0.9908668317774815
3997,0.29,0.9908668317774815
3998,0.29,0.9908668317774815
3999,0.29,0.9908668317774815
4000,0.29,0.9908668317774815
4001,0.29,0.9908668317774815
4002,0.29,0.9908668317774815
4003,0.29,0.9908668317774815
4004,0.29,0.9908668317774815
4005,0.29,0.9908668317774815
4006,0.29,0.9908668317774815
4007,0.29,0.9908668317774815
4008,0.29,0.9908668317774815
4009,0.29,0.9908668317774815
4010,0.29,0.9908668317774815
4011,0.29,0.9908668317774815
4012,0.29,0.9908668317774815
4013,0.29,0.9908668317774815
4014,0.29,0.9908668317774815
4015,0.29,0.9908668317774815
4016,0.29,0.9908668317774815
4017,0.29,0.9908668317774815
4018,0.29,0.9908668317774815
4019,0.29,0.9908668317774815
4020,0.29,0.9908668317774815
4021,0.29,0.9908668317774815
4022,0.29,0.9908668317774815
4023,0.29,0.9908668317774815
4024,0.29,0.9908668317774815
4025,0.29,0.9908668317774815
4026,0.29,0.9908668317774815
4027,0.29,0.9908668317774815
4028,0.29,0.9908668317774815
4029,0.29,0.9908668317774815
4030,0.29,0.9908668317774815
4031,0.29,0.9908668317774815
4032,0.29,0.9908668317774815
4033,0.29,0.9908668317774815
4034,0.29,0.9908668317774815
4035,0.29,0.9908668317774815
4036,0.29,0.9908668317774815
4037,0.29,0.9908668317774815
4038,0.29,0.9908668317774815
4039,0.29,0.9908668317774815
4040,0.29,0.9908668317774815
4041,0.29,0.9908668317774815
4042,0.29,0.9908668317774815
4043,0.29,0.9908668317774815
4044,0.29,0.9908668317774815
4045,0.29,0.9908668317774815
4046,0.29,0.9908668317774815
4047,0.29,0.9908668317774815
4048,0.29,0.9908668317774815
4049,0.29,0.9908668317774815
4050,0.29,0.9908668317774815
4051,0.29,0.9908668317774815
4052,0.29,0.9908668317774815
4053,0.29,0.9908668317774815
4054,0.29,0.9908668317774815
4055,0.29,0.9908668317774815
4056,0.29,0.9908668317774815
4057,0.29,0.9908668317774815
4058,0.29,0.9908668317774815
4059,0.29,0.9908668317774815
4060,0.29,0.9908668317774815
4061,0.29,0.9908668317774815
4062,0.29,0.9908668317774815
4063,0.29,0.9908668317774815
4064,0.29,0.9908668317774815
4065,0.29,0.9908668317774815
4066,0.29,0.9908668317774815
4067,0.29,0.9908668317774815
4068,0.29,0.9908668317774815
4069,0.29,0.9908668317774815
4070,0.29,0.9908668317774815
4071,0.29,0.9908668317774815
4072,0.29,0.9908668317774815
4073,0.29,0.9908668317774815
4074,0.29,0.9908668317774815
4075,0.29,0.9908668317774815
4076,0.29,0.9908668317774815
4077,0.29,0.9908668317774815
4078,0.29,0.9908668317774815
4079,0.29,0.9908668317774815
4080,0.29,0.9908668317774815
4081,0.29,0.9908668317774815
4082,0.29,0.9908668317774815
4083,0.29,0.9908668317774815
4084,0.29,0.9908668317774815
4085,0.29,0.9908668317774815
4086,0.29,0.9908668317774815
4087,0.29,0.9908668317774815
4088,0.29,0.9908668317774815
4089,0.29,0.9908668317774815
4090,0.29,0.9908668317774815
4091,0.29,0.9908668317774815
4092,0.29,0.9908668317774815
4093,0.29,0.9908668317774815
4094,0.29,0.9908668317774815
4095,0.29,0.9908668317774815
4096,0.29,0.9908668317774815
4097,0.29,0.9908668317774815
4098,0.29,0.9908668317774815
4099,0.29,0.9908668317774815
4100,0.29,0.9908668317774815
4101,0.29,0.9908668317774815
4102,0.29,0.9908668317774815
4103,0.29,0.9908668317774815
4104,0.29,0.9908668317774815
4105,0.29,0.9908668317774815
4106,0.29,0.9908668317774815
4107,0.29,0.9908668317774815
4108,0.29,0.9908668317774815
4109,0.29,0.9908668317774815
4110,0.29,0.9908668317774815
4111,0.29,0.9908668317774815
4112,0.29,0.9908668317774815
4113,0.29,0.9908668317774815
4114,0.29,0.9908668317774815
4115,0.29,0.9908668317774815
4116,0.29,0.9908668317774815
4117,0.29,0.9908668317774815
4118,0.29,0.9908668317774815
4119,0.29,0.9908668317774815
4120,0.29,0.9908668317774815
4121,0.29,0.9908668317774815
4122,0.29,0.9908668317774815
4123,0.29,0.9908668317774815
4124,0.29,0.9908668317774815
4125,0.29,0.9908668317774815
4126,0.29,0.9908668317774815
4127,0.29,0.9908668317774815
4128,0.29,0.9908668317774815
4129,0.29,0.9908668317774815
4130,0.29,0.9908668317774815
4131,0.29,0.9908668317774815
4132,0.29,0.9908668317774815
4133,0.29,0.9908668317774815
4134,0.29,0.9908668317774815
4135,0.29,0.9908668317774815
4136,0.29,0.9908668317774815
4137,0.29,0.9908668317774815
4138,0.29,0.9908668317774815
4139,0.29,0.9908668317774815
4140,0.29,0.9908668317774815
4141,0.29,0.9908668317774815
4142,0.29,0.9908668317774815
4143,0.29,0.9908668317774815
4144,0.29,0.9908668317774815
4145,0.29,0.9908668317774815
4146,0.29,0.9908668317774815
4147,0.29,0.9908668317774815
4148,0.29,0.9908668317774815
4149,0.29,0.9908668317774815
4150,0.29,0.9908668317774815
4151,0.29,0.9908668317774815
4152,0.29,0.9908668317774815
4153,0.29,0.9908668317774815
4154,0.29,0.9908668317774815
4155,0.29,0.9908668317774815
4156,0.29,0.9908668317774815
4157,0.29,0.9908668317774815
4158,0.29,0.9908668317774815
4159,0.29,0.9908668317774815
4160,0.29,0.9908668317774815
4161,0.29,0.9908668317774815
4162,0.29,0.9908668317774815
4163,0.29,0.9908668317774815
4164,0.29,0.9908668317774815
4165,0.29,0.9908668317774815
4166,0.29,0.9908668317774815
4167,0.29,0.9908668317774815
4168,0.29,0.9908668317774815
4169,0.29,0.9908668317774815
4170,0.29,0.9908668317774815
4171,0.29,0.9908668317774815
4172,0.29,0.9908668317774815
4173,0.29,0.9908668317774815
4174,0.29,0.9908668317774815
4175,0.29,0.9908668317774815
4176,0.29,0.9908668317774815
4177,0.29,0.9908668317774815
4178,0.29,0.9908668317774815
4179,0.29,0.9908668317774815
4180,0.29,0.9908668317774815
4181,0.29,0.9908668317774815
4182,0.29,0.9908668317774815
4183,0.29,0.9908668317774815
4184,0.29,0.9908668317774815
4185,0.29,0.9908668317774815
4186,0.29,0.9908668317774815
4187,0.29,0.9908668317774815
4188,0.29,0.9908668317774815
4189,0.29,0.9908668317774815
4190,0.29,0.9908668317774815
4191,0.29,0.9908668317774815
4192,0.29,0.9908668317774815
4193,0.29,0.9908668317774815
4194,0.29,0.9908668317774815
4195,0.29,0.9908668317774815
4196,0.29,0.9908668317774815
4197,0.29,0.9908668317774815
4198,0.29,0.9908668317774815
4199,0.29,0.9908668317774815
4200,0.29,0.9908668317774815
4201,0.29,0.9908668317774815
4202,0.29,0.9908668317774815
4203,0.29,0.9908668317774815
4204,0.29,0.9908668317774815
4205,0.29,0.9908668317774815
4206,0.29,0.9908668317774815
4207,0.29,0.9908668317774815
4208,0.29,0.9908668317774815
4209,0.29,0.9908668317774815
4210,0.29,0.9908668317774815
4211,0.29,0.9908668317774815
4212,0.29,0.9908668317774815
4213,0.29,0.9908668317774815
4214,0.29,0.9908668317774815
4215,0.29,0.9908668317774815
4216,0.29,0.9908668317774815
4217,0.29,0.9908668317774815
4218,0.29,0.9908668317774815
4219,0.29,0.9908668317774815
4220,0.29,0.9908668317774815
4221,0.29,0.9908668317774815
4222,0.29,0.9908668317774815
4223,0.29,0.9908668317774815
4224,0.29,0.9908668317774815
4225,0.29,0.9908668317774815
4226,0.29,0.9908668317774815
4227,0.29,0.9908668317774815
4228,0.29,0.9908668317774815
4229,0.29,0.9908668317774815
4230,0.29,0.9908668317774815
4231,0.29,0.9908668317774815
4232,0.29,0.9908668317774815
4233,0.29,0.9908668317774815
4234,0.29,0.9908668317774815
4235,0.29,0.9908668317774815
4236,0.29,0.9908668317774815
4237,0.29,0.9908668317774815
4238,0.29,0.9908668317774815
4239,0.29,0.9908668317774815
4240,0.29,0.9908668317774815
4241,0.29,0.9908668317774815
4242,0.29,0.9908668317774815
4243,0.29,0.9908668317774815
4244,0.29,0.9908668317774815
4245,0.29,0.9908668317774815
4246,0.29,0.9908668317774815
4247,0.29,0.9908668317774815
4248,0.29,0.9908668317774815
4249,0.29,0.9908668317774815
4250,0.29,0.9908668317774815
4251,0.29,0.9908668317774815
4252,0.29,0.9908668317774815
4253,0.29,0.9908668317774815
4254,0.29,0.9908668317774815
4255,0.29,0.9908668317774815
4256,0.29,0.9908668317774815
4257,0.29,0.9908668317774815
4258,0.29,0.9908668317774815
4259,0.29,0.9908668317774815
4260,0.29,0.9908668317774815
4261,0.29,0.9908668317774815
4262,0.29,0.9908668317774815
4263,0.29,0.9908668317774815
4264,0.29,0.9908668317774815
4265,0.29,0.9908668317774815
4266,0.29,0.9908668317774815
4267,0.29,0.9908668317774815
4268,0.29,0.9908668317774815
4269,0.29,0.9908668317774815
4270,0.29,0.9908668317774815
4271,0.29,0.9908668317774815
4272,0.29,0.9908668317774815
4273,0.29,0.9908668317774815
4274,0.29,0.9908668317774815
4275,0.29,0.9908668317774815
4276,0.29,0.9908668317774815
4277,0.29,0.9908668317774815
4278,0.29,0.9908668317774815
4279,0.29,0.9908668317774815
4280,0.29,0.9908668317774815
4281,0.29,0.9908668317774815
4282,0.29,0.9908668317774815
4283,0.29,0.9908668317774815
4284,0.29,0.9908668317774815
4285,0.29,0.9908668317774815
4286,0.29,0.9908668317774815
4287,0.29,0.9908668317774815
4288,0.29,0.9908668317774815
4289,0.29,0.9908668317774815
4290,0.29,0.9908668317774815
4291,0.29,0.9908668317774815
4292,0.29,0.9908668317774815
4293,0.29,0.9908668317774815
4294,0.29,0.9908668317774815
4295,0.29,0.9908668317774815
4296,0.29,0.9908668317774815
4297,0.29,0.9908668317774815
4298,0.29,0.9908668317774815
4299,0.29,0.9908668317774815
4300,0.29,0.9908668317774815
4301,0.29,0.9908668317774815
4302,0.29,0.9908668317774815
4303,0.29,0.9908668317774815
4304,0.29,0.9908668317774815
4305,0.29,0.9908668317774815
4306,0.29,0.9908668317774815
4307,0.29,0.9908668317774815
4308,0.29,0.9908668317774815
4309,0.29,0.9908668317774815
4310,0.29,0.9908668317774815
4311,0.29,0.9908668317774815
4312,0.29,0.9908668317774815
4313,0.29,0.9908668317774815
4314,0.29,0.9908668317774815
4315,0.29,0.9908668317774815
4316,0.29,0.9908668317774815
4317,0.29,0.9908668317774815
4318,0.29,0.9908668317774815
4319,0.29,0.9908668317774815
4320,0.29,0.9908668317774815
4321,0.29,0.9908668317774815
4322,0.29,0.9908668317774815
4323,0.29,0.9908668317774815
4324,0.29,0.9908668317774815
4325,0.29,0.9908668317774815
4326,0.29,0.9908668317774815
4327,0.29,0.9908668317774815
4328,0.29,0.9908668317774815
4329,0.29,0.9908668317774815
4330,0.29,0.9908668317774815
4331,0.29,0.9908668317774815
4332,0.29,0.9908668317774815
4333,0.29,0.9908668317774815
4334,0.29,0.9908668317774815
4335,0.29,0.9908668317774815
4336,0.29,0.9908668317774815
4337,0.29,0.9908668317774815
4338,0.29,0.9908668317774815
4339,0.29,0.9908668317774815
4340,0.29,0.9908668317774815
4341,0.29,0.9908668317774815
4342,0.29,0.9908668317774815
4343,0.29,0.9908668317774815
4344,0.29,0.9908668317774815
4345,0.29,0.9908668317774815
4346,0.29,0.9908668317774815
4347,0.29,0.9908668317774815
4348,0.29,0.9908668317774815
4349,0.29,0.9908668317774815
4350,0.29,0.9908668317774815
4351,0.29,0.9908668317774815
4352,0.29,0.9908668317774815
4353,0.29,0.9908668317774815
4354,0.29,0.9908668317774815
4355,0.29,0.9908668317774815
4356,0.29,0.9908668317774815
4357,0.29,0.9908668317774815
4358,0.29,0.9908668317774815
4359,0.29,0.9908668317774815
4360,0.29,0.9908668317774815
4361,0.29,0.9908668317774815
4362,0.29,0.9908668317774815
4363,0.29,0.9908668317774815
4364,0.29,0.9908668317774815
4365,0.29,0.9908668317774815
4366,0.29,0.9908668317774815
4367,0.29,0.9908668317774815
4368,0.29,0.9908668317774815
4369,0.29,0.9908668317774815
4370,0.29,0.9908668317774815
4371,0.29,0.9908668317774815
4372,0.29,0.9908668317774815
4373,0.29,0.9908668317774815
4374,0.29,0.9908668317774815
4375,0.29,0.9908668317774815
4376,0.29,0.9908668317774815
4377,0.29,0.9908668317774815
4378,0.29,0.9908668317774815
4379,0.29,0.9908668317774815
4380,0.29,0.9908668317774815
4381,0.29,0.9908668317774815
4382,0.29,0.9908668317774815
4383,0.29,0.9908668317774815
4384,0.29,0.9908668317774815
4385,0.29,0.9908668317774815
4386,0.29,0.9908668317774815
4387,0.29,0.9908668317774815
4388,0.29,0.9908668317774815
4389,0.29,0.9908668317774815
4390,0.29,0.9908668317774815
4391,0.29,0.9908668317774815
4392,0.29,0.9908668317774815
4393,0.29,0.9908668317774815
4394,0.29,0.9908668317774815
4395,0.29,0.9908668317774815
4396,0.29,0.9908668317774815
4397,0.29,0.9908668317774815
4398,0.29,0.9908668317774815
4399,0.29,0.9908668317774815
4400,0.29,0.9908668317774815
4401,0.29,0.9908668317774815
4402,0.29,0.9908668317774815
4403,0.29,0.9908668317774815
4404,0.29,0.9908668317774815
4405,0.29,0.9908668317774815
4406,0.29,0.9908668317774815
4407,0.29,0.9908668317774815
4408,0.29,0.9908668317774815
4409,0.29,0.9908668317774815
4410,0.29,0.9908668317774815
4411,0.29,0.9908668317774815
4412,0.29,0.9908668317774815
4413,0.29,0.9908668317774815
4414,0.29,0.9908668317774815
4415,0.29,0.9908668317774815
4416,0.29,0.9908668317774815
4417,0.29,0.9908668317774815
4418,0.29,0.9908668317774815
4419,0.29,0.9908668317774815
4420,0.29,0.9908668317774815
4421,0.29,0.9908668317774815
4422,0.29,0.9908668317774815
4423,0.29,0.9908668317774815
4424,0.29,0.9908668317774815
4425,0.29,0.9908668317774815
4426,0.29,0.9908668317774815
4427,0.29,0.9908668317774815
4428,0.29,0.9908668317774815
4429,0.29,0.9908668317774815
4430,0.29,0.9908668317774815
4431,0.29,0.9908668317774815
4432,0.29,0.9908668317774815
4433,0.29,0.9908668317774815
4434,0.29,0.9908668317774815
4435,0.29,0.9908668317774815
4436,0.29,0.9908668317774815
4437,0.29,0.9908668317774815
4438,0.29,0.9908668317774815
4439,0.29,0.9908668317774815
4440,0.29,0.9908668317774815
4441,0.29,0.9908668317774815
4442,0.29,0.9908668317774815
4443,0.29,0.9908668317774815
4444,0.29,0.9908668317774815
4445,0.29,0.9908668317774815
4446,0.29,0.9908668317774815
4447,0.29,0.9908668317774815
4448,0.29,0.9908668317774815
4449,0.29,0.9908668317774815
4450,0.29,0.9908668317774815
4451,0.29,0.9908668317774815
4452,0.29,0.9908668317774815
4453,0.29,0.9908668317774815
4454,0.29,0.9908668317774815
4455,0.29,0.9908668317774815
4456,0.29,0.9908668317774815
4457,0.29,0.9908668317774815
4458,0.29,0.9908668317774815
4459,0.29,0.9908668317774815
4460,0.29,0.9908668317774815
4461,0.29,0.9908668317774815
4462,0.29,0.9908668317774815
4463,0.29,0.9908668317774815
4464,0.29,0.9908668317774815
4465,0.29,0.9908668317774815
4466,0.29,0.9908668317774815
4467,0.29,0.9908668317774815
4468,0.29,0.9908668317774815
4469,0.29,0.9908668317774815
4470,0.29,0.9908668317774815
4471,0.29,0.9908668317774815
4472,0.29,0.9908668317774815
4473,0.29,0.9908668317774815
4474,0.29,0.9908668317774815
4475,0.29,0.9908668317774815
4476,0.29,0.9908668317774815
4477,0.29,0.9908668317774815
4478,0.29,0.9908668317774815
4479,0.29,0.9908668317774815
4480,0.29,0.9908668317774815
4481,0.29,0.9908668317774815
4482,0.29,0.9908668317774815
4483,0.29,0.9908668317774815
4484,0.29,0.9908668317774815
4485,0.29,0.9908668317774815
4486,0.29,0.9908668317774815
4487,0.29,0.9908668317774815
4488,0.29,0.9908668317774815
4489,0.29,0.9908668317774815
4490,0.29,0.9908668317774815
4491,0.29,0.9908668317774815
4492,0.29,0.9908668317774815
4493,0.29,0.9908668317774815
4494,0.29,0.9908668317774815
4495,0.29,0.9908668317774815
4496,0.29,0.9908668317774815
4497,0.29,0.9908668317774815
4498,0.29,0.9908668317774815
4499,0.29,0.9908668317774815
4500,0.29,0.9908668317774815
4501,0.29,0.9908668317774815
4502,0.29,0.9908668317774815
4503,0.29,0.9908668317774815
4504,0.29,0.9908668317774815
4505,0.29,0.9908668317774815
4506,0.29,0.9908668317774815
4507,0.29,0.9908668317774815
4508,0.29,0.9908668317774815
4509,0.29,0.9908668317774815
4510,0.29,0.9908668317774815
4511,0.29,0.9908668317774815
4512,0.29,0.9908668317774815
4513,0.29,0.9908668317774815
4514,0.29,0.9908668317774815
4515,0.29,0.9908668317774815
4516,0.29,0.9908668317774815
4517,0.29,0.9908668317774815
4518,0.29,0.9908668317774815
4519,0.29,0.9908668317774815
4520,0.29,0.9908668317774815
4521,0.29,0.9908668317774815
4522,0.29,0.9908668317774815
4523,0.29,0.9908668317774815
4524,0.29,0.9908668317774815
4525,0.29,0.9908668317774815
4526,0.29,0.9908668317774815
4527,0.29,0.9908668317774815
4528,0.29,0.9908668317774815
4529,0.29,0.9908668317774815
4530,0.29,0.9908668317774815
4531,0.29,0.9908668317774815
4532,0.29,0.9908668317774815
4533,0.29,0.9908668317774815
4534,0.29,0.9908668317774815
4535,0.29,0.9908668317774815
4536,0.29,0.9908668317774815
4537,0.29,0.9908668317774815
4538,0.29,0.9908668317774815
4539,0.29,0.9908668317774815
4540,0.29,0.9908668317774815
4541,0.29,0.9908668317774815
4542,0.29,0.9908668317774815
4543,0.29,0.9908668317774815
4544,0.29,0.9908668317774815
4545,0.29,0.9908668317774815
4546,0.29,0.9908668317774815
4547,0.29,0.9908668317774815
4548,0.29,0.9908668317774815
4549,0.29,0.9908668317774815
4550,0.29,0.9908668317774815
4551,0.29,0.9908668317774815
4552,0.29,0.9908668317774815
4553,0.29,0.9908668317774815
4554,0.29,0.9908668317774815
4555,0.28,0.9908668317774815
4556,0.145,0.9908668317774815
4557,0.145,0.9908668317774815
4558,0.145,0.9908668317774815
4559,0.145,0.9908668317774815
4560,0.145,0.9908668317774815
4561,0.145,0.9908668317774815
4562,0.145,0.9908668317774815
4563,0.145,0.9908668317774815
4564,0.145,0.9908668317774815
4565,0.145,0.9908668317774815
4566,0.145,0.9908668317774815
4567,0.145,0.9908668317774815
4568,0.145,0.9908668317774815
4569,0.145,0.9908668317774815
4570,0.145,0.9908668317774815
4571,0.145,0.9908668317774815
4572,0.145,0.9908668317774815
4573,0.145,0.9908668317774815
4574,0.145,0.9908668317774815
4575,0.145,0.9908668317774815
4576,0.145,0.9908668317774815
4577,0.145,0.9908668317774815
4578,0.145,0.9908668317774815
4579,0.145,0.9908668317774815
4580,0.145,0.9908668317774815
4581,0.145,0.9908668317774815
4582,0.145,0.9908668317774815
4583,0.145,0.9908668317774815
4584,0.145,0.9908668317774815
4585,0.145,0.9908668317774815
4586,0.145,0.9908668317774815
4587,0.145,0.9908668317774815
4588,0.145,0.9908668317774815
4589,0.145,0.9908668317774815
4590,0.145,0.9908668317774815
4591,0.145,0.9908668317774815
4592,0.145,0.9908668317774815
4593,0.145,0.9908668317774815
4594,0.145,0.9908668317774815
4595,0.145,0.9908668317774815
4596,0.145,0.9908668317774815
4597,0.145,0.9908668317774815
4598,0.145,0.9908668317774815
4599,0.145,0.9908668317774815
4600,0.145,0.9908668317774815
4601,0.145,0.9908668317774815
4602,0.145,0.9908668317774815
4603,0.145,0.9908668317774815
4604,0.145,0.9908668317774815
4605,0.145,0.9908668317774815
4606,0.145,0.9908668317774815
4607,0.145,0.9908668317774815
4608,0.145,0.9908668317774815
4609,0.145,0.9908668317774815
4610,0.145,0.9908668317774815
4611,0.145,0.9908668317774815
4612,0.145,0.9908668317774815
4613,0.145,0.9908668317774815
4614,0.145,0.9908668317774815
4615,0.145,0.9908668317774815
4616,0.145,0.9908668317774815
4617,0.145,0.9908668317774815
4618,0.145,0.9908668317774815
4619,0.145,0.9908668317774815
4620,0.145,0.9908668317774815
4621,0.145,0.9908668317774815
4622,0.145,0.9908668317774815
4623,0.145,0.9908668317774815
4624,0.145,0.9908668317774815
4625,0.145,0.9908668317774815
4626,0.145,0.9908668317774815
4627,0.145,0.9908668317774815
4628,0.145,0.9908668317774815
4629,0.145,0.9908668317774815
4630,0.145,0.9908668317774815
4631,0.145,0.9908668317774815
4632,0.145,0.9908668317774815
4633,0.145,0.9908668317774815
4634,0.145,0.9908668317774815
4635,0.145,0.9908668317774815
4636,0.145,0.9908668317774815
4637,0.145,0.9908668317774815
4638,0.145,0.9908668317774815
4639,0.145,0.9908668317774815
4640,0.145,0.9908668317774815
4641,0.145,0.9908668317774815
4642,0.145,0.9908668317774815
4643,0.145,0.9908668317774815
4644,0.145,0.9908668317774815
4645,0.145,0.9908668317774815
4646,0.145,0.9908668317774815
4647,0.145,0.9908668317774815
4648,0.145,0.9908668317774815
4649,0.145,0.9908668317774815
4650,0.145,0.9908668317774815
4651,0.145,0.9908668317774815
4652,0.145,0.9908668317774815
4653,0.145,0.9908668317774815
4654,0.145,0.9908668317774815
4655,0.145,0.9908668317774815
4656,0.145,0.9908668317774815
4657,0.145,0.9908668317774815
4658,0.145,0.9908668317774815
4659,0.145,0.9908668317774815
4660,0.145,0.9908668317774815
4661,0.145,0.9908668317774815
4662,0.145,0.9908668317774815
4663,0.145,0.9908668317774815
4664,0.145,0.9908668317774815
4665,0.145,0.9908668317774815
4666,0.145,0.9908668317774815
4667,0.145,0.9908668317774815
4668,0.145,0.9908668317774815
4669,0.145,0.9908668317774815
4670,0.145,0.9908668317774815
4671,0.145,0.9908668317774815
4672,0.145,0.9908668317774815
4673,0.145,0.9908668317774815
4674,0.145,0.9908668317774815
4675,0.145,0.9908668317774815
4676,0.145,0.9908668317774815
4677,0.145,0.9908668317774815
4678,0.145,0.9908668317774815
4679,0.145,0.9908668317774815
4680,0.145,0.9908668317774815
4681,0.145,0.9908668317774815
4682,0.145,0.9908668317774815
4683,0.145,0.9908668317774815
4684,0.145,0.9908668317774815
4685,0.145,0.9908668317774815
4686,0.145,0.9908668317774815
4687,0.145,0.9908668317774815
4688,0.145,0.9908668317774815
4689,0.145,0.9908668317774815
4690,0.145,0.9908668317774815
4691,0.145,0.9908668317774815
4692,0.145,0.9908668317774815
4693,0.145,0.9908668317774815
4694,0.145,0.9908668317774815
4695,0.145,0.9908668317774815
4696,0.145,0.9908668317774815
4697,0.145,0.9908668317774815
4698,0.145,0.9908668317774815
4699,0.145,0.9908668317774815
4700,0.145,0.9908668317774815
4701,0.145,0.9908668317774815
4702,0.145,0.9908668317774815
4703,0.145,0.9908668317774815
4704,0.145,0.9908668317774815
4705,0.145,0.9908668317774815
4706,0.145,0.9908668317774815
4707,0.145,0.9908668317774815
4708,0.145,0.9908668317774815
4709,0.145,0.9908668317774815
4710,0.145,0.9908668317774815
4711,0.145,0.9908668317774815
4712,0.145,0.9908668317774815
4713,0.145,0.9908668317774815
4714,0.145,0.9908668317774815
4715,0.145,0.9908668317774815
4716,0.145,0.9908668317774815
4717,0.145,0.9908668317774815
4718,0.145,0.9908668317774815
4719,0.145,0.9908668317774815
4720,0.145,0.9908668317774815
4721,0.145,0.9908668317774815
4722,0.145,0.9908668317774815
4723,0.145,0.9908668317774815
4724,0.145,0.9908668317774815
4725,0.145,0.9908668317774815
4726,0.145,0.9908668317774815
4727,0.145,0.9908668317774815
4728,0.145,0.9908668317774815
4729,0.145,0.9908668317774815
4730,0.145,0.9908668317774815
4731,0.145,0.9908668317774815
4732,0.145,0.9908668317774815
4733,0.145,0.9908668317774815
4734,0.145,0.9908668317774815
4735,0.145,0.9908668317774815
4736,0.145,0.9908668317774815
4737,0.145,0.9908668317774815
4738,0.145,0.9908668317774815
4739,0.145,0.9908668317774815
4740,0.145,0.9908668317774815
4741,0.145,0.9908668317774815
4742,0.145,0.9908668317774815
4743,0.145,0.9908668317774815
4744,0.145,0.9908668317774815
4745,0.145,0.9908668317774815
4746,0.145,0.9908668317774815
4747,0.145,0.9908668317774815
4748,0.145,0.9908668317774815
4749,0.145,0.9908668317774815
4750,0.145,0.9908668317774815
4751,0.145,0.9908668317774815
4752,0.145,0.9908668317774815
4753,0.145,0.9908668317774815
4754,0.145,0.9908668317774815
4755,0.145,0.9908668317774815
4756,0.145,0.9908668317774815
4757,0.145,0.9908668317774815
4758,0.145,0.9908668317774815
4759,0.145,0.9908668317774815
4760,0.145,0.9908668317774815
4761,0.145,0.9908668317774815
4762,0.145,0.9908668317774815
4763,0.145,0.9908668317774815
4764,0.145,0.9908668317774815
4765,0.145,0.9908668317774815
4766,0.145,0.9908668317774815
4767,0.145,0.9908668317774815
4768,0.145,0.9908668317774815
4769,0.145,0.9908668317774815
4770,0.145,0.9908668317774815
4771,0.145,0.9908668317774815
4772,0.145,0.9908668317774815
4773,0.145,0.9908668317774815
4774,0.145,0.9908668317774815
4775,0.145,0.9908668317774815
4776,0.145,0.9908668317774815
4777,0.145,0.9908668317774815
4778,0.145,0.9908668317774815
4779,0.145,0.9908668317774815
4780,0.145,0.9908668317774815
4781,0.145,0.9908668317774815
4782,0.145,0.9908668317774815
4783,0.145,0.9908668317774815
4784,0.145,0.9908668317774815
4785,0.145,0.9908668317774815
4786,0.145,0.9908668317774815
4787,0.145,0.9908668317774815
4788,0.145,0.9908668317774815
4789,0.145,0.9908668317774815
4790,0.145,0.9908668317774815
4791,0.145,0.9908668317774815
4792,0.145,0.9908668317774815
4793,0.145,0.9908668317774815
4794,0.145,0.9908668317774815
4795,0.145,0.9908668317774815
4796,0.145,0.9908668317774815
4797,0.145,0.9908668317774815
4798,0.145,0.9908668317774815
4799,0.145,0.9908668317774815
4800,0.145,0.9908668317774815
4801,0.145,0.9908668317774815
4802,0.145,0.9908668317774815
4803,0.145,0.9908668317774815
4804,0.145,0.9908668317774815
4805,0.145,0.9908668317774815
4806,0.145,0.9908668317774815
4807,0.145,0.9908668317774815
4808,0.145,0.9908668317774815
4809,0.145,0.9908668317774815
4810,0.145,0.9908668317774815
4811,0.145,0.9908668317774815
4812,0.145,0.9908668317774815
4813,0.145,0.9908668317774815
4814,0.145,0.9908668317774815
4815,0.145,0.9908668317774815
4816,0.145,0.9908668317774815
4817,0.145,0.9908668317774815
4818,0.145,0.9908668317774815
4819,0.145,0.9908668317774815
4820,0.145,0.9908668317774815
4821,0.145,0.9908668317774815
4822,0.145,0.9908668317774815
4823,0.145,0.9908668317774815
4824,0.145,0.9908668317774815
4825,0.145,0.9908668317774815
4826,0.145,0.9908668317774815
4827,0.145,0.9908668317774815
4828,0.145,0.9908668317774815
4829,0.145,0.9908668317774815
4830,0.145,0.9908668317774815
4831,0.145,0.9908668317774815
4832,0.145,0.9908668317774815
4833,0.145,0.9908668317774815
4834,0.145,0.9908668317774815
4835,0.145,0.9908668317774815
4836,0.145,0.9908668317774815
4837,0.145,0.9908668317774815
4838,0.145,0.9908668317774815
4839,0.145,0.9908668317774815
4840,0.145,0.9908668317774815
4841,0.145,0.9908668317774815
4842,0.145,0.9908668317774815
4843,0.145,0.9908668317774815
4844,0.145,0.9908668317774815
4845,0.145,0.9908668317774815
4846,0.145,0.9908668317774815
4847,0.145,0.9908668317774815
4848,0.145,0.9908668317774815
4849,0.145,0.9908668317774815
4850,0.145,0.9908668317774815
4851,0.145,0.9908668317774815
4852,0.145,0.9908668317774815
4853,0.145,0.9908668317774815
4854,0.145,0.9908668317774815
4855,0.145,0.9908668317774815
4856,0.145,0.9908668317774815
4857,0.145,0.9908668317774815
4858,0.145,0.9908668317774815
4859,0.145,0.9908668317774815
4860,0.145,0.9908668317774815
4861,0.145,0.9908668317774815
4862,0.145,0.9908668317774815
4863,0.145,0.9908668317774815
4864,0.145,0.9908668317774815
4865,0.145,0.9908668317774815
4866,0.145,0.9908668317774815
4867,0.145,0.9908668317774815
4868,0.145,0.9908668317774815
4869,0.145,0.9908668317774815
4870,0.145,0.9908668317774815
4871,0.145,0.9908668317774815
4872,0.145,0.9908668317774815
4873,0.145,0.9908668317774815
4874,0.145,0.9908668317774815
4875,0.145,0.9908668317774815
4876,0.145,0.9908668317774815
4877,0.145,0.9908668317774815
4878,0.145,0.9908668317774815
4879,0.145,0.9908668317774815
4880,0.145,0.9908668317774815
4881,0.145,0.9908668317774815
4882,0.145,0.9908668317774815
4883,0.145,0.9908668317774815
4884,0.145,0.9908668317774815
4885,0.145,0.9908668317774815
4886,0.145,0.9908668317774815
4887,0.145,0.9908668317774815
4888,0.145,0.9908668317774815
4889,0.145,0.9908668317774815
4890,0.145,0.9908668317774815
4891,0.145,0.9908668317774815
4892,0.145,0.9908668317774815
4893,0.145,0.9908668317774815
4894,0.145,0.9908668317774815
4895,0.145,0.9908668317774815
4896,0.145,0.9908668317774815
4897,0.145,0.9908668317774815
4898,0.145,0.9908668317774815
4899,0.145,0.9908668317774815
4900,0.145,0.9908668317774815
4901,0.145,0.9908668317774815
4902,0.145,0.9908668317774815
4903,0.145,0.9908668317774815
4904,0.145,0.9908668317774815
4905,0.145,0.9908668317774815
4906,0.145,0.9908668317774815
4907,0.145,0.9908668317774815
4908,0.145,0.9908668317774815
4909,0.145,0.9908668317774815
4910,0.145,0.9908668317774815
4911,0.145,0.9908668317774815
4912,0.145,0.9908668317774815
4913,0.145,0.9908668317774815
4914,0.145,0.9908668317774815
4915,0.145,0.9908668317774815
4916,0.145,0.9908668317774815
4917,0.145,0.9908668317774815
4918,0.145,0.9908668317774815
4919,0.145,0.9908668317774815
4920,0.145,0.9908668317774815
4921,0.145,0.9908668317774815
4922,0.145,0.9908668317774815
4923,0.145,0.9908668317774815
4924,0.145,0.9908668317774815
4925,0.145,0.9908668317774815
4926,0.145,0.9908668317774815
4927,0.145,0.9908668317774815
4928,0.145,0.9908668317774815
4929,0.145,0.9908668317774815
4930,0.145,0.9908668317774815
4931,0.145,0.9908668317774815
4932,0.145,0.9908668317774815
4933,0.145,0.9908668317774815
4934,0.145,0.9908668317774815
4935,0.145,0.9908668317774815
4936,0.145,0.9908668317774815
4937,0.145,0.9908668317774815
4938,0.145,0.9908668317774815
4939,0.145,0.9908668317774815
4940,0.145,0.9908668317774815
4941,0.145,0.9908668317774815
4942,0.145,0.9908668317774815
4943,0.145,0.9908668317774815
4944,0.145,0.9908668317774815
4945,0.145,0.9908668317774815
4946,0.145,0.9908668317774815
4947,0.145,0.9908668317774815
4948,0.145,0.9908668317774815
4949,0.145,0.9908668317774815
4950,0.145,0.9908668317774815
4951,0.145,0.9908668317774815
4952,0.145,0.9908668317774815
4953,0.145,0.9908668317774815
4954,0.145,0.9908668317774815
4955,0.145,0.9908668317774815
4956,0.145,0.9908668317774815
4957,0.145,0.9908668317774815
4958,0.145,0.9908668317774815
4959,0.145,0.9908668317774815
4960,0.145,0.9908668317774815
4961,0.145,0.9908668317774815
4962,0.145,0.9908668317774815
4963,0.145,0.9908668317774815
4964,0.145,0.9908668317774815
4965,0.145,0.9908668317774815
4966,0.145,0.9908668317774815
4967,0.145,0.9908668317774815
4968,0.145,0.9908668317774815
4969,0.145,0.9908668317774815
4970,0.145,0.9908668317774815
4971,0.145,0.9908668317774815
4972,0.145,0.9908668317774815
4973,0.145,0.9908668317774815
4974,0.145,0.9908668317774815
4975,0.145,0.9908668317774815
4976,0.145,0.9908668317774815
4977,0.145,0.9908668317774815
4978,0.145,0.9908668317774815
4979,0.145,0.9908668317774815
4980,0.145,0.9908668317774815
4981,0.145,0.9908668317774815
4982,0.145,0.9908668317774815
4983,0.145,0.9908668317774815
4984,0.145,0.9908668317774815
4985,0.145,0.9908668317774815
4986,0.145,0.9908668317774815
4987,0.145,0.9908668317774815
4988,0.145,0.9908668317774815
4989,0.145,0.9908668317774815
4990,0.145,0.9908668317774815
4991,0.145,0.9908668317774815
4992,0.145,0.9908668317774815
4993,0.145,0.9908668317774815
4994,0.145,0.9908668317774815
4995,0.145,0.9908668317774815
4996,0.145,0.9908668317774815
4997,0.145,0.9908668317774815
4998,0.145,0.9908668317774815
4999,0.145,0.9908668317774815
5000,0.145,0.9908668317774815
5001,0.145,0.9908668317774815
5002,0.145,0.9908668317774815
5003,0.145,0.9908668317774815
5004,0.145,0.9908668317774815
5005,0.145,0.9908668317774815
5006,0.145,0.9908668317774815
5007,0.145,0.9908668317774815
5008,0.145,0.9908668317774815
5009,0.145,0.9908668317774815
5010,0.145,0.9908668317774815
5011,0.145,0.9908668317774815
5012,0.145,0.9908668317774815
5013,0.145,0.9908668317774815
5014,0.145,0.9908668317774815
5015,0.145,0.9908668317774815
5016,0.145,0.9908668317774815
5017,0.145,0.9908668317774815
5018,0.145,0.9908668317774815
5019,0.145,0.9908668317774815
5020,0.145,0.9908668317774815
5021,0.145,0.9908668317774815
5022,0.145,0.9908668317774815
5023,0.145,0.9908668317774815
5024,0.145,0.9908668317774815
5025,0.145,0.9908668317774815
5026,0.145,0.9908668317774815
5027,0.145,0.9908668317774815
5028,0.145,0.9908668317774815
5029,0.145,0.9908668317774815
5030,0.145,0.9908668317774815
5031,0.145,0.9908668317774815
5032,0.145,0.9908668317774815
5033,0.145,0.9908668317774815
5034,0.145,0.9908668317774815
5035,0.145,0.9908668317774815
5036,0.145,0.9908668317774815
5037,0.145,0.9908668317774815
5038,0.145,0.9908668317774815
5039,0.145,0.9908668317774815
5040,0.145,0.9908668317774815
5041,0.145,0.9908668317774815
5042,0.145,0.9908668317774815
5043,0.145,0.9908668317774815
5044,0.145,0.9908668317774815
5045,0.145,0.9908668317774815
5046,0.145,0.9908668317774815
5047,0.145,0.9908668317774815
5048,0.145,0.9908668317774815
5049,0.145,0.9908668317774815
5050,0.145,0.9908668317774815
5051,0.145,0.9908668317774815
5052,0.145,0.9908668317774815
5053,0.145,0.9908668317774815
5054,0.145,0.9908668317774815
5055,0.145,0.9908668317774815
5056,0.145,0.9908668317774815
5057,0.145,0.9908668317774815
5058,0.145,0.9908668317774815
5059,0.145,0.9908668317774815
5060,0.145,0.9908668317774815
5061,0.145,0.9908668317774815
5062,0.145,0.9908668317774815
5063,0.145,0.9908668317774815
5064,0.145,0.9908668317774815
5065,0.145,0.9908668317774815
5066,0.145,0.9908668317774815
5067,0.145,0.9908668317774815
5068,0.145,0.9908668317774815
5069,0.145,0.9908668317774815
5070,0.145,0.9908668317774815
5071,0.145,0.9908668317774815
5072,0.145,0.9908668317774815
5073,0.145,0.9908668317774815
5074,0.145,0.9908668317774815
5075,0.145,0.9908668317774815
5076,0.145,0.9908668317774815
5077,0.145,0.9908668317774815
5078,0.145,0.9908668317774815
5079,0.145,0.9908668317774815
5080,0.145,0.9908668317774815
5081,0.145,0.9908668317774815
5082,0.145,0.9908668317774815
5083,0.145,0.9908668317774815
5084,0.145,0.9908668317774815
5085,0.145,0.9908668317774815
5086,0.145,0.9908668317774815
5087,0.145,0.9908668317774815
5088,0.145,0.9908668317774815
5089,0.145,0.9908668317774815
5090,0.145,0.9908668317774815
5091,0.145,0.9908668317774815
5092,0.145,0.9908668317774815
5093,0.145,0.9908668317774815
5094,0.145,0.9908668317774815
5095,0.145,0.9908668317774815
5096,0.145,0.9908668317774815
5097,0.145,0.9908668317774815
5098,0.145,0.9908668317774815
5099,0.145,0.9908668317774815
5100,0.145,0.9908668317774815
5101,0.145,0.9908668317774815
5102,0.145,0.9908668317774815
5103,0.145,0.9908668317774815
5104,0.145,0.9908668317774815
5105,0.145,0.9908668317774815
5106,0.145,0.9908668317774815
5107,0.145,0.9908668317774815
5108,0.145,0.9908668317774815
5109,0.145,0.9908668317774815
5110,0.145,0.9908668317774815
5111,0.145,0.9908668317774815
5112,0.145,0.9908668317774815
5113,0.145,0.9908668317774815
5114,0.145,0.9908668317774815
5115,0.145,0.9908668317774815
5116,0.145,0.9908668317774815
5117,0.145,0.9908668317774815
5118,0.145,0.9908668317774815
5119,0.145,0.9908668317774815
5120,0.145,0.9908668317774815
5121,0.145,0.9908668317774815
5122,0.145,0.9908668317774815
5123,0.145,0.9908668317774815
5124,0.145,0.9908668317774815
5125,0.145,0.9908668317774815
5126,0.145,0.9908668317774815
5127,0.145,0.9908668317774815
5128,0.145,0.9908668317774815
5129,0.145,0.9908668317774815
5130,0.145,0.9908668317774815
5131,0.145,0.9908668317774815
5132,0.145,0.9908668317774815
5133,0.145,0.9908668317774815
5134,0.145,0.9908668317774815
5135,0.145,0.9908668317774815
5136,0.145,0.9908668317774815
5137,0.145,0.9908668317774815
5138,0.145,0.9908668317774815
5139,0.145,0.9908668317774815
5140,0.145,0.9908668317774815
5141,0.145,0.9908668317774815
5142,0.145,0.9908668317774815
5143,0.145,0.9908668317774815
5144,0.145,0.9908668317774815
5145,0.145,0.9908668317774815
5146,0.145,0.9908668317774815
5147,0.145,0.9908668317774815
5148,0.145,0.9908668317774815
5149,0.145,0.9908668317774815
5150,0.145,0.9908668317774815
5151,0.145,0.9908668317774815
5152,0.145,0.9908668317774815
5153,0.145,0.9908668317774815
5154,0.145,0.9908668317774815
5155,0.145,0.9908668317774815
5156,0.145,0.9908668317774815
5157,0.145,0.9908668317774815
5158,0.145,0.9908668317774815
5159,0.145,0.9908668317774815
5160,0.145,0.9908668317774815
5161,0.145,0.9908668317774815
5162,0.145,0.9908668317774815
5163,0.145,0.9908668317774815
5164,0.145,0.9908668317774815
5165,0.145,0.9908668317774815
5166,0.145,0.9908668317774815
5167,0.145,0.9908668317774815
5168,0.145,0.9908668317774815
5169,0.145,0.9908668317774815
5170,0.145,0.9908668317774815
5171,0.145,0.9908668317774815
5172,0.145,0.9908668317774815
5173,0.145,0.9908668317774815
5174,0.145,0.9908668317774815
5175,0.145,0.9908668317774815
5176,0.145,0.9908668317774815
5177,0.145,0.9908668317774815
5178,0.145,0.9908668317774815
5179,0.145,0.9908668317774815
5180,0.145,0.9908668317774815
5181,0.145,0.9908668317774815
5182,0.145,0.9908668317774815
5183,0.145,0.9908668317774815
5184,0.145,0.9908668317774815
5185,0.145,0.9908668317774815
5186,0.145,0.9908668317774815
5187,0.145,0.9908668317774815
5188,0.145,0.9908668317774815
5189,0.145,0.9908668317774815
5190,0.145,0.9908668317774815
5191,0.145,0.9908668317774815
5192,0.145,0.9908668317774815
5193,0.145,0.9908668317774815
5194,0.145,0.9908668317774815
5195,0.145,0.9908668317774815
5196,0.145,0.9908668317774815
5197,0.145,0.9908668317774815
5198,0.145,0.9908668317774815
5199,0.145,0.9908668317774815
5200,0.145,0.9908668317774815
5201,0.145,0.9908668317774815
5202,0.145,0.9908668317774815
5203,0.145,0.9908668317774815
5204,0.145,0.9908668317774815
5205,0.145,0.9908668317774815
5206,0.145,0.9908668317774815
5207,0.145,0.9908668317774815
5208,0.145,0.9908668317774815
5209,0.145,0.9908668317774815
5210,0.145,0.9908668317774815
5211,0.145,0.9908668317774815
5212,0.145,0.9908668317774815
5213,0.145,0.9908668317774815
5214,0.145,0.9908668317774815
5215,0.145,0.9908668317774815
5216,0.145,0.9908668317774815
5217,0.145,0.9908668317774815
5218,0.145,0.9908668317774815
5219,0.145,0.9908668317774815
5220,0.145,0.9908668317774815
5221,0.145,0.9908668317774815
5222,0.145,0.9908668317774815
5223,0.145,0.9908668317774815
5224,0.145,0.9908668317774815
5225,0.145,0.9908668317774815
5226,0.145,0.9908668317774815
5227,0.145,0.9908668317774815
5228,0.145,0.9908668317774815
5229,0.145,0.9908668317774815
5230,0.145,0.9908668317774815
5231,0.145,0.9908668317774815
5232,0.145,0.9908668317774815
5233,0.145,0.9908668317774815
5234,0.145,0.9908668317774815
5235,0.145,0.9908668317774815
5236,0.145,0.9908668317774815
5237,0.145,0.9908668317774815
5238,0.145,0.9908668317774815
5239,0.145,0.9908668317774815
5240,0.145,0.9908668317774815
5241,0.145,0.9908668317774815
5242,0.145,0.9908668317774815
5243,0.145,0.9908668317774815
5244,0.145,0.9908668317774815
5245,0.145,0.9908668317774815
5246,0.145,0.9908668317774815
5247,0.145,0.9908668317774815
5248,0.145,0.9908668317774815
