Tick,TotalEnergy(kWh),AverageEnergy(kWh)
0,1.4820000000000004,0.9978830253381598
1,1.7540000000000002,0.9978830253381598
2,1.7540000000000002,0.9978830253381598
3,1.7540000000000002,0.9978830253381598
4,1.7540000000000002,0.9978830253381598
5,1.7540000000000002,0.9978830253381598
6,1.7540000000000002,0.9978830253381598
7,1.7540000000000002,0.9978830253381598
8,1.7540000000000002,0.9978830253381598
9,1.7540000000000002,0.9978830253381598
10,1.7540000000000002,0.9978830253381598
11,1.7540000000000002,0.9978830253381598
12,1.7540000000000002,0.9978830253381598
13,1.7540000000000002,0.9978830253381598
14,1.7540000000000002,0.9978830253381598
15,1.7540000000000002,0.9978830253381598
16,1.7540000000000002,0.9978830253381598
17,1.7540000000000002,0.9978830253381598
18,1.7540000000000002,0.9978830253381598
19,1.7540000000000002,0.9978830253381598
20,1.7540000000000002,0.9978830253381598
21,1.7540000000000002,0.9978830253381598
22,1.7540000000000002,0.9978830253381598
23,1.7540000000000002,0.9978830253381598
24,1.7540000000000002,0.9978830253381598
25,1.7540000000000002,0.9978830253381598
26,1.7540000000000002,0.9978830253381598
27,1.7540000000000002,0.9978830253381598
28,1.7540000000000002,0.9978830253381598
29,1.7540000000000002,0.9978830253381598
30,1.7540000000000002,0.9978830253381598
31,1.7540000000000002,0.9978830253381598
32,1.7540000000000002,0.9978830253381598
33,1.7540000000000002,0.9978830253381598
34,1.7540000000000002,0.9978830253381598
35,1.7540000000000002,0.9978830253381598
36,1.7540000000000002,0.9978830253381598
37,1.7540000000000002,0.9978830253381598
38,1.7540000000000002,0.9978830253381598
39,1.7540000000000002,0.9978830253381598
40,1.7540000000000002,0.9978830253381598
41,1.7540000000000002,0.9978830253381598
42,1.7540000000000002,0.9978830253381598
43,1.7540000000000002,0.9978830253381598
44,1.7540000000000002,0.9978830253381598
45,1.7540000000000002,0.9978830253381598
46,1.7540000000000002,0.9978830253381598
47,1.7540000000000002,0.9978830253381598
48,1.7540000000000002,0.9978830253381598
49,1.7540000000000002,0.9978830253381598
50,1.7540000000000002,0.9978830253381598
51,1.7540000000000002,0.9978830253381598
52,1.7540000000000002,0.9978830253381598
53,1.7540000000000002,0.9978830253381598
54,1.7540000000000002,0.9978830253381598
55,1.7540000000000002,0.9978830253381598
56,1.7540000000000002,0.9978830253381598
57,1.7540000000000002,0.9978830253381598
58,1.7540000000000002,0.9978830253381598
59,1.7540000000000002,0.9978830253381598
60,1.7540000000000002,0.9978830253381598
61,1.7540000000000002,0.9978830253381598
62,1.7540000000000002,0.9978830253381598
63,1.7540000000000002,0.9978830253381598
64,1.7540000000000002,0.9978830253381598
65,1.7540000000000002,0.9978830253381598
66,1.7540000000000002,0.9978830253381598
67,1.7540000000000002,0.9978830253381598
68,1.7540000000000002,0.9978830253381598
69,1.7540000000000002,0.9978830253381598
70,1.7540000000000002,0.9978830253381598
71,1.7540000000000002,0.9978830253381598
72,1.7540000000000002,0.9978830253381598
73,1.7540000000000002,0.9978830253381598
74,1.7540000000000002,0.9978830253381598
75,1.7540000000000002,0.9978830253381598
76,1.7540000000000002,0.9978830253381598
77,1.7540000000000002,0.9978830253381598
78,1.7540000000000002,0.9978830253381598
79,1.7540000000000002,0.9978830253381598
80,1.7540000000000002,0.9978830253381598
81,1.7540000000000002,0.9978830253381598
82,1.7540000000000002,0.9978830253381598
83,1.7540000000000002,0.9978830253381598
84,1.7540000000000002,0.9978830253381598
85,1.7540000000000002,0.9978830253381598
86,1.7540000000000002,0.9978830253381598
87,1.7540000000000002,0.9978830253381598
88,1.7540000000000002,0.9978830253381598
89,1.7540000000000002,0.9978830253381598
90,1.7540000000000002,0.9978830253381598
91,1.7540000000000002,0.9978830253381598
92,1.7540000000000002,0.9978830253381598
93,1.7540000000000002,0.9978830253381598
94,1.7540000000000002,0.9978830253381598
95,1.7540000000000002,0.9978830253381598
96,1.7540000000000002,0.9978830253381598
97,1.7540000000000002,0.9978830253381598
98,1.7540000000000002,0.9978830253381598
99,1.7440000000000002,0.9978830253381598
100,1.7540000000000002,0.9978830253381598
101,1.7540000000000002,0.9978830253381598
102,1.7540000000000002,0.9978830253381598
103,1.7540000000000002,0.9978830253381598
104,1.7540000000000002,0.9978830253381598
105,1.7540000000000002,0.9978830253381598
106,1.7540000000000002,0.9978830253381598
107,1.7540000000000002,0.9978830253381598
108,1.7540000000000002,0.9978830253381598
109,1.7540000000000002,0.9978830253381598
110,1.7540000000000002,0.9978830253381598
111,1.7540000000000002,0.9978830253381598
112,1.7540000000000002,0.9978830253381598
113,1.7540000000000002,0.9978830253381598
114,1.7540000000000002,0.9978830253381598
115,1.7540000000000002,0.9978830253381598
116,1.7540000000000002,0.9978830253381598
117,1.7540000000000002,0.9978830253381598
118,1.7540000000000002,0.9978830253381598
119,1.7540000000000002,0.9978830253381598
120,1.7540000000000002,0.9978830253381598
121,1.7540000000000002,0.9978830253381598
122,1.7540000000000002,0.9978830253381598
123,1.7540000000000002,0.9978830253381598
124,1.7540000000000002,0.9978830253381598
125,1.7540000000000002,0.9978830253381598
126,1.7540000000000002,0.9978830253381598
127,1.7540000000000002,0.9978830253381598
128,1.7540000000000002,0.9978830253381598
129,1.7540000000000002,0.9978830253381598
130,1.7540000000000002,0.9978830253381598
131,1.7540000000000002,0.9978830253381598
132,1.7540000000000002,0.9978830253381598
133,1.7540000000000002,0.9978830253381598
134,1.7540000000000002,0.9978830253381598
135,1.7540000000000002,0.9978830253381598
136,1.7540000000000002,0.9978830253381598
137,1.7540000000000002,0.9978830253381598
138,1.7540000000000002,0.9978830253381598
139,1.7540000000000002,0.9978830253381598
140,1.7540000000000002,0.9978830253381598
141,1.7540000000000002,0.9978830253381598
142,1.7540000000000002,0.9978830253381598
143,1.7540000000000002,0.9978830253381598
144,1.7540000000000002,0.9978830253381598
145,1.7540000000000002,0.9978830253381598
146,1.7540000000000002,0.9978830253381598
147,1.7540000000000002,0.9978830253381598
148,1.7540000000000002,0.9978830253381598
149,1.7540000000000002,0.9978830253381598
150,1.7540000000000002,0.9978830253381598
151,1.7540000000000002,0.9978830253381598
152,1.7540000000000002,0.9978830253381598
153,1.7540000000000002,0.9978830253381598
154,1.7540000000000002,0.9978830253381598
155,1.7540000000000002,0.9978830253381598
156,1.7540000000000002,0.9978830253381598
157,1.7540000000000002,0.9978830253381598
158,1.7540000000000002,0.9978830253381598
159,1.7540000000000002,0.9978830253381598
160,1.7540000000000002,0.9978830253381598
161,1.7540000000000002,0.9978830253381598
162,1.7540000000000002,0.9978830253381598
163,1.7540000000000002,0.9978830253381598
164,1.7540000000000002,0.9978830253381598
165,1.7540000000000002,0.9978830253381598
166,1.7540000000000002,0.9978830253381598
167,1.7540000000000002,0.9978830253381598
168,1.7540000000000002,0.9978830253381598
169,1.7540000000000002,0.9978830253381598
170,1.7540000000000002,0.9978830253381598
171,1.7540000000000002,0.9978830253381598
172,1.7540000000000002,0.9978830253381598
173,1.7540000000000002,0.9978830253381598
174,1.7540000000000002,0.9978830253381598
175,1.7540000000000002,0.9978830253381598
176,1.7540000000000002,0.9978830253381598
177,1.7540000000000002,0.9978830253381598
178,1.7540000000000002,0.9978830253381598
179,1.7540000000000002,0.9978830253381598
180,1.7540000000000002,0.9978830253381598
181,1.7540000000000002,0.9978830253381598
182,1.7540000000000002,0.9978830253381598
183,1.7540000000000002,0.9978830253381598
184,1.7540000000000002,0.9978830253381598
185,1.7540000000000002,0.9978830253381598
186,1.7540000000000002,0.9978830253381598
187,1.7540000000000002,0.9978830253381598
188,1.7540000000000002,0.9978830253381598
189,1.7540000000000002,0.9978830253381598
190,1.7540000000000002,0.9978830253381598
191,1.7540000000000002,0.9978830253381598
192,1.7540000000000002,0.9978830253381598
193,1.7540000000000002,0.9978830253381598
194,1.7540000000000002,0.9978830253381598
195,1.7540000000000002,0.9978830253381598
196,1.7540000000000002,0.9978830253381598
197,1.7540000000000002,0.9978830253381598
198,1.7540000000000002,0.9978830253381598
199,1.7540000000000002,0.9978830253381598
200,1.7540000000000002,0.9978830253381598
201,1.7540000000000002,0.9978830253381598
202,1.7540000000000002,0.9978830253381598
203,1.7540000000000002,0.9978830253381598
204,1.7540000000000002,0.9978830253381598
205,1.7540000000000002,0.9978830253381598
206,1.7540000000000002,0.9978830253381598
207,1.7540000000000002,0.9978830253381598
208,1.7540000000000002,0.9978830253381598
209,1.7540000000000002,0.9978830253381598
210,1.7540000000000002,0.9978830253381598
211,1.7540000000000002,0.9978830253381598
212,1.7540000000000002,0.9978830253381598
213,1.7540000000000002,0.9978830253381598
214,1.7540000000000002,0.9978830253381598
215,1.7540000000000002,0.9978830253381598
216,1.7540000000000002,0.9978830253381598
217,1.7540000000000002,0.9978830253381598
218,1.7540000000000002,0.9978830253381598
219,1.7540000000000002,0.9978830253381598
220,1.7540000000000002,0.9978830253381598
221,1.7540000000000002,0.9978830253381598
222,1.7540000000000002,0.9978830253381598
223,1.7540000000000002,0.9978830253381598
224,1.7540000000000002,0.9978830253381598
225,1.7540000000000002,0.9978830253381598
226,1.7540000000000002,0.9978830253381598
227,1.7540000000000002,0.9978830253381598
228,1.7540000000000002,0.9978830253381598
229,1.7540000000000002,0.9978830253381598
230,1.7540000000000002,0.9978830253381598
231,1.7540000000000002,0.9978830253381598
232,1.7540000000000002,0.9978830253381598
233,1.7540000000000002,0.9978830253381598
234,1.7540000000000002,0.9978830253381598
235,1.7540000000000002,0.9978830253381598
236,1.7540000000000002,0.9978830253381598
237,1.7540000000000002,0.9978830253381598
238,1.7540000000000002,0.9978830253381598
239,1.7540000000000002,0.9978830253381598
240,1.7540000000000002,0.9978830253381598
241,1.7540000000000002,0.9978830253381598
242,1.7540000000000002,0.9978830253381598
243,1.7540000000000002,0.9978830253381598
244,1.7540000000000002,0.9978830253381598
245,1.7540000000000002,0.9978830253381598
246,1.7540000000000002,0.9978830253381598
247,1.7540000000000002,0.9978830253381598
248,1.7540000000000002,0.9978830253381598
249,1.7540000000000002,0.9978830253381598
250,1.7540000000000002,0.9978830253381598
251,1.7540000000000002,0.9978830253381598
252,1.7540000000000002,0.9978830253381598
253,1.7540000000000002,0.9978830253381598
254,1.7540000000000002,0.9978830253381598
255,1.7540000000000002,0.9978830253381598
256,1.7540000000000002,0.9978830253381598
257,1.7540000000000002,0.9978830253381598
258,1.7540000000000002,0.9978830253381598
259,1.7540000000000002,0.9978830253381598
260,1.7540000000000002,0.9978830253381598
261,1.7540000000000002,0.9978830253381598
262,1.7540000000000002,0.9978830253381598
263,1.7540000000000002,0.9978830253381598
264,1.7540000000000002,0.9978830253381598
265,1.7540000000000002,0.9978830253381598
266,1.7540000000000002,0.9978830253381598
267,1.7540000000000002,0.9978830253381598
268,1.7540000000000002,0.9978830253381598
269,1.7540000000000002,0.9978830253381598
270,1.7540000000000002,0.9978830253381598
271,1.7540000000000002,0.9978830253381598
272,1.7540000000000002,0.9978830253381598
273,1.7540000000000002,0.9978830253381598
274,1.7540000000000002,0.9978830253381598
275,1.7540000000000002,0.9978830253381598
276,1.7540000000000002,0.9978830253381598
277,1.7540000000000002,0.9978830253381598
278,1.7540000000000002,0.9978830253381598
279,1.7540000000000002,0.9978830253381598
280,1.7540000000000002,0.9978830253381598
281,1.7540000000000002,0.9978830253381598
282,1.7540000000000002,0.9978830253381598
283,1.7540000000000002,0.9978830253381598
284,1.7540000000000002,0.9978830253381598
285,1.7540000000000002,0.9978830253381598
286,1.7540000000000002,0.9978830253381598
287,1.7540000000000002,0.9978830253381598
288,1.7540000000000002,0.9978830253381598
289,1.7540000000000002,0.9978830253381598
290,1.7540000000000002,0.9978830253381598
291,1.7540000000000002,0.9978830253381598
292,1.7540000000000002,0.9978830253381598
293,1.7540000000000002,0.9978830253381598
294,1.7540000000000002,0.9978830253381598
295,1.7540000000000002,0.9978830253381598
296,1.7540000000000002,0.9978830253381598
297,1.7540000000000002,0.9978830253381598
298,1.7540000000000002,0.9978830253381598
299,1.7540000000000002,0.9978830253381598
300,1.7540000000000002,0.9978830253381598
301,1.7540000000000002,0.9978830253381598
302,1.7540000000000002,0.9978830253381598
303,1.7540000000000002,0.9978830253381598
304,1.7540000000000002,0.9978830253381598
305,1.7540000000000002,0.9978830253381598
306,1.7540000000000002,0.9978830253381598
307,1.7540000000000002,0.9978830253381598
308,1.7540000000000002,0.9978830253381598
309,1.7540000000000002,0.9978830253381598
310,1.7540000000000002,0.9978830253381598
311,1.7540000000000002,0.9978830253381598
312,1.7540000000000002,0.9978830253381598
313,1.7540000000000002,0.9978830253381598
314,1.7540000000000002,0.9978830253381598
315,1.7540000000000002,0.9978830253381598
316,1.7540000000000002,0.9978830253381598
317,1.7540000000000002,0.9978830253381598
318,1.7540000000000002,0.9978830253381598
319,1.7540000000000002,0.9978830253381598
320,1.7540000000000002,0.9978830253381598
321,1.7540000000000002,0.9978830253381598
322,1.7540000000000002,0.9978830253381598
323,1.7540000000000002,0.9978830253381598
324,1.7540000000000002,0.9978830253381598
325,1.7540000000000002,0.9978830253381598
326,1.7540000000000002,0.9978830253381598
327,1.7540000000000002,0.9978830253381598
328,1.7540000000000002,0.9978830253381598
329,1.7540000000000002,0.9978830253381598
330,1.7540000000000002,0.9978830253381598
331,1.7540000000000002,0.9978830253381598
332,1.7540000000000002,0.9978830253381598
333,1.7540000000000002,0.9978830253381598
334,1.7540000000000002,0.9978830253381598
335,1.7540000000000002,0.9978830253381598
336,1.7540000000000002,0.9978830253381598
337,1.7540000000000002,0.9978830253381598
338,1.7540000000000002,0.9978830253381598
339,1.7540000000000002,0.9978830253381598
340,1.7540000000000002,0.9978830253381598
341,1.7540000000000002,0.9978830253381598
342,1.7540000000000002,0.9978830253381598
343,1.7540000000000002,0.9978830253381598
344,1.7540000000000002,0.9978830253381598
345,1.7540000000000002,0.9978830253381598
346,1.7540000000000002,0.9978830253381598
347,1.7540000000000002,0.9978830253381598
348,1.7540000000000002,0.9978830253381598
349,1.7540000000000002,0.9978830253381598
350,1.7540000000000002,0.9978830253381598
351,1.7540000000000002,0.9978830253381598
352,1.7540000000000002,0.9978830253381598
353,1.7540000000000002,0.9978830253381598
354,1.7540000000000002,0.9978830253381598
355,1.7540000000000002,0.9978830253381598
356,1.7540000000000002,0.9978830253381598
357,1.7540000000000002,0.9978830253381598
358,1.7540000000000002,0.9978830253381598
359,1.7540000000000002,0.9978830253381598
360,1.7540000000000002,0.9978830253381598
361,1.7540000000000002,0.9978830253381598
362,1.7540000000000002,0.9978830253381598
363,1.7540000000000002,0.9978830253381598
364,1.7540000000000002,0.9978830253381598
365,1.7540000000000002,0.9978830253381598
366,1.7540000000000002,0.9978830253381598
367,1.7540000000000002,0.9978830253381598
368,1.7540000000000002,0.9978830253381598
369,1.7540000000000002,0.9978830253381598
370,1.7540000000000002,0.9978830253381598
371,1.7540000000000002,0.9978830253381598
372,1.7540000000000002,0.9978830253381598
373,1.7540000000000002,0.9978830253381598
374,1.7540000000000002,0.9978830253381598
375,1.7540000000000002,0.9978830253381598
376,1.7540000000000002,0.9978830253381598
377,1.7540000000000002,0.9978830253381598
378,1.7540000000000002,0.9978830253381598
379,1.7540000000000002,0.9978830253381598
380,1.7540000000000002,0.9978830253381598
381,1.7540000000000002,0.9978830253381598
382,1.7540000000000002,0.9978830253381598
383,1.7540000000000002,0.9978830253381598
384,1.7540000000000002,0.9978830253381598
385,1.7540000000000002,0.9978830253381598
386,1.7540000000000002,0.9978830253381598
387,1.7540000000000002,0.9978830253381598
388,1.7540000000000002,0.9978830253381598
389,1.7540000000000002,0.9978830253381598
390,1.7540000000000002,0.9978830253381598
391,1.7540000000000002,0.9978830253381598
392,1.7540000000000002,0.9978830253381598
393,1.7540000000000002,0.9978830253381598
394,1.7540000000000002,0.9978830253381598
395,1.7540000000000002,0.9978830253381598
396,1.7540000000000002,0.9978830253381598
397,1.7540000000000002,0.9978830253381598
398,1.7540000000000002,0.9978830253381598
399,1.7540000000000002,0.9978830253381598
400,1.7540000000000002,0.9978830253381598
401,1.7540000000000002,0.9978830253381598
402,1.7540000000000002,0.9978830253381598
403,1.7540000000000002,0.9978830253381598
404,1.7540000000000002,0.9978830253381598
405,1.7540000000000002,0.9978830253381598
406,1.7540000000000002,0.9978830253381598
407,1.7540000000000002,0.9978830253381598
408,1.7540000000000002,0.9978830253381598
409,1.7540000000000002,0.9978830253381598
410,1.7540000000000002,0.9978830253381598
411,1.7540000000000002,0.9978830253381598
412,1.7540000000000002,0.9978830253381598
413,1.7540000000000002,0.9978830253381598
414,1.7540000000000002,0.9978830253381598
415,1.7540000000000002,0.9978830253381598
416,1.7540000000000002,0.9978830253381598
417,1.7540000000000002,0.9978830253381598
418,1.7540000000000002,0.9978830253381598
419,1.7540000000000002,0.9978830253381598
420,1.7540000000000002,0.9978830253381598
421,1.7540000000000002,0.9978830253381598
422,1.7540000000000002,0.9978830253381598
423,1.7540000000000002,0.9978830253381598
424,1.7540000000000002,0.9978830253381598
425,1.7540000000000002,0.9978830253381598
426,1.7540000000000002,0.9978830253381598
427,1.7540000000000002,0.9978830253381598
428,1.7540000000000002,0.9978830253381598
429,1.7540000000000002,0.9978830253381598
430,1.7540000000000002,0.9978830253381598
431,1.7540000000000002,0.9978830253381598
432,1.7540000000000002,0.9978830253381598
433,1.7540000000000002,0.9978830253381598
434,1.7540000000000002,0.9978830253381598
435,1.7540000000000002,0.9978830253381598
436,1.7540000000000002,0.9978830253381598
437,1.7540000000000002,0.9978830253381598
438,1.7540000000000002,0.9978830253381598
439,1.7540000000000002,0.9978830253381598
440,1.7540000000000002,0.9978830253381598
441,1.7540000000000002,0.9978830253381598
442,1.7540000000000002,0.9978830253381598
443,1.7540000000000002,0.9978830253381598
444,1.7540000000000002,0.9978830253381598
445,1.7540000000000002,0.9978830253381598
446,1.7540000000000002,0.9978830253381598
447,1.7540000000000002,0.9978830253381598
448,1.7540000000000002,0.9978830253381598
449,1.7540000000000002,0.9978830253381598
450,1.7540000000000002,0.9978830253381598
451,1.7540000000000002,0.9978830253381598
452,1.7540000000000002,0.9978830253381598
453,1.7540000000000002,0.9978830253381598
454,1.7540000000000002,0.9978830253381598
455,1.7540000000000002,0.9978830253381598
456,1.7540000000000002,0.9978830253381598
457,1.7540000000000002,0.9978830253381598
458,1.7540000000000002,0.9978830253381598
459,1.7540000000000002,0.9978830253381598
460,1.7540000000000002,0.9978830253381598
461,1.7540000000000002,0.9978830253381598
462,1.7540000000000002,0.9978830253381598
463,1.7540000000000002,0.9978830253381598
464,1.7540000000000002,0.9978830253381598
465,1.7540000000000002,0.9978830253381598
466,1.7540000000000002,0.9978830253381598
467,1.7540000000000002,0.9978830253381598
468,1.7540000000000002,0.9978830253381598
469,1.7540000000000002,0.9978830253381598
470,1.7540000000000002,0.9978830253381598
471,1.7540000000000002,0.9978830253381598
472,1.7540000000000002,0.9978830253381598
473,1.7540000000000002,0.9978830253381598
474,1.7540000000000002,0.9978830253381598
475,1.7540000000000002,0.9978830253381598
476,1.7540000000000002,0.9978830253381598
477,1.7540000000000002,0.9978830253381598
478,1.7540000000000002,0.9978830253381598
479,1.7540000000000002,0.9978830253381598
480,1.7540000000000002,0.9978830253381598
481,1.7540000000000002,0.9978830253381598
482,1.7540000000000002,0.9978830253381598
483,1.7540000000000002,0.9978830253381598
484,1.7540000000000002,0.9978830253381598
485,1.7540000000000002,0.9978830253381598
486,1.7540000000000002,0.9978830253381598
487,1.7540000000000002,0.9978830253381598
488,1.7540000000000002,0.9978830253381598
489,1.7540000000000002,0.9978830253381598
490,1.7540000000000002,0.9978830253381598
491,1.7540000000000002,0.9978830253381598
492,1.7540000000000002,0.9978830253381598
493,1.7540000000000002,0.9978830253381598
494,1.7540000000000002,0.9978830253381598
495,1.7540000000000002,0.9978830253381598
496,1.7540000000000002,0.9978830253381598
497,1.7540000000000002,0.9978830253381598
498,1.7540000000000002,0.9978830253381598
499,1.7540000000000002,0.9978830253381598
500,1.7540000000000002,0.9978830253381598
501,1.7540000000000002,0.9978830253381598
502,1.7540000000000002,0.9978830253381598
503,1.7540000000000002,0.9978830253381598
504,1.7540000000000002,0.9978830253381598
505,1.7540000000000002,0.9978830253381598
506,1.7540000000000002,0.9978830253381598
507,1.7540000000000002,0.9978830253381598
508,1.7540000000000002,0.9978830253381598
509,1.7540000000000002,0.9978830253381598
510,1.7540000000000002,0.9978830253381598
511,1.7540000000000002,0.9978830253381598
512,1.7540000000000002,0.9978830253381598
513,1.7540000000000002,0.9978830253381598
514,1.7540000000000002,0.9978830253381598
515,1.7540000000000002,0.9978830253381598
516,1.7540000000000002,0.9978830253381598
517,1.7540000000000002,0.9978830253381598
518,1.7540000000000002,0.9978830253381598
519,1.7540000000000002,0.9978830253381598
520,1.7540000000000002,0.9978830253381598
521,1.7540000000000002,0.9978830253381598
522,1.7540000000000002,0.9978830253381598
523,1.7540000000000002,0.9978830253381598
524,1.7540000000000002,0.9978830253381598
525,1.7540000000000002,0.9978830253381598
526,1.7540000000000002,0.9978830253381598
527,1.7540000000000002,0.9978830253381598
528,1.7540000000000002,0.9978830253381598
529,1.7540000000000002,0.9978830253381598
530,1.7540000000000002,0.9978830253381598
531,1.7540000000000002,0.9978830253381598
532,1.7540000000000002,0.9978830253381598
533,1.7540000000000002,0.9978830253381598
534,1.7540000000000002,0.9978830253381598
535,1.7540000000000002,0.9978830253381598
536,1.7540000000000002,0.9978830253381598
537,1.7540000000000002,0.9978830253381598
538,1.7540000000000002,0.9978830253381598
539,1.7540000000000002,0.9978830253381598
540,1.7540000000000002,0.9978830253381598
541,1.7540000000000002,0.9978830253381598
542,1.7540000000000002,0.9978830253381598
543,1.7540000000000002,0.9978830253381598
544,1.7540000000000002,0.9978830253381598
545,1.7540000000000002,0.9978830253381598
546,1.7540000000000002,0.9978830253381598
547,1.7540000000000002,0.9978830253381598
548,1.7540000000000002,0.9978830253381598
549,1.7540000000000002,0.9978830253381598
550,1.7540000000000002,0.9978830253381598
551,1.7540000000000002,0.9978830253381598
552,1.7540000000000002,0.9978830253381598
553,1.7540000000000002,0.9978830253381598
554,1.7540000000000002,0.9978830253381598
555,1.7540000000000002,0.9978830253381598
556,1.7540000000000002,0.9978830253381598
557,1.7540000000000002,0.9978830253381598
558,1.7540000000000002,0.9978830253381598
559,1.7540000000000002,0.9978830253381598
560,1.7540000000000002,0.9978830253381598
561,1.7540000000000002,0.9978830253381598
562,1.7540000000000002,0.9978830253381598
563,1.7540000000000002,0.9978830253381598
564,1.7540000000000002,0.9978830253381598
565,1.7540000000000002,0.9978830253381598
566,1.7540000000000002,0.9978830253381598
567,1.7540000000000002,0.9978830253381598
568,1.7540000000000002,0.9978830253381598
569,1.7540000000000002,0.9978830253381598
570,1.7540000000000002,0.9978830253381598
571,1.7540000000000002,0.9978830253381598
572,1.7540000000000002,0.9978830253381598
573,1.7540000000000002,0.9978830253381598
574,1.7540000000000002,0.9978830253381598
575,1.7540000000000002,0.9978830253381598
576,1.7540000000000002,0.9978830253381598
577,1.7540000000000002,0.9978830253381598
578,1.7540000000000002,0.9978830253381598
579,1.7540000000000002,0.9978830253381598
580,1.7540000000000002,0.9978830253381598
581,1.7540000000000002,0.9978830253381598
582,1.7540000000000002,0.9978830253381598
583,1.7540000000000002,0.9978830253381598
584,1.7540000000000002,0.9978830253381598
585,1.7540000000000002,0.9978830253381598
586,1.7540000000000002,0.9978830253381598
587,1.7540000000000002,0.9978830253381598
588,1.7540000000000002,0.9978830253381598
589,1.7540000000000002,0.9978830253381598
590,1.7540000000000002,0.9978830253381598
591,1.7540000000000002,0.9978830253381598
592,1.7540000000000002,0.9978830253381598
593,1.7540000000000002,0.9978830253381598
594,1.7540000000000002,0.9978830253381598
595,1.7540000000000002,0.9978830253381598
596,1.7540000000000002,0.9978830253381598
597,1.7540000000000002,0.9978830253381598
598,1.7540000000000002,0.9978830253381598
599,1.7540000000000002,0.9978830253381598
600,1.7540000000000002,0.9978830253381598
601,1.7540000000000002,0.9978830253381598
602,1.7540000000000002,0.9978830253381598
603,1.7540000000000002,0.9978830253381598
604,1.7540000000000002,0.9978830253381598
605,1.7540000000000002,0.9978830253381598
606,1.7540000000000002,0.9978830253381598
607,1.7540000000000002,0.9978830253381598
608,1.7540000000000002,0.9978830253381598
609,1.7540000000000002,0.9978830253381598
610,1.7540000000000002,0.9978830253381598
611,1.7540000000000002,0.9978830253381598
612,1.7540000000000002,0.9978830253381598
613,1.7540000000000002,0.9978830253381598
614,1.7540000000000002,0.9978830253381598
615,1.7540000000000002,0.9978830253381598
616,1.7540000000000002,0.9978830253381598
617,1.7540000000000002,0.9978830253381598
618,1.7540000000000002,0.9978830253381598
619,1.7540000000000002,0.9978830253381598
620,1.7540000000000002,0.9978830253381598
621,1.7540000000000002,0.9978830253381598
622,1.7540000000000002,0.9978830253381598
623,1.7540000000000002,0.9978830253381598
624,1.7540000000000002,0.9978830253381598
625,1.7540000000000002,0.9978830253381598
626,1.7540000000000002,0.9978830253381598
627,1.7540000000000002,0.9978830253381598
628,1.7540000000000002,0.9978830253381598
629,1.7540000000000002,0.9978830253381598
630,1.7540000000000002,0.9978830253381598
631,1.7540000000000002,0.9978830253381598
632,1.7540000000000002,0.9978830253381598
633,1.7540000000000002,0.9978830253381598
634,1.7540000000000002,0.9978830253381598
635,1.7540000000000002,0.9978830253381598
636,1.7540000000000002,0.9978830253381598
637,1.7540000000000002,0.9978830253381598
638,1.7540000000000002,0.9978830253381598
639,1.7540000000000002,0.9978830253381598
640,1.7540000000000002,0.9978830253381598
641,1.7540000000000002,0.9978830253381598
642,1.7540000000000002,0.9978830253381598
643,1.7540000000000002,0.9978830253381598
644,1.7540000000000002,0.9978830253381598
645,1.7540000000000002,0.9978830253381598
646,1.7540000000000002,0.9978830253381598
647,1.7540000000000002,0.9978830253381598
648,1.7540000000000002,0.9978830253381598
649,1.7540000000000002,0.9978830253381598
650,1.7540000000000002,0.9978830253381598
651,1.7540000000000002,0.9978830253381598
652,1.7540000000000002,0.9978830253381598
653,1.7540000000000002,0.9978830253381598
654,1.7540000000000002,0.9978830253381598
655,1.7540000000000002,0.9978830253381598
656,1.7540000000000002,0.9978830253381598
657,1.7540000000000002,0.9978830253381598
658,1.7540000000000002,0.9978830253381598
659,1.7540000000000002,0.9978830253381598
660,1.7540000000000002,0.9978830253381598
661,1.7540000000000002,0.9978830253381598
662,1.7540000000000002,0.9978830253381598
663,1.7540000000000002,0.9978830253381598
664,1.7540000000000002,0.9978830253381598
665,1.7540000000000002,0.9978830253381598
666,1.7540000000000002,0.9978830253381598
667,1.7540000000000002,0.9978830253381598
668,1.7540000000000002,0.9978830253381598
669,1.7540000000000002,0.9978830253381598
670,1.7540000000000002,0.9978830253381598
671,1.7540000000000002,0.9978830253381598
672,1.7540000000000002,0.9978830253381598
673,1.7540000000000002,0.9978830253381598
674,1.7540000000000002,0.9978830253381598
675,1.7540000000000002,0.9978830253381598
676,1.7540000000000002,0.9978830253381598
677,1.7540000000000002,0.9978830253381598
678,1.7540000000000002,0.9978830253381598
679,1.7540000000000002,0.9978830253381598
680,1.7540000000000002,0.9978830253381598
681,1.7540000000000002,0.9978830253381598
682,1.7540000000000002,0.9978830253381598
683,1.7540000000000002,0.9978830253381598
684,1.7540000000000002,0.9978830253381598
685,1.7540000000000002,0.9978830253381598
686,1.7540000000000002,0.9978830253381598
687,1.7540000000000002,0.9978830253381598
688,1.7540000000000002,0.9978830253381598
689,1.7540000000000002,0.9978830253381598
690,1.7540000000000002,0.9978830253381598
691,1.7540000000000002,0.9978830253381598
692,1.7540000000000002,0.9978830253381598
693,1.7540000000000002,0.9978830253381598
694,1.7540000000000002,0.9978830253381598
695,1.7540000000000002,0.9978830253381598
696,1.7540000000000002,0.9978830253381598
697,1.7540000000000002,0.9978830253381598
698,1.7540000000000002,0.9978830253381598
699,1.7540000000000002,0.9978830253381598
700,1.7540000000000002,0.9978830253381598
701,1.7540000000000002,0.9978830253381598
702,1.7540000000000002,0.9978830253381598
703,1.7540000000000002,0.9978830253381598
704,1.7540000000000002,0.9978830253381598
705,1.7540000000000002,0.9978830253381598
706,1.7540000000000002,0.9978830253381598
707,1.7540000000000002,0.9978830253381598
708,1.7540000000000002,0.9978830253381598
709,1.7540000000000002,0.9978830253381598
710,1.7540000000000002,0.9978830253381598
711,1.7540000000000002,0.9978830253381598
712,1.7540000000000002,0.9978830253381598
713,1.7540000000000002,0.9978830253381598
714,1.7540000000000002,0.9978830253381598
715,1.7540000000000002,0.9978830253381598
716,1.7540000000000002,0.9978830253381598
717,1.7540000000000002,0.9978830253381598
718,1.7540000000000002,0.9978830253381598
719,1.7540000000000002,0.9978830253381598
720,1.7540000000000002,0.9978830253381598
721,1.7540000000000002,0.9978830253381598
722,1.7540000000000002,0.9978830253381598
723,1.7540000000000002,0.9978830253381598
724,1.7540000000000002,0.9978830253381598
725,1.7540000000000002,0.9978830253381598
726,1.7540000000000002,0.9978830253381598
727,1.7540000000000002,0.9978830253381598
728,1.7540000000000002,0.9978830253381598
729,1.7540000000000002,0.9978830253381598
730,1.7540000000000002,0.9978830253381598
731,1.7540000000000002,0.9978830253381598
732,1.7540000000000002,0.9978830253381598
733,1.7540000000000002,0.9978830253381598
734,1.7540000000000002,0.9978830253381598
735,1.7540000000000002,0.9978830253381598
736,1.7540000000000002,0.9978830253381598
737,1.7540000000000002,0.9978830253381598
738,1.7540000000000002,0.9978830253381598
739,1.7540000000000002,0.9978830253381598
740,1.7540000000000002,0.9978830253381598
741,1.7540000000000002,0.9978830253381598
742,1.7540000000000002,0.9978830253381598
743,1.7540000000000002,0.9978830253381598
744,1.7540000000000002,0.9978830253381598
745,1.7540000000000002,0.9978830253381598
746,1.7540000000000002,0.9978830253381598
747,1.7540000000000002,0.9978830253381598
748,1.7540000000000002,0.9978830253381598
749,1.7540000000000002,0.9978830253381598
750,1.7540000000000002,0.9978830253381598
751,1.7540000000000002,0.9978830253381598
752,1.7540000000000002,0.9978830253381598
753,1.7540000000000002,0.9978830253381598
754,1.7540000000000002,0.9978830253381598
755,1.7540000000000002,0.9978830253381598
756,1.7540000000000002,0.9978830253381598
757,1.7540000000000002,0.9978830253381598
758,1.7540000000000002,0.9978830253381598
759,1.7540000000000002,0.9978830253381598
760,1.7540000000000002,0.9978830253381598
761,1.7540000000000002,0.9978830253381598
762,1.7540000000000002,0.9978830253381598
763,1.7540000000000002,0.9978830253381598
764,1.7540000000000002,0.9978830253381598
765,1.7540000000000002,0.9978830253381598
766,1.7540000000000002,0.9978830253381598
767,1.7540000000000002,0.9978830253381598
768,1.7540000000000002,0.9978830253381598
769,1.7540000000000002,0.9978830253381598
770,1.7540000000000002,0.9978830253381598
771,1.7540000000000002,0.9978830253381598
772,1.7540000000000002,0.9978830253381598
773,1.7540000000000002,0.9978830253381598
774,1.7540000000000002,0.9978830253381598
775,1.7540000000000002,0.9978830253381598
776,1.7540000000000002,0.9978830253381598
777,1.7540000000000002,0.9978830253381598
778,1.7540000000000002,0.9978830253381598
779,1.7540000000000002,0.9978830253381598
780,1.7540000000000002,0.9978830253381598
781,1.7540000000000002,0.9978830253381598
782,1.7540000000000002,0.9978830253381598
783,1.7540000000000002,0.9978830253381598
784,1.7540000000000002,0.9978830253381598
785,1.7540000000000002,0.9978830253381598
786,1.7540000000000002,0.9978830253381598
787,1.7540000000000002,0.9978830253381598
788,1.7540000000000002,0.9978830253381598
789,1.7540000000000002,0.9978830253381598
790,1.7540000000000002,0.9978830253381598
791,1.7540000000000002,0.9978830253381598
792,1.7540000000000002,0.9978830253381598
793,1.7540000000000002,0.9978830253381598
794,1.7540000000000002,0.9978830253381598
795,1.7540000000000002,0.9978830253381598
796,1.7540000000000002,0.9978830253381598
797,1.7540000000000002,0.9978830253381598
798,1.7540000000000002,0.9978830253381598
799,1.7540000000000002,0.9978830253381598
800,1.7540000000000002,0.9978830253381598
801,1.7540000000000002,0.9978830253381598
802,1.7540000000000002,0.9978830253381598
803,1.7540000000000002,0.9978830253381598
804,1.7540000000000002,0.9978830253381598
805,1.7540000000000002,0.9978830253381598
806,1.7540000000000002,0.9978830253381598
807,1.7540000000000002,0.9978830253381598
808,1.7540000000000002,0.9978830253381598
809,1.7540000000000002,0.9978830253381598
810,1.7540000000000002,0.9978830253381598
811,1.7540000000000002,0.9978830253381598
812,1.7540000000000002,0.9978830253381598
813,1.7540000000000002,0.9978830253381598
814,1.7540000000000002,0.9978830253381598
815,1.7540000000000002,0.9978830253381598
816,1.7540000000000002,0.9978830253381598
817,1.7540000000000002,0.9978830253381598
818,1.7540000000000002,0.9978830253381598
819,1.7540000000000002,0.9978830253381598
820,1.7540000000000002,0.9978830253381598
821,1.7540000000000002,0.9978830253381598
822,1.7540000000000002,0.9978830253381598
823,1.7540000000000002,0.9978830253381598
824,1.7540000000000002,0.9978830253381598
825,1.7540000000000002,0.9978830253381598
826,1.7540000000000002,0.9978830253381598
827,1.7540000000000002,0.9978830253381598
828,1.7540000000000002,0.9978830253381598
829,1.7540000000000002,0.9978830253381598
830,1.7540000000000002,0.9978830253381598
831,1.7540000000000002,0.9978830253381598
832,1.7540000000000002,0.9978830253381598
833,1.7540000000000002,0.9978830253381598
834,1.7540000000000002,0.9978830253381598
835,1.7540000000000002,0.9978830253381598
836,1.7540000000000002,0.9978830253381598
837,1.7540000000000002,0.9978830253381598
838,1.7540000000000002,0.9978830253381598
839,1.7540000000000002,0.9978830253381598
840,1.7540000000000002,0.9978830253381598
841,1.7540000000000002,0.9978830253381598
842,1.7540000000000002,0.9978830253381598
843,1.7540000000000002,0.9978830253381598
844,1.7540000000000002,0.9978830253381598
845,1.7540000000000002,0.9978830253381598
846,1.7540000000000002,0.9978830253381598
847,1.7540000000000002,0.9978830253381598
848,1.7540000000000002,0.9978830253381598
849,1.7540000000000002,0.9978830253381598
850,1.7540000000000002,0.9978830253381598
851,1.7540000000000002,0.9978830253381598
852,1.7540000000000002,0.9978830253381598
853,1.7540000000000002,0.9978830253381598
854,1.7540000000000002,0.9978830253381598
855,1.7540000000000002,0.9978830253381598
856,1.7540000000000002,0.9978830253381598
857,1.7540000000000002,0.9978830253381598
858,1.7540000000000002,0.9978830253381598
859,1.7540000000000002,0.9978830253381598
860,1.7540000000000002,0.9978830253381598
861,1.7540000000000002,0.9978830253381598
862,1.7540000000000002,0.9978830253381598
863,1.7540000000000002,0.9978830253381598
864,1.7540000000000002,0.9978830253381598
865,1.7540000000000002,0.9978830253381598
866,1.7540000000000002,0.9978830253381598
867,1.7540000000000002,0.9978830253381598
868,1.7540000000000002,0.9978830253381598
869,1.7540000000000002,0.9978830253381598
870,1.7540000000000002,0.9978830253381598
871,1.7540000000000002,0.9978830253381598
872,1.7540000000000002,0.9978830253381598
873,1.7540000000000002,0.9978830253381598
874,1.7540000000000002,0.9978830253381598
875,1.7540000000000002,0.9978830253381598
876,1.7540000000000002,0.9978830253381598
877,1.7540000000000002,0.9978830253381598
878,1.7540000000000002,0.9978830253381598
879,1.7540000000000002,0.9978830253381598
880,1.7540000000000002,0.9978830253381598
881,1.7540000000000002,0.9978830253381598
882,1.7540000000000002,0.9978830253381598
883,1.7540000000000002,0.9978830253381598
884,1.7540000000000002,0.9978830253381598
885,1.7540000000000002,0.9978830253381598
886,1.7540000000000002,0.9978830253381598
887,1.7540000000000002,0.9978830253381598
888,1.7540000000000002,0.9978830253381598
889,1.7540000000000002,0.9978830253381598
890,1.7540000000000002,0.9978830253381598
891,1.7540000000000002,0.9978830253381598
892,1.7540000000000002,0.9978830253381598
893,1.7540000000000002,0.9978830253381598
894,1.7540000000000002,0.9978830253381598
895,1.7540000000000002,0.9978830253381598
896,1.7540000000000002,0.9978830253381598
897,1.7540000000000002,0.9978830253381598
898,1.7540000000000002,0.9978830253381598
899,1.7540000000000002,0.9978830253381598
900,1.7540000000000002,0.9978830253381598
901,1.7540000000000002,0.9978830253381598
902,1.7540000000000002,0.9978830253381598
903,1.7540000000000002,0.9978830253381598
904,1.7540000000000002,0.9978830253381598
905,1.7540000000000002,0.9978830253381598
906,1.7540000000000002,0.9978830253381598
907,1.7540000000000002,0.9978830253381598
908,1.7540000000000002,0.9978830253381598
909,1.7540000000000002,0.9978830253381598
910,1.7540000000000002,0.9978830253381598
911,1.7540000000000002,0.9978830253381598
912,1.7540000000000002,0.9978830253381598
913,1.7540000000000002,0.9978830253381598
914,1.7540000000000002,0.9978830253381598
915,1.7540000000000002,0.9978830253381598
916,1.7540000000000002,0.9978830253381598
917,1.7540000000000002,0.9978830253381598
918,1.7540000000000002,0.9978830253381598
919,1.7540000000000002,0.9978830253381598
920,1.7540000000000002,0.9978830253381598
921,1.7540000000000002,0.9978830253381598
922,1.7540000000000002,0.9978830253381598
923,1.7540000000000002,0.9978830253381598
924,1.7540000000000002,0.9978830253381598
925,1.7540000000000002,0.9978830253381598
926,1.7540000000000002,0.9978830253381598
927,1.7540000000000002,0.9978830253381598
928,1.7540000000000002,0.9978830253381598
929,1.7540000000000002,0.9978830253381598
930,1.7540000000000002,0.9978830253381598
931,1.7540000000000002,0.9978830253381598
932,1.7540000000000002,0.9978830253381598
933,1.7540000000000002,0.9978830253381598
934,1.7540000000000002,0.9978830253381598
935,1.7540000000000002,0.9978830253381598
936,1.7540000000000002,0.9978830253381598
937,1.7540000000000002,0.9978830253381598
938,1.7540000000000002,0.9978830253381598
939,1.7540000000000002,0.9978830253381598
940,1.7540000000000002,0.9978830253381598
941,1.7540000000000002,0.9978830253381598
942,1.7540000000000002,0.9978830253381598
943,1.7540000000000002,0.9978830253381598
944,1.7540000000000002,0.9978830253381598
945,1.7540000000000002,0.9978830253381598
946,1.7540000000000002,0.9978830253381598
947,1.7540000000000002,0.9978830253381598
948,1.7540000000000002,0.9978830253381598
949,1.7540000000000002,0.9978830253381598
950,1.7540000000000002,0.9978830253381598
951,1.7540000000000002,0.9978830253381598
952,1.7540000000000002,0.9978830253381598
953,1.7540000000000002,0.9978830253381598
954,1.7540000000000002,0.9978830253381598
955,1.7540000000000002,0.9978830253381598
956,1.7540000000000002,0.9978830253381598
957,1.7540000000000002,0.9978830253381598
958,1.7540000000000002,0.9978830253381598
959,1.7540000000000002,0.9978830253381598
960,1.7540000000000002,0.9978830253381598
961,1.7540000000000002,0.9978830253381598
962,1.7540000000000002,0.9978830253381598
963,1.7540000000000002,0.9978830253381598
964,1.7540000000000002,0.9978830253381598
965,1.7540000000000002,0.9978830253381598
966,1.7540000000000002,0.9978830253381598
967,1.7540000000000002,0.9978830253381598
968,1.7540000000000002,0.9978830253381598
969,1.7540000000000002,0.9978830253381598
970,1.7540000000000002,0.9978830253381598
971,1.7540000000000002,0.9978830253381598
972,1.7540000000000002,0.9978830253381598
973,1.7540000000000002,0.9978830253381598
974,1.7540000000000002,0.9978830253381598
975,1.7540000000000002,0.9978830253381598
976,1.7540000000000002,0.9978830253381598
977,1.7540000000000002,0.9978830253381598
978,1.7540000000000002,0.9978830253381598
979,1.7540000000000002,0.9978830253381598
980,1.7540000000000002,0.9978830253381598
981,1.7540000000000002,0.9978830253381598
982,1.7540000000000002,0.9978830253381598
983,1.7540000000000002,0.9978830253381598
984,1.7540000000000002,0.9978830253381598
985,1.7540000000000002,0.9978830253381598
986,1.7540000000000002,0.9978830253381598
987,1.7540000000000002,0.9978830253381598
988,1.7540000000000002,0.9978830253381598
989,1.7540000000000002,0.9978830253381598
990,1.7540000000000002,0.9978830253381598
991,1.7540000000000002,0.9978830253381598
992,1.7540000000000002,0.9978830253381598
993,1.7540000000000002,0.9978830253381598
994,1.7540000000000002,0.9978830253381598
995,1.7540000000000002,0.9978830253381598
996,1.7540000000000002,0.9978830253381598
997,1.7540000000000002,0.9978830253381598
998,1.7540000000000002,0.9978830253381598
999,1.7540000000000002,0.9978830253381598
1000,1.7540000000000002,0.9978830253381598
1001,1.7540000000000002,0.9978830253381598
1002,1.7540000000000002,0.9978830253381598
1003,1.7540000000000002,0.9978830253381598
1004,1.7540000000000002,0.9978830253381598
1005,1.7540000000000002,0.9978830253381598
1006,1.7540000000000002,0.9978830253381598
1007,1.7540000000000002,0.9978830253381598
1008,1.7540000000000002,0.9978830253381598
1009,1.7540000000000002,0.9978830253381598
1010,1.7540000000000002,0.9978830253381598
1011,1.7540000000000002,0.9978830253381598
1012,1.7540000000000002,0.9978830253381598
1013,1.7540000000000002,0.9978830253381598
1014,1.7540000000000002,0.9978830253381598
1015,1.7540000000000002,0.9978830253381598
1016,1.7540000000000002,0.9978830253381598
1017,1.7540000000000002,0.9978830253381598
1018,1.7540000000000002,0.9978830253381598
1019,1.7540000000000002,0.9978830253381598
1020,1.7540000000000002,0.9978830253381598
1021,1.7540000000000002,0.9978830253381598
1022,1.7540000000000002,0.9978830253381598
1023,1.7540000000000002,0.9978830253381598
1024,1.7540000000000002,0.9978830253381598
1025,1.7540000000000002,0.9978830253381598
1026,1.7540000000000002,0.9978830253381598
1027,1.7540000000000002,0.9978830253381598
1028,1.7540000000000002,0.9978830253381598
1029,1.7540000000000002,0.9978830253381598
1030,1.7540000000000002,0.9978830253381598
1031,1.7540000000000002,0.9978830253381598
1032,1.7540000000000002,0.9978830253381598
1033,1.7540000000000002,0.9978830253381598
1034,1.7540000000000002,0.9978830253381598
1035,1.7540000000000002,0.9978830253381598
1036,1.7540000000000002,0.9978830253381598
1037,1.7540000000000002,0.9978830253381598
1038,1.7540000000000002,0.9978830253381598
1039,1.7540000000000002,0.9978830253381598
1040,1.7540000000000002,0.9978830253381598
1041,1.7540000000000002,0.9978830253381598
1042,1.7540000000000002,0.9978830253381598
1043,1.7540000000000002,0.9978830253381598
1044,1.7540000000000002,0.9978830253381598
1045,1.7540000000000002,0.9978830253381598
1046,1.7540000000000002,0.9978830253381598
1047,1.7540000000000002,0.9978830253381598
1048,1.7540000000000002,0.9978830253381598
1049,1.7540000000000002,0.9978830253381598
1050,1.7540000000000002,0.9978830253381598
1051,1.7540000000000002,0.9978830253381598
1052,1.7540000000000002,0.9978830253381598
1053,1.7540000000000002,0.9978830253381598
1054,1.7540000000000002,0.9978830253381598
1055,1.7540000000000002,0.9978830253381598
1056,1.7540000000000002,0.9978830253381598
1057,1.7540000000000002,0.9978830253381598
1058,1.6400000000000001,0.9978830253381598
1059,1.6400000000000001,0.9978830253381598
1060,1.6400000000000001,0.9978830253381598
1061,1.6400000000000001,0.9978830253381598
1062,1.6400000000000001,0.9978830253381598
1063,1.6400000000000001,0.9978830253381598
1064,1.6400000000000001,0.9978830253381598
1065,1.6400000000000001,0.9978830253381598
1066,1.6400000000000001,0.9978830253381598
1067,1.6400000000000001,0.9978830253381598
1068,1.6400000000000001,0.9978830253381598
1069,1.6400000000000001,0.9978830253381598
1070,1.6400000000000001,0.9978830253381598
1071,1.6400000000000001,0.9978830253381598
1072,1.6400000000000001,0.9978830253381598
1073,1.6400000000000001,0.9978830253381598
1074,1.6400000000000001,0.9978830253381598
1075,1.6400000000000001,0.9978830253381598
1076,1.6400000000000001,0.9978830253381598
1077,1.6400000000000001,0.9978830253381598
1078,1.6400000000000001,0.9978830253381598
1079,1.6400000000000001,0.9978830253381598
1080,1.6400000000000001,0.9978830253381598
1081,1.6400000000000001,0.9978830253381598
1082,1.6400000000000001,0.9978830253381598
1083,1.6400000000000001,0.9978830253381598
1084,1.6400000000000001,0.9978830253381598
1085,1.6400000000000001,0.9978830253381598
1086,1.6400000000000001,0.9978830253381598
1087,1.6400000000000001,0.9978830253381598
1088,1.6400000000000001,0.9978830253381598
1089,1.6400000000000001,0.9978830253381598
1090,1.6400000000000001,0.9978830253381598
1091,1.6400000000000001,0.9978830253381598
1092,1.6400000000000001,0.9978830253381598
1093,1.6400000000000001,0.9978830253381598
1094,1.6400000000000001,0.9978830253381598
1095,1.6400000000000001,0.9978830253381598
1096,1.6400000000000001,0.9978830253381598
1097,1.6400000000000001,0.9978830253381598
1098,1.6400000000000001,0.9978830253381598
1099,1.6400000000000001,0.9978830253381598
1100,1.6400000000000001,0.9978830253381598
1101,1.6400000000000001,0.9978830253381598
1102,1.6400000000000001,0.9978830253381598
1103,1.6400000000000001,0.9978830253381598
1104,1.6400000000000001,0.9978830253381598
1105,1.6400000000000001,0.9978830253381598
1106,1.6400000000000001,0.9978830253381598
1107,1.6400000000000001,0.9978830253381598
1108,1.6400000000000001,0.9978830253381598
1109,1.6400000000000001,0.9978830253381598
1110,1.6400000000000001,0.9978830253381598
1111,1.6400000000000001,0.9978830253381598
1112,1.6400000000000001,0.9978830253381598
1113,1.6400000000000001,0.9978830253381598
1114,1.6400000000000001,0.9978830253381598
1115,1.6400000000000001,0.9978830253381598
1116,1.6400000000000001,0.9978830253381598
1117,1.6400000000000001,0.9978830253381598
1118,1.6400000000000001,0.9978830253381598
1119,1.6400000000000001,0.9978830253381598
1120,1.6400000000000001,0.9978830253381598
1121,1.6400000000000001,0.9978830253381598
1122,1.6400000000000001,0.9978830253381598
1123,1.6400000000000001,0.9978830253381598
1124,1.6400000000000001,0.9978830253381598
1125,1.6400000000000001,0.9978830253381598
1126,1.6400000000000001,0.9978830253381598
1127,1.6400000000000001,0.9978830253381598
1128,1.6400000000000001,0.9978830253381598
1129,1.6400000000000001,0.9978830253381598
1130,1.6400000000000001,0.9978830253381598
1131,1.6400000000000001,0.9978830253381598
1132,1.6400000000000001,0.9978830253381598
1133,1.6400000000000001,0.9978830253381598
1134,1.6400000000000001,0.9978830253381598
1135,1.6400000000000001,0.9978830253381598
1136,1.6400000000000001,0.9978830253381598
1137,1.6400000000000001,0.9978830253381598
1138,1.6400000000000001,0.9978830253381598
1139,1.6400000000000001,0.9978830253381598
1140,1.6400000000000001,0.9978830253381598
1141,1.6400000000000001,0.9978830253381598
1142,1.6400000000000001,0.9978830253381598
1143,1.6400000000000001,0.9978830253381598
1144,1.6400000000000001,0.9978830253381598
1145,1.6400000000000001,0.9978830253381598
1146,1.6400000000000001,0.9978830253381598
1147,1.6400000000000001,0.9978830253381598
1148,1.6400000000000001,0.9978830253381598
1149,1.6400000000000001,0.9978830253381598
1150,1.6400000000000001,0.9978830253381598
1151,1.6400000000000001,0.9978830253381598
1152,1.6400000000000001,0.9978830253381598
1153,1.6400000000000001,0.9978830253381598
1154,1.6400000000000001,0.9978830253381598
1155,1.6400000000000001,0.9978830253381598
1156,1.6400000000000001,0.9978830253381598
1157,1.6400000000000001,0.9978830253381598
1158,1.6400000000000001,0.9978830253381598
1159,1.6400000000000001,0.9978830253381598
1160,1.6400000000000001,0.9978830253381598
1161,1.6400000000000001,0.9978830253381598
1162,1.6400000000000001,0.9978830253381598
1163,1.6400000000000001,0.9978830253381598
1164,1.6400000000000001,0.9978830253381598
1165,1.6400000000000001,0.9978830253381598
1166,1.6400000000000001,0.9978830253381598
1167,1.6400000000000001,0.9978830253381598
1168,1.6400000000000001,0.9978830253381598
1169,1.6400000000000001,0.9978830253381598
1170,1.6400000000000001,0.9978830253381598
1171,1.6400000000000001,0.9978830253381598
1172,1.6400000000000001,0.9978830253381598
1173,1.6400000000000001,0.9978830253381598
1174,1.6400000000000001,0.9978830253381598
1175,1.6400000000000001,0.9978830253381598
1176,1.6400000000000001,0.9978830253381598
1177,1.6400000000000001,0.9978830253381598
1178,1.6400000000000001,0.9978830253381598
1179,1.6400000000000001,0.9978830253381598
1180,1.6400000000000001,0.9978830253381598
1181,1.6400000000000001,0.9978830253381598
1182,1.6400000000000001,0.9978830253381598
1183,1.6400000000000001,0.9978830253381598
1184,1.6400000000000001,0.9978830253381598
1185,1.6400000000000001,0.9978830253381598
1186,1.6400000000000001,0.9978830253381598
1187,1.6400000000000001,0.9978830253381598
1188,1.6400000000000001,0.9978830253381598
1189,1.6400000000000001,0.9978830253381598
1190,1.6400000000000001,0.9978830253381598
1191,1.6400000000000001,0.9978830253381598
1192,1.6400000000000001,0.9978830253381598
1193,1.6400000000000001,0.9978830253381598
1194,1.6400000000000001,0.9978830253381598
1195,1.6400000000000001,0.9978830253381598
1196,1.6400000000000001,0.9978830253381598
1197,1.6400000000000001,0.9978830253381598
1198,1.6400000000000001,0.9978830253381598
1199,1.6400000000000001,0.9978830253381598
1200,1.6400000000000001,0.9978830253381598
1201,1.6400000000000001,0.9978830253381598
1202,1.6400000000000001,0.9978830253381598
1203,1.6400000000000001,0.9978830253381598
1204,1.6400000000000001,0.9978830253381598
1205,1.6400000000000001,0.9978830253381598
1206,1.6400000000000001,0.9978830253381598
1207,1.6400000000000001,0.9978830253381598
1208,1.6400000000000001,0.9978830253381598
1209,1.6400000000000001,0.9978830253381598
1210,1.6400000000000001,0.9978830253381598
1211,1.6400000000000001,0.9978830253381598
1212,1.6400000000000001,0.9978830253381598
1213,1.6400000000000001,0.9978830253381598
1214,1.6400000000000001,0.9978830253381598
1215,1.6400000000000001,0.9978830253381598
1216,1.6400000000000001,0.9978830253381598
1217,1.6400000000000001,0.9978830253381598
1218,1.6400000000000001,0.9978830253381598
1219,1.6400000000000001,0.9978830253381598
1220,1.6400000000000001,0.9978830253381598
1221,1.6400000000000001,0.9978830253381598
1222,1.6400000000000001,0.9978830253381598
1223,1.6400000000000001,0.9978830253381598
1224,1.6400000000000001,0.9978830253381598
1225,1.6400000000000001,0.9978830253381598
1226,1.6400000000000001,0.9978830253381598
1227,1.6400000000000001,0.9978830253381598
1228,1.6400000000000001,0.9978830253381598
1229,1.6400000000000001,0.9978830253381598
1230,1.6400000000000001,0.9978830253381598
1231,1.6400000000000001,0.9978830253381598
1232,1.6400000000000001,0.9978830253381598
1233,1.6400000000000001,0.9978830253381598
1234,1.6400000000000001,0.9978830253381598
1235,1.6400000000000001,0.9978830253381598
1236,1.6400000000000001,0.9978830253381598
1237,1.6400000000000001,0.9978830253381598
1238,1.6400000000000001,0.9978830253381598
1239,1.6400000000000001,0.9978830253381598
1240,1.6400000000000001,0.9978830253381598
1241,1.6400000000000001,0.9978830253381598
1242,1.6400000000000001,0.9978830253381598
1243,1.6400000000000001,0.9978830253381598
1244,1.6400000000000001,0.9978830253381598
1245,1.6400000000000001,0.9978830253381598
1246,1.6400000000000001,0.9978830253381598
1247,1.6400000000000001,0.9978830253381598
1248,1.6400000000000001,0.9978830253381598
1249,1.6400000000000001,0.9978830253381598
1250,1.6400000000000001,0.9978830253381598
1251,1.6400000000000001,0.9978830253381598
1252,1.6400000000000001,0.9978830253381598
1253,1.6400000000000001,0.9978830253381598
1254,1.6400000000000001,0.9978830253381598
1255,1.6400000000000001,0.9978830253381598
1256,1.6400000000000001,0.9978830253381598
1257,1.6400000000000001,0.9978830253381598
1258,1.6400000000000001,0.9978830253381598
1259,1.6400000000000001,0.9978830253381598
1260,1.6400000000000001,0.9978830253381598
1261,1.6400000000000001,0.9978830253381598
1262,1.6400000000000001,0.9978830253381598
1263,1.6400000000000001,0.9978830253381598
1264,1.6400000000000001,0.9978830253381598
1265,1.6400000000000001,0.9978830253381598
1266,1.6400000000000001,0.9978830253381598
1267,1.6400000000000001,0.9978830253381598
1268,1.6400000000000001,0.9978830253381598
1269,1.6400000000000001,0.9978830253381598
1270,1.6400000000000001,0.9978830253381598
1271,1.6400000000000001,0.9978830253381598
1272,1.6400000000000001,0.9978830253381598
1273,1.6400000000000001,0.9978830253381598
1274,1.6400000000000001,0.9978830253381598
1275,1.6400000000000001,0.9978830253381598
1276,1.6400000000000001,0.9978830253381598
1277,1.6400000000000001,0.9978830253381598
1278,1.6400000000000001,0.9978830253381598
1279,1.6400000000000001,0.9978830253381598
1280,1.6400000000000001,0.9978830253381598
1281,1.6400000000000001,0.9978830253381598
1282,1.6400000000000001,0.9978830253381598
1283,1.6400000000000001,0.9978830253381598
1284,1.6400000000000001,0.9978830253381598
1285,1.6400000000000001,0.9978830253381598
1286,1.6400000000000001,0.9978830253381598
1287,1.6400000000000001,0.9978830253381598
1288,1.6400000000000001,0.9978830253381598
1289,1.6400000000000001,0.9978830253381598
1290,1.6400000000000001,0.9978830253381598
1291,1.6400000000000001,0.9978830253381598
1292,1.6400000000000001,0.9978830253381598
1293,1.6400000000000001,0.9978830253381598
1294,1.6400000000000001,0.9978830253381598
1295,1.6400000000000001,0.9978830253381598
1296,1.6400000000000001,0.9978830253381598
1297,1.6400000000000001,0.9978830253381598
1298,1.6400000000000001,0.9978830253381598
1299,1.6400000000000001,0.9978830253381598
1300,1.6400000000000001,0.9978830253381598
1301,1.6400000000000001,0.9978830253381598
1302,1.6400000000000001,0.9978830253381598
1303,1.6400000000000001,0.9978830253381598
1304,1.6400000000000001,0.9978830253381598
1305,1.6400000000000001,0.9978830253381598
1306,1.6400000000000001,0.9978830253381598
1307,1.6400000000000001,0.9978830253381598
1308,1.6400000000000001,0.9978830253381598
1309,1.6400000000000001,0.9978830253381598
1310,1.6400000000000001,0.9978830253381598
1311,1.6400000000000001,0.9978830253381598
1312,1.6400000000000001,0.9978830253381598
1313,1.6400000000000001,0.9978830253381598
1314,1.6400000000000001,0.9978830253381598
1315,1.6400000000000001,0.9978830253381598
1316,1.6400000000000001,0.9978830253381598
1317,1.6400000000000001,0.9978830253381598
1318,1.6400000000000001,0.9978830253381598
1319,1.6400000000000001,0.9978830253381598
1320,1.6400000000000001,0.9978830253381598
1321,1.6400000000000001,0.9978830253381598
1322,1.6400000000000001,0.9978830253381598
1323,1.6400000000000001,0.9978830253381598
1324,1.6400000000000001,0.9978830253381598
1325,1.6400000000000001,0.9978830253381598
1326,1.6400000000000001,0.9978830253381598
1327,1.6400000000000001,0.9978830253381598
1328,1.6400000000000001,0.9978830253381598
1329,1.6400000000000001,0.9978830253381598
1330,1.6400000000000001,0.9978830253381598
1331,1.6400000000000001,0.9978830253381598
1332,1.6400000000000001,0.9978830253381598
1333,1.6400000000000001,0.9978830253381598
1334,1.6400000000000001,0.9978830253381598
1335,1.6400000000000001,0.9978830253381598
1336,1.6400000000000001,0.9978830253381598
1337,1.6400000000000001,0.9978830253381598
1338,1.6400000000000001,0.9978830253381598
1339,1.6400000000000001,0.9978830253381598
1340,1.6400000000000001,0.9978830253381598
1341,1.6400000000000001,0.9978830253381598
1342,1.6400000000000001,0.9978830253381598
1343,1.6400000000000001,0.9978830253381598
1344,1.6400000000000001,0.9978830253381598
1345,1.6400000000000001,0.9978830253381598
1346,1.6400000000000001,0.9978830253381598
1347,1.6400000000000001,0.9978830253381598
1348,1.6400000000000001,0.9978830253381598
1349,1.6400000000000001,0.9978830253381598
1350,1.6400000000000001,0.9978830253381598
1351,1.6400000000000001,0.9978830253381598
1352,1.6400000000000001,0.9978830253381598
1353,1.6400000000000001,0.9978830253381598
1354,1.6400000000000001,0.9978830253381598
1355,1.6400000000000001,0.9978830253381598
1356,1.6400000000000001,0.9978830253381598
1357,1.6400000000000001,0.9978830253381598
1358,1.6400000000000001,0.9978830253381598
1359,1.6400000000000001,0.9978830253381598
1360,1.6400000000000001,0.9978830253381598
1361,1.6400000000000001,0.9978830253381598
1362,1.6400000000000001,0.9978830253381598
1363,1.6400000000000001,0.9978830253381598
1364,1.6400000000000001,0.9978830253381598
1365,1.6400000000000001,0.9978830253381598
1366,1.6400000000000001,0.9978830253381598
1367,1.6400000000000001,0.9978830253381598
1368,1.6400000000000001,0.9978830253381598
1369,1.6400000000000001,0.9978830253381598
1370,1.6400000000000001,0.9978830253381598
1371,1.6400000000000001,0.9978830253381598
1372,1.6400000000000001,0.9978830253381598
1373,1.6400000000000001,0.9978830253381598
1374,1.6400000000000001,0.9978830253381598
1375,1.6400000000000001,0.9978830253381598
1376,1.6400000000000001,0.9978830253381598
1377,1.6400000000000001,0.9978830253381598
1378,1.6400000000000001,0.9978830253381598
1379,1.6400000000000001,0.9978830253381598
1380,1.6400000000000001,0.9978830253381598
1381,1.6400000000000001,0.9978830253381598
1382,1.6400000000000001,0.9978830253381598
1383,1.6400000000000001,0.9978830253381598
1384,1.6400000000000001,0.9978830253381598
1385,1.6400000000000001,0.9978830253381598
1386,1.6400000000000001,0.9978830253381598
1387,1.6400000000000001,0.9978830253381598
1388,1.6400000000000001,0.9978830253381598
1389,1.6400000000000001,0.9978830253381598
1390,1.6400000000000001,0.9978830253381598
1391,1.6400000000000001,0.9978830253381598
1392,1.6400000000000001,0.9978830253381598
1393,1.6400000000000001,0.9978830253381598
1394,1.6400000000000001,0.9978830253381598
1395,1.6400000000000001,0.9978830253381598
1396,1.6400000000000001,0.9978830253381598
1397,1.6400000000000001,0.9978830253381598
1398,1.6400000000000001,0.9978830253381598
1399,1.6400000000000001,0.9978830253381598
1400,1.6400000000000001,0.9978830253381598
1401,1.6400000000000001,0.9978830253381598
1402,1.6400000000000001,0.9978830253381598
1403,1.6400000000000001,0.9978830253381598
1404,1.6400000000000001,0.9978830253381598
1405,1.6400000000000001,0.9978830253381598
1406,1.6400000000000001,0.9978830253381598
1407,1.6400000000000001,0.9978830253381598
1408,1.6400000000000001,0.9978830253381598
1409,1.6400000000000001,0.9978830253381598
1410,1.6400000000000001,0.9978830253381598
1411,1.6400000000000001,0.9978830253381598
1412,1.6400000000000001,0.9978830253381598
1413,1.6400000000000001,0.9978830253381598
1414,1.6400000000000001,0.9978830253381598
1415,1.6400000000000001,0.9978830253381598
1416,1.6400000000000001,0.9978830253381598
1417,1.6400000000000001,0.9978830253381598
1418,1.6400000000000001,0.9978830253381598
1419,1.6400000000000001,0.9978830253381598
1420,1.6400000000000001,0.9978830253381598
1421,1.6400000000000001,0.9978830253381598
1422,1.6400000000000001,0.9978830253381598
1423,1.6400000000000001,0.9978830253381598
1424,1.6400000000000001,0.9978830253381598
1425,1.6400000000000001,0.9978830253381598
1426,1.6400000000000001,0.9978830253381598
1427,1.6400000000000001,0.9978830253381598
1428,1.6400000000000001,0.9978830253381598
1429,1.6400000000000001,0.9978830253381598
1430,1.6400000000000001,0.9978830253381598
1431,1.6400000000000001,0.9978830253381598
1432,1.6400000000000001,0.9978830253381598
1433,1.6400000000000001,0.9978830253381598
1434,1.6400000000000001,0.9978830253381598
1435,1.6400000000000001,0.9978830253381598
1436,1.6400000000000001,0.9978830253381598
1437,1.6400000000000001,0.9978830253381598
1438,1.6400000000000001,0.9978830253381598
1439,1.6400000000000001,0.9978830253381598
1440,1.6400000000000001,0.9978830253381598
1441,1.6400000000000001,0.9978830253381598
1442,1.6400000000000001,0.9978830253381598
1443,1.6400000000000001,0.9978830253381598
1444,1.6400000000000001,0.9978830253381598
1445,1.6400000000000001,0.9978830253381598
1446,1.6400000000000001,0.9978830253381598
1447,1.6400000000000001,0.9978830253381598
1448,1.6400000000000001,0.9978830253381598
1449,1.6400000000000001,0.9978830253381598
1450,1.6400000000000001,0.9978830253381598
1451,1.6400000000000001,0.9978830253381598
1452,1.6400000000000001,0.9978830253381598
1453,1.6400000000000001,0.9978830253381598
1454,1.6400000000000001,0.9978830253381598
1455,1.6400000000000001,0.9978830253381598
1456,1.6400000000000001,0.9978830253381598
1457,1.6400000000000001,0.9978830253381598
1458,1.6400000000000001,0.9978830253381598
1459,1.6400000000000001,0.9978830253381598
1460,1.6400000000000001,0.9978830253381598
1461,1.6400000000000001,0.9978830253381598
1462,1.6400000000000001,0.9978830253381598
1463,1.6400000000000001,0.9978830253381598
1464,1.6400000000000001,0.9978830253381598
1465,1.6400000000000001,0.9978830253381598
1466,1.6400000000000001,0.9978830253381598
1467,1.6400000000000001,0.9978830253381598
1468,1.6400000000000001,0.9978830253381598
1469,1.6400000000000001,0.9978830253381598
1470,1.6400000000000001,0.9978830253381598
1471,1.6400000000000001,0.9978830253381598
1472,1.6400000000000001,0.9978830253381598
1473,1.6400000000000001,0.9978830253381598
1474,1.6400000000000001,0.9978830253381598
1475,1.6400000000000001,0.9978830253381598
1476,1.6400000000000001,0.9978830253381598
1477,1.6400000000000001,0.9978830253381598
1478,1.6400000000000001,0.9978830253381598
1479,1.6400000000000001,0.9978830253381598
1480,1.6400000000000001,0.9978830253381598
1481,1.6400000000000001,0.9978830253381598
1482,1.6400000000000001,0.9978830253381598
1483,1.6400000000000001,0.9978830253381598
1484,1.6400000000000001,0.9978830253381598
1485,1.6400000000000001,0.9978830253381598
1486,1.6400000000000001,0.9978830253381598
1487,1.6400000000000001,0.9978830253381598
1488,1.6400000000000001,0.9978830253381598
1489,1.6400000000000001,0.9978830253381598
1490,1.6400000000000001,0.9978830253381598
1491,1.6400000000000001,0.9978830253381598
1492,1.6400000000000001,0.9978830253381598
1493,1.6400000000000001,0.9978830253381598
1494,1.6400000000000001,0.9978830253381598
1495,1.6400000000000001,0.9978830253381598
1496,1.6400000000000001,0.9978830253381598
1497,1.6400000000000001,0.9978830253381598
1498,1.6400000000000001,0.9978830253381598
1499,1.6400000000000001,0.9978830253381598
1500,1.6400000000000001,0.9978830253381598
1501,1.6400000000000001,0.9978830253381598
1502,1.6400000000000001,0.9978830253381598
1503,1.6400000000000001,0.9978830253381598
1504,1.6400000000000001,0.9978830253381598
1505,1.6400000000000001,0.9978830253381598
1506,1.6400000000000001,0.9978830253381598
1507,1.6400000000000001,0.9978830253381598
1508,1.6400000000000001,0.9978830253381598
1509,1.6400000000000001,0.9978830253381598
1510,1.6400000000000001,0.9978830253381598
1511,1.6400000000000001,0.9978830253381598
1512,1.6400000000000001,0.9978830253381598
1513,1.6400000000000001,0.9978830253381598
1514,1.6400000000000001,0.9978830253381598
1515,1.6400000000000001,0.9978830253381598
1516,1.6400000000000001,0.9978830253381598
1517,1.6400000000000001,0.9978830253381598
1518,1.6400000000000001,0.9978830253381598
1519,1.6400000000000001,0.9978830253381598
1520,1.6400000000000001,0.9978830253381598
1521,1.6400000000000001,0.9978830253381598
1522,1.6400000000000001,0.9978830253381598
1523,1.6400000000000001,0.9978830253381598
1524,1.6400000000000001,0.9978830253381598
1525,1.6400000000000001,0.9978830253381598
1526,1.6400000000000001,0.9978830253381598
1527,1.6400000000000001,0.9978830253381598
1528,1.6400000000000001,0.9978830253381598
1529,1.6400000000000001,0.9978830253381598
1530,1.6400000000000001,0.9978830253381598
1531,1.6400000000000001,0.9978830253381598
1532,1.6400000000000001,0.9978830253381598
1533,1.6400000000000001,0.9978830253381598
1534,1.6400000000000001,0.9978830253381598
1535,1.6400000000000001,0.9978830253381598
1536,1.6400000000000001,0.9978830253381598
1537,1.6400000000000001,0.9978830253381598
1538,1.6400000000000001,0.9978830253381598
1539,1.6400000000000001,0.9978830253381598
1540,1.6400000000000001,0.9978830253381598
1541,1.6400000000000001,0.9978830253381598
1542,1.6400000000000001,0.9978830253381598
1543,1.6400000000000001,0.9978830253381598
1544,1.6400000000000001,0.9978830253381598
1545,1.6400000000000001,0.9978830253381598
1546,1.6400000000000001,0.9978830253381598
1547,1.6400000000000001,0.9978830253381598
1548,1.6400000000000001,0.9978830253381598
1549,1.6400000000000001,0.9978830253381598
1550,1.6400000000000001,0.9978830253381598
1551,1.6400000000000001,0.9978830253381598
1552,1.6400000000000001,0.9978830253381598
1553,1.6400000000000001,0.9978830253381598
1554,1.6400000000000001,0.9978830253381598
1555,1.6400000000000001,0.9978830253381598
1556,1.6400000000000001,0.9978830253381598
1557,1.6400000000000001,0.9978830253381598
1558,1.6400000000000001,0.9978830253381598
1559,1.6400000000000001,0.9978830253381598
1560,1.6400000000000001,0.9978830253381598
1561,1.6400000000000001,0.9978830253381598
1562,1.6400000000000001,0.9978830253381598
1563,1.6400000000000001,0.9978830253381598
1564,1.6400000000000001,0.9978830253381598
1565,1.6400000000000001,0.9978830253381598
1566,1.6400000000000001,0.9978830253381598
1567,1.6400000000000001,0.9978830253381598
1568,1.6400000000000001,0.9978830253381598
1569,1.6400000000000001,0.9978830253381598
1570,1.6400000000000001,0.9978830253381598
1571,1.6400000000000001,0.9978830253381598
1572,1.6400000000000001,0.9978830253381598
1573,1.6400000000000001,0.9978830253381598
1574,1.6400000000000001,0.9978830253381598
1575,1.6400000000000001,0.9978830253381598
1576,1.6400000000000001,0.9978830253381598
1577,1.6400000000000001,0.9978830253381598
1578,1.6400000000000001,0.9978830253381598
1579,1.6400000000000001,0.9978830253381598
1580,1.6400000000000001,0.9978830253381598
1581,1.6400000000000001,0.9978830253381598
1582,1.6400000000000001,0.9978830253381598
1583,1.6400000000000001,0.9978830253381598
1584,1.6400000000000001,0.9978830253381598
1585,1.6400000000000001,0.9978830253381598
1586,1.6400000000000001,0.9978830253381598
1587,1.6400000000000001,0.9978830253381598
1588,1.6400000000000001,0.9978830253381598
1589,1.6400000000000001,0.9978830253381598
1590,1.6400000000000001,0.9978830253381598
1591,1.6400000000000001,0.9978830253381598
1592,1.6400000000000001,0.9978830253381598
1593,1.6400000000000001,0.9978830253381598
1594,1.6400000000000001,0.9978830253381598
1595,1.6400000000000001,0.9978830253381598
1596,1.6400000000000001,0.9978830253381598
1597,1.6400000000000001,0.9978830253381598
1598,1.6400000000000001,0.9978830253381598
1599,1.6400000000000001,0.9978830253381598
1600,1.6400000000000001,0.9978830253381598
1601,1.6400000000000001,0.9978830253381598
1602,1.6400000000000001,0.9978830253381598
1603,1.6400000000000001,0.9978830253381598
1604,1.6400000000000001,0.9978830253381598
1605,1.6400000000000001,0.9978830253381598
1606,1.6400000000000001,0.9978830253381598
1607,1.6400000000000001,0.9978830253381598
1608,1.6400000000000001,0.9978830253381598
1609,1.6400000000000001,0.9978830253381598
1610,1.6400000000000001,0.9978830253381598
1611,1.6400000000000001,0.9978830253381598
1612,1.6400000000000001,0.9978830253381598
1613,1.6400000000000001,0.9978830253381598
1614,1.6400000000000001,0.9978830253381598
1615,1.6400000000000001,0.9978830253381598
1616,1.6400000000000001,0.9978830253381598
1617,1.6400000000000001,0.9978830253381598
1618,1.6400000000000001,0.9978830253381598
1619,1.6400000000000001,0.9978830253381598
1620,1.6400000000000001,0.9978830253381598
1621,1.6400000000000001,0.9978830253381598
1622,1.6400000000000001,0.9978830253381598
1623,1.6400000000000001,0.9978830253381598
1624,1.6400000000000001,0.9978830253381598
1625,1.6400000000000001,0.9978830253381598
1626,1.6400000000000001,0.9978830253381598
1627,1.6400000000000001,0.9978830253381598
1628,1.6400000000000001,0.9978830253381598
1629,1.6400000000000001,0.9978830253381598
1630,1.6400000000000001,0.9978830253381598
1631,1.6400000000000001,0.9978830253381598
1632,1.6400000000000001,0.9978830253381598
1633,1.6400000000000001,0.9978830253381598
1634,1.6400000000000001,0.9978830253381598
1635,1.6400000000000001,0.9978830253381598
1636,1.6400000000000001,0.9978830253381598
1637,1.6400000000000001,0.9978830253381598
1638,1.6400000000000001,0.9978830253381598
1639,1.6400000000000001,0.9978830253381598
1640,1.6400000000000001,0.9978830253381598
1641,1.6400000000000001,0.9978830253381598
1642,1.6400000000000001,0.9978830253381598
1643,1.6400000000000001,0.9978830253381598
1644,1.6400000000000001,0.9978830253381598
1645,1.6400000000000001,0.9978830253381598
1646,1.6400000000000001,0.9978830253381598
1647,1.6400000000000001,0.9978830253381598
1648,1.6400000000000001,0.9978830253381598
1649,1.6400000000000001,0.9978830253381598
1650,1.6400000000000001,0.9978830253381598
1651,1.6400000000000001,0.9978830253381598
1652,1.6400000000000001,0.9978830253381598
1653,1.6400000000000001,0.9978830253381598
1654,1.6400000000000001,0.9978830253381598
1655,1.6400000000000001,0.9978830253381598
1656,1.6400000000000001,0.9978830253381598
1657,1.6400000000000001,0.9978830253381598
1658,1.6400000000000001,0.9978830253381598
1659,1.6400000000000001,0.9978830253381598
1660,1.6400000000000001,0.9978830253381598
1661,1.6400000000000001,0.9978830253381598
1662,1.6400000000000001,0.9978830253381598
1663,1.6400000000000001,0.9978830253381598
1664,1.6400000000000001,0.9978830253381598
1665,1.6400000000000001,0.9978830253381598
1666,1.6400000000000001,0.9978830253381598
1667,1.6400000000000001,0.9978830253381598
1668,1.6400000000000001,0.9978830253381598
1669,1.6400000000000001,0.9978830253381598
1670,1.6400000000000001,0.9978830253381598
1671,1.6400000000000001,0.9978830253381598
1672,1.6400000000000001,0.9978830253381598
1673,1.6400000000000001,0.9978830253381598
1674,1.6400000000000001,0.9978830253381598
1675,1.6400000000000001,0.9978830253381598
1676,1.6400000000000001,0.9978830253381598
1677,1.6400000000000001,0.9978830253381598
1678,1.6400000000000001,0.9978830253381598
1679,1.6400000000000001,0.9978830253381598
1680,1.6400000000000001,0.9978830253381598
1681,1.6400000000000001,0.9978830253381598
1682,1.6400000000000001,0.9978830253381598
1683,1.6400000000000001,0.9978830253381598
1684,1.6400000000000001,0.9978830253381598
1685,1.6400000000000001,0.9978830253381598
1686,1.6400000000000001,0.9978830253381598
1687,1.6400000000000001,0.9978830253381598
1688,1.6400000000000001,0.9978830253381598
1689,1.6400000000000001,0.9978830253381598
1690,1.6400000000000001,0.9978830253381598
1691,1.6400000000000001,0.9978830253381598
1692,1.6400000000000001,0.9978830253381598
1693,1.6400000000000001,0.9978830253381598
1694,1.6400000000000001,0.9978830253381598
1695,1.619,0.9978830253381598
1696,1.5050000000000001,0.9978830253381598
1697,1.5050000000000001,0.9978830253381598
1698,1.5050000000000001,0.9978830253381598
1699,1.5050000000000001,0.9978830253381598
1700,1.5050000000000001,0.9978830253381598
1701,1.5050000000000001,0.9978830253381598
1702,1.5050000000000001,0.9978830253381598
1703,1.5050000000000001,0.9978830253381598
1704,1.5050000000000001,0.9978830253381598
1705,1.5050000000000001,0.9978830253381598
1706,1.5050000000000001,0.9978830253381598
1707,1.5050000000000001,0.9978830253381598
1708,1.5050000000000001,0.9978830253381598
1709,1.5050000000000001,0.9978830253381598
1710,1.5050000000000001,0.9978830253381598
1711,1.5050000000000001,0.9978830253381598
1712,1.5050000000000001,0.9978830253381598
1713,1.5050000000000001,0.9978830253381598
1714,1.5050000000000001,0.9978830253381598
1715,1.5050000000000001,0.9978830253381598
1716,1.5050000000000001,0.9978830253381598
1717,1.5050000000000001,0.9978830253381598
1718,1.5050000000000001,0.9978830253381598
1719,1.5050000000000001,0.9978830253381598
1720,1.5050000000000001,0.9978830253381598
1721,1.5050000000000001,0.9978830253381598
1722,1.5050000000000001,0.9978830253381598
1723,1.5050000000000001,0.9978830253381598
1724,1.5050000000000001,0.9978830253381598
1725,1.5050000000000001,0.9978830253381598
1726,1.5050000000000001,0.9978830253381598
1727,1.5050000000000001,0.9978830253381598
1728,1.5050000000000001,0.9978830253381598
1729,1.5050000000000001,0.9978830253381598
1730,1.5050000000000001,0.9978830253381598
1731,1.5050000000000001,0.9978830253381598
1732,1.5050000000000001,0.9978830253381598
1733,1.5050000000000001,0.9978830253381598
1734,1.5050000000000001,0.9978830253381598
1735,1.5050000000000001,0.9978830253381598
1736,1.5050000000000001,0.9978830253381598
1737,1.5050000000000001,0.9978830253381598
1738,1.5050000000000001,0.9978830253381598
1739,1.5050000000000001,0.9978830253381598
1740,1.5050000000000001,0.9978830253381598
1741,1.5050000000000001,0.9978830253381598
1742,1.5050000000000001,0.9978830253381598
1743,1.5050000000000001,0.9978830253381598
1744,1.5050000000000001,0.9978830253381598
1745,1.5050000000000001,0.9978830253381598
1746,1.5050000000000001,0.9978830253381598
1747,1.5050000000000001,0.9978830253381598
1748,1.5050000000000001,0.9978830253381598
1749,1.5050000000000001,0.9978830253381598
1750,1.5050000000000001,0.9978830253381598
1751,1.5050000000000001,0.9978830253381598
1752,1.5050000000000001,0.9978830253381598
1753,1.5050000000000001,0.9978830253381598
1754,1.5050000000000001,0.9978830253381598
1755,1.5050000000000001,0.9978830253381598
1756,1.5050000000000001,0.9978830253381598
1757,1.5050000000000001,0.9978830253381598
1758,1.5050000000000001,0.9978830253381598
1759,1.5050000000000001,0.9978830253381598
1760,1.5050000000000001,0.9978830253381598
1761,1.5050000000000001,0.9978830253381598
1762,1.5050000000000001,0.9978830253381598
1763,1.5050000000000001,0.9978830253381598
1764,1.5050000000000001,0.9978830253381598
1765,1.5050000000000001,0.9978830253381598
1766,1.5050000000000001,0.9978830253381598
1767,1.5050000000000001,0.9978830253381598
1768,1.5050000000000001,0.9978830253381598
1769,1.5050000000000001,0.9978830253381598
1770,1.5050000000000001,0.9978830253381598
1771,1.5050000000000001,0.9978830253381598
1772,1.5050000000000001,0.9978830253381598
1773,1.5050000000000001,0.9978830253381598
1774,1.5050000000000001,0.9978830253381598
1775,1.5050000000000001,0.9978830253381598
1776,1.5050000000000001,0.9978830253381598
1777,1.5050000000000001,0.9978830253381598
1778,1.5050000000000001,0.9978830253381598
1779,1.5050000000000001,0.9978830253381598
1780,1.5050000000000001,0.9978830253381598
1781,1.5050000000000001,0.9978830253381598
1782,1.5050000000000001,0.9978830253381598
1783,1.5050000000000001,0.9978830253381598
1784,1.5050000000000001,0.9978830253381598
1785,1.5050000000000001,0.9978830253381598
1786,1.5050000000000001,0.9978830253381598
1787,1.5050000000000001,0.9978830253381598
1788,1.5050000000000001,0.9978830253381598
1789,1.5050000000000001,0.9978830253381598
1790,1.5050000000000001,0.9978830253381598
1791,1.5050000000000001,0.9978830253381598
1792,1.5050000000000001,0.9978830253381598
1793,1.5050000000000001,0.9978830253381598
1794,1.5050000000000001,0.9978830253381598
1795,1.5050000000000001,0.9978830253381598
1796,1.5050000000000001,0.9978830253381598
1797,1.5050000000000001,0.9978830253381598
1798,1.5050000000000001,0.9978830253381598
1799,1.5050000000000001,0.9978830253381598
1800,1.5050000000000001,0.9978830253381598
1801,1.5050000000000001,0.9978830253381598
1802,1.5050000000000001,0.9978830253381598
1803,1.5050000000000001,0.9978830253381598
1804,1.5050000000000001,0.9978830253381598
1805,1.5050000000000001,0.9978830253381598
1806,1.5050000000000001,0.9978830253381598
1807,1.5050000000000001,0.9978830253381598
1808,1.5050000000000001,0.9978830253381598
1809,1.5050000000000001,0.9978830253381598
1810,1.5050000000000001,0.9978830253381598
1811,1.5050000000000001,0.9978830253381598
1812,1.5050000000000001,0.9978830253381598
1813,1.5050000000000001,0.9978830253381598
1814,1.5050000000000001,0.9978830253381598
1815,1.5050000000000001,0.9978830253381598
1816,1.5050000000000001,0.9978830253381598
1817,1.5050000000000001,0.9978830253381598
1818,1.5050000000000001,0.9978830253381598
1819,1.5050000000000001,0.9978830253381598
1820,1.5050000000000001,0.9978830253381598
1821,1.5050000000000001,0.9978830253381598
1822,1.5050000000000001,0.9978830253381598
1823,1.5050000000000001,0.9978830253381598
1824,1.5050000000000001,0.9978830253381598
1825,1.5050000000000001,0.9978830253381598
1826,1.5050000000000001,0.9978830253381598
1827,1.5050000000000001,0.9978830253381598
1828,1.5050000000000001,0.9978830253381598
1829,1.5050000000000001,0.9978830253381598
1830,1.5050000000000001,0.9978830253381598
1831,1.5050000000000001,0.9978830253381598
1832,1.5050000000000001,0.9978830253381598
1833,1.5050000000000001,0.9978830253381598
1834,1.5050000000000001,0.9978830253381598
1835,1.5050000000000001,0.9978830253381598
1836,1.5050000000000001,0.9978830253381598
1837,1.5050000000000001,0.9978830253381598
1838,1.5050000000000001,0.9978830253381598
1839,1.5050000000000001,0.9978830253381598
1840,1.5050000000000001,0.9978830253381598
1841,1.5050000000000001,0.9978830253381598
1842,1.5050000000000001,0.9978830253381598
1843,1.5050000000000001,0.9978830253381598
1844,1.5050000000000001,0.9978830253381598
1845,1.5050000000000001,0.9978830253381598
1846,1.5050000000000001,0.9978830253381598
1847,1.5050000000000001,0.9978830253381598
1848,1.5050000000000001,0.9978830253381598
1849,1.5050000000000001,0.9978830253381598
1850,1.5050000000000001,0.9978830253381598
1851,1.5050000000000001,0.9978830253381598
1852,1.5050000000000001,0.9978830253381598
1853,1.5050000000000001,0.9978830253381598
1854,1.5050000000000001,0.9978830253381598
1855,1.5050000000000001,0.9978830253381598
1856,1.5050000000000001,0.9978830253381598
1857,1.5050000000000001,0.9978830253381598
1858,1.5050000000000001,0.9978830253381598
1859,1.5050000000000001,0.9978830253381598
1860,1.5050000000000001,0.9978830253381598
1861,1.5050000000000001,0.9978830253381598
1862,1.5050000000000001,0.9978830253381598
1863,1.5050000000000001,0.9978830253381598
1864,1.5050000000000001,0.9978830253381598
1865,1.5050000000000001,0.9978830253381598
1866,1.5050000000000001,0.9978830253381598
1867,1.5050000000000001,0.9978830253381598
1868,1.5050000000000001,0.9978830253381598
1869,1.5050000000000001,0.9978830253381598
1870,1.5050000000000001,0.9978830253381598
1871,1.5050000000000001,0.9978830253381598
1872,1.5050000000000001,0.9978830253381598
1873,1.5050000000000001,0.9978830253381598
1874,1.5050000000000001,0.9978830253381598
1875,1.5050000000000001,0.9978830253381598
1876,1.5050000000000001,0.9978830253381598
1877,1.5050000000000001,0.9978830253381598
1878,1.5050000000000001,0.9978830253381598
1879,1.5050000000000001,0.9978830253381598
1880,1.5050000000000001,0.9978830253381598
1881,1.5050000000000001,0.9978830253381598
1882,1.5050000000000001,0.9978830253381598
1883,1.5050000000000001,0.9978830253381598
1884,1.5050000000000001,0.9978830253381598
1885,1.5050000000000001,0.9978830253381598
1886,1.5050000000000001,0.9978830253381598
1887,1.5050000000000001,0.9978830253381598
1888,1.5050000000000001,0.9978830253381598
1889,1.5050000000000001,0.9978830253381598
1890,1.5050000000000001,0.9978830253381598
1891,1.5050000000000001,0.9978830253381598
1892,1.5050000000000001,0.9978830253381598
1893,1.5050000000000001,0.9978830253381598
1894,1.5050000000000001,0.9978830253381598
1895,1.5050000000000001,0.9978830253381598
1896,1.5050000000000001,0.9978830253381598
1897,1.5050000000000001,0.9978830253381598
1898,1.5050000000000001,0.9978830253381598
1899,1.5050000000000001,0.9978830253381598
1900,1.5050000000000001,0.9978830253381598
1901,1.5050000000000001,0.9978830253381598
1902,1.5050000000000001,0.9978830253381598
1903,1.5050000000000001,0.9978830253381598
1904,1.5050000000000001,0.9978830253381598
1905,1.5050000000000001,0.9978830253381598
1906,1.5050000000000001,0.9978830253381598
1907,1.5050000000000001,0.9978830253381598
1908,1.5050000000000001,0.9978830253381598
1909,1.5050000000000001,0.9978830253381598
1910,1.5050000000000001,0.9978830253381598
1911,1.5050000000000001,0.9978830253381598
1912,1.5050000000000001,0.9978830253381598
1913,1.5050000000000001,0.9978830253381598
1914,1.5050000000000001,0.9978830253381598
1915,1.5050000000000001,0.9978830253381598
1916,1.5050000000000001,0.9978830253381598
1917,1.5050000000000001,0.9978830253381598
1918,1.5050000000000001,0.9978830253381598
1919,1.5050000000000001,0.9978830253381598
1920,1.5050000000000001,0.9978830253381598
1921,1.5050000000000001,0.9978830253381598
1922,1.5050000000000001,0.9978830253381598
1923,1.5050000000000001,0.9978830253381598
1924,1.5050000000000001,0.9978830253381598
1925,1.5050000000000001,0.9978830253381598
1926,1.5050000000000001,0.9978830253381598
1927,1.5050000000000001,0.9978830253381598
1928,1.5050000000000001,0.9978830253381598
1929,1.5050000000000001,0.9978830253381598
1930,1.5050000000000001,0.9978830253381598
1931,1.5050000000000001,0.9978830253381598
1932,1.5050000000000001,0.9978830253381598
1933,1.5050000000000001,0.9978830253381598
1934,1.5050000000000001,0.9978830253381598
1935,1.5050000000000001,0.9978830253381598
1936,1.5050000000000001,0.9978830253381598
1937,1.5050000000000001,0.9978830253381598
1938,1.5050000000000001,0.9978830253381598
1939,1.5050000000000001,0.9978830253381598
1940,1.5050000000000001,0.9978830253381598
1941,1.5050000000000001,0.9978830253381598
1942,1.5050000000000001,0.9978830253381598
1943,1.5050000000000001,0.9978830253381598
1944,1.5050000000000001,0.9978830253381598
1945,1.5050000000000001,0.9978830253381598
1946,1.5050000000000001,0.9978830253381598
1947,1.5050000000000001,0.9978830253381598
1948,1.5050000000000001,0.9978830253381598
1949,1.5050000000000001,0.9978830253381598
1950,1.5050000000000001,0.9978830253381598
1951,1.5050000000000001,0.9978830253381598
1952,1.5050000000000001,0.9978830253381598
1953,1.5050000000000001,0.9978830253381598
1954,1.5050000000000001,0.9978830253381598
1955,1.5050000000000001,0.9978830253381598
1956,1.5050000000000001,0.9978830253381598
1957,1.5050000000000001,0.9978830253381598
1958,1.5050000000000001,0.9978830253381598
1959,1.5050000000000001,0.9978830253381598
1960,1.5050000000000001,0.9978830253381598
1961,1.5050000000000001,0.9978830253381598
1962,1.5050000000000001,0.9978830253381598
1963,1.5050000000000001,0.9978830253381598
1964,1.5050000000000001,0.9978830253381598
1965,1.5050000000000001,0.9978830253381598
1966,1.5050000000000001,0.9978830253381598
1967,1.5050000000000001,0.9978830253381598
1968,1.5050000000000001,0.9978830253381598
1969,1.5050000000000001,0.9978830253381598
1970,1.5050000000000001,0.9978830253381598
1971,1.5050000000000001,0.9978830253381598
1972,1.5050000000000001,0.9978830253381598
1973,1.5050000000000001,0.9978830253381598
1974,1.5050000000000001,0.9978830253381598
1975,1.5050000000000001,0.9978830253381598
1976,1.5050000000000001,0.9978830253381598
1977,1.5050000000000001,0.9978830253381598
1978,1.5050000000000001,0.9978830253381598
1979,1.5050000000000001,0.9978830253381598
1980,1.5050000000000001,0.9978830253381598
1981,1.5050000000000001,0.9978830253381598
1982,1.5050000000000001,0.9978830253381598
1983,1.5050000000000001,0.9978830253381598
1984,1.5050000000000001,0.9978830253381598
1985,1.5050000000000001,0.9978830253381598
1986,1.5050000000000001,0.9978830253381598
1987,1.4840000000000002,0.9978830253381598
1988,1.37,0.9978830253381598
1989,1.37,0.9978830253381598
1990,1.37,0.9978830253381598
1991,1.37,0.9978830253381598
1992,1.37,0.9978830253381598
1993,1.37,0.9978830253381598
1994,1.37,0.9978830253381598
1995,1.37,0.9978830253381598
1996,1.37,0.9978830253381598
1997,1.37,0.9978830253381598
1998,1.37,0.9978830253381598
1999,1.37,0.9978830253381598
2000,1.37,0.9978830253381598
2001,1.37,0.9978830253381598
2002,1.37,0.9978830253381598
2003,1.37,0.9978830253381598
2004,1.37,0.9978830253381598
2005,1.37,0.9978830253381598
2006,1.37,0.9978830253381598
2007,1.37,0.9978830253381598
2008,1.37,0.9978830253381598
2009,1.37,0.9978830253381598
2010,1.37,0.9978830253381598
2011,1.37,0.9978830253381598
2012,1.37,0.9978830253381598
2013,1.37,0.9978830253381598
2014,1.37,0.9978830253381598
2015,1.37,0.9978830253381598
2016,1.37,0.9978830253381598
2017,1.37,0.9978830253381598
2018,1.37,0.9978830253381598
2019,1.37,0.9978830253381598
2020,1.37,0.9978830253381598
2021,1.37,0.9978830253381598
2022,1.37,0.9978830253381598
2023,1.37,0.9978830253381598
2024,1.37,0.9978830253381598
2025,1.37,0.9978830253381598
2026,1.37,0.9978830253381598
2027,1.37,0.9978830253381598
2028,1.37,0.9978830253381598
2029,1.37,0.9978830253381598
2030,1.37,0.9978830253381598
2031,1.37,0.9978830253381598
2032,1.37,0.9978830253381598
2033,1.37,0.9978830253381598
2034,1.37,0.9978830253381598
2035,1.37,0.9978830253381598
2036,1.37,0.9978830253381598
2037,1.37,0.9978830253381598
2038,1.37,0.9978830253381598
2039,1.37,0.9978830253381598
2040,1.37,0.9978830253381598
2041,1.37,0.9978830253381598
2042,1.37,0.9978830253381598
2043,1.37,0.9978830253381598
2044,1.37,0.9978830253381598
2045,1.37,0.9978830253381598
2046,1.37,0.9978830253381598
2047,1.37,0.9978830253381598
2048,1.37,0.9978830253381598
2049,1.37,0.9978830253381598
2050,1.37,0.9978830253381598
2051,1.37,0.9978830253381598
2052,1.37,0.9978830253381598
2053,1.37,0.9978830253381598
2054,1.37,0.9978830253381598
2055,1.37,0.9978830253381598
2056,1.37,0.9978830253381598
2057,1.37,0.9978830253381598
2058,1.37,0.9978830253381598
2059,1.37,0.9978830253381598
2060,1.37,0.9978830253381598
2061,1.37,0.9978830253381598
2062,1.37,0.9978830253381598
2063,1.37,0.9978830253381598
2064,1.37,0.9978830253381598
2065,1.37,0.9978830253381598
2066,1.37,0.9978830253381598
2067,1.37,0.9978830253381598
2068,1.37,0.9978830253381598
2069,1.37,0.9978830253381598
2070,1.37,0.9978830253381598
2071,1.37,0.9978830253381598
2072,1.37,0.9978830253381598
2073,1.37,0.9978830253381598
2074,1.37,0.9978830253381598
2075,1.37,0.9978830253381598
2076,1.37,0.9978830253381598
2077,1.37,0.9978830253381598
2078,1.37,0.9978830253381598
2079,1.37,0.9978830253381598
2080,1.37,0.9978830253381598
2081,1.37,0.9978830253381598
2082,1.37,0.9978830253381598
2083,1.37,0.9978830253381598
2084,1.37,0.9978830253381598
2085,1.37,0.9978830253381598
2086,1.37,0.9978830253381598
2087,1.37,0.9978830253381598
2088,1.37,0.9978830253381598
2089,1.37,0.9978830253381598
2090,1.37,0.9978830253381598
2091,1.37,0.9978830253381598
2092,1.37,0.9978830253381598
2093,1.37,0.9978830253381598
2094,1.37,0.9978830253381598
2095,1.37,0.9978830253381598
2096,1.37,0.9978830253381598
2097,1.37,0.9978830253381598
2098,1.37,0.9978830253381598
2099,1.37,0.9978830253381598
2100,1.37,0.9978830253381598
2101,1.37,0.9978830253381598
2102,1.37,0.9978830253381598
2103,1.37,0.9978830253381598
2104,1.37,0.9978830253381598
2105,1.37,0.9978830253381598
2106,1.37,0.9978830253381598
2107,1.37,0.9978830253381598
2108,1.37,0.9978830253381598
2109,1.37,0.9978830253381598
2110,1.37,0.9978830253381598
2111,1.37,0.9978830253381598
2112,1.37,0.9978830253381598
2113,1.37,0.9978830253381598
2114,1.37,0.9978830253381598
2115,1.37,0.9978830253381598
2116,1.37,0.9978830253381598
2117,1.37,0.9978830253381598
2118,1.37,0.9978830253381598
2119,1.37,0.9978830253381598
2120,1.37,0.9978830253381598
2121,1.37,0.9978830253381598
2122,1.37,0.9978830253381598
2123,1.37,0.9978830253381598
2124,1.37,0.9978830253381598
2125,1.37,0.9978830253381598
2126,1.37,0.9978830253381598
2127,1.37,0.9978830253381598
2128,1.37,0.9978830253381598
2129,1.37,0.9978830253381598
2130,1.37,0.9978830253381598
2131,1.37,0.9978830253381598
2132,1.37,0.9978830253381598
2133,1.37,0.9978830253381598
2134,1.37,0.9978830253381598
2135,1.37,0.9978830253381598
2136,1.37,0.9978830253381598
2137,1.37,0.9978830253381598
2138,1.37,0.9978830253381598
2139,1.37,0.9978830253381598
2140,1.37,0.9978830253381598
2141,1.37,0.9978830253381598
2142,1.37,0.9978830253381598
2143,1.37,0.9978830253381598
2144,1.37,0.9978830253381598
2145,1.37,0.9978830253381598
2146,1.37,0.9978830253381598
2147,1.37,0.9978830253381598
2148,1.37,0.9978830253381598
2149,1.37,0.9978830253381598
2150,1.37,0.9978830253381598
2151,1.37,0.9978830253381598
2152,1.37,0.9978830253381598
2153,1.37,0.9978830253381598
2154,1.37,0.9978830253381598
2155,1.37,0.9978830253381598
2156,1.37,0.9978830253381598
2157,1.37,0.9978830253381598
2158,1.37,0.9978830253381598
2159,1.37,0.9978830253381598
2160,1.37,0.9978830253381598
2161,1.37,0.9978830253381598
2162,1.37,0.9978830253381598
2163,1.37,0.9978830253381598
2164,1.37,0.9978830253381598
2165,1.37,0.9978830253381598
2166,1.37,0.9978830253381598
2167,1.37,0.9978830253381598
2168,1.37,0.9978830253381598
2169,1.37,0.9978830253381598
2170,1.37,0.9978830253381598
2171,1.37,0.9978830253381598
2172,1.37,0.9978830253381598
2173,1.37,0.9978830253381598
2174,1.37,0.9978830253381598
2175,1.37,0.9978830253381598
2176,1.37,0.9978830253381598
2177,1.37,0.9978830253381598
2178,1.37,0.9978830253381598
2179,1.37,0.9978830253381598
2180,1.37,0.9978830253381598
2181,1.37,0.9978830253381598
2182,1.37,0.9978830253381598
2183,1.37,0.9978830253381598
2184,1.235,0.9978830253381598
2185,1.235,0.9978830253381598
2186,1.235,0.9978830253381598
2187,1.235,0.9978830253381598
2188,1.235,0.9978830253381598
2189,1.235,0.9978830253381598
2190,1.235,0.9978830253381598
2191,1.235,0.9978830253381598
2192,1.235,0.9978830253381598
2193,1.235,0.9978830253381598
2194,1.235,0.9978830253381598
2195,1.235,0.9978830253381598
2196,1.235,0.9978830253381598
2197,1.235,0.9978830253381598
2198,1.235,0.9978830253381598
2199,1.235,0.9978830253381598
2200,1.235,0.9978830253381598
2201,1.235,0.9978830253381598
2202,1.235,0.9978830253381598
2203,1.235,0.9978830253381598
2204,1.235,0.9978830253381598
2205,1.235,0.9978830253381598
2206,1.235,0.9978830253381598
2207,1.235,0.9978830253381598
2208,1.235,0.9978830253381598
2209,1.235,0.9978830253381598
2210,1.235,0.9978830253381598
2211,1.235,0.9978830253381598
2212,1.235,0.9978830253381598
2213,1.235,0.9978830253381598
2214,1.235,0.9978830253381598
2215,1.235,0.9978830253381598
2216,1.235,0.9978830253381598
2217,1.235,0.9978830253381598
2218,1.235,0.9978830253381598
2219,1.235,0.9978830253381598
2220,1.235,0.9978830253381598
2221,1.235,0.9978830253381598
2222,1.235,0.9978830253381598
2223,1.235,0.9978830253381598
2224,1.235,0.9978830253381598
2225,1.235,0.9978830253381598
2226,1.235,0.9978830253381598
2227,1.235,0.9978830253381598
2228,1.235,0.9978830253381598
2229,1.235,0.9978830253381598
2230,1.235,0.9978830253381598
2231,1.235,0.9978830253381598
2232,1.235,0.9978830253381598
2233,1.235,0.9978830253381598
2234,1.235,0.9978830253381598
2235,1.235,0.9978830253381598
2236,1.235,0.9978830253381598
2237,1.235,0.9978830253381598
2238,1.235,0.9978830253381598
2239,1.235,0.9978830253381598
2240,1.235,0.9978830253381598
2241,1.235,0.9978830253381598
2242,1.235,0.9978830253381598
2243,1.235,0.9978830253381598
2244,1.235,0.9978830253381598
2245,1.235,0.9978830253381598
2246,1.235,0.9978830253381598
2247,1.235,0.9978830253381598
2248,1.235,0.9978830253381598
2249,1.235,0.9978830253381598
2250,1.235,0.9978830253381598
2251,1.235,0.9978830253381598
2252,1.235,0.9978830253381598
2253,1.235,0.9978830253381598
2254,1.235,0.9978830253381598
2255,1.235,0.9978830253381598
2256,1.235,0.9978830253381598
2257,1.235,0.9978830253381598
2258,1.235,0.9978830253381598
2259,1.235,0.9978830253381598
2260,1.235,0.9978830253381598
2261,1.235,0.9978830253381598
2262,1.235,0.9978830253381598
2263,1.235,0.9978830253381598
2264,1.235,0.9978830253381598
2265,1.235,0.9978830253381598
2266,1.235,0.9978830253381598
2267,1.235,0.9978830253381598
2268,1.235,0.9978830253381598
2269,1.235,0.9978830253381598
2270,1.235,0.9978830253381598
2271,1.235,0.9978830253381598
2272,1.235,0.9978830253381598
2273,1.235,0.9978830253381598
2274,1.235,0.9978830253381598
2275,1.235,0.9978830253381598
2276,1.235,0.9978830253381598
2277,1.235,0.9978830253381598
2278,1.235,0.9978830253381598
2279,1.235,0.9978830253381598
2280,1.235,0.9978830253381598
2281,1.235,0.9978830253381598
2282,1.235,0.9978830253381598
2283,1.235,0.9978830253381598
2284,1.235,0.9978830253381598
2285,1.235,0.9978830253381598
2286,1.235,0.9978830253381598
2287,1.235,0.9978830253381598
2288,1.235,0.9978830253381598
2289,1.235,0.9978830253381598
2290,1.235,0.9978830253381598
2291,1.235,0.9978830253381598
2292,1.235,0.9978830253381598
2293,1.235,0.9978830253381598
2294,1.235,0.9978830253381598
2295,1.235,0.9978830253381598
2296,1.235,0.9978830253381598
2297,1.235,0.9978830253381598
2298,1.235,0.9978830253381598
2299,1.235,0.9978830253381598
2300,1.235,0.9978830253381598
2301,1.235,0.9978830253381598
2302,1.235,0.9978830253381598
2303,1.235,0.9978830253381598
2304,1.235,0.9978830253381598
2305,1.235,0.9978830253381598
2306,1.235,0.9978830253381598
2307,1.235,0.9978830253381598
2308,1.235,0.9978830253381598
2309,1.235,0.9978830253381598
2310,1.235,0.9978830253381598
2311,1.235,0.9978830253381598
2312,1.235,0.9978830253381598
2313,1.235,0.9978830253381598
2314,1.235,0.9978830253381598
2315,1.235,0.9978830253381598
2316,1.235,0.9978830253381598
2317,1.235,0.9978830253381598
2318,1.235,0.9978830253381598
2319,1.235,0.9978830253381598
2320,1.235,0.9978830253381598
2321,1.235,0.9978830253381598
2322,1.235,0.9978830253381598
2323,1.235,0.9978830253381598
2324,1.235,0.9978830253381598
2325,1.235,0.9978830253381598
2326,1.235,0.9978830253381598
2327,1.235,0.9978830253381598
2328,1.235,0.9978830253381598
2329,1.235,0.9978830253381598
2330,1.235,0.9978830253381598
2331,1.235,0.9978830253381598
2332,1.235,0.9978830253381598
2333,1.235,0.9978830253381598
2334,1.235,0.9978830253381598
2335,1.235,0.9978830253381598
2336,1.235,0.9978830253381598
2337,1.235,0.9978830253381598
2338,1.235,0.9978830253381598
2339,1.235,0.9978830253381598
2340,1.235,0.9978830253381598
2341,1.235,0.9978830253381598
2342,1.235,0.9978830253381598
2343,1.235,0.9978830253381598
2344,1.235,0.9978830253381598
2345,1.235,0.9978830253381598
2346,1.235,0.9978830253381598
2347,1.235,0.9978830253381598
2348,1.235,0.9978830253381598
2349,1.235,0.9978830253381598
2350,1.235,0.9978830253381598
2351,1.235,0.9978830253381598
2352,1.235,0.9978830253381598
2353,1.235,0.9978830253381598
2354,1.235,0.9978830253381598
2355,1.235,0.9978830253381598
2356,1.235,0.9978830253381598
2357,1.235,0.9978830253381598
2358,1.235,0.9978830253381598
2359,1.235,0.9978830253381598
2360,1.235,0.9978830253381598
2361,1.235,0.9978830253381598
2362,1.235,0.9978830253381598
2363,1.235,0.9978830253381598
2364,1.235,0.9978830253381598
2365,1.235,0.9978830253381598
2366,1.235,0.9978830253381598
2367,1.235,0.9978830253381598
2368,1.235,0.9978830253381598
2369,1.235,0.9978830253381598
2370,1.235,0.9978830253381598
2371,1.235,0.9978830253381598
2372,1.235,0.9978830253381598
2373,1.235,0.9978830253381598
2374,1.235,0.9978830253381598
2375,1.235,0.9978830253381598
2376,1.235,0.9978830253381598
2377,1.235,0.9978830253381598
2378,1.235,0.9978830253381598
2379,1.235,0.9978830253381598
2380,1.235,0.9978830253381598
2381,1.235,0.9978830253381598
2382,1.235,0.9978830253381598
2383,1.235,0.9978830253381598
2384,1.235,0.9978830253381598
2385,1.235,0.9978830253381598
2386,1.235,0.9978830253381598
2387,1.235,0.9978830253381598
2388,1.235,0.9978830253381598
2389,1.235,0.9978830253381598
2390,1.235,0.9978830253381598
2391,1.235,0.9978830253381598
2392,1.235,0.9978830253381598
2393,1.235,0.9978830253381598
2394,1.235,0.9978830253381598
2395,1.235,0.9978830253381598
2396,1.235,0.9978830253381598
2397,1.235,0.9978830253381598
2398,1.235,0.9978830253381598
2399,1.235,0.9978830253381598
2400,1.235,0.9978830253381598
2401,1.235,0.9978830253381598
2402,1.235,0.9978830253381598
2403,1.235,0.9978830253381598
2404,1.235,0.9978830253381598
2405,1.235,0.9978830253381598
2406,1.235,0.9978830253381598
2407,1.235,0.9978830253381598
2408,1.235,0.9978830253381598
2409,1.235,0.9978830253381598
2410,1.235,0.9978830253381598
2411,1.235,0.9978830253381598
2412,1.235,0.9978830253381598
2413,1.235,0.9978830253381598
2414,1.235,0.9978830253381598
2415,1.235,0.9978830253381598
2416,1.235,0.9978830253381598
2417,1.235,0.9978830253381598
2418,1.235,0.9978830253381598
2419,1.235,0.9978830253381598
2420,1.235,0.9978830253381598
2421,1.235,0.9978830253381598
2422,1.235,0.9978830253381598
2423,1.235,0.9978830253381598
2424,1.235,0.9978830253381598
2425,1.235,0.9978830253381598
2426,1.235,0.9978830253381598
2427,1.235,0.9978830253381598
2428,1.235,0.9978830253381598
2429,1.235,0.9978830253381598
2430,1.235,0.9978830253381598
2431,1.235,0.9978830253381598
2432,1.235,0.9978830253381598
2433,1.235,0.9978830253381598
2434,1.235,0.9978830253381598
2435,1.235,0.9978830253381598
2436,1.235,0.9978830253381598
2437,1.235,0.9978830253381598
2438,1.235,0.9978830253381598
2439,1.235,0.9978830253381598
2440,1.235,0.9978830253381598
2441,1.235,0.9978830253381598
2442,1.235,0.9978830253381598
2443,1.235,0.9978830253381598
2444,1.235,0.9978830253381598
2445,1.235,0.9978830253381598
2446,1.235,0.9978830253381598
2447,1.235,0.9978830253381598
2448,1.235,0.9978830253381598
2449,1.235,0.9978830253381598
2450,1.235,0.9978830253381598
2451,1.235,0.9978830253381598
2452,1.235,0.9978830253381598
2453,1.235,0.9978830253381598
2454,1.235,0.9978830253381598
2455,1.235,0.9978830253381598
2456,1.235,0.9978830253381598
2457,1.235,0.9978830253381598
2458,1.235,0.9978830253381598
2459,1.235,0.9978830253381598
2460,1.235,0.9978830253381598
2461,1.235,0.9978830253381598
2462,1.235,0.9978830253381598
2463,1.235,0.9978830253381598
2464,1.235,0.9978830253381598
2465,1.235,0.9978830253381598
2466,1.235,0.9978830253381598
2467,1.235,0.9978830253381598
2468,1.235,0.9978830253381598
2469,1.235,0.9978830253381598
2470,1.235,0.9978830253381598
2471,1.235,0.9978830253381598
2472,1.235,0.9978830253381598
2473,1.235,0.9978830253381598
2474,1.235,0.9978830253381598
2475,1.235,0.9978830253381598
2476,1.235,0.9978830253381598
2477,1.235,0.9978830253381598
2478,1.235,0.9978830253381598
2479,1.235,0.9978830253381598
2480,1.235,0.9978830253381598
2481,1.235,0.9978830253381598
2482,1.235,0.9978830253381598
2483,1.235,0.9978830253381598
2484,1.235,0.9978830253381598
2485,1.235,0.9978830253381598
2486,1.235,0.9978830253381598
2487,1.235,0.9978830253381598
2488,1.235,0.9978830253381598
2489,1.235,0.9978830253381598
2490,1.235,0.9978830253381598
2491,1.235,0.9978830253381598
2492,1.235,0.9978830253381598
2493,1.235,0.9978830253381598
2494,1.235,0.9978830253381598
2495,1.235,0.9978830253381598
2496,1.235,0.9978830253381598
2497,1.235,0.9978830253381598
2498,1.235,0.9978830253381598
2499,1.235,0.9978830253381598
2500,1.235,0.9978830253381598
2501,1.235,0.9978830253381598
2502,1.235,0.9978830253381598
2503,1.235,0.9978830253381598
2504,1.235,0.9978830253381598
2505,1.235,0.9978830253381598
2506,1.235,0.9978830253381598
2507,1.235,0.9978830253381598
2508,1.235,0.9978830253381598
2509,1.235,0.9978830253381598
2510,1.235,0.9978830253381598
2511,1.235,0.9978830253381598
2512,1.235,0.9978830253381598
2513,1.235,0.9978830253381598
2514,1.235,0.9978830253381598
2515,1.235,0.9978830253381598
2516,1.235,0.9978830253381598
2517,1.235,0.9978830253381598
2518,1.235,0.9978830253381598
2519,1.235,0.9978830253381598
2520,1.235,0.9978830253381598
2521,1.235,0.9978830253381598
2522,1.235,0.9978830253381598
2523,1.235,0.9978830253381598
2524,1.235,0.9978830253381598
2525,1.235,0.9978830253381598
2526,1.235,0.9978830253381598
2527,1.235,0.9978830253381598
2528,1.235,0.9978830253381598
2529,1.235,0.9978830253381598
2530,1.235,0.9978830253381598
2531,1.235,0.9978830253381598
2532,1.235,0.9978830253381598
2533,1.235,0.9978830253381598
2534,1.235,0.9978830253381598
2535,1.235,0.9978830253381598
2536,1.235,0.9978830253381598
2537,1.235,0.9978830253381598
2538,1.235,0.9978830253381598
2539,1.235,0.9978830253381598
2540,1.235,0.9978830253381598
2541,1.235,0.9978830253381598
2542,1.235,0.9978830253381598
2543,1.235,0.9978830253381598
2544,1.235,0.9978830253381598
2545,1.235,0.9978830253381598
2546,1.235,0.9978830253381598
2547,1.235,0.9978830253381598
2548,1.235,0.9978830253381598
2549,1.235,0.9978830253381598
2550,1.235,0.9978830253381598
2551,1.235,0.9978830253381598
2552,1.235,0.9978830253381598
2553,1.235,0.9978830253381598
2554,1.235,0.9978830253381598
2555,1.235,0.9978830253381598
2556,1.235,0.9978830253381598
2557,1.235,0.9978830253381598
2558,1.235,0.9978830253381598
2559,1.235,0.9978830253381598
2560,1.235,0.9978830253381598
2561,1.235,0.9978830253381598
2562,1.235,0.9978830253381598
2563,1.235,0.9978830253381598
2564,1.235,0.9978830253381598
2565,1.235,0.9978830253381598
2566,1.235,0.9978830253381598
2567,1.235,0.9978830253381598
2568,1.235,0.9978830253381598
2569,1.235,0.9978830253381598
2570,1.235,0.9978830253381598
2571,1.235,0.9978830253381598
2572,1.235,0.9978830253381598
2573,1.235,0.9978830253381598
2574,1.235,0.9978830253381598
2575,1.235,0.9978830253381598
2576,1.235,0.9978830253381598
2577,1.235,0.9978830253381598
2578,1.235,0.9978830253381598
2579,1.1,0.9978830253381598
2580,1.1,0.9978830253381598
2581,1.1,0.9978830253381598
2582,1.1,0.9978830253381598
2583,1.1,0.9978830253381598
2584,1.1,0.9978830253381598
2585,1.1,0.9978830253381598
2586,1.1,0.9978830253381598
2587,1.1,0.9978830253381598
2588,1.1,0.9978830253381598
2589,1.1,0.9978830253381598
2590,1.1,0.9978830253381598
2591,1.1,0.9978830253381598
2592,1.1,0.9978830253381598
2593,1.1,0.9978830253381598
2594,1.1,0.9978830253381598
2595,1.1,0.9978830253381598
2596,1.1,0.9978830253381598
2597,1.1,0.9978830253381598
2598,1.1,0.9978830253381598
2599,1.1,0.9978830253381598
2600,1.1,0.9978830253381598
2601,1.1,0.9978830253381598
2602,1.1,0.9978830253381598
2603,1.1,0.9978830253381598
2604,1.1,0.9978830253381598
2605,1.1,0.9978830253381598
2606,1.1,0.9978830253381598
2607,1.1,0.9978830253381598
2608,1.1,0.9978830253381598
2609,1.1,0.9978830253381598
2610,1.1,0.9978830253381598
2611,1.1,0.9978830253381598
2612,1.1,0.9978830253381598
2613,1.1,0.9978830253381598
2614,1.1,0.9978830253381598
2615,1.1,0.9978830253381598
2616,1.1,0.9978830253381598
2617,1.1,0.9978830253381598
2618,1.1,0.9978830253381598
2619,1.1,0.9978830253381598
2620,1.1,0.9978830253381598
2621,1.1,0.9978830253381598
2622,1.1,0.9978830253381598
2623,1.1,0.9978830253381598
2624,1.1,0.9978830253381598
2625,1.1,0.9978830253381598
2626,1.1,0.9978830253381598
2627,1.1,0.9978830253381598
2628,1.1,0.9978830253381598
2629,1.1,0.9978830253381598
2630,1.1,0.9978830253381598
2631,1.1,0.9978830253381598
2632,1.1,0.9978830253381598
2633,1.1,0.9978830253381598
2634,1.1,0.9978830253381598
2635,1.1,0.9978830253381598
2636,1.1,0.9978830253381598
2637,1.1,0.9978830253381598
2638,1.1,0.9978830253381598
2639,1.1,0.9978830253381598
2640,1.1,0.9978830253381598
2641,1.1,0.9978830253381598
2642,1.1,0.9978830253381598
2643,1.1,0.9978830253381598
2644,1.1,0.9978830253381598
2645,1.1,0.9978830253381598
2646,1.1,0.9978830253381598
2647,1.1,0.9978830253381598
2648,1.1,0.9978830253381598
2649,1.1,0.9978830253381598
2650,1.1,0.9978830253381598
2651,1.1,0.9978830253381598
2652,1.1,0.9978830253381598
2653,1.1,0.9978830253381598
2654,1.1,0.9978830253381598
2655,1.1,0.9978830253381598
2656,1.1,0.9978830253381598
2657,1.1,0.9978830253381598
2658,1.1,0.9978830253381598
2659,1.1,0.9978830253381598
2660,1.1,0.9978830253381598
2661,1.1,0.9978830253381598
2662,1.1,0.9978830253381598
2663,1.1,0.9978830253381598
2664,1.1,0.9978830253381598
2665,1.1,0.9978830253381598
2666,1.1,0.9978830253381598
2667,1.1,0.9978830253381598
2668,1.1,0.9978830253381598
2669,1.1,0.9978830253381598
2670,1.1,0.9978830253381598
2671,1.1,0.9978830253381598
2672,1.1,0.9978830253381598
2673,1.1,0.9978830253381598
2674,1.1,0.9978830253381598
2675,1.1,0.9978830253381598
2676,1.1,0.9978830253381598
2677,1.1,0.9978830253381598
2678,1.1,0.9978830253381598
2679,1.1,0.9978830253381598
2680,1.1,0.9978830253381598
2681,1.1,0.9978830253381598
2682,1.1,0.9978830253381598
2683,1.1,0.9978830253381598
2684,1.1,0.9978830253381598
2685,1.1,0.9978830253381598
2686,1.1,0.9978830253381598
2687,1.1,0.9978830253381598
2688,1.1,0.9978830253381598
2689,1.1,0.9978830253381598
2690,1.1,0.9978830253381598
2691,1.1,0.9978830253381598
2692,1.1,0.9978830253381598
2693,1.1,0.9978830253381598
2694,1.1,0.9978830253381598
2695,1.1,0.9978830253381598
2696,1.1,0.9978830253381598
2697,1.1,0.9978830253381598
2698,1.1,0.9978830253381598
2699,1.1,0.9978830253381598
2700,1.1,0.9978830253381598
2701,1.1,0.9978830253381598
2702,1.1,0.9978830253381598
2703,1.1,0.9978830253381598
2704,1.1,0.9978830253381598
2705,1.1,0.9978830253381598
2706,1.1,0.9978830253381598
2707,1.1,0.9978830253381598
2708,1.1,0.9978830253381598
2709,1.1,0.9978830253381598
2710,1.1,0.9978830253381598
2711,1.1,0.9978830253381598
2712,1.1,0.9978830253381598
2713,1.1,0.9978830253381598
2714,1.1,0.9978830253381598
2715,1.1,0.9978830253381598
2716,1.1,0.9978830253381598
2717,1.1,0.9978830253381598
2718,1.1,0.9978830253381598
2719,1.1,0.9978830253381598
2720,1.1,0.9978830253381598
2721,1.1,0.9978830253381598
2722,1.1,0.9978830253381598
2723,1.1,0.9978830253381598
2724,1.1,0.9978830253381598
2725,1.1,0.9978830253381598
2726,1.1,0.9978830253381598
2727,1.1,0.9978830253381598
2728,1.1,0.9978830253381598
2729,1.1,0.9978830253381598
2730,1.1,0.9978830253381598
2731,1.1,0.9978830253381598
2732,1.1,0.9978830253381598
2733,1.1,0.9978830253381598
2734,1.1,0.9978830253381598
2735,1.1,0.9978830253381598
2736,1.1,0.9978830253381598
2737,1.1,0.9978830253381598
2738,1.1,0.9978830253381598
2739,1.1,0.9978830253381598
2740,1.1,0.9978830253381598
2741,1.1,0.9978830253381598
2742,1.1,0.9978830253381598
2743,1.1,0.9978830253381598
2744,1.1,0.9978830253381598
2745,1.1,0.9978830253381598
2746,1.1,0.9978830253381598
2747,1.1,0.9978830253381598
2748,1.1,0.9978830253381598
2749,1.1,0.9978830253381598
2750,1.1,0.9978830253381598
2751,1.1,0.9978830253381598
2752,1.1,0.9978830253381598
2753,1.1,0.9978830253381598
2754,1.1,0.9978830253381598
2755,1.1,0.9978830253381598
2756,1.1,0.9978830253381598
2757,1.1,0.9978830253381598
2758,1.1,0.9978830253381598
2759,1.1,0.9978830253381598
2760,1.1,0.9978830253381598
2761,1.1,0.9978830253381598
2762,1.1,0.9978830253381598
2763,1.1,0.9978830253381598
2764,1.1,0.9978830253381598
2765,1.1,0.9978830253381598
2766,1.1,0.9978830253381598
2767,1.1,0.9978830253381598
2768,1.1,0.9978830253381598
2769,1.1,0.9978830253381598
2770,1.1,0.9978830253381598
2771,1.1,0.9978830253381598
2772,1.1,0.9978830253381598
2773,1.1,0.9978830253381598
2774,1.1,0.9978830253381598
2775,1.1,0.9978830253381598
2776,1.1,0.9978830253381598
2777,1.1,0.9978830253381598
2778,1.1,0.9978830253381598
2779,1.1,0.9978830253381598
2780,1.1,0.9978830253381598
2781,1.1,0.9978830253381598
2782,1.1,0.9978830253381598
2783,1.1,0.9978830253381598
2784,1.1,0.9978830253381598
2785,1.1,0.9978830253381598
2786,1.1,0.9978830253381598
2787,1.1,0.9978830253381598
2788,1.1,0.9978830253381598
2789,1.1,0.9978830253381598
2790,1.1,0.9978830253381598
2791,1.1,0.9978830253381598
2792,1.1,0.9978830253381598
2793,1.1,0.9978830253381598
2794,1.1,0.9978830253381598
2795,1.1,0.9978830253381598
2796,1.1,0.9978830253381598
2797,1.1,0.9978830253381598
2798,1.1,0.9978830253381598
2799,1.1,0.9978830253381598
2800,1.1,0.9978830253381598
2801,1.1,0.9978830253381598
2802,1.1,0.9978830253381598
2803,1.1,0.9978830253381598
2804,1.1,0.9978830253381598
2805,1.1,0.9978830253381598
2806,1.1,0.9978830253381598
2807,1.1,0.9978830253381598
2808,1.1,0.9978830253381598
2809,1.1,0.9978830253381598
2810,1.1,0.9978830253381598
2811,1.1,0.9978830253381598
2812,1.1,0.9978830253381598
2813,1.1,0.9978830253381598
2814,1.1,0.9978830253381598
2815,1.1,0.9978830253381598
2816,1.1,0.9978830253381598
2817,1.1,0.9978830253381598
2818,1.1,0.9978830253381598
2819,1.1,0.9978830253381598
2820,1.1,0.9978830253381598
2821,1.1,0.9978830253381598
2822,1.1,0.9978830253381598
2823,1.1,0.9978830253381598
2824,1.1,0.9978830253381598
2825,1.1,0.9978830253381598
2826,1.1,0.9978830253381598
2827,1.1,0.9978830253381598
2828,1.1,0.9978830253381598
2829,1.1,0.9978830253381598
2830,1.1,0.9978830253381598
2831,1.1,0.9978830253381598
2832,1.1,0.9978830253381598
2833,1.1,0.9978830253381598
2834,1.1,0.9978830253381598
2835,1.1,0.9978830253381598
2836,1.1,0.9978830253381598
2837,1.1,0.9978830253381598
2838,1.1,0.9978830253381598
2839,1.1,0.9978830253381598
2840,1.1,0.9978830253381598
2841,1.1,0.9978830253381598
2842,1.1,0.9978830253381598
2843,1.1,0.9978830253381598
2844,1.1,0.9978830253381598
2845,1.1,0.9978830253381598
2846,1.1,0.9978830253381598
2847,1.1,0.9978830253381598
2848,1.1,0.9978830253381598
2849,1.1,0.9978830253381598
2850,1.1,0.9978830253381598
2851,1.1,0.9978830253381598
2852,1.1,0.9978830253381598
2853,1.1,0.9978830253381598
2854,1.1,0.9978830253381598
2855,1.1,0.9978830253381598
2856,1.1,0.9978830253381598
2857,1.1,0.9978830253381598
2858,1.1,0.9978830253381598
2859,1.1,0.9978830253381598
2860,1.1,0.9978830253381598
2861,1.1,0.9978830253381598
2862,1.1,0.9978830253381598
2863,1.1,0.9978830253381598
2864,1.1,0.9978830253381598
2865,1.1,0.9978830253381598
2866,1.1,0.9978830253381598
2867,1.1,0.9978830253381598
2868,1.1,0.9978830253381598
2869,1.1,0.9978830253381598
2870,1.1,0.9978830253381598
2871,1.1,0.9978830253381598
2872,1.1,0.9978830253381598
2873,1.1,0.9978830253381598
2874,1.1,0.9978830253381598
2875,0.9650000000000001,0.9978830253381598
2876,0.9650000000000001,0.9978830253381598
2877,0.9650000000000001,0.9978830253381598
2878,0.9650000000000001,0.9978830253381598
2879,0.9650000000000001,0.9978830253381598
2880,0.9650000000000001,0.9978830253381598
2881,0.9650000000000001,0.9978830253381598
2882,0.9650000000000001,0.9978830253381598
2883,0.9650000000000001,0.9978830253381598
2884,0.9650000000000001,0.9978830253381598
2885,0.9650000000000001,0.9978830253381598
2886,0.9650000000000001,0.9978830253381598
2887,0.9650000000000001,0.9978830253381598
2888,0.9650000000000001,0.9978830253381598
2889,0.9650000000000001,0.9978830253381598
2890,0.9650000000000001,0.9978830253381598
2891,0.9650000000000001,0.9978830253381598
2892,0.9650000000000001,0.9978830253381598
2893,0.9650000000000001,0.9978830253381598
2894,0.9650000000000001,0.9978830253381598
2895,0.9650000000000001,0.9978830253381598
2896,0.9650000000000001,0.9978830253381598
2897,0.9650000000000001,0.9978830253381598
2898,0.9650000000000001,0.9978830253381598
2899,0.9650000000000001,0.9978830253381598
2900,0.9650000000000001,0.9978830253381598
2901,0.9650000000000001,0.9978830253381598
2902,0.9650000000000001,0.9978830253381598
2903,0.9650000000000001,0.9978830253381598
2904,0.9650000000000001,0.9978830253381598
2905,0.9650000000000001,0.9978830253381598
2906,0.9650000000000001,0.9978830253381598
2907,0.9650000000000001,0.9978830253381598
2908,0.9650000000000001,0.9978830253381598
2909,0.9650000000000001,0.9978830253381598
2910,0.9650000000000001,0.9978830253381598
2911,0.9650000000000001,0.9978830253381598
2912,0.9650000000000001,0.9978830253381598
2913,0.9650000000000001,0.9978830253381598
2914,0.9650000000000001,0.9978830253381598
2915,0.9650000000000001,0.9978830253381598
2916,0.9650000000000001,0.9978830253381598
2917,0.9650000000000001,0.9978830253381598
2918,0.9650000000000001,0.9978830253381598
2919,0.9650000000000001,0.9978830253381598
2920,0.9650000000000001,0.9978830253381598
2921,0.9650000000000001,0.9978830253381598
2922,0.9650000000000001,0.9978830253381598
2923,0.9650000000000001,0.9978830253381598
2924,0.9650000000000001,0.9978830253381598
2925,0.9650000000000001,0.9978830253381598
2926,0.9650000000000001,0.9978830253381598
2927,0.9650000000000001,0.9978830253381598
2928,0.9650000000000001,0.9978830253381598
2929,0.9650000000000001,0.9978830253381598
2930,0.9650000000000001,0.9978830253381598
2931,0.9650000000000001,0.9978830253381598
2932,0.9650000000000001,0.9978830253381598
2933,0.9650000000000001,0.9978830253381598
2934,0.9650000000000001,0.9978830253381598
2935,0.9650000000000001,0.9978830253381598
2936,0.9650000000000001,0.9978830253381598
2937,0.9650000000000001,0.9978830253381598
2938,0.9650000000000001,0.9978830253381598
2939,0.9650000000000001,0.9978830253381598
2940,0.9650000000000001,0.9978830253381598
2941,0.9650000000000001,0.9978830253381598
2942,0.9650000000000001,0.9978830253381598
2943,0.9650000000000001,0.9978830253381598
2944,0.9650000000000001,0.9978830253381598
2945,0.9650000000000001,0.9978830253381598
2946,0.9650000000000001,0.9978830253381598
2947,0.9650000000000001,0.9978830253381598
2948,0.9650000000000001,0.9978830253381598
2949,0.9650000000000001,0.9978830253381598
2950,0.9650000000000001,0.9978830253381598
2951,0.9650000000000001,0.9978830253381598
2952,0.9650000000000001,0.9978830253381598
2953,0.9650000000000001,0.9978830253381598
2954,0.9650000000000001,0.9978830253381598
2955,0.9650000000000001,0.9978830253381598
2956,0.9650000000000001,0.9978830253381598
2957,0.9650000000000001,0.9978830253381598
2958,0.9650000000000001,0.9978830253381598
2959,0.9650000000000001,0.9978830253381598
2960,0.9650000000000001,0.9978830253381598
2961,0.9650000000000001,0.9978830253381598
2962,0.9650000000000001,0.9978830253381598
2963,0.9650000000000001,0.9978830253381598
2964,0.9650000000000001,0.9978830253381598
2965,0.9650000000000001,0.9978830253381598
2966,0.9650000000000001,0.9978830253381598
2967,0.9650000000000001,0.9978830253381598
2968,0.9650000000000001,0.9978830253381598
2969,0.9650000000000001,0.9978830253381598
2970,0.9650000000000001,0.9978830253381598
2971,0.9650000000000001,0.9978830253381598
2972,0.9650000000000001,0.9978830253381598
2973,0.8300000000000001,0.9978830253381598
2974,0.6950000000000001,0.9978830253381598
2975,0.6950000000000001,0.9978830253381598
2976,0.6950000000000001,0.9978830253381598
2977,0.6950000000000001,0.9978830253381598
2978,0.6950000000000001,0.9978830253381598
2979,0.6950000000000001,0.9978830253381598
2980,0.6950000000000001,0.9978830253381598
2981,0.6950000000000001,0.9978830253381598
2982,0.6950000000000001,0.9978830253381598
2983,0.6950000000000001,0.9978830253381598
2984,0.6950000000000001,0.9978830253381598
2985,0.6950000000000001,0.9978830253381598
2986,0.6950000000000001,0.9978830253381598
2987,0.6950000000000001,0.9978830253381598
2988,0.6950000000000001,0.9978830253381598
2989,0.6950000000000001,0.9978830253381598
2990,0.6950000000000001,0.9978830253381598
2991,0.6950000000000001,0.9978830253381598
2992,0.6950000000000001,0.9978830253381598
2993,0.6950000000000001,0.9978830253381598
2994,0.6950000000000001,0.9978830253381598
2995,0.6950000000000001,0.9978830253381598
2996,0.6950000000000001,0.9978830253381598
2997,0.6950000000000001,0.9978830253381598
2998,0.6950000000000001,0.9978830253381598
2999,0.6950000000000001,0.9978830253381598
3000,0.6950000000000001,0.9978830253381598
3001,0.6950000000000001,0.9978830253381598
3002,0.6950000000000001,0.9978830253381598
3003,0.6950000000000001,0.9978830253381598
3004,0.6950000000000001,0.9978830253381598
3005,0.6950000000000001,0.9978830253381598
3006,0.6950000000000001,0.9978830253381598
3007,0.6950000000000001,0.9978830253381598
3008,0.6950000000000001,0.9978830253381598
3009,0.6950000000000001,0.9978830253381598
3010,0.6950000000000001,0.9978830253381598
3011,0.6950000000000001,0.9978830253381598
3012,0.6950000000000001,0.9978830253381598
3013,0.6950000000000001,0.9978830253381598
3014,0.6950000000000001,0.9978830253381598
3015,0.6950000000000001,0.9978830253381598
3016,0.6950000000000001,0.9978830253381598
3017,0.6950000000000001,0.9978830253381598
3018,0.6950000000000001,0.9978830253381598
3019,0.6950000000000001,0.9978830253381598
3020,0.6950000000000001,0.9978830253381598
3021,0.6950000000000001,0.9978830253381598
3022,0.6950000000000001,0.9978830253381598
3023,0.6950000000000001,0.9978830253381598
3024,0.6950000000000001,0.9978830253381598
3025,0.6950000000000001,0.9978830253381598
3026,0.6950000000000001,0.9978830253381598
3027,0.6950000000000001,0.9978830253381598
3028,0.6950000000000001,0.9978830253381598
3029,0.6950000000000001,0.9978830253381598
3030,0.6950000000000001,0.9978830253381598
3031,0.6950000000000001,0.9978830253381598
3032,0.6950000000000001,0.9978830253381598
3033,0.6950000000000001,0.9978830253381598
3034,0.6950000000000001,0.9978830253381598
3035,0.6950000000000001,0.9978830253381598
3036,0.6950000000000001,0.9978830253381598
3037,0.6950000000000001,0.9978830253381598
3038,0.6950000000000001,0.9978830253381598
3039,0.6950000000000001,0.9978830253381598
3040,0.6950000000000001,0.9978830253381598
3041,0.6950000000000001,0.9978830253381598
3042,0.6950000000000001,0.9978830253381598
3043,0.6950000000000001,0.9978830253381598
3044,0.6950000000000001,0.9978830253381598
3045,0.6950000000000001,0.9978830253381598
3046,0.6950000000000001,0.9978830253381598
3047,0.6950000000000001,0.9978830253381598
3048,0.6950000000000001,0.9978830253381598
3049,0.6950000000000001,0.9978830253381598
3050,0.6950000000000001,0.9978830253381598
3051,0.6950000000000001,0.9978830253381598
3052,0.6950000000000001,0.9978830253381598
3053,0.6950000000000001,0.9978830253381598
3054,0.6950000000000001,0.9978830253381598
3055,0.6950000000000001,0.9978830253381598
3056,0.6950000000000001,0.9978830253381598
3057,0.6950000000000001,0.9978830253381598
3058,0.6950000000000001,0.9978830253381598
3059,0.6950000000000001,0.9978830253381598
3060,0.6950000000000001,0.9978830253381598
3061,0.6950000000000001,0.9978830253381598
3062,0.6950000000000001,0.9978830253381598
3063,0.6950000000000001,0.9978830253381598
3064,0.6950000000000001,0.9978830253381598
3065,0.6950000000000001,0.9978830253381598
3066,0.6950000000000001,0.9978830253381598
3067,0.6950000000000001,0.9978830253381598
3068,0.6950000000000001,0.9978830253381598
3069,0.6950000000000001,0.9978830253381598
3070,0.6950000000000001,0.9978830253381598
3071,0.6950000000000001,0.9978830253381598
3072,0.6950000000000001,0.9978830253381598
3073,0.56,0.9978830253381598
3074,0.56,0.9978830253381598
3075,0.56,0.9978830253381598
3076,0.56,0.9978830253381598
3077,0.56,0.9978830253381598
3078,0.56,0.9978830253381598
3079,0.56,0.9978830253381598
3080,0.56,0.9978830253381598
3081,0.56,0.9978830253381598
3082,0.56,0.9978830253381598
3083,0.56,0.9978830253381598
3084,0.56,0.9978830253381598
3085,0.56,0.9978830253381598
3086,0.56,0.9978830253381598
3087,0.56,0.9978830253381598
3088,0.56,0.9978830253381598
3089,0.56,0.9978830253381598
3090,0.56,0.9978830253381598
3091,0.56,0.9978830253381598
3092,0.56,0.9978830253381598
3093,0.56,0.9978830253381598
3094,0.56,0.9978830253381598
3095,0.56,0.9978830253381598
3096,0.56,0.9978830253381598
3097,0.56,0.9978830253381598
3098,0.56,0.9978830253381598
3099,0.56,0.9978830253381598
3100,0.56,0.9978830253381598
3101,0.56,0.9978830253381598
3102,0.56,0.9978830253381598
3103,0.56,0.9978830253381598
3104,0.56,0.9978830253381598
3105,0.56,0.9978830253381598
3106,0.56,0.9978830253381598
3107,0.56,0.9978830253381598
3108,0.56,0.9978830253381598
3109,0.56,0.9978830253381598
3110,0.56,0.9978830253381598
3111,0.56,0.9978830253381598
3112,0.56,0.9978830253381598
3113,0.56,0.9978830253381598
3114,0.56,0.9978830253381598
3115,0.56,0.9978830253381598
3116,0.56,0.9978830253381598
3117,0.56,0.9978830253381598
3118,0.56,0.9978830253381598
3119,0.56,0.9978830253381598
3120,0.56,0.9978830253381598
3121,0.56,0.9978830253381598
3122,0.56,0.9978830253381598
3123,0.56,0.9978830253381598
3124,0.56,0.9978830253381598
3125,0.56,0.9978830253381598
3126,0.56,0.9978830253381598
3127,0.56,0.9978830253381598
3128,0.56,0.9978830253381598
3129,0.56,0.9978830253381598
3130,0.56,0.9978830253381598
3131,0.56,0.9978830253381598
3132,0.56,0.9978830253381598
3133,0.56,0.9978830253381598
3134,0.56,0.9978830253381598
3135,0.56,0.9978830253381598
3136,0.56,0.9978830253381598
3137,0.56,0.9978830253381598
3138,0.56,0.9978830253381598
3139,0.56,0.9978830253381598
3140,0.56,0.9978830253381598
3141,0.56,0.9978830253381598
3142,0.56,0.9978830253381598
3143,0.56,0.9978830253381598
3144,0.56,0.9978830253381598
3145,0.56,0.9978830253381598
3146,0.56,0.9978830253381598
3147,0.56,0.9978830253381598
3148,0.56,0.9978830253381598
3149,0.56,0.9978830253381598
3150,0.56,0.9978830253381598
3151,0.56,0.9978830253381598
3152,0.56,0.9978830253381598
3153,0.56,0.9978830253381598
3154,0.56,0.9978830253381598
3155,0.56,0.9978830253381598
3156,0.56,0.9978830253381598
3157,0.56,0.9978830253381598
3158,0.56,0.9978830253381598
3159,0.56,0.9978830253381598
3160,0.56,0.9978830253381598
3161,0.56,0.9978830253381598
3162,0.56,0.9978830253381598
3163,0.56,0.9978830253381598
3164,0.56,0.9978830253381598
3165,0.56,0.9978830253381598
3166,0.56,0.9978830253381598
3167,0.56,0.9978830253381598
3168,0.56,0.9978830253381598
3169,0.56,0.9978830253381598
3170,0.56,0.9978830253381598
3171,0.42500000000000004,0.9978830253381598
3172,0.42500000000000004,0.9978830253381598
3173,0.42500000000000004,0.9978830253381598
3174,0.42500000000000004,0.9978830253381598
3175,0.42500000000000004,0.9978830253381598
3176,0.42500000000000004,0.9978830253381598
3177,0.42500000000000004,0.9978830253381598
3178,0.42500000000000004,0.9978830253381598
3179,0.42500000000000004,0.9978830253381598
3180,0.42500000000000004,0.9978830253381598
3181,0.42500000000000004,0.9978830253381598
3182,0.42500000000000004,0.9978830253381598
3183,0.42500000000000004,0.9978830253381598
3184,0.42500000000000004,0.9978830253381598
3185,0.42500000000000004,0.9978830253381598
3186,0.42500000000000004,0.9978830253381598
3187,0.42500000000000004,0.9978830253381598
3188,0.42500000000000004,0.9978830253381598
3189,0.42500000000000004,0.9978830253381598
3190,0.42500000000000004,0.9978830253381598
3191,0.42500000000000004,0.9978830253381598
3192,0.42500000000000004,0.9978830253381598
3193,0.42500000000000004,0.9978830253381598
3194,0.42500000000000004,0.9978830253381598
3195,0.42500000000000004,0.9978830253381598
3196,0.42500000000000004,0.9978830253381598
3197,0.42500000000000004,0.9978830253381598
3198,0.42500000000000004,0.9978830253381598
3199,0.42500000000000004,0.9978830253381598
3200,0.42500000000000004,0.9978830253381598
3201,0.42500000000000004,0.9978830253381598
3202,0.42500000000000004,0.9978830253381598
3203,0.42500000000000004,0.9978830253381598
3204,0.42500000000000004,0.9978830253381598
3205,0.42500000000000004,0.9978830253381598
3206,0.42500000000000004,0.9978830253381598
3207,0.42500000000000004,0.9978830253381598
3208,0.42500000000000004,0.9978830253381598
3209,0.42500000000000004,0.9978830253381598
3210,0.42500000000000004,0.9978830253381598
3211,0.42500000000000004,0.9978830253381598
3212,0.42500000000000004,0.9978830253381598
3213,0.42500000000000004,0.9978830253381598
3214,0.42500000000000004,0.9978830253381598
3215,0.42500000000000004,0.9978830253381598
3216,0.42500000000000004,0.9978830253381598
3217,0.42500000000000004,0.9978830253381598
3218,0.42500000000000004,0.9978830253381598
3219,0.42500000000000004,0.9978830253381598
3220,0.42500000000000004,0.9978830253381598
3221,0.42500000000000004,0.9978830253381598
3222,0.42500000000000004,0.9978830253381598
3223,0.42500000000000004,0.9978830253381598
3224,0.42500000000000004,0.9978830253381598
3225,0.42500000000000004,0.9978830253381598
3226,0.42500000000000004,0.9978830253381598
3227,0.42500000000000004,0.9978830253381598
3228,0.42500000000000004,0.9978830253381598
3229,0.42500000000000004,0.9978830253381598
3230,0.42500000000000004,0.9978830253381598
3231,0.42500000000000004,0.9978830253381598
3232,0.42500000000000004,0.9978830253381598
3233,0.42500000000000004,0.9978830253381598
3234,0.42500000000000004,0.9978830253381598
3235,0.42500000000000004,0.9978830253381598
3236,0.42500000000000004,0.9978830253381598
3237,0.42500000000000004,0.9978830253381598
3238,0.42500000000000004,0.9978830253381598
3239,0.42500000000000004,0.9978830253381598
3240,0.42500000000000004,0.9978830253381598
3241,0.42500000000000004,0.9978830253381598
3242,0.42500000000000004,0.9978830253381598
3243,0.42500000000000004,0.9978830253381598
3244,0.42500000000000004,0.9978830253381598
3245,0.42500000000000004,0.9978830253381598
3246,0.42500000000000004,0.9978830253381598
3247,0.42500000000000004,0.9978830253381598
3248,0.42500000000000004,0.9978830253381598
3249,0.42500000000000004,0.9978830253381598
3250,0.42500000000000004,0.9978830253381598
3251,0.42500000000000004,0.9978830253381598
3252,0.42500000000000004,0.9978830253381598
3253,0.42500000000000004,0.9978830253381598
3254,0.42500000000000004,0.9978830253381598
3255,0.42500000000000004,0.9978830253381598
3256,0.42500000000000004,0.9978830253381598
3257,0.42500000000000004,0.9978830253381598
3258,0.42500000000000004,0.9978830253381598
3259,0.42500000000000004,0.9978830253381598
3260,0.42500000000000004,0.9978830253381598
3261,0.42500000000000004,0.9978830253381598
3262,0.42500000000000004,0.9978830253381598
3263,0.42500000000000004,0.9978830253381598
3264,0.42500000000000004,0.9978830253381598
3265,0.42500000000000004,0.9978830253381598
3266,0.42500000000000004,0.9978830253381598
3267,0.42500000000000004,0.9978830253381598
3268,0.42500000000000004,0.9978830253381598
3269,0.42500000000000004,0.9978830253381598
3270,0.42500000000000004,0.9978830253381598
3271,0.42500000000000004,0.9978830253381598
3272,0.42500000000000004,0.9978830253381598
3273,0.42500000000000004,0.9978830253381598
3274,0.42500000000000004,0.9978830253381598
3275,0.42500000000000004,0.9978830253381598
3276,0.42500000000000004,0.9978830253381598
3277,0.42500000000000004,0.9978830253381598
3278,0.42500000000000004,0.9978830253381598
3279,0.42500000000000004,0.9978830253381598
3280,0.42500000000000004,0.9978830253381598
3281,0.42500000000000004,0.9978830253381598
3282,0.42500000000000004,0.9978830253381598
3283,0.42500000000000004,0.9978830253381598
3284,0.42500000000000004,0.9978830253381598
3285,0.42500000000000004,0.9978830253381598
3286,0.42500000000000004,0.9978830253381598
3287,0.42500000000000004,0.9978830253381598
3288,0.42500000000000004,0.9978830253381598
3289,0.42500000000000004,0.9978830253381598
3290,0.42500000000000004,0.9978830253381598
3291,0.42500000000000004,0.9978830253381598
3292,0.42500000000000004,0.9978830253381598
3293,0.42500000000000004,0.9978830253381598
3294,0.42500000000000004,0.9978830253381598
3295,0.42500000000000004,0.9978830253381598
3296,0.42500000000000004,0.9978830253381598
3297,0.42500000000000004,0.9978830253381598
3298,0.42500000000000004,0.9978830253381598
3299,0.42500000000000004,0.9978830253381598
3300,0.42500000000000004,0.9978830253381598
3301,0.42500000000000004,0.9978830253381598
3302,0.42500000000000004,0.9978830253381598
3303,0.42500000000000004,0.9978830253381598
3304,0.42500000000000004,0.9978830253381598
3305,0.42500000000000004,0.9978830253381598
3306,0.42500000000000004,0.9978830253381598
3307,0.42500000000000004,0.9978830253381598
3308,0.42500000000000004,0.9978830253381598
3309,0.42500000000000004,0.9978830253381598
3310,0.42500000000000004,0.9978830253381598
3311,0.42500000000000004,0.9978830253381598
3312,0.42500000000000004,0.9978830253381598
3313,0.42500000000000004,0.9978830253381598
3314,0.42500000000000004,0.9978830253381598
3315,0.42500000000000004,0.9978830253381598
3316,0.42500000000000004,0.9978830253381598
3317,0.42500000000000004,0.9978830253381598
3318,0.42500000000000004,0.9978830253381598
3319,0.42500000000000004,0.9978830253381598
3320,0.42500000000000004,0.9978830253381598
3321,0.42500000000000004,0.9978830253381598
3322,0.42500000000000004,0.9978830253381598
3323,0.42500000000000004,0.9978830253381598
3324,0.42500000000000004,0.9978830253381598
3325,0.42500000000000004,0.9978830253381598
3326,0.42500000000000004,0.9978830253381598
3327,0.42500000000000004,0.9978830253381598
3328,0.42500000000000004,0.9978830253381598
3329,0.42500000000000004,0.9978830253381598
3330,0.42500000000000004,0.9978830253381598
3331,0.42500000000000004,0.9978830253381598
3332,0.42500000000000004,0.9978830253381598
3333,0.42500000000000004,0.9978830253381598
3334,0.42500000000000004,0.9978830253381598
3335,0.42500000000000004,0.9978830253381598
3336,0.42500000000000004,0.9978830253381598
3337,0.42500000000000004,0.9978830253381598
3338,0.42500000000000004,0.9978830253381598
3339,0.42500000000000004,0.9978830253381598
3340,0.42500000000000004,0.9978830253381598
3341,0.42500000000000004,0.9978830253381598
3342,0.42500000000000004,0.9978830253381598
3343,0.42500000000000004,0.9978830253381598
3344,0.42500000000000004,0.9978830253381598
3345,0.42500000000000004,0.9978830253381598
3346,0.42500000000000004,0.9978830253381598
3347,0.42500000000000004,0.9978830253381598
3348,0.42500000000000004,0.9978830253381598
3349,0.42500000000000004,0.9978830253381598
3350,0.42500000000000004,0.9978830253381598
3351,0.42500000000000004,0.9978830253381598
3352,0.42500000000000004,0.9978830253381598
3353,0.42500000000000004,0.9978830253381598
3354,0.42500000000000004,0.9978830253381598
3355,0.42500000000000004,0.9978830253381598
3356,0.42500000000000004,0.9978830253381598
3357,0.42500000000000004,0.9978830253381598
3358,0.42500000000000004,0.9978830253381598
3359,0.42500000000000004,0.9978830253381598
3360,0.42500000000000004,0.9978830253381598
3361,0.42500000000000004,0.9978830253381598
3362,0.42500000000000004,0.9978830253381598
3363,0.42500000000000004,0.9978830253381598
3364,0.42500000000000004,0.9978830253381598
3365,0.42500000000000004,0.9978830253381598
3366,0.42500000000000004,0.9978830253381598
3367,0.42500000000000004,0.9978830253381598
3368,0.42500000000000004,0.9978830253381598
3369,0.42500000000000004,0.9978830253381598
3370,0.42500000000000004,0.9978830253381598
3371,0.42500000000000004,0.9978830253381598
3372,0.42500000000000004,0.9978830253381598
3373,0.42500000000000004,0.9978830253381598
3374,0.42500000000000004,0.9978830253381598
3375,0.42500000000000004,0.9978830253381598
3376,0.42500000000000004,0.9978830253381598
3377,0.42500000000000004,0.9978830253381598
3378,0.42500000000000004,0.9978830253381598
3379,0.42500000000000004,0.9978830253381598
3380,0.42500000000000004,0.9978830253381598
3381,0.42500000000000004,0.9978830253381598
3382,0.42500000000000004,0.9978830253381598
3383,0.42500000000000004,0.9978830253381598
3384,0.42500000000000004,0.9978830253381598
3385,0.42500000000000004,0.9978830253381598
3386,0.42500000000000004,0.9978830253381598
3387,0.42500000000000004,0.9978830253381598
3388,0.42500000000000004,0.9978830253381598
3389,0.42500000000000004,0.9978830253381598
3390,0.42500000000000004,0.9978830253381598
3391,0.42500000000000004,0.9978830253381598
3392,0.42500000000000004,0.9978830253381598
3393,0.42500000000000004,0.9978830253381598
3394,0.42500000000000004,0.9978830253381598
3395,0.42500000000000004,0.9978830253381598
3396,0.42500000000000004,0.9978830253381598
3397,0.42500000000000004,0.9978830253381598
3398,0.42500000000000004,0.9978830253381598
3399,0.42500000000000004,0.9978830253381598
3400,0.42500000000000004,0.9978830253381598
3401,0.42500000000000004,0.9978830253381598
3402,0.42500000000000004,0.9978830253381598
3403,0.42500000000000004,0.9978830253381598
3404,0.42500000000000004,0.9978830253381598
3405,0.42500000000000004,0.9978830253381598
3406,0.42500000000000004,0.9978830253381598
3407,0.42500000000000004,0.9978830253381598
3408,0.42500000000000004,0.9978830253381598
3409,0.42500000000000004,0.9978830253381598
3410,0.42500000000000004,0.9978830253381598
3411,0.42500000000000004,0.9978830253381598
3412,0.42500000000000004,0.9978830253381598
3413,0.42500000000000004,0.9978830253381598
3414,0.42500000000000004,0.9978830253381598
3415,0.42500000000000004,0.9978830253381598
3416,0.42500000000000004,0.9978830253381598
3417,0.42500000000000004,0.9978830253381598
3418,0.42500000000000004,0.9978830253381598
3419,0.42500000000000004,0.9978830253381598
3420,0.42500000000000004,0.9978830253381598
3421,0.42500000000000004,0.9978830253381598
3422,0.42500000000000004,0.9978830253381598
3423,0.42500000000000004,0.9978830253381598
3424,0.42500000000000004,0.9978830253381598
3425,0.42500000000000004,0.9978830253381598
3426,0.42500000000000004,0.9978830253381598
3427,0.42500000000000004,0.9978830253381598
3428,0.42500000000000004,0.9978830253381598
3429,0.42500000000000004,0.9978830253381598
3430,0.42500000000000004,0.9978830253381598
3431,0.42500000000000004,0.9978830253381598
3432,0.42500000000000004,0.9978830253381598
3433,0.42500000000000004,0.9978830253381598
3434,0.42500000000000004,0.9978830253381598
3435,0.42500000000000004,0.9978830253381598
3436,0.42500000000000004,0.9978830253381598
3437,0.42500000000000004,0.9978830253381598
3438,0.42500000000000004,0.9978830253381598
3439,0.42500000000000004,0.9978830253381598
3440,0.42500000000000004,0.9978830253381598
3441,0.42500000000000004,0.9978830253381598
3442,0.42500000000000004,0.9978830253381598
3443,0.42500000000000004,0.9978830253381598
3444,0.42500000000000004,0.9978830253381598
3445,0.42500000000000004,0.9978830253381598
3446,0.42500000000000004,0.9978830253381598
3447,0.42500000000000004,0.9978830253381598
3448,0.42500000000000004,0.9978830253381598
3449,0.42500000000000004,0.9978830253381598
3450,0.42500000000000004,0.9978830253381598
3451,0.42500000000000004,0.9978830253381598
3452,0.42500000000000004,0.9978830253381598
3453,0.42500000000000004,0.9978830253381598
3454,0.42500000000000004,0.9978830253381598
3455,0.42500000000000004,0.9978830253381598
3456,0.42500000000000004,0.9978830253381598
3457,0.42500000000000004,0.9978830253381598
3458,0.42500000000000004,0.9978830253381598
3459,0.42500000000000004,0.9978830253381598
3460,0.42500000000000004,0.9978830253381598
3461,0.42500000000000004,0.9978830253381598
3462,0.42500000000000004,0.9978830253381598
3463,0.42500000000000004,0.9978830253381598
3464,0.42500000000000004,0.9978830253381598
3465,0.42500000000000004,0.9978830253381598
3466,0.42500000000000004,0.9978830253381598
3467,0.42500000000000004,0.9978830253381598
3468,0.42500000000000004,0.9978830253381598
3469,0.42500000000000004,0.9978830253381598
3470,0.42500000000000004,0.9978830253381598
3471,0.42500000000000004,0.9978830253381598
3472,0.42500000000000004,0.9978830253381598
3473,0.42500000000000004,0.9978830253381598
3474,0.42500000000000004,0.9978830253381598
3475,0.42500000000000004,0.9978830253381598
3476,0.42500000000000004,0.9978830253381598
3477,0.42500000000000004,0.9978830253381598
3478,0.42500000000000004,0.9978830253381598
3479,0.42500000000000004,0.9978830253381598
3480,0.42500000000000004,0.9978830253381598
3481,0.42500000000000004,0.9978830253381598
3482,0.42500000000000004,0.9978830253381598
3483,0.42500000000000004,0.9978830253381598
3484,0.42500000000000004,0.9978830253381598
3485,0.42500000000000004,0.9978830253381598
3486,0.42500000000000004,0.9978830253381598
3487,0.42500000000000004,0.9978830253381598
3488,0.42500000000000004,0.9978830253381598
3489,0.42500000000000004,0.9978830253381598
3490,0.42500000000000004,0.9978830253381598
3491,0.42500000000000004,0.9978830253381598
3492,0.42500000000000004,0.9978830253381598
3493,0.42500000000000004,0.9978830253381598
3494,0.42500000000000004,0.9978830253381598
3495,0.42500000000000004,0.9978830253381598
3496,0.42500000000000004,0.9978830253381598
3497,0.42500000000000004,0.9978830253381598
3498,0.42500000000000004,0.9978830253381598
3499,0.42500000000000004,0.9978830253381598
3500,0.42500000000000004,0.9978830253381598
3501,0.42500000000000004,0.9978830253381598
3502,0.42500000000000004,0.9978830253381598
3503,0.42500000000000004,0.9978830253381598
3504,0.42500000000000004,0.9978830253381598
3505,0.42500000000000004,0.9978830253381598
3506,0.42500000000000004,0.9978830253381598
3507,0.42500000000000004,0.9978830253381598
3508,0.42500000000000004,0.9978830253381598
3509,0.42500000000000004,0.9978830253381598
3510,0.42500000000000004,0.9978830253381598
3511,0.42500000000000004,0.9978830253381598
3512,0.42500000000000004,0.9978830253381598
3513,0.42500000000000004,0.9978830253381598
3514,0.42500000000000004,0.9978830253381598
3515,0.42500000000000004,0.9978830253381598
3516,0.42500000000000004,0.9978830253381598
3517,0.42500000000000004,0.9978830253381598
3518,0.42500000000000004,0.9978830253381598
3519,0.42500000000000004,0.9978830253381598
3520,0.42500000000000004,0.9978830253381598
3521,0.42500000000000004,0.9978830253381598
3522,0.42500000000000004,0.9978830253381598
3523,0.42500000000000004,0.9978830253381598
3524,0.42500000000000004,0.9978830253381598
3525,0.42500000000000004,0.9978830253381598
3526,0.42500000000000004,0.9978830253381598
3527,0.42500000000000004,0.9978830253381598
3528,0.42500000000000004,0.9978830253381598
3529,0.42500000000000004,0.9978830253381598
3530,0.42500000000000004,0.9978830253381598
3531,0.42500000000000004,0.9978830253381598
3532,0.42500000000000004,0.9978830253381598
3533,0.42500000000000004,0.9978830253381598
3534,0.42500000000000004,0.9978830253381598
3535,0.42500000000000004,0.9978830253381598
3536,0.42500000000000004,0.9978830253381598
3537,0.42500000000000004,0.9978830253381598
3538,0.42500000000000004,0.9978830253381598
3539,0.42500000000000004,0.9978830253381598
3540,0.42500000000000004,0.9978830253381598
3541,0.42500000000000004,0.9978830253381598
3542,0.42500000000000004,0.9978830253381598
3543,0.42500000000000004,0.9978830253381598
3544,0.42500000000000004,0.9978830253381598
3545,0.42500000000000004,0.9978830253381598
3546,0.42500000000000004,0.9978830253381598
3547,0.42500000000000004,0.9978830253381598
3548,0.42500000000000004,0.9978830253381598
3549,0.42500000000000004,0.9978830253381598
3550,0.42500000000000004,0.9978830253381598
3551,0.42500000000000004,0.9978830253381598
3552,0.42500000000000004,0.9978830253381598
3553,0.42500000000000004,0.9978830253381598
3554,0.42500000000000004,0.9978830253381598
3555,0.42500000000000004,0.9978830253381598
3556,0.42500000000000004,0.9978830253381598
3557,0.42500000000000004,0.9978830253381598
3558,0.42500000000000004,0.9978830253381598
3559,0.42500000000000004,0.9978830253381598
3560,0.42500000000000004,0.9978830253381598
3561,0.42500000000000004,0.9978830253381598
3562,0.42500000000000004,0.9978830253381598
3563,0.42500000000000004,0.9978830253381598
3564,0.42500000000000004,0.9978830253381598
3565,0.42500000000000004,0.9978830253381598
3566,0.42500000000000004,0.9978830253381598
3567,0.42500000000000004,0.9978830253381598
3568,0.42500000000000004,0.9978830253381598
3569,0.42500000000000004,0.9978830253381598
3570,0.42500000000000004,0.9978830253381598
3571,0.42500000000000004,0.9978830253381598
3572,0.42500000000000004,0.9978830253381598
3573,0.42500000000000004,0.9978830253381598
3574,0.42500000000000004,0.9978830253381598
3575,0.42500000000000004,0.9978830253381598
3576,0.42500000000000004,0.9978830253381598
3577,0.42500000000000004,0.9978830253381598
3578,0.42500000000000004,0.9978830253381598
3579,0.42500000000000004,0.9978830253381598
3580,0.42500000000000004,0.9978830253381598
3581,0.42500000000000004,0.9978830253381598
3582,0.42500000000000004,0.9978830253381598
3583,0.42500000000000004,0.9978830253381598
3584,0.42500000000000004,0.9978830253381598
3585,0.42500000000000004,0.9978830253381598
3586,0.42500000000000004,0.9978830253381598
3587,0.42500000000000004,0.9978830253381598
3588,0.42500000000000004,0.9978830253381598
3589,0.42500000000000004,0.9978830253381598
3590,0.42500000000000004,0.9978830253381598
3591,0.42500000000000004,0.9978830253381598
3592,0.42500000000000004,0.9978830253381598
3593,0.42500000000000004,0.9978830253381598
3594,0.42500000000000004,0.9978830253381598
3595,0.42500000000000004,0.9978830253381598
3596,0.42500000000000004,0.9978830253381598
3597,0.42500000000000004,0.9978830253381598
3598,0.42500000000000004,0.9978830253381598
3599,0.42500000000000004,0.9978830253381598
3600,0.42500000000000004,0.9978830253381598
3601,0.42500000000000004,0.9978830253381598
3602,0.42500000000000004,0.9978830253381598
3603,0.42500000000000004,0.9978830253381598
3604,0.42500000000000004,0.9978830253381598
3605,0.42500000000000004,0.9978830253381598
3606,0.42500000000000004,0.9978830253381598
3607,0.42500000000000004,0.9978830253381598
3608,0.42500000000000004,0.9978830253381598
3609,0.42500000000000004,0.9978830253381598
3610,0.42500000000000004,0.9978830253381598
3611,0.42500000000000004,0.9978830253381598
3612,0.42500000000000004,0.9978830253381598
3613,0.42500000000000004,0.9978830253381598
3614,0.42500000000000004,0.9978830253381598
3615,0.42500000000000004,0.9978830253381598
3616,0.42500000000000004,0.9978830253381598
3617,0.42500000000000004,0.9978830253381598
3618,0.42500000000000004,0.9978830253381598
3619,0.42500000000000004,0.9978830253381598
3620,0.42500000000000004,0.9978830253381598
3621,0.42500000000000004,0.9978830253381598
3622,0.42500000000000004,0.9978830253381598
3623,0.42500000000000004,0.9978830253381598
3624,0.42500000000000004,0.9978830253381598
3625,0.42500000000000004,0.9978830253381598
3626,0.42500000000000004,0.9978830253381598
3627,0.42500000000000004,0.9978830253381598
3628,0.42500000000000004,0.9978830253381598
3629,0.42500000000000004,0.9978830253381598
3630,0.42500000000000004,0.9978830253381598
3631,0.42500000000000004,0.9978830253381598
3632,0.42500000000000004,0.9978830253381598
3633,0.42500000000000004,0.9978830253381598
3634,0.42500000000000004,0.9978830253381598
3635,0.42500000000000004,0.9978830253381598
3636,0.42500000000000004,0.9978830253381598
3637,0.42500000000000004,0.9978830253381598
3638,0.42500000000000004,0.9978830253381598
3639,0.42500000000000004,0.9978830253381598
3640,0.42500000000000004,0.9978830253381598
3641,0.42500000000000004,0.9978830253381598
3642,0.42500000000000004,0.9978830253381598
3643,0.42500000000000004,0.9978830253381598
3644,0.42500000000000004,0.9978830253381598
3645,0.42500000000000004,0.9978830253381598
3646,0.42500000000000004,0.9978830253381598
3647,0.42500000000000004,0.9978830253381598
3648,0.42500000000000004,0.9978830253381598
3649,0.42500000000000004,0.9978830253381598
3650,0.42500000000000004,0.9978830253381598
3651,0.42500000000000004,0.9978830253381598
3652,0.42500000000000004,0.9978830253381598
3653,0.42500000000000004,0.9978830253381598
3654,0.42500000000000004,0.9978830253381598
3655,0.42500000000000004,0.9978830253381598
3656,0.42500000000000004,0.9978830253381598
3657,0.42500000000000004,0.9978830253381598
3658,0.42500000000000004,0.9978830253381598
3659,0.42500000000000004,0.9978830253381598
3660,0.42500000000000004,0.9978830253381598
3661,0.42500000000000004,0.9978830253381598
3662,0.42500000000000004,0.9978830253381598
3663,0.42500000000000004,0.9978830253381598
3664,0.42500000000000004,0.9978830253381598
3665,0.42500000000000004,0.9978830253381598
3666,0.42500000000000004,0.9978830253381598
3667,0.42500000000000004,0.9978830253381598
3668,0.42500000000000004,0.9978830253381598
3669,0.42500000000000004,0.9978830253381598
3670,0.42500000000000004,0.9978830253381598
3671,0.42500000000000004,0.9978830253381598
3672,0.42500000000000004,0.9978830253381598
3673,0.42500000000000004,0.9978830253381598
3674,0.42500000000000004,0.9978830253381598
3675,0.42500000000000004,0.9978830253381598
3676,0.42500000000000004,0.9978830253381598
3677,0.42500000000000004,0.9978830253381598
3678,0.42500000000000004,0.9978830253381598
3679,0.42500000000000004,0.9978830253381598
3680,0.42500000000000004,0.9978830253381598
3681,0.42500000000000004,0.9978830253381598
3682,0.42500000000000004,0.9978830253381598
3683,0.42500000000000004,0.9978830253381598
3684,0.42500000000000004,0.9978830253381598
3685,0.42500000000000004,0.9978830253381598
3686,0.42500000000000004,0.9978830253381598
3687,0.42500000000000004,0.9978830253381598
3688,0.42500000000000004,0.9978830253381598
3689,0.42500000000000004,0.9978830253381598
3690,0.42500000000000004,0.9978830253381598
3691,0.42500000000000004,0.9978830253381598
3692,0.42500000000000004,0.9978830253381598
3693,0.42500000000000004,0.9978830253381598
3694,0.42500000000000004,0.9978830253381598
3695,0.42500000000000004,0.9978830253381598
3696,0.42500000000000004,0.9978830253381598
3697,0.42500000000000004,0.9978830253381598
3698,0.42500000000000004,0.9978830253381598
3699,0.42500000000000004,0.9978830253381598
3700,0.42500000000000004,0.9978830253381598
3701,0.42500000000000004,0.9978830253381598
3702,0.42500000000000004,0.9978830253381598
3703,0.42500000000000004,0.9978830253381598
3704,0.42500000000000004,0.9978830253381598
3705,0.42500000000000004,0.9978830253381598
3706,0.42500000000000004,0.9978830253381598
3707,0.42500000000000004,0.9978830253381598
3708,0.42500000000000004,0.9978830253381598
3709,0.42500000000000004,0.9978830253381598
3710,0.42500000000000004,0.9978830253381598
3711,0.42500000000000004,0.9978830253381598
3712,0.42500000000000004,0.9978830253381598
3713,0.42500000000000004,0.9978830253381598
3714,0.42500000000000004,0.9978830253381598
3715,0.42500000000000004,0.9978830253381598
3716,0.42500000000000004,0.9978830253381598
3717,0.42500000000000004,0.9978830253381598
3718,0.42500000000000004,0.9978830253381598
3719,0.42500000000000004,0.9978830253381598
3720,0.42500000000000004,0.9978830253381598
3721,0.42500000000000004,0.9978830253381598
3722,0.42500000000000004,0.9978830253381598
3723,0.42500000000000004,0.9978830253381598
3724,0.42500000000000004,0.9978830253381598
3725,0.42500000000000004,0.9978830253381598
3726,0.42500000000000004,0.9978830253381598
3727,0.42500000000000004,0.9978830253381598
3728,0.42500000000000004,0.9978830253381598
3729,0.42500000000000004,0.9978830253381598
3730,0.42500000000000004,0.9978830253381598
3731,0.42500000000000004,0.9978830253381598
3732,0.42500000000000004,0.9978830253381598
3733,0.42500000000000004,0.9978830253381598
3734,0.42500000000000004,0.9978830253381598
3735,0.42500000000000004,0.9978830253381598
3736,0.42500000000000004,0.9978830253381598
3737,0.42500000000000004,0.9978830253381598
3738,0.42500000000000004,0.9978830253381598
3739,0.42500000000000004,0.9978830253381598
3740,0.42500000000000004,0.9978830253381598
3741,0.42500000000000004,0.9978830253381598
3742,0.42500000000000004,0.9978830253381598
3743,0.42500000000000004,0.9978830253381598
3744,0.42500000000000004,0.9978830253381598
3745,0.42500000000000004,0.9978830253381598
3746,0.42500000000000004,0.9978830253381598
3747,0.42500000000000004,0.9978830253381598
3748,0.42500000000000004,0.9978830253381598
3749,0.42500000000000004,0.9978830253381598
3750,0.42500000000000004,0.9978830253381598
3751,0.42500000000000004,0.9978830253381598
3752,0.42500000000000004,0.9978830253381598
3753,0.42500000000000004,0.9978830253381598
3754,0.42500000000000004,0.9978830253381598
3755,0.42500000000000004,0.9978830253381598
3756,0.42500000000000004,0.9978830253381598
3757,0.42500000000000004,0.9978830253381598
3758,0.42500000000000004,0.9978830253381598
3759,0.42500000000000004,0.9978830253381598
3760,0.42500000000000004,0.9978830253381598
3761,0.42500000000000004,0.9978830253381598
3762,0.42500000000000004,0.9978830253381598
3763,0.42500000000000004,0.9978830253381598
3764,0.42500000000000004,0.9978830253381598
3765,0.42500000000000004,0.9978830253381598
3766,0.42500000000000004,0.9978830253381598
3767,0.42500000000000004,0.9978830253381598
3768,0.42500000000000004,0.9978830253381598
3769,0.42500000000000004,0.9978830253381598
3770,0.42500000000000004,0.9978830253381598
3771,0.42500000000000004,0.9978830253381598
3772,0.42500000000000004,0.9978830253381598
3773,0.42500000000000004,0.9978830253381598
3774,0.42500000000000004,0.9978830253381598
3775,0.42500000000000004,0.9978830253381598
3776,0.42500000000000004,0.9978830253381598
3777,0.42500000000000004,0.9978830253381598
3778,0.42500000000000004,0.9978830253381598
3779,0.42500000000000004,0.9978830253381598
3780,0.42500000000000004,0.9978830253381598
3781,0.42500000000000004,0.9978830253381598
3782,0.42500000000000004,0.9978830253381598
3783,0.42500000000000004,0.9978830253381598
3784,0.42500000000000004,0.9978830253381598
3785,0.42500000000000004,0.9978830253381598
3786,0.42500000000000004,0.9978830253381598
3787,0.42500000000000004,0.9978830253381598
3788,0.42500000000000004,0.9978830253381598
3789,0.42500000000000004,0.9978830253381598
3790,0.42500000000000004,0.9978830253381598
3791,0.42500000000000004,0.9978830253381598
3792,0.42500000000000004,0.9978830253381598
3793,0.42500000000000004,0.9978830253381598
3794,0.42500000000000004,0.9978830253381598
3795,0.42500000000000004,0.9978830253381598
3796,0.42500000000000004,0.9978830253381598
3797,0.42500000000000004,0.9978830253381598
3798,0.42500000000000004,0.9978830253381598
3799,0.42500000000000004,0.9978830253381598
3800,0.42500000000000004,0.9978830253381598
3801,0.42500000000000004,0.9978830253381598
3802,0.42500000000000004,0.9978830253381598
3803,0.42500000000000004,0.9978830253381598
3804,0.42500000000000004,0.9978830253381598
3805,0.42500000000000004,0.9978830253381598
3806,0.42500000000000004,0.9978830253381598
3807,0.42500000000000004,0.9978830253381598
3808,0.42500000000000004,0.9978830253381598
3809,0.42500000000000004,0.9978830253381598
3810,0.42500000000000004,0.9978830253381598
3811,0.42500000000000004,0.9978830253381598
3812,0.42500000000000004,0.9978830253381598
3813,0.42500000000000004,0.9978830253381598
3814,0.42500000000000004,0.9978830253381598
3815,0.42500000000000004,0.9978830253381598
3816,0.42500000000000004,0.9978830253381598
3817,0.42500000000000004,0.9978830253381598
3818,0.42500000000000004,0.9978830253381598
3819,0.42500000000000004,0.9978830253381598
3820,0.42500000000000004,0.9978830253381598
3821,0.42500000000000004,0.9978830253381598
3822,0.42500000000000004,0.9978830253381598
3823,0.42500000000000004,0.9978830253381598
3824,0.42500000000000004,0.9978830253381598
3825,0.42500000000000004,0.9978830253381598
3826,0.42500000000000004,0.9978830253381598
3827,0.42500000000000004,0.9978830253381598
3828,0.42500000000000004,0.9978830253381598
3829,0.42500000000000004,0.9978830253381598
3830,0.42500000000000004,0.9978830253381598
3831,0.42500000000000004,0.9978830253381598
3832,0.42500000000000004,0.9978830253381598
3833,0.42500000000000004,0.9978830253381598
3834,0.42500000000000004,0.9978830253381598
3835,0.42500000000000004,0.9978830253381598
3836,0.42500000000000004,0.9978830253381598
3837,0.42500000000000004,0.9978830253381598
3838,0.42500000000000004,0.9978830253381598
3839,0.42500000000000004,0.9978830253381598
3840,0.42500000000000004,0.9978830253381598
3841,0.42500000000000004,0.9978830253381598
3842,0.42500000000000004,0.9978830253381598
3843,0.42500000000000004,0.9978830253381598
3844,0.42500000000000004,0.9978830253381598
3845,0.42500000000000004,0.9978830253381598
3846,0.42500000000000004,0.9978830253381598
3847,0.42500000000000004,0.9978830253381598
3848,0.42500000000000004,0.9978830253381598
3849,0.42500000000000004,0.9978830253381598
3850,0.42500000000000004,0.9978830253381598
3851,0.42500000000000004,0.9978830253381598
3852,0.42500000000000004,0.9978830253381598
3853,0.42500000000000004,0.9978830253381598
3854,0.42500000000000004,0.9978830253381598
3855,0.42500000000000004,0.9978830253381598
3856,0.42500000000000004,0.9978830253381598
3857,0.42500000000000004,0.9978830253381598
3858,0.42500000000000004,0.9978830253381598
3859,0.42500000000000004,0.9978830253381598
3860,0.42500000000000004,0.9978830253381598
3861,0.42500000000000004,0.9978830253381598
3862,0.42500000000000004,0.9978830253381598
3863,0.42500000000000004,0.9978830253381598
3864,0.29,0.9978830253381598
3865,0.29,0.9978830253381598
3866,0.29,0.9978830253381598
3867,0.29,0.9978830253381598
3868,0.29,0.9978830253381598
3869,0.29,0.9978830253381598
3870,0.29,0.9978830253381598
3871,0.29,0.9978830253381598
3872,0.29,0.9978830253381598
3873,0.29,0.9978830253381598
3874,0.29,0.9978830253381598
3875,0.29,0.9978830253381598
3876,0.29,0.9978830253381598
3877,0.29,0.9978830253381598
3878,0.29,0.9978830253381598
3879,0.29,0.9978830253381598
3880,0.29,0.9978830253381598
3881,0.29,0.9978830253381598
3882,0.29,0.9978830253381598
3883,0.29,0.9978830253381598
3884,0.29,0.9978830253381598
3885,0.29,0.9978830253381598
3886,0.29,0.9978830253381598
3887,0.29,0.9978830253381598
3888,0.29,0.9978830253381598
3889,0.29,0.9978830253381598
3890,0.29,0.9978830253381598
3891,0.29,0.9978830253381598
3892,0.29,0.9978830253381598
3893,0.29,0.9978830253381598
3894,0.29,0.9978830253381598
3895,0.29,0.9978830253381598
3896,0.29,0.9978830253381598
3897,0.29,0.9978830253381598
3898,0.29,0.9978830253381598
3899,0.29,0.9978830253381598
3900,0.29,0.9978830253381598
3901,0.29,0.9978830253381598
3902,0.29,0.9978830253381598
3903,0.29,0.9978830253381598
3904,0.29,0.9978830253381598
3905,0.29,0.9978830253381598
3906,0.29,0.9978830253381598
3907,0.29,0.9978830253381598
3908,0.29,0.9978830253381598
3909,0.29,0.9978830253381598
3910,0.29,0.9978830253381598
3911,0.29,0.9978830253381598
3912,0.29,0.9978830253381598
3913,0.29,0.9978830253381598
3914,0.29,0.9978830253381598
3915,0.29,0.9978830253381598
3916,0.29,0.9978830253381598
3917,0.29,0.9978830253381598
3918,0.29,0.9978830253381598
3919,0.29,0.9978830253381598
3920,0.29,0.9978830253381598
3921,0.29,0.9978830253381598
3922,0.29,0.9978830253381598
3923,0.29,0.9978830253381598
3924,0.29,0.9978830253381598
3925,0.29,0.9978830253381598
3926,0.29,0.9978830253381598
3927,0.29,0.9978830253381598
3928,0.29,0.9978830253381598
3929,0.29,0.9978830253381598
3930,0.29,0.9978830253381598
3931,0.29,0.9978830253381598
3932,0.29,0.9978830253381598
3933,0.29,0.9978830253381598
3934,0.29,0.9978830253381598
3935,0.29,0.9978830253381598
3936,0.29,0.9978830253381598
3937,0.29,0.9978830253381598
3938,0.29,0.9978830253381598
3939,0.29,0.9978830253381598
3940,0.29,0.9978830253381598
3941,0.29,0.9978830253381598
3942,0.29,0.9978830253381598
3943,0.29,0.9978830253381598
3944,0.29,0.9978830253381598
3945,0.29,0.9978830253381598
3946,0.29,0.9978830253381598
3947,0.29,0.9978830253381598
3948,0.29,0.9978830253381598
3949,0.29,0.9978830253381598
3950,0.29,0.9978830253381598
3951,0.29,0.9978830253381598
3952,0.29,0.9978830253381598
3953,0.29,0.9978830253381598
3954,0.29,0.9978830253381598
3955,0.29,0.9978830253381598
3956,0.29,0.9978830253381598
3957,0.29,0.9978830253381598
3958,0.29,0.9978830253381598
3959,0.29,0.9978830253381598
3960,0.29,0.9978830253381598
3961,0.29,0.9978830253381598
3962,0.29,0.9978830253381598
3963,0.29,0.9978830253381598
3964,0.29,0.9978830253381598
3965,0.29,0.9978830253381598
3966,0.29,0.9978830253381598
3967,0.29,0.9978830253381598
3968,0.29,0.9978830253381598
3969,0.29,0.9978830253381598
3970,0.29,0.9978830253381598
3971,0.29,0.9978830253381598
3972,0.29,0.9978830253381598
3973,0.29,0.9978830253381598
3974,0.29,0.9978830253381598
3975,0.29,0.9978830253381598
3976,0.29,0.9978830253381598
3977,0.29,0.9978830253381598
3978,0.29,0.9978830253381598
3979,0.29,0.9978830253381598
3980,0.29,0.9978830253381598
3981,0.29,0.9978830253381598
3982,0.29,0.9978830253381598
3983,0.29,0.9978830253381598
3984,0.29,0.9978830253381598
3985,0.29,0.9978830253381598
3986,0.29,0.9978830253381598
3987,0.29,0.9978830253381598
3988,0.29,0.9978830253381598
3989,0.29,0.9978830253381598
3990,0.29,0.9978830253381598
3991,0.29,0.9978830253381598
3992,0.29,0.9978830253381598
3993,0.29,0.9978830253381598
3994,0.29,0.9978830253381598
3995,0.29,0.9978830253381598
3996,0.29,0.9978830253381598
3997,0.29,0.9978830253381598
3998,0.29,0.9978830253381598
3999,0.29,0.9978830253381598
4000,0.29,0.9978830253381598
4001,0.29,0.9978830253381598
4002,0.29,0.9978830253381598
4003,0.29,0.9978830253381598
4004,0.29,0.9978830253381598
4005,0.29,0.9978830253381598
4006,0.29,0.9978830253381598
4007,0.29,0.9978830253381598
4008,0.29,0.9978830253381598
4009,0.29,0.9978830253381598
4010,0.29,0.9978830253381598
4011,0.29,0.9978830253381598
4012,0.29,0.9978830253381598
4013,0.29,0.9978830253381598
4014,0.29,0.9978830253381598
4015,0.29,0.9978830253381598
4016,0.29,0.9978830253381598
4017,0.29,0.9978830253381598
4018,0.29,0.9978830253381598
4019,0.29,0.9978830253381598
4020,0.29,0.9978830253381598
4021,0.29,0.9978830253381598
4022,0.29,0.9978830253381598
4023,0.29,0.9978830253381598
4024,0.29,0.9978830253381598
4025,0.29,0.9978830253381598
4026,0.29,0.9978830253381598
4027,0.29,0.9978830253381598
4028,0.29,0.9978830253381598
4029,0.29,0.9978830253381598
4030,0.29,0.9978830253381598
4031,0.29,0.9978830253381598
4032,0.29,0.9978830253381598
4033,0.29,0.9978830253381598
4034,0.29,0.9978830253381598
4035,0.29,0.9978830253381598
4036,0.29,0.9978830253381598
4037,0.29,0.9978830253381598
4038,0.29,0.9978830253381598
4039,0.29,0.9978830253381598
4040,0.29,0.9978830253381598
4041,0.29,0.9978830253381598
4042,0.29,0.9978830253381598
4043,0.29,0.9978830253381598
4044,0.29,0.9978830253381598
4045,0.29,0.9978830253381598
4046,0.29,0.9978830253381598
4047,0.29,0.9978830253381598
4048,0.29,0.9978830253381598
4049,0.29,0.9978830253381598
4050,0.29,0.9978830253381598
4051,0.29,0.9978830253381598
4052,0.29,0.9978830253381598
4053,0.29,0.9978830253381598
4054,0.29,0.9978830253381598
4055,0.29,0.9978830253381598
4056,0.29,0.9978830253381598
4057,0.29,0.9978830253381598
4058,0.29,0.9978830253381598
4059,0.29,0.9978830253381598
4060,0.29,0.9978830253381598
4061,0.29,0.9978830253381598
4062,0.29,0.9978830253381598
4063,0.29,0.9978830253381598
4064,0.29,0.9978830253381598
4065,0.29,0.9978830253381598
4066,0.29,0.9978830253381598
4067,0.29,0.9978830253381598
4068,0.29,0.9978830253381598
4069,0.29,0.9978830253381598
4070,0.29,0.9978830253381598
4071,0.29,0.9978830253381598
4072,0.29,0.9978830253381598
4073,0.29,0.9978830253381598
4074,0.29,0.9978830253381598
4075,0.29,0.9978830253381598
4076,0.29,0.9978830253381598
4077,0.29,0.9978830253381598
4078,0.29,0.9978830253381598
4079,0.29,0.9978830253381598
4080,0.29,0.9978830253381598
4081,0.29,0.9978830253381598
4082,0.29,0.9978830253381598
4083,0.29,0.9978830253381598
4084,0.29,0.9978830253381598
4085,0.29,0.9978830253381598
4086,0.29,0.9978830253381598
4087,0.29,0.9978830253381598
4088,0.29,0.9978830253381598
4089,0.29,0.9978830253381598
4090,0.29,0.9978830253381598
4091,0.29,0.9978830253381598
4092,0.29,0.9978830253381598
4093,0.29,0.9978830253381598
4094,0.29,0.9978830253381598
4095,0.29,0.9978830253381598
4096,0.29,0.9978830253381598
4097,0.29,0.9978830253381598
4098,0.29,0.9978830253381598
4099,0.29,0.9978830253381598
4100,0.29,0.9978830253381598
4101,0.29,0.9978830253381598
4102,0.29,0.9978830253381598
4103,0.29,0.9978830253381598
4104,0.29,0.9978830253381598
4105,0.29,0.9978830253381598
4106,0.29,0.9978830253381598
4107,0.29,0.9978830253381598
4108,0.29,0.9978830253381598
4109,0.29,0.9978830253381598
4110,0.29,0.9978830253381598
4111,0.29,0.9978830253381598
4112,0.29,0.9978830253381598
4113,0.29,0.9978830253381598
4114,0.29,0.9978830253381598
4115,0.29,0.9978830253381598
4116,0.29,0.9978830253381598
4117,0.29,0.9978830253381598
4118,0.29,0.9978830253381598
4119,0.29,0.9978830253381598
4120,0.29,0.9978830253381598
4121,0.29,0.9978830253381598
4122,0.29,0.9978830253381598
4123,0.29,0.9978830253381598
4124,0.29,0.9978830253381598
4125,0.29,0.9978830253381598
4126,0.29,0.9978830253381598
4127,0.29,0.9978830253381598
4128,0.29,0.9978830253381598
4129,0.29,0.9978830253381598
4130,0.29,0.9978830253381598
4131,0.29,0.9978830253381598
4132,0.29,0.9978830253381598
4133,0.29,0.9978830253381598
4134,0.29,0.9978830253381598
4135,0.29,0.9978830253381598
4136,0.29,0.9978830253381598
4137,0.29,0.9978830253381598
4138,0.29,0.9978830253381598
4139,0.29,0.9978830253381598
4140,0.29,0.9978830253381598
4141,0.29,0.9978830253381598
4142,0.29,0.9978830253381598
4143,0.29,0.9978830253381598
4144,0.29,0.9978830253381598
4145,0.29,0.9978830253381598
4146,0.29,0.9978830253381598
4147,0.29,0.9978830253381598
4148,0.29,0.9978830253381598
4149,0.29,0.9978830253381598
4150,0.29,0.9978830253381598
4151,0.29,0.9978830253381598
4152,0.29,0.9978830253381598
4153,0.29,0.9978830253381598
4154,0.29,0.9978830253381598
4155,0.29,0.9978830253381598
4156,0.29,0.9978830253381598
4157,0.29,0.9978830253381598
4158,0.29,0.9978830253381598
4159,0.29,0.9978830253381598
4160,0.29,0.9978830253381598
4161,0.29,0.9978830253381598
4162,0.29,0.9978830253381598
4163,0.29,0.9978830253381598
4164,0.29,0.9978830253381598
4165,0.29,0.9978830253381598
4166,0.29,0.9978830253381598
4167,0.29,0.9978830253381598
4168,0.29,0.9978830253381598
4169,0.29,0.9978830253381598
4170,0.29,0.9978830253381598
4171,0.29,0.9978830253381598
4172,0.29,0.9978830253381598
4173,0.29,0.9978830253381598
4174,0.29,0.9978830253381598
4175,0.29,0.9978830253381598
4176,0.29,0.9978830253381598
4177,0.29,0.9978830253381598
4178,0.29,0.9978830253381598
4179,0.29,0.9978830253381598
4180,0.29,0.9978830253381598
4181,0.29,0.9978830253381598
4182,0.29,0.9978830253381598
4183,0.29,0.9978830253381598
4184,0.29,0.9978830253381598
4185,0.29,0.9978830253381598
4186,0.29,0.9978830253381598
4187,0.29,0.9978830253381598
4188,0.29,0.9978830253381598
4189,0.29,0.9978830253381598
4190,0.29,0.9978830253381598
4191,0.29,0.9978830253381598
4192,0.29,0.9978830253381598
4193,0.29,0.9978830253381598
4194,0.29,0.9978830253381598
4195,0.29,0.9978830253381598
4196,0.29,0.9978830253381598
4197,0.29,0.9978830253381598
4198,0.29,0.9978830253381598
4199,0.29,0.9978830253381598
4200,0.29,0.9978830253381598
4201,0.29,0.9978830253381598
4202,0.29,0.9978830253381598
4203,0.29,0.9978830253381598
4204,0.29,0.9978830253381598
4205,0.29,0.9978830253381598
4206,0.29,0.9978830253381598
4207,0.29,0.9978830253381598
4208,0.29,0.9978830253381598
4209,0.29,0.9978830253381598
4210,0.29,0.9978830253381598
4211,0.29,0.9978830253381598
4212,0.29,0.9978830253381598
4213,0.29,0.9978830253381598
4214,0.29,0.9978830253381598
4215,0.29,0.9978830253381598
4216,0.29,0.9978830253381598
4217,0.29,0.9978830253381598
4218,0.29,0.9978830253381598
4219,0.29,0.9978830253381598
4220,0.29,0.9978830253381598
4221,0.29,0.9978830253381598
4222,0.29,0.9978830253381598
4223,0.29,0.9978830253381598
4224,0.29,0.9978830253381598
4225,0.29,0.9978830253381598
4226,0.29,0.9978830253381598
4227,0.29,0.9978830253381598
4228,0.29,0.9978830253381598
4229,0.29,0.9978830253381598
4230,0.29,0.9978830253381598
4231,0.29,0.9978830253381598
4232,0.29,0.9978830253381598
4233,0.29,0.9978830253381598
4234,0.29,0.9978830253381598
4235,0.29,0.9978830253381598
4236,0.29,0.9978830253381598
4237,0.29,0.9978830253381598
4238,0.29,0.9978830253381598
4239,0.29,0.9978830253381598
4240,0.29,0.9978830253381598
4241,0.29,0.9978830253381598
4242,0.29,0.9978830253381598
4243,0.29,0.9978830253381598
4244,0.29,0.9978830253381598
4245,0.29,0.9978830253381598
4246,0.29,0.9978830253381598
4247,0.29,0.9978830253381598
4248,0.29,0.9978830253381598
4249,0.29,0.9978830253381598
4250,0.29,0.9978830253381598
4251,0.29,0.9978830253381598
4252,0.29,0.9978830253381598
4253,0.29,0.9978830253381598
4254,0.29,0.9978830253381598
4255,0.29,0.9978830253381598
4256,0.29,0.9978830253381598
4257,0.29,0.9978830253381598
4258,0.29,0.9978830253381598
4259,0.29,0.9978830253381598
4260,0.29,0.9978830253381598
4261,0.29,0.9978830253381598
4262,0.29,0.9978830253381598
4263,0.29,0.9978830253381598
4264,0.29,0.9978830253381598
4265,0.29,0.9978830253381598
4266,0.29,0.9978830253381598
4267,0.29,0.9978830253381598
4268,0.29,0.9978830253381598
4269,0.29,0.9978830253381598
4270,0.29,0.9978830253381598
4271,0.29,0.9978830253381598
4272,0.29,0.9978830253381598
4273,0.29,0.9978830253381598
4274,0.29,0.9978830253381598
4275,0.29,0.9978830253381598
4276,0.29,0.9978830253381598
4277,0.29,0.9978830253381598
4278,0.29,0.9978830253381598
4279,0.29,0.9978830253381598
4280,0.29,0.9978830253381598
4281,0.29,0.9978830253381598
4282,0.29,0.9978830253381598
4283,0.29,0.9978830253381598
4284,0.29,0.9978830253381598
4285,0.29,0.9978830253381598
4286,0.29,0.9978830253381598
4287,0.29,0.9978830253381598
4288,0.29,0.9978830253381598
4289,0.29,0.9978830253381598
4290,0.29,0.9978830253381598
4291,0.29,0.9978830253381598
4292,0.29,0.9978830253381598
4293,0.29,0.9978830253381598
4294,0.29,0.9978830253381598
4295,0.29,0.9978830253381598
4296,0.29,0.9978830253381598
4297,0.29,0.9978830253381598
4298,0.29,0.9978830253381598
4299,0.29,0.9978830253381598
4300,0.29,0.9978830253381598
4301,0.29,0.9978830253381598
4302,0.29,0.9978830253381598
4303,0.29,0.9978830253381598
4304,0.29,0.9978830253381598
4305,0.29,0.9978830253381598
4306,0.29,0.9978830253381598
4307,0.29,0.9978830253381598
4308,0.29,0.9978830253381598
4309,0.29,0.9978830253381598
4310,0.29,0.9978830253381598
4311,0.29,0.9978830253381598
4312,0.29,0.9978830253381598
4313,0.29,0.9978830253381598
4314,0.29,0.9978830253381598
4315,0.29,0.9978830253381598
4316,0.29,0.9978830253381598
4317,0.29,0.9978830253381598
4318,0.29,0.9978830253381598
4319,0.29,0.9978830253381598
4320,0.29,0.9978830253381598
4321,0.29,0.9978830253381598
4322,0.29,0.9978830253381598
4323,0.29,0.9978830253381598
4324,0.29,0.9978830253381598
4325,0.29,0.9978830253381598
4326,0.29,0.9978830253381598
4327,0.29,0.9978830253381598
4328,0.29,0.9978830253381598
4329,0.29,0.9978830253381598
4330,0.29,0.9978830253381598
4331,0.29,0.9978830253381598
4332,0.29,0.9978830253381598
4333,0.29,0.9978830253381598
4334,0.29,0.9978830253381598
4335,0.29,0.9978830253381598
4336,0.29,0.9978830253381598
4337,0.29,0.9978830253381598
4338,0.29,0.9978830253381598
4339,0.29,0.9978830253381598
4340,0.29,0.9978830253381598
4341,0.29,0.9978830253381598
4342,0.29,0.9978830253381598
4343,0.29,0.9978830253381598
4344,0.29,0.9978830253381598
4345,0.29,0.9978830253381598
4346,0.29,0.9978830253381598
4347,0.29,0.9978830253381598
4348,0.29,0.9978830253381598
4349,0.29,0.9978830253381598
4350,0.29,0.9978830253381598
4351,0.29,0.9978830253381598
4352,0.29,0.9978830253381598
4353,0.29,0.9978830253381598
4354,0.29,0.9978830253381598
4355,0.29,0.9978830253381598
4356,0.29,0.9978830253381598
4357,0.29,0.9978830253381598
4358,0.29,0.9978830253381598
4359,0.29,0.9978830253381598
4360,0.29,0.9978830253381598
4361,0.29,0.9978830253381598
4362,0.29,0.9978830253381598
4363,0.29,0.9978830253381598
4364,0.29,0.9978830253381598
4365,0.29,0.9978830253381598
4366,0.29,0.9978830253381598
4367,0.29,0.9978830253381598
4368,0.29,0.9978830253381598
4369,0.29,0.9978830253381598
4370,0.29,0.9978830253381598
4371,0.29,0.9978830253381598
4372,0.29,0.9978830253381598
4373,0.29,0.9978830253381598
4374,0.29,0.9978830253381598
4375,0.29,0.9978830253381598
4376,0.29,0.9978830253381598
4377,0.29,0.9978830253381598
4378,0.29,0.9978830253381598
4379,0.29,0.9978830253381598
4380,0.29,0.9978830253381598
4381,0.29,0.9978830253381598
4382,0.29,0.9978830253381598
4383,0.29,0.9978830253381598
4384,0.29,0.9978830253381598
4385,0.29,0.9978830253381598
4386,0.29,0.9978830253381598
4387,0.29,0.9978830253381598
4388,0.29,0.9978830253381598
4389,0.29,0.9978830253381598
4390,0.29,0.9978830253381598
4391,0.29,0.9978830253381598
4392,0.29,0.9978830253381598
4393,0.29,0.9978830253381598
4394,0.29,0.9978830253381598
4395,0.29,0.9978830253381598
4396,0.29,0.9978830253381598
4397,0.29,0.9978830253381598
4398,0.29,0.9978830253381598
4399,0.29,0.9978830253381598
4400,0.29,0.9978830253381598
4401,0.29,0.9978830253381598
4402,0.29,0.9978830253381598
4403,0.29,0.9978830253381598
4404,0.29,0.9978830253381598
4405,0.29,0.9978830253381598
4406,0.29,0.9978830253381598
4407,0.29,0.9978830253381598
4408,0.29,0.9978830253381598
4409,0.29,0.9978830253381598
4410,0.29,0.9978830253381598
4411,0.29,0.9978830253381598
4412,0.29,0.9978830253381598
4413,0.29,0.9978830253381598
4414,0.29,0.9978830253381598
4415,0.29,0.9978830253381598
4416,0.29,0.9978830253381598
4417,0.29,0.9978830253381598
4418,0.29,0.9978830253381598
4419,0.29,0.9978830253381598
4420,0.29,0.9978830253381598
4421,0.29,0.9978830253381598
4422,0.29,0.9978830253381598
4423,0.29,0.9978830253381598
4424,0.29,0.9978830253381598
4425,0.29,0.9978830253381598
4426,0.29,0.9978830253381598
4427,0.29,0.9978830253381598
4428,0.29,0.9978830253381598
4429,0.29,0.9978830253381598
4430,0.29,0.9978830253381598
4431,0.29,0.9978830253381598
4432,0.29,0.9978830253381598
4433,0.29,0.9978830253381598
4434,0.29,0.9978830253381598
4435,0.29,0.9978830253381598
4436,0.29,0.9978830253381598
4437,0.29,0.9978830253381598
4438,0.29,0.9978830253381598
4439,0.29,0.9978830253381598
4440,0.29,0.9978830253381598
4441,0.29,0.9978830253381598
4442,0.29,0.9978830253381598
4443,0.29,0.9978830253381598
4444,0.29,0.9978830253381598
4445,0.29,0.9978830253381598
4446,0.29,0.9978830253381598
4447,0.29,0.9978830253381598
4448,0.29,0.9978830253381598
4449,0.29,0.9978830253381598
4450,0.29,0.9978830253381598
4451,0.29,0.9978830253381598
4452,0.29,0.9978830253381598
4453,0.29,0.9978830253381598
4454,0.29,0.9978830253381598
4455,0.29,0.9978830253381598
4456,0.29,0.9978830253381598
4457,0.29,0.9978830253381598
4458,0.29,0.9978830253381598
4459,0.29,0.9978830253381598
4460,0.29,0.9978830253381598
4461,0.29,0.9978830253381598
4462,0.29,0.9978830253381598
4463,0.29,0.9978830253381598
4464,0.29,0.9978830253381598
4465,0.29,0.9978830253381598
4466,0.29,0.9978830253381598
4467,0.29,0.9978830253381598
4468,0.29,0.9978830253381598
4469,0.29,0.9978830253381598
4470,0.29,0.9978830253381598
4471,0.29,0.9978830253381598
4472,0.29,0.9978830253381598
4473,0.29,0.9978830253381598
4474,0.29,0.9978830253381598
4475,0.29,0.9978830253381598
4476,0.29,0.9978830253381598
4477,0.29,0.9978830253381598
4478,0.29,0.9978830253381598
4479,0.29,0.9978830253381598
4480,0.29,0.9978830253381598
4481,0.29,0.9978830253381598
4482,0.29,0.9978830253381598
4483,0.29,0.9978830253381598
4484,0.29,0.9978830253381598
4485,0.29,0.9978830253381598
4486,0.29,0.9978830253381598
4487,0.29,0.9978830253381598
4488,0.29,0.9978830253381598
4489,0.29,0.9978830253381598
4490,0.29,0.9978830253381598
4491,0.29,0.9978830253381598
4492,0.29,0.9978830253381598
4493,0.29,0.9978830253381598
4494,0.29,0.9978830253381598
4495,0.29,0.9978830253381598
4496,0.29,0.9978830253381598
4497,0.29,0.9978830253381598
4498,0.29,0.9978830253381598
4499,0.29,0.9978830253381598
4500,0.29,0.9978830253381598
4501,0.29,0.9978830253381598
4502,0.29,0.9978830253381598
4503,0.29,0.9978830253381598
4504,0.29,0.9978830253381598
4505,0.29,0.9978830253381598
4506,0.29,0.9978830253381598
4507,0.29,0.9978830253381598
4508,0.29,0.9978830253381598
4509,0.29,0.9978830253381598
4510,0.29,0.9978830253381598
4511,0.29,0.9978830253381598
4512,0.29,0.9978830253381598
4513,0.29,0.9978830253381598
4514,0.29,0.9978830253381598
4515,0.29,0.9978830253381598
4516,0.29,0.9978830253381598
4517,0.29,0.9978830253381598
4518,0.29,0.9978830253381598
4519,0.29,0.9978830253381598
4520,0.29,0.9978830253381598
4521,0.29,0.9978830253381598
4522,0.29,0.9978830253381598
4523,0.29,0.9978830253381598
4524,0.29,0.9978830253381598
4525,0.29,0.9978830253381598
4526,0.29,0.9978830253381598
4527,0.29,0.9978830253381598
4528,0.29,0.9978830253381598
4529,0.29,0.9978830253381598
4530,0.29,0.9978830253381598
4531,0.29,0.9978830253381598
4532,0.29,0.9978830253381598
4533,0.29,0.9978830253381598
4534,0.29,0.9978830253381598
4535,0.29,0.9978830253381598
4536,0.29,0.9978830253381598
4537,0.29,0.9978830253381598
4538,0.29,0.9978830253381598
4539,0.29,0.9978830253381598
4540,0.29,0.9978830253381598
4541,0.29,0.9978830253381598
4542,0.29,0.9978830253381598
4543,0.29,0.9978830253381598
4544,0.29,0.9978830253381598
4545,0.29,0.9978830253381598
4546,0.29,0.9978830253381598
4547,0.29,0.9978830253381598
4548,0.29,0.9978830253381598
4549,0.29,0.9978830253381598
4550,0.29,0.9978830253381598
4551,0.29,0.9978830253381598
4552,0.29,0.9978830253381598
4553,0.29,0.9978830253381598
4554,0.29,0.9978830253381598
4555,0.28,0.9978830253381598
4556,0.145,0.9978830253381598
4557,0.145,0.9978830253381598
4558,0.145,0.9978830253381598
4559,0.145,0.9978830253381598
4560,0.145,0.9978830253381598
4561,0.145,0.9978830253381598
4562,0.145,0.9978830253381598
4563,0.145,0.9978830253381598
4564,0.145,0.9978830253381598
4565,0.145,0.9978830253381598
4566,0.145,0.9978830253381598
4567,0.145,0.9978830253381598
4568,0.145,0.9978830253381598
4569,0.145,0.9978830253381598
4570,0.145,0.9978830253381598
4571,0.145,0.9978830253381598
4572,0.145,0.9978830253381598
4573,0.145,0.9978830253381598
4574,0.145,0.9978830253381598
4575,0.145,0.9978830253381598
4576,0.145,0.9978830253381598
4577,0.145,0.9978830253381598
4578,0.145,0.9978830253381598
4579,0.145,0.9978830253381598
4580,0.145,0.9978830253381598
4581,0.145,0.9978830253381598
4582,0.145,0.9978830253381598
4583,0.145,0.9978830253381598
4584,0.145,0.9978830253381598
4585,0.145,0.9978830253381598
4586,0.145,0.9978830253381598
4587,0.145,0.9978830253381598
4588,0.145,0.9978830253381598
4589,0.145,0.9978830253381598
4590,0.145,0.9978830253381598
4591,0.145,0.9978830253381598
4592,0.145,0.9978830253381598
4593,0.145,0.9978830253381598
4594,0.145,0.9978830253381598
4595,0.145,0.9978830253381598
4596,0.145,0.9978830253381598
4597,0.145,0.9978830253381598
4598,0.145,0.9978830253381598
4599,0.145,0.9978830253381598
4600,0.145,0.9978830253381598
4601,0.145,0.9978830253381598
4602,0.145,0.9978830253381598
4603,0.145,0.9978830253381598
4604,0.145,0.9978830253381598
4605,0.145,0.9978830253381598
4606,0.145,0.9978830253381598
4607,0.145,0.9978830253381598
4608,0.145,0.9978830253381598
4609,0.145,0.9978830253381598
4610,0.145,0.9978830253381598
4611,0.145,0.9978830253381598
4612,0.145,0.9978830253381598
4613,0.145,0.9978830253381598
4614,0.145,0.9978830253381598
4615,0.145,0.9978830253381598
4616,0.145,0.9978830253381598
4617,0.145,0.9978830253381598
4618,0.145,0.9978830253381598
4619,0.145,0.9978830253381598
4620,0.145,0.9978830253381598
4621,0.145,0.9978830253381598
4622,0.145,0.9978830253381598
4623,0.145,0.9978830253381598
4624,0.145,0.9978830253381598
4625,0.145,0.9978830253381598
4626,0.145,0.9978830253381598
4627,0.145,0.9978830253381598
4628,0.145,0.9978830253381598
4629,0.145,0.9978830253381598
4630,0.145,0.9978830253381598
4631,0.145,0.9978830253381598
4632,0.145,0.9978830253381598
4633,0.145,0.9978830253381598
4634,0.145,0.9978830253381598
4635,0.145,0.9978830253381598
4636,0.145,0.9978830253381598
4637,0.145,0.9978830253381598
4638,0.145,0.9978830253381598
4639,0.145,0.9978830253381598
4640,0.145,0.9978830253381598
4641,0.145,0.9978830253381598
4642,0.145,0.9978830253381598
4643,0.145,0.9978830253381598
4644,0.145,0.9978830253381598
4645,0.145,0.9978830253381598
4646,0.145,0.9978830253381598
4647,0.145,0.9978830253381598
4648,0.145,0.9978830253381598
4649,0.145,0.9978830253381598
4650,0.145,0.9978830253381598
4651,0.145,0.9978830253381598
4652,0.145,0.9978830253381598
4653,0.145,0.9978830253381598
4654,0.145,0.9978830253381598
4655,0.145,0.9978830253381598
4656,0.145,0.9978830253381598
4657,0.145,0.9978830253381598
4658,0.145,0.9978830253381598
4659,0.145,0.9978830253381598
4660,0.145,0.9978830253381598
4661,0.145,0.9978830253381598
4662,0.145,0.9978830253381598
4663,0.145,0.9978830253381598
4664,0.145,0.9978830253381598
4665,0.145,0.9978830253381598
4666,0.145,0.9978830253381598
4667,0.145,0.9978830253381598
4668,0.145,0.9978830253381598
4669,0.145,0.9978830253381598
4670,0.145,0.9978830253381598
4671,0.145,0.9978830253381598
4672,0.145,0.9978830253381598
4673,0.145,0.9978830253381598
4674,0.145,0.9978830253381598
4675,0.145,0.9978830253381598
4676,0.145,0.9978830253381598
4677,0.145,0.9978830253381598
4678,0.145,0.9978830253381598
4679,0.145,0.9978830253381598
4680,0.145,0.9978830253381598
4681,0.145,0.9978830253381598
4682,0.145,0.9978830253381598
4683,0.145,0.9978830253381598
4684,0.145,0.9978830253381598
4685,0.145,0.9978830253381598
4686,0.145,0.9978830253381598
4687,0.145,0.9978830253381598
4688,0.145,0.9978830253381598
4689,0.145,0.9978830253381598
4690,0.145,0.9978830253381598
4691,0.145,0.9978830253381598
4692,0.145,0.9978830253381598
4693,0.145,0.9978830253381598
4694,0.145,0.9978830253381598
4695,0.145,0.9978830253381598
4696,0.145,0.9978830253381598
4697,0.145,0.9978830253381598
4698,0.145,0.9978830253381598
4699,0.145,0.9978830253381598
4700,0.145,0.9978830253381598
4701,0.145,0.9978830253381598
4702,0.145,0.9978830253381598
4703,0.145,0.9978830253381598
4704,0.145,0.9978830253381598
4705,0.145,0.9978830253381598
4706,0.145,0.9978830253381598
4707,0.145,0.9978830253381598
4708,0.145,0.9978830253381598
4709,0.145,0.9978830253381598
4710,0.145,0.9978830253381598
4711,0.145,0.9978830253381598
4712,0.145,0.9978830253381598
4713,0.145,0.9978830253381598
4714,0.145,0.9978830253381598
4715,0.145,0.9978830253381598
4716,0.145,0.9978830253381598
4717,0.145,0.9978830253381598
4718,0.145,0.9978830253381598
4719,0.145,0.9978830253381598
4720,0.145,0.9978830253381598
4721,0.145,0.9978830253381598
4722,0.145,0.9978830253381598
4723,0.145,0.9978830253381598
4724,0.145,0.9978830253381598
4725,0.145,0.9978830253381598
4726,0.145,0.9978830253381598
4727,0.145,0.9978830253381598
4728,0.145,0.9978830253381598
4729,0.145,0.9978830253381598
4730,0.145,0.9978830253381598
4731,0.145,0.9978830253381598
4732,0.145,0.9978830253381598
4733,0.145,0.9978830253381598
4734,0.145,0.9978830253381598
4735,0.145,0.9978830253381598
4736,0.145,0.9978830253381598
4737,0.145,0.9978830253381598
4738,0.145,0.9978830253381598
4739,0.145,0.9978830253381598
4740,0.145,0.9978830253381598
4741,0.145,0.9978830253381598
4742,0.145,0.9978830253381598
4743,0.145,0.9978830253381598
4744,0.145,0.9978830253381598
4745,0.145,0.9978830253381598
4746,0.145,0.9978830253381598
4747,0.145,0.9978830253381598
4748,0.145,0.9978830253381598
4749,0.145,0.9978830253381598
4750,0.145,0.9978830253381598
4751,0.145,0.9978830253381598
4752,0.145,0.9978830253381598
4753,0.145,0.9978830253381598
4754,0.145,0.9978830253381598
4755,0.145,0.9978830253381598
4756,0.145,0.9978830253381598
4757,0.145,0.9978830253381598
4758,0.145,0.9978830253381598
4759,0.145,0.9978830253381598
4760,0.145,0.9978830253381598
4761,0.145,0.9978830253381598
4762,0.145,0.9978830253381598
4763,0.145,0.9978830253381598
4764,0.145,0.9978830253381598
4765,0.145,0.9978830253381598
4766,0.145,0.9978830253381598
4767,0.145,0.9978830253381598
4768,0.145,0.9978830253381598
4769,0.145,0.9978830253381598
4770,0.145,0.9978830253381598
4771,0.145,0.9978830253381598
4772,0.145,0.9978830253381598
4773,0.145,0.9978830253381598
4774,0.145,0.9978830253381598
4775,0.145,0.9978830253381598
4776,0.145,0.9978830253381598
4777,0.145,0.9978830253381598
4778,0.145,0.9978830253381598
4779,0.145,0.9978830253381598
4780,0.145,0.9978830253381598
4781,0.145,0.9978830253381598
4782,0.145,0.9978830253381598
4783,0.145,0.9978830253381598
4784,0.145,0.9978830253381598
4785,0.145,0.9978830253381598
4786,0.145,0.9978830253381598
4787,0.145,0.9978830253381598
4788,0.145,0.9978830253381598
4789,0.145,0.9978830253381598
4790,0.145,0.9978830253381598
4791,0.145,0.9978830253381598
4792,0.145,0.9978830253381598
4793,0.145,0.9978830253381598
4794,0.145,0.9978830253381598
4795,0.145,0.9978830253381598
4796,0.145,0.9978830253381598
4797,0.145,0.9978830253381598
4798,0.145,0.9978830253381598
4799,0.145,0.9978830253381598
4800,0.145,0.9978830253381598
4801,0.145,0.9978830253381598
4802,0.145,0.9978830253381598
4803,0.145,0.9978830253381598
4804,0.145,0.9978830253381598
4805,0.145,0.9978830253381598
4806,0.145,0.9978830253381598
4807,0.145,0.9978830253381598
4808,0.145,0.9978830253381598
4809,0.145,0.9978830253381598
4810,0.145,0.9978830253381598
4811,0.145,0.9978830253381598
4812,0.145,0.9978830253381598
4813,0.145,0.9978830253381598
4814,0.145,0.9978830253381598
4815,0.145,0.9978830253381598
4816,0.145,0.9978830253381598
4817,0.145,0.9978830253381598
4818,0.145,0.9978830253381598
4819,0.145,0.9978830253381598
4820,0.145,0.9978830253381598
4821,0.145,0.9978830253381598
4822,0.145,0.9978830253381598
4823,0.145,0.9978830253381598
4824,0.145,0.9978830253381598
4825,0.145,0.9978830253381598
4826,0.145,0.9978830253381598
4827,0.145,0.9978830253381598
4828,0.145,0.9978830253381598
4829,0.145,0.9978830253381598
4830,0.145,0.9978830253381598
4831,0.145,0.9978830253381598
4832,0.145,0.9978830253381598
4833,0.145,0.9978830253381598
4834,0.145,0.9978830253381598
4835,0.145,0.9978830253381598
4836,0.145,0.9978830253381598
4837,0.145,0.9978830253381598
4838,0.145,0.9978830253381598
4839,0.145,0.9978830253381598
4840,0.145,0.9978830253381598
4841,0.145,0.9978830253381598
4842,0.145,0.9978830253381598
4843,0.145,0.9978830253381598
4844,0.145,0.9978830253381598
4845,0.145,0.9978830253381598
4846,0.145,0.9978830253381598
4847,0.145,0.9978830253381598
4848,0.145,0.9978830253381598
4849,0.145,0.9978830253381598
4850,0.145,0.9978830253381598
4851,0.145,0.9978830253381598
4852,0.145,0.9978830253381598
4853,0.145,0.9978830253381598
4854,0.145,0.9978830253381598
4855,0.145,0.9978830253381598
4856,0.145,0.9978830253381598
4857,0.145,0.9978830253381598
4858,0.145,0.9978830253381598
4859,0.145,0.9978830253381598
4860,0.145,0.9978830253381598
4861,0.145,0.9978830253381598
4862,0.145,0.9978830253381598
4863,0.145,0.9978830253381598
4864,0.145,0.9978830253381598
4865,0.145,0.9978830253381598
4866,0.145,0.9978830253381598
4867,0.145,0.9978830253381598
4868,0.145,0.9978830253381598
4869,0.145,0.9978830253381598
4870,0.145,0.9978830253381598
4871,0.145,0.9978830253381598
4872,0.145,0.9978830253381598
4873,0.145,0.9978830253381598
4874,0.145,0.9978830253381598
4875,0.145,0.9978830253381598
4876,0.145,0.9978830253381598
4877,0.145,0.9978830253381598
4878,0.145,0.9978830253381598
4879,0.145,0.9978830253381598
4880,0.145,0.9978830253381598
4881,0.145,0.9978830253381598
4882,0.145,0.9978830253381598
4883,0.145,0.9978830253381598
4884,0.145,0.9978830253381598
4885,0.145,0.9978830253381598
4886,0.145,0.9978830253381598
4887,0.145,0.9978830253381598
4888,0.145,0.9978830253381598
4889,0.145,0.9978830253381598
4890,0.145,0.9978830253381598
4891,0.145,0.9978830253381598
4892,0.145,0.9978830253381598
4893,0.145,0.9978830253381598
4894,0.145,0.9978830253381598
4895,0.145,0.9978830253381598
4896,0.145,0.9978830253381598
4897,0.145,0.9978830253381598
4898,0.145,0.9978830253381598
4899,0.145,0.9978830253381598
4900,0.145,0.9978830253381598
4901,0.145,0.9978830253381598
4902,0.145,0.9978830253381598
4903,0.145,0.9978830253381598
4904,0.145,0.9978830253381598
4905,0.145,0.9978830253381598
4906,0.145,0.9978830253381598
4907,0.145,0.9978830253381598
4908,0.145,0.9978830253381598
4909,0.145,0.9978830253381598
4910,0.145,0.9978830253381598
4911,0.145,0.9978830253381598
4912,0.145,0.9978830253381598
4913,0.145,0.9978830253381598
4914,0.145,0.9978830253381598
4915,0.145,0.9978830253381598
4916,0.145,0.9978830253381598
4917,0.145,0.9978830253381598
4918,0.145,0.9978830253381598
4919,0.145,0.9978830253381598
4920,0.145,0.9978830253381598
4921,0.145,0.9978830253381598
4922,0.145,0.9978830253381598
4923,0.145,0.9978830253381598
4924,0.145,0.9978830253381598
4925,0.145,0.9978830253381598
4926,0.145,0.9978830253381598
4927,0.145,0.9978830253381598
4928,0.145,0.9978830253381598
4929,0.145,0.9978830253381598
4930,0.145,0.9978830253381598
4931,0.145,0.9978830253381598
4932,0.145,0.9978830253381598
4933,0.145,0.9978830253381598
4934,0.145,0.9978830253381598
4935,0.145,0.9978830253381598
4936,0.145,0.9978830253381598
4937,0.145,0.9978830253381598
4938,0.145,0.9978830253381598
4939,0.145,0.9978830253381598
4940,0.145,0.9978830253381598
4941,0.145,0.9978830253381598
4942,0.145,0.9978830253381598
4943,0.145,0.9978830253381598
4944,0.145,0.9978830253381598
4945,0.145,0.9978830253381598
4946,0.145,0.9978830253381598
4947,0.145,0.9978830253381598
4948,0.145,0.9978830253381598
4949,0.145,0.9978830253381598
4950,0.145,0.9978830253381598
4951,0.145,0.9978830253381598
4952,0.145,0.9978830253381598
4953,0.145,0.9978830253381598
4954,0.145,0.9978830253381598
4955,0.145,0.9978830253381598
4956,0.145,0.9978830253381598
4957,0.145,0.9978830253381598
4958,0.145,0.9978830253381598
4959,0.145,0.9978830253381598
4960,0.145,0.9978830253381598
4961,0.145,0.9978830253381598
4962,0.145,0.9978830253381598
4963,0.145,0.9978830253381598
4964,0.145,0.9978830253381598
4965,0.145,0.9978830253381598
4966,0.145,0.9978830253381598
4967,0.145,0.9978830253381598
4968,0.145,0.9978830253381598
4969,0.145,0.9978830253381598
4970,0.145,0.9978830253381598
4971,0.145,0.9978830253381598
4972,0.145,0.9978830253381598
4973,0.145,0.9978830253381598
4974,0.145,0.9978830253381598
4975,0.145,0.9978830253381598
4976,0.145,0.9978830253381598
4977,0.145,0.9978830253381598
4978,0.145,0.9978830253381598
4979,0.145,0.9978830253381598
4980,0.145,0.9978830253381598
4981,0.145,0.9978830253381598
4982,0.145,0.9978830253381598
4983,0.145,0.9978830253381598
4984,0.145,0.9978830253381598
4985,0.145,0.9978830253381598
4986,0.145,0.9978830253381598
4987,0.145,0.9978830253381598
4988,0.145,0.9978830253381598
4989,0.145,0.9978830253381598
4990,0.145,0.9978830253381598
4991,0.145,0.9978830253381598
4992,0.145,0.9978830253381598
4993,0.145,0.9978830253381598
4994,0.145,0.9978830253381598
4995,0.145,0.9978830253381598
4996,0.145,0.9978830253381598
4997,0.145,0.9978830253381598
4998,0.145,0.9978830253381598
4999,0.145,0.9978830253381598
5000,0.145,0.9978830253381598
5001,0.145,0.9978830253381598
5002,0.145,0.9978830253381598
5003,0.145,0.9978830253381598
5004,0.145,0.9978830253381598
5005,0.145,0.9978830253381598
5006,0.145,0.9978830253381598
5007,0.145,0.9978830253381598
5008,0.145,0.9978830253381598
5009,0.145,0.9978830253381598
5010,0.145,0.9978830253381598
5011,0.145,0.9978830253381598
5012,0.145,0.9978830253381598
5013,0.145,0.9978830253381598
5014,0.145,0.9978830253381598
5015,0.145,0.9978830253381598
5016,0.145,0.9978830253381598
5017,0.145,0.9978830253381598
5018,0.145,0.9978830253381598
5019,0.145,0.9978830253381598
5020,0.145,0.9978830253381598
5021,0.145,0.9978830253381598
5022,0.145,0.9978830253381598
5023,0.145,0.9978830253381598
5024,0.145,0.9978830253381598
5025,0.145,0.9978830253381598
5026,0.145,0.9978830253381598
5027,0.145,0.9978830253381598
5028,0.145,0.9978830253381598
5029,0.145,0.9978830253381598
5030,0.145,0.9978830253381598
5031,0.145,0.9978830253381598
5032,0.145,0.9978830253381598
5033,0.145,0.9978830253381598
5034,0.145,0.9978830253381598
5035,0.145,0.9978830253381598
5036,0.145,0.9978830253381598
5037,0.145,0.9978830253381598
5038,0.145,0.9978830253381598
5039,0.145,0.9978830253381598
5040,0.145,0.9978830253381598
5041,0.145,0.9978830253381598
5042,0.145,0.9978830253381598
5043,0.145,0.9978830253381598
5044,0.145,0.9978830253381598
5045,0.145,0.9978830253381598
5046,0.145,0.9978830253381598
5047,0.145,0.9978830253381598
5048,0.145,0.9978830253381598
5049,0.145,0.9978830253381598
5050,0.145,0.9978830253381598
5051,0.145,0.9978830253381598
5052,0.145,0.9978830253381598
5053,0.145,0.9978830253381598
5054,0.145,0.9978830253381598
5055,0.145,0.9978830253381598
5056,0.145,0.9978830253381598
5057,0.145,0.9978830253381598
5058,0.145,0.9978830253381598
5059,0.145,0.9978830253381598
5060,0.145,0.9978830253381598
5061,0.145,0.9978830253381598
5062,0.145,0.9978830253381598
5063,0.145,0.9978830253381598
5064,0.145,0.9978830253381598
5065,0.145,0.9978830253381598
5066,0.145,0.9978830253381598
5067,0.145,0.9978830253381598
5068,0.145,0.9978830253381598
5069,0.145,0.9978830253381598
5070,0.145,0.9978830253381598
5071,0.145,0.9978830253381598
5072,0.145,0.9978830253381598
5073,0.145,0.9978830253381598
5074,0.145,0.9978830253381598
5075,0.145,0.9978830253381598
5076,0.145,0.9978830253381598
5077,0.145,0.9978830253381598
5078,0.145,0.9978830253381598
5079,0.145,0.9978830253381598
5080,0.145,0.9978830253381598
5081,0.145,0.9978830253381598
5082,0.145,0.9978830253381598
5083,0.145,0.9978830253381598
5084,0.145,0.9978830253381598
5085,0.145,0.9978830253381598
5086,0.145,0.9978830253381598
5087,0.145,0.9978830253381598
5088,0.145,0.9978830253381598
5089,0.145,0.9978830253381598
5090,0.145,0.9978830253381598
5091,0.145,0.9978830253381598
5092,0.145,0.9978830253381598
5093,0.145,0.9978830253381598
5094,0.145,0.9978830253381598
5095,0.145,0.9978830253381598
5096,0.145,0.9978830253381598
5097,0.145,0.9978830253381598
5098,0.145,0.9978830253381598
5099,0.145,0.9978830253381598
5100,0.145,0.9978830253381598
5101,0.145,0.9978830253381598
5102,0.145,0.9978830253381598
5103,0.145,0.9978830253381598
5104,0.145,0.9978830253381598
5105,0.145,0.9978830253381598
5106,0.145,0.9978830253381598
5107,0.145,0.9978830253381598
5108,0.145,0.9978830253381598
5109,0.145,0.9978830253381598
5110,0.145,0.9978830253381598
5111,0.145,0.9978830253381598
5112,0.145,0.9978830253381598
5113,0.145,0.9978830253381598
5114,0.145,0.9978830253381598
5115,0.145,0.9978830253381598
5116,0.145,0.9978830253381598
5117,0.145,0.9978830253381598
5118,0.145,0.9978830253381598
5119,0.145,0.9978830253381598
5120,0.145,0.9978830253381598
5121,0.145,0.9978830253381598
5122,0.145,0.9978830253381598
5123,0.145,0.9978830253381598
5124,0.145,0.9978830253381598
5125,0.145,0.9978830253381598
5126,0.145,0.9978830253381598
5127,0.145,0.9978830253381598
5128,0.145,0.9978830253381598
5129,0.145,0.9978830253381598
5130,0.145,0.9978830253381598
5131,0.145,0.9978830253381598
5132,0.145,0.9978830253381598
5133,0.145,0.9978830253381598
5134,0.145,0.9978830253381598
5135,0.145,0.9978830253381598
5136,0.145,0.9978830253381598
5137,0.145,0.9978830253381598
5138,0.145,0.9978830253381598
5139,0.145,0.9978830253381598
5140,0.145,0.9978830253381598
5141,0.145,0.9978830253381598
5142,0.145,0.9978830253381598
5143,0.145,0.9978830253381598
5144,0.145,0.9978830253381598
5145,0.145,0.9978830253381598
5146,0.145,0.9978830253381598
5147,0.145,0.9978830253381598
5148,0.145,0.9978830253381598
5149,0.145,0.9978830253381598
5150,0.145,0.9978830253381598
5151,0.145,0.9978830253381598
5152,0.145,0.9978830253381598
5153,0.145,0.9978830253381598
5154,0.145,0.9978830253381598
5155,0.145,0.9978830253381598
5156,0.145,0.9978830253381598
5157,0.145,0.9978830253381598
5158,0.145,0.9978830253381598
5159,0.145,0.9978830253381598
5160,0.145,0.9978830253381598
5161,0.145,0.9978830253381598
5162,0.145,0.9978830253381598
5163,0.145,0.9978830253381598
5164,0.145,0.9978830253381598
5165,0.145,0.9978830253381598
5166,0.145,0.9978830253381598
5167,0.145,0.9978830253381598
5168,0.145,0.9978830253381598
5169,0.145,0.9978830253381598
5170,0.145,0.9978830253381598
5171,0.145,0.9978830253381598
5172,0.145,0.9978830253381598
5173,0.145,0.9978830253381598
5174,0.145,0.9978830253381598
5175,0.145,0.9978830253381598
5176,0.145,0.9978830253381598
5177,0.145,0.9978830253381598
5178,0.145,0.9978830253381598
5179,0.145,0.9978830253381598
5180,0.145,0.9978830253381598
5181,0.145,0.9978830253381598
5182,0.145,0.9978830253381598
5183,0.145,0.9978830253381598
5184,0.145,0.9978830253381598
5185,0.145,0.9978830253381598
5186,0.145,0.9978830253381598
5187,0.145,0.9978830253381598
5188,0.145,0.9978830253381598
5189,0.145,0.9978830253381598
5190,0.145,0.9978830253381598
5191,0.145,0.9978830253381598
5192,0.145,0.9978830253381598
5193,0.145,0.9978830253381598
5194,0.145,0.9978830253381598
5195,0.145,0.9978830253381598
5196,0.145,0.9978830253381598
5197,0.145,0.9978830253381598
5198,0.145,0.9978830253381598
5199,0.145,0.9978830253381598
5200,0.145,0.9978830253381598
5201,0.145,0.9978830253381598
5202,0.145,0.9978830253381598
5203,0.145,0.9978830253381598
5204,0.145,0.9978830253381598
5205,0.145,0.9978830253381598
5206,0.145,0.9978830253381598
5207,0.145,0.9978830253381598
5208,0.145,0.9978830253381598
5209,0.145,0.9978830253381598
5210,0.145,0.9978830253381598
5211,0.145,0.9978830253381598
5212,0.145,0.9978830253381598
5213,0.145,0.9978830253381598
5214,0.145,0.9978830253381598
5215,0.145,0.9978830253381598
5216,0.145,0.9978830253381598
5217,0.145,0.9978830253381598
5218,0.145,0.9978830253381598
5219,0.145,0.9978830253381598
5220,0.145,0.9978830253381598
5221,0.145,0.9978830253381598
5222,0.145,0.9978830253381598
5223,0.145,0.9978830253381598
5224,0.145,0.9978830253381598
5225,0.145,0.9978830253381598
5226,0.145,0.9978830253381598
5227,0.145,0.9978830253381598
5228,0.145,0.9978830253381598
5229,0.145,0.9978830253381598
5230,0.145,0.9978830253381598
5231,0.145,0.9978830253381598
5232,0.145,0.9978830253381598
5233,0.145,0.9978830253381598
5234,0.145,0.9978830253381598
5235,0.145,0.9978830253381598
5236,0.145,0.9978830253381598
5237,0.145,0.9978830253381598
5238,0.145,0.9978830253381598
5239,0.145,0.9978830253381598
5240,0.145,0.9978830253381598
5241,0.145,0.9978830253381598
5242,0.145,0.9978830253381598
5243,0.145,0.9978830253381598
5244,0.145,0.9978830253381598
5245,0.145,0.9978830253381598
5246,0.145,0.9978830253381598
5247,0.145,0.9978830253381598
5248,0.135,0.9978830253381598
