Tick,TotalEnergy(kWh),AverageEnergy(kWh)
0,1.4820000000000004,1.0155943377549
1,1.7640000000000002,1.0155943377549
2,1.7640000000000002,1.0155943377549
3,1.7640000000000002,1.0155943377549
4,1.7640000000000002,1.0155943377549
5,1.7640000000000002,1.0155943377549
6,1.7640000000000002,1.0155943377549
7,1.7640000000000002,1.0155943377549
8,1.7640000000000002,1.0155943377549
9,1.7640000000000002,1.0155943377549
10,1.7640000000000002,1.0155943377549
11,1.7640000000000002,1.0155943377549
12,1.7640000000000002,1.0155943377549
13,1.7640000000000002,1.0155943377549
14,1.7640000000000002,1.0155943377549
15,1.7640000000000002,1.0155943377549
16,1.7640000000000002,1.0155943377549
17,1.7640000000000002,1.0155943377549
18,1.7640000000000002,1.0155943377549
19,1.7640000000000002,1.0155943377549
20,1.7640000000000002,1.0155943377549
21,1.7640000000000002,1.0155943377549
22,1.7640000000000002,1.0155943377549
23,1.7640000000000002,1.0155943377549
24,1.7640000000000002,1.0155943377549
25,1.7640000000000002,1.0155943377549
26,1.7640000000000002,1.0155943377549
27,1.7640000000000002,1.0155943377549
28,1.7640000000000002,1.0155943377549
29,1.7640000000000002,1.0155943377549
30,1.7640000000000002,1.0155943377549
31,1.7640000000000002,1.0155943377549
32,1.7640000000000002,1.0155943377549
33,1.7640000000000002,1.0155943377549
34,1.7640000000000002,1.0155943377549
35,1.7640000000000002,1.0155943377549
36,1.7640000000000002,1.0155943377549
37,1.7640000000000002,1.0155943377549
38,1.7640000000000002,1.0155943377549
39,1.7640000000000002,1.0155943377549
40,1.7640000000000002,1.0155943377549
41,1.7640000000000002,1.0155943377549
42,1.7640000000000002,1.0155943377549
43,1.7640000000000002,1.0155943377549
44,1.7640000000000002,1.0155943377549
45,1.7640000000000002,1.0155943377549
46,1.7640000000000002,1.0155943377549
47,1.7640000000000002,1.0155943377549
48,1.7640000000000002,1.0155943377549
49,1.7640000000000002,1.0155943377549
50,1.7640000000000002,1.0155943377549
51,1.7640000000000002,1.0155943377549
52,1.7640000000000002,1.0155943377549
53,1.7640000000000002,1.0155943377549
54,1.7640000000000002,1.0155943377549
55,1.7640000000000002,1.0155943377549
56,1.7640000000000002,1.0155943377549
57,1.7640000000000002,1.0155943377549
58,1.7640000000000002,1.0155943377549
59,1.7640000000000002,1.0155943377549
60,1.7640000000000002,1.0155943377549
61,1.7640000000000002,1.0155943377549
62,1.7640000000000002,1.0155943377549
63,1.7640000000000002,1.0155943377549
64,1.7640000000000002,1.0155943377549
65,1.7640000000000002,1.0155943377549
66,1.7640000000000002,1.0155943377549
67,1.7640000000000002,1.0155943377549
68,1.7640000000000002,1.0155943377549
69,1.7640000000000002,1.0155943377549
70,1.7640000000000002,1.0155943377549
71,1.7640000000000002,1.0155943377549
72,1.7640000000000002,1.0155943377549
73,1.7640000000000002,1.0155943377549
74,1.7640000000000002,1.0155943377549
75,1.7640000000000002,1.0155943377549
76,1.7640000000000002,1.0155943377549
77,1.7640000000000002,1.0155943377549
78,1.7640000000000002,1.0155943377549
79,1.7640000000000002,1.0155943377549
80,1.7640000000000002,1.0155943377549
81,1.7640000000000002,1.0155943377549
82,1.7640000000000002,1.0155943377549
83,1.7640000000000002,1.0155943377549
84,1.7640000000000002,1.0155943377549
85,1.7640000000000002,1.0155943377549
86,1.7640000000000002,1.0155943377549
87,1.7640000000000002,1.0155943377549
88,1.7640000000000002,1.0155943377549
89,1.7640000000000002,1.0155943377549
90,1.7640000000000002,1.0155943377549
91,1.7640000000000002,1.0155943377549
92,1.7640000000000002,1.0155943377549
93,1.7640000000000002,1.0155943377549
94,1.7640000000000002,1.0155943377549
95,1.7640000000000002,1.0155943377549
96,1.7640000000000002,1.0155943377549
97,1.7640000000000002,1.0155943377549
98,1.7640000000000002,1.0155943377549
99,1.7540000000000002,1.0155943377549
100,1.7640000000000002,1.0155943377549
101,1.7640000000000002,1.0155943377549
102,1.7640000000000002,1.0155943377549
103,1.7640000000000002,1.0155943377549
104,1.7640000000000002,1.0155943377549
105,1.7640000000000002,1.0155943377549
106,1.7640000000000002,1.0155943377549
107,1.7640000000000002,1.0155943377549
108,1.7640000000000002,1.0155943377549
109,1.7640000000000002,1.0155943377549
110,1.7640000000000002,1.0155943377549
111,1.7640000000000002,1.0155943377549
112,1.7640000000000002,1.0155943377549
113,1.7640000000000002,1.0155943377549
114,1.7640000000000002,1.0155943377549
115,1.7640000000000002,1.0155943377549
116,1.7640000000000002,1.0155943377549
117,1.7640000000000002,1.0155943377549
118,1.7640000000000002,1.0155943377549
119,1.7640000000000002,1.0155943377549
120,1.7640000000000002,1.0155943377549
121,1.7640000000000002,1.0155943377549
122,1.7640000000000002,1.0155943377549
123,1.7640000000000002,1.0155943377549
124,1.7640000000000002,1.0155943377549
125,1.7640000000000002,1.0155943377549
126,1.7640000000000002,1.0155943377549
127,1.7640000000000002,1.0155943377549
128,1.7640000000000002,1.0155943377549
129,1.7640000000000002,1.0155943377549
130,1.7640000000000002,1.0155943377549
131,1.7640000000000002,1.0155943377549
132,1.7640000000000002,1.0155943377549
133,1.7640000000000002,1.0155943377549
134,1.7640000000000002,1.0155943377549
135,1.7640000000000002,1.0155943377549
136,1.7640000000000002,1.0155943377549
137,1.7640000000000002,1.0155943377549
138,1.7640000000000002,1.0155943377549
139,1.7640000000000002,1.0155943377549
140,1.7640000000000002,1.0155943377549
141,1.7640000000000002,1.0155943377549
142,1.7640000000000002,1.0155943377549
143,1.7640000000000002,1.0155943377549
144,1.7640000000000002,1.0155943377549
145,1.7640000000000002,1.0155943377549
146,1.7640000000000002,1.0155943377549
147,1.7640000000000002,1.0155943377549
148,1.7640000000000002,1.0155943377549
149,1.7640000000000002,1.0155943377549
150,1.7640000000000002,1.0155943377549
151,1.7640000000000002,1.0155943377549
152,1.7640000000000002,1.0155943377549
153,1.7640000000000002,1.0155943377549
154,1.7640000000000002,1.0155943377549
155,1.7640000000000002,1.0155943377549
156,1.7640000000000002,1.0155943377549
157,1.7640000000000002,1.0155943377549
158,1.7640000000000002,1.0155943377549
159,1.7640000000000002,1.0155943377549
160,1.7640000000000002,1.0155943377549
161,1.7640000000000002,1.0155943377549
162,1.7640000000000002,1.0155943377549
163,1.7640000000000002,1.0155943377549
164,1.7640000000000002,1.0155943377549
165,1.7640000000000002,1.0155943377549
166,1.7640000000000002,1.0155943377549
167,1.7640000000000002,1.0155943377549
168,1.7640000000000002,1.0155943377549
169,1.7640000000000002,1.0155943377549
170,1.7640000000000002,1.0155943377549
171,1.7640000000000002,1.0155943377549
172,1.7640000000000002,1.0155943377549
173,1.7640000000000002,1.0155943377549
174,1.7640000000000002,1.0155943377549
175,1.7640000000000002,1.0155943377549
176,1.7640000000000002,1.0155943377549
177,1.7640000000000002,1.0155943377549
178,1.7640000000000002,1.0155943377549
179,1.7640000000000002,1.0155943377549
180,1.7640000000000002,1.0155943377549
181,1.7640000000000002,1.0155943377549
182,1.7640000000000002,1.0155943377549
183,1.7640000000000002,1.0155943377549
184,1.7640000000000002,1.0155943377549
185,1.7640000000000002,1.0155943377549
186,1.7640000000000002,1.0155943377549
187,1.7640000000000002,1.0155943377549
188,1.7640000000000002,1.0155943377549
189,1.7640000000000002,1.0155943377549
190,1.7640000000000002,1.0155943377549
191,1.7640000000000002,1.0155943377549
192,1.7640000000000002,1.0155943377549
193,1.7640000000000002,1.0155943377549
194,1.7640000000000002,1.0155943377549
195,1.7640000000000002,1.0155943377549
196,1.7640000000000002,1.0155943377549
197,1.7640000000000002,1.0155943377549
198,1.7640000000000002,1.0155943377549
199,1.7640000000000002,1.0155943377549
200,1.7640000000000002,1.0155943377549
201,1.7640000000000002,1.0155943377549
202,1.7640000000000002,1.0155943377549
203,1.7640000000000002,1.0155943377549
204,1.7640000000000002,1.0155943377549
205,1.7640000000000002,1.0155943377549
206,1.7640000000000002,1.0155943377549
207,1.7640000000000002,1.0155943377549
208,1.7640000000000002,1.0155943377549
209,1.7640000000000002,1.0155943377549
210,1.7640000000000002,1.0155943377549
211,1.7640000000000002,1.0155943377549
212,1.7640000000000002,1.0155943377549
213,1.7640000000000002,1.0155943377549
214,1.7640000000000002,1.0155943377549
215,1.7640000000000002,1.0155943377549
216,1.7640000000000002,1.0155943377549
217,1.7640000000000002,1.0155943377549
218,1.7640000000000002,1.0155943377549
219,1.7640000000000002,1.0155943377549
220,1.7640000000000002,1.0155943377549
221,1.7640000000000002,1.0155943377549
222,1.7640000000000002,1.0155943377549
223,1.7640000000000002,1.0155943377549
224,1.7640000000000002,1.0155943377549
225,1.7640000000000002,1.0155943377549
226,1.7640000000000002,1.0155943377549
227,1.7640000000000002,1.0155943377549
228,1.7640000000000002,1.0155943377549
229,1.7640000000000002,1.0155943377549
230,1.7640000000000002,1.0155943377549
231,1.7640000000000002,1.0155943377549
232,1.7640000000000002,1.0155943377549
233,1.7640000000000002,1.0155943377549
234,1.7640000000000002,1.0155943377549
235,1.7640000000000002,1.0155943377549
236,1.7640000000000002,1.0155943377549
237,1.7640000000000002,1.0155943377549
238,1.7640000000000002,1.0155943377549
239,1.7640000000000002,1.0155943377549
240,1.7640000000000002,1.0155943377549
241,1.7640000000000002,1.0155943377549
242,1.7640000000000002,1.0155943377549
243,1.7640000000000002,1.0155943377549
244,1.7640000000000002,1.0155943377549
245,1.7640000000000002,1.0155943377549
246,1.7640000000000002,1.0155943377549
247,1.7640000000000002,1.0155943377549
248,1.7640000000000002,1.0155943377549
249,1.7640000000000002,1.0155943377549
250,1.7640000000000002,1.0155943377549
251,1.7640000000000002,1.0155943377549
252,1.7640000000000002,1.0155943377549
253,1.7640000000000002,1.0155943377549
254,1.7640000000000002,1.0155943377549
255,1.7640000000000002,1.0155943377549
256,1.7640000000000002,1.0155943377549
257,1.7640000000000002,1.0155943377549
258,1.7640000000000002,1.0155943377549
259,1.7640000000000002,1.0155943377549
260,1.7640000000000002,1.0155943377549
261,1.7640000000000002,1.0155943377549
262,1.7640000000000002,1.0155943377549
263,1.7640000000000002,1.0155943377549
264,1.7640000000000002,1.0155943377549
265,1.7640000000000002,1.0155943377549
266,1.7640000000000002,1.0155943377549
267,1.7640000000000002,1.0155943377549
268,1.7640000000000002,1.0155943377549
269,1.7640000000000002,1.0155943377549
270,1.7640000000000002,1.0155943377549
271,1.7640000000000002,1.0155943377549
272,1.7640000000000002,1.0155943377549
273,1.7640000000000002,1.0155943377549
274,1.7640000000000002,1.0155943377549
275,1.7640000000000002,1.0155943377549
276,1.7640000000000002,1.0155943377549
277,1.7640000000000002,1.0155943377549
278,1.7640000000000002,1.0155943377549
279,1.7640000000000002,1.0155943377549
280,1.7640000000000002,1.0155943377549
281,1.7640000000000002,1.0155943377549
282,1.7640000000000002,1.0155943377549
283,1.7640000000000002,1.0155943377549
284,1.7640000000000002,1.0155943377549
285,1.7640000000000002,1.0155943377549
286,1.7640000000000002,1.0155943377549
287,1.7640000000000002,1.0155943377549
288,1.7640000000000002,1.0155943377549
289,1.7640000000000002,1.0155943377549
290,1.7640000000000002,1.0155943377549
291,1.7640000000000002,1.0155943377549
292,1.7640000000000002,1.0155943377549
293,1.7640000000000002,1.0155943377549
294,1.7640000000000002,1.0155943377549
295,1.7640000000000002,1.0155943377549
296,1.7640000000000002,1.0155943377549
297,1.7640000000000002,1.0155943377549
298,1.7640000000000002,1.0155943377549
299,1.7640000000000002,1.0155943377549
300,1.7640000000000002,1.0155943377549
301,1.7640000000000002,1.0155943377549
302,1.7640000000000002,1.0155943377549
303,1.7640000000000002,1.0155943377549
304,1.7640000000000002,1.0155943377549
305,1.7640000000000002,1.0155943377549
306,1.7640000000000002,1.0155943377549
307,1.7640000000000002,1.0155943377549
308,1.7640000000000002,1.0155943377549
309,1.7640000000000002,1.0155943377549
310,1.7640000000000002,1.0155943377549
311,1.7640000000000002,1.0155943377549
312,1.7640000000000002,1.0155943377549
313,1.7640000000000002,1.0155943377549
314,1.7640000000000002,1.0155943377549
315,1.7640000000000002,1.0155943377549
316,1.7640000000000002,1.0155943377549
317,1.7640000000000002,1.0155943377549
318,1.7640000000000002,1.0155943377549
319,1.7640000000000002,1.0155943377549
320,1.7640000000000002,1.0155943377549
321,1.7640000000000002,1.0155943377549
322,1.7640000000000002,1.0155943377549
323,1.7640000000000002,1.0155943377549
324,1.7640000000000002,1.0155943377549
325,1.7640000000000002,1.0155943377549
326,1.7640000000000002,1.0155943377549
327,1.7640000000000002,1.0155943377549
328,1.7640000000000002,1.0155943377549
329,1.7640000000000002,1.0155943377549
330,1.7640000000000002,1.0155943377549
331,1.7640000000000002,1.0155943377549
332,1.7640000000000002,1.0155943377549
333,1.7640000000000002,1.0155943377549
334,1.7640000000000002,1.0155943377549
335,1.7640000000000002,1.0155943377549
336,1.7640000000000002,1.0155943377549
337,1.7640000000000002,1.0155943377549
338,1.7640000000000002,1.0155943377549
339,1.7640000000000002,1.0155943377549
340,1.7640000000000002,1.0155943377549
341,1.7640000000000002,1.0155943377549
342,1.7640000000000002,1.0155943377549
343,1.7640000000000002,1.0155943377549
344,1.7640000000000002,1.0155943377549
345,1.7640000000000002,1.0155943377549
346,1.7640000000000002,1.0155943377549
347,1.7640000000000002,1.0155943377549
348,1.7640000000000002,1.0155943377549
349,1.7640000000000002,1.0155943377549
350,1.7640000000000002,1.0155943377549
351,1.7640000000000002,1.0155943377549
352,1.7640000000000002,1.0155943377549
353,1.7640000000000002,1.0155943377549
354,1.7640000000000002,1.0155943377549
355,1.7640000000000002,1.0155943377549
356,1.7640000000000002,1.0155943377549
357,1.7640000000000002,1.0155943377549
358,1.7640000000000002,1.0155943377549
359,1.7640000000000002,1.0155943377549
360,1.7640000000000002,1.0155943377549
361,1.7640000000000002,1.0155943377549
362,1.7640000000000002,1.0155943377549
363,1.7640000000000002,1.0155943377549
364,1.7640000000000002,1.0155943377549
365,1.7640000000000002,1.0155943377549
366,1.7640000000000002,1.0155943377549
367,1.7640000000000002,1.0155943377549
368,1.7640000000000002,1.0155943377549
369,1.7640000000000002,1.0155943377549
370,1.7640000000000002,1.0155943377549
371,1.7640000000000002,1.0155943377549
372,1.7640000000000002,1.0155943377549
373,1.7640000000000002,1.0155943377549
374,1.7640000000000002,1.0155943377549
375,1.7640000000000002,1.0155943377549
376,1.7640000000000002,1.0155943377549
377,1.7640000000000002,1.0155943377549
378,1.7640000000000002,1.0155943377549
379,1.7640000000000002,1.0155943377549
380,1.7640000000000002,1.0155943377549
381,1.7640000000000002,1.0155943377549
382,1.7640000000000002,1.0155943377549
383,1.7640000000000002,1.0155943377549
384,1.7640000000000002,1.0155943377549
385,1.7640000000000002,1.0155943377549
386,1.7640000000000002,1.0155943377549
387,1.7640000000000002,1.0155943377549
388,1.7640000000000002,1.0155943377549
389,1.7640000000000002,1.0155943377549
390,1.7640000000000002,1.0155943377549
391,1.7640000000000002,1.0155943377549
392,1.7640000000000002,1.0155943377549
393,1.7640000000000002,1.0155943377549
394,1.7640000000000002,1.0155943377549
395,1.7640000000000002,1.0155943377549
396,1.7640000000000002,1.0155943377549
397,1.7640000000000002,1.0155943377549
398,1.7640000000000002,1.0155943377549
399,1.7640000000000002,1.0155943377549
400,1.7640000000000002,1.0155943377549
401,1.7640000000000002,1.0155943377549
402,1.7640000000000002,1.0155943377549
403,1.7640000000000002,1.0155943377549
404,1.7640000000000002,1.0155943377549
405,1.7640000000000002,1.0155943377549
406,1.7640000000000002,1.0155943377549
407,1.7640000000000002,1.0155943377549
408,1.7640000000000002,1.0155943377549
409,1.7640000000000002,1.0155943377549
410,1.7640000000000002,1.0155943377549
411,1.7640000000000002,1.0155943377549
412,1.7640000000000002,1.0155943377549
413,1.7640000000000002,1.0155943377549
414,1.7640000000000002,1.0155943377549
415,1.7640000000000002,1.0155943377549
416,1.7640000000000002,1.0155943377549
417,1.7640000000000002,1.0155943377549
418,1.7640000000000002,1.0155943377549
419,1.7640000000000002,1.0155943377549
420,1.7640000000000002,1.0155943377549
421,1.7640000000000002,1.0155943377549
422,1.7640000000000002,1.0155943377549
423,1.7640000000000002,1.0155943377549
424,1.7640000000000002,1.0155943377549
425,1.7640000000000002,1.0155943377549
426,1.7640000000000002,1.0155943377549
427,1.7640000000000002,1.0155943377549
428,1.7640000000000002,1.0155943377549
429,1.7640000000000002,1.0155943377549
430,1.7640000000000002,1.0155943377549
431,1.7640000000000002,1.0155943377549
432,1.7640000000000002,1.0155943377549
433,1.7640000000000002,1.0155943377549
434,1.7640000000000002,1.0155943377549
435,1.7640000000000002,1.0155943377549
436,1.7640000000000002,1.0155943377549
437,1.7640000000000002,1.0155943377549
438,1.7640000000000002,1.0155943377549
439,1.7640000000000002,1.0155943377549
440,1.7640000000000002,1.0155943377549
441,1.7640000000000002,1.0155943377549
442,1.7640000000000002,1.0155943377549
443,1.7640000000000002,1.0155943377549
444,1.7640000000000002,1.0155943377549
445,1.7640000000000002,1.0155943377549
446,1.7640000000000002,1.0155943377549
447,1.7640000000000002,1.0155943377549
448,1.7640000000000002,1.0155943377549
449,1.7640000000000002,1.0155943377549
450,1.7640000000000002,1.0155943377549
451,1.7640000000000002,1.0155943377549
452,1.7640000000000002,1.0155943377549
453,1.7640000000000002,1.0155943377549
454,1.7640000000000002,1.0155943377549
455,1.7640000000000002,1.0155943377549
456,1.7640000000000002,1.0155943377549
457,1.7640000000000002,1.0155943377549
458,1.7640000000000002,1.0155943377549
459,1.7640000000000002,1.0155943377549
460,1.7640000000000002,1.0155943377549
461,1.7640000000000002,1.0155943377549
462,1.7640000000000002,1.0155943377549
463,1.7640000000000002,1.0155943377549
464,1.7640000000000002,1.0155943377549
465,1.7640000000000002,1.0155943377549
466,1.7640000000000002,1.0155943377549
467,1.7640000000000002,1.0155943377549
468,1.7640000000000002,1.0155943377549
469,1.7640000000000002,1.0155943377549
470,1.7640000000000002,1.0155943377549
471,1.7640000000000002,1.0155943377549
472,1.7640000000000002,1.0155943377549
473,1.7640000000000002,1.0155943377549
474,1.7640000000000002,1.0155943377549
475,1.7640000000000002,1.0155943377549
476,1.7640000000000002,1.0155943377549
477,1.7640000000000002,1.0155943377549
478,1.7640000000000002,1.0155943377549
479,1.7640000000000002,1.0155943377549
480,1.7640000000000002,1.0155943377549
481,1.7640000000000002,1.0155943377549
482,1.7640000000000002,1.0155943377549
483,1.7640000000000002,1.0155943377549
484,1.7640000000000002,1.0155943377549
485,1.7640000000000002,1.0155943377549
486,1.7640000000000002,1.0155943377549
487,1.7640000000000002,1.0155943377549
488,1.7640000000000002,1.0155943377549
489,1.7640000000000002,1.0155943377549
490,1.7640000000000002,1.0155943377549
491,1.7640000000000002,1.0155943377549
492,1.7640000000000002,1.0155943377549
493,1.7640000000000002,1.0155943377549
494,1.7640000000000002,1.0155943377549
495,1.7640000000000002,1.0155943377549
496,1.7640000000000002,1.0155943377549
497,1.7640000000000002,1.0155943377549
498,1.7640000000000002,1.0155943377549
499,1.7640000000000002,1.0155943377549
500,1.7640000000000002,1.0155943377549
501,1.7640000000000002,1.0155943377549
502,1.7640000000000002,1.0155943377549
503,1.7640000000000002,1.0155943377549
504,1.7640000000000002,1.0155943377549
505,1.7640000000000002,1.0155943377549
506,1.7640000000000002,1.0155943377549
507,1.7640000000000002,1.0155943377549
508,1.7640000000000002,1.0155943377549
509,1.7640000000000002,1.0155943377549
510,1.7640000000000002,1.0155943377549
511,1.7640000000000002,1.0155943377549
512,1.7640000000000002,1.0155943377549
513,1.7640000000000002,1.0155943377549
514,1.7640000000000002,1.0155943377549
515,1.7640000000000002,1.0155943377549
516,1.7640000000000002,1.0155943377549
517,1.7640000000000002,1.0155943377549
518,1.7640000000000002,1.0155943377549
519,1.7640000000000002,1.0155943377549
520,1.7640000000000002,1.0155943377549
521,1.7640000000000002,1.0155943377549
522,1.7640000000000002,1.0155943377549
523,1.7640000000000002,1.0155943377549
524,1.7640000000000002,1.0155943377549
525,1.7640000000000002,1.0155943377549
526,1.7640000000000002,1.0155943377549
527,1.7640000000000002,1.0155943377549
528,1.7640000000000002,1.0155943377549
529,1.7640000000000002,1.0155943377549
530,1.7640000000000002,1.0155943377549
531,1.7640000000000002,1.0155943377549
532,1.7640000000000002,1.0155943377549
533,1.7640000000000002,1.0155943377549
534,1.7640000000000002,1.0155943377549
535,1.7640000000000002,1.0155943377549
536,1.7640000000000002,1.0155943377549
537,1.7640000000000002,1.0155943377549
538,1.7640000000000002,1.0155943377549
539,1.7640000000000002,1.0155943377549
540,1.7640000000000002,1.0155943377549
541,1.7640000000000002,1.0155943377549
542,1.7640000000000002,1.0155943377549
543,1.7640000000000002,1.0155943377549
544,1.7640000000000002,1.0155943377549
545,1.7640000000000002,1.0155943377549
546,1.7640000000000002,1.0155943377549
547,1.7640000000000002,1.0155943377549
548,1.7640000000000002,1.0155943377549
549,1.7640000000000002,1.0155943377549
550,1.7640000000000002,1.0155943377549
551,1.7640000000000002,1.0155943377549
552,1.7640000000000002,1.0155943377549
553,1.7640000000000002,1.0155943377549
554,1.7640000000000002,1.0155943377549
555,1.7640000000000002,1.0155943377549
556,1.7640000000000002,1.0155943377549
557,1.7640000000000002,1.0155943377549
558,1.7640000000000002,1.0155943377549
559,1.7640000000000002,1.0155943377549
560,1.7640000000000002,1.0155943377549
561,1.7640000000000002,1.0155943377549
562,1.7640000000000002,1.0155943377549
563,1.7640000000000002,1.0155943377549
564,1.7640000000000002,1.0155943377549
565,1.7640000000000002,1.0155943377549
566,1.7640000000000002,1.0155943377549
567,1.7640000000000002,1.0155943377549
568,1.7640000000000002,1.0155943377549
569,1.7640000000000002,1.0155943377549
570,1.7640000000000002,1.0155943377549
571,1.7640000000000002,1.0155943377549
572,1.7640000000000002,1.0155943377549
573,1.7640000000000002,1.0155943377549
574,1.7640000000000002,1.0155943377549
575,1.7640000000000002,1.0155943377549
576,1.7640000000000002,1.0155943377549
577,1.7640000000000002,1.0155943377549
578,1.7640000000000002,1.0155943377549
579,1.7640000000000002,1.0155943377549
580,1.7640000000000002,1.0155943377549
581,1.7640000000000002,1.0155943377549
582,1.7640000000000002,1.0155943377549
583,1.7640000000000002,1.0155943377549
584,1.7640000000000002,1.0155943377549
585,1.7640000000000002,1.0155943377549
586,1.7640000000000002,1.0155943377549
587,1.7640000000000002,1.0155943377549
588,1.7640000000000002,1.0155943377549
589,1.7640000000000002,1.0155943377549
590,1.7640000000000002,1.0155943377549
591,1.7640000000000002,1.0155943377549
592,1.7640000000000002,1.0155943377549
593,1.7640000000000002,1.0155943377549
594,1.7640000000000002,1.0155943377549
595,1.7640000000000002,1.0155943377549
596,1.7640000000000002,1.0155943377549
597,1.7640000000000002,1.0155943377549
598,1.7640000000000002,1.0155943377549
599,1.7640000000000002,1.0155943377549
600,1.7640000000000002,1.0155943377549
601,1.7640000000000002,1.0155943377549
602,1.7640000000000002,1.0155943377549
603,1.7640000000000002,1.0155943377549
604,1.7640000000000002,1.0155943377549
605,1.7640000000000002,1.0155943377549
606,1.7640000000000002,1.0155943377549
607,1.7640000000000002,1.0155943377549
608,1.7640000000000002,1.0155943377549
609,1.7640000000000002,1.0155943377549
610,1.7640000000000002,1.0155943377549
611,1.7640000000000002,1.0155943377549
612,1.7640000000000002,1.0155943377549
613,1.7640000000000002,1.0155943377549
614,1.7640000000000002,1.0155943377549
615,1.7640000000000002,1.0155943377549
616,1.7640000000000002,1.0155943377549
617,1.7640000000000002,1.0155943377549
618,1.7640000000000002,1.0155943377549
619,1.7640000000000002,1.0155943377549
620,1.7640000000000002,1.0155943377549
621,1.7640000000000002,1.0155943377549
622,1.7640000000000002,1.0155943377549
623,1.7640000000000002,1.0155943377549
624,1.7640000000000002,1.0155943377549
625,1.7640000000000002,1.0155943377549
626,1.7640000000000002,1.0155943377549
627,1.7640000000000002,1.0155943377549
628,1.7640000000000002,1.0155943377549
629,1.7640000000000002,1.0155943377549
630,1.7640000000000002,1.0155943377549
631,1.7640000000000002,1.0155943377549
632,1.7640000000000002,1.0155943377549
633,1.7640000000000002,1.0155943377549
634,1.7640000000000002,1.0155943377549
635,1.7640000000000002,1.0155943377549
636,1.7640000000000002,1.0155943377549
637,1.7640000000000002,1.0155943377549
638,1.7640000000000002,1.0155943377549
639,1.7640000000000002,1.0155943377549
640,1.7640000000000002,1.0155943377549
641,1.7640000000000002,1.0155943377549
642,1.7640000000000002,1.0155943377549
643,1.7640000000000002,1.0155943377549
644,1.7640000000000002,1.0155943377549
645,1.7640000000000002,1.0155943377549
646,1.7640000000000002,1.0155943377549
647,1.7640000000000002,1.0155943377549
648,1.7640000000000002,1.0155943377549
649,1.7640000000000002,1.0155943377549
650,1.7640000000000002,1.0155943377549
651,1.7640000000000002,1.0155943377549
652,1.7640000000000002,1.0155943377549
653,1.7640000000000002,1.0155943377549
654,1.7640000000000002,1.0155943377549
655,1.7640000000000002,1.0155943377549
656,1.7640000000000002,1.0155943377549
657,1.7640000000000002,1.0155943377549
658,1.7640000000000002,1.0155943377549
659,1.7640000000000002,1.0155943377549
660,1.7640000000000002,1.0155943377549
661,1.7640000000000002,1.0155943377549
662,1.7640000000000002,1.0155943377549
663,1.7640000000000002,1.0155943377549
664,1.7640000000000002,1.0155943377549
665,1.7640000000000002,1.0155943377549
666,1.7640000000000002,1.0155943377549
667,1.7640000000000002,1.0155943377549
668,1.7640000000000002,1.0155943377549
669,1.7640000000000002,1.0155943377549
670,1.7640000000000002,1.0155943377549
671,1.7640000000000002,1.0155943377549
672,1.7640000000000002,1.0155943377549
673,1.7640000000000002,1.0155943377549
674,1.7640000000000002,1.0155943377549
675,1.7640000000000002,1.0155943377549
676,1.7640000000000002,1.0155943377549
677,1.7640000000000002,1.0155943377549
678,1.7640000000000002,1.0155943377549
679,1.7640000000000002,1.0155943377549
680,1.7640000000000002,1.0155943377549
681,1.7640000000000002,1.0155943377549
682,1.7640000000000002,1.0155943377549
683,1.7640000000000002,1.0155943377549
684,1.7640000000000002,1.0155943377549
685,1.7640000000000002,1.0155943377549
686,1.7640000000000002,1.0155943377549
687,1.7640000000000002,1.0155943377549
688,1.7640000000000002,1.0155943377549
689,1.7640000000000002,1.0155943377549
690,1.7640000000000002,1.0155943377549
691,1.7640000000000002,1.0155943377549
692,1.7640000000000002,1.0155943377549
693,1.7640000000000002,1.0155943377549
694,1.7640000000000002,1.0155943377549
695,1.7640000000000002,1.0155943377549
696,1.7640000000000002,1.0155943377549
697,1.7640000000000002,1.0155943377549
698,1.7640000000000002,1.0155943377549
699,1.7640000000000002,1.0155943377549
700,1.7640000000000002,1.0155943377549
701,1.7640000000000002,1.0155943377549
702,1.7640000000000002,1.0155943377549
703,1.7640000000000002,1.0155943377549
704,1.7640000000000002,1.0155943377549
705,1.7640000000000002,1.0155943377549
706,1.7640000000000002,1.0155943377549
707,1.7640000000000002,1.0155943377549
708,1.7640000000000002,1.0155943377549
709,1.7640000000000002,1.0155943377549
710,1.7640000000000002,1.0155943377549
711,1.7640000000000002,1.0155943377549
712,1.7640000000000002,1.0155943377549
713,1.7640000000000002,1.0155943377549
714,1.7640000000000002,1.0155943377549
715,1.7640000000000002,1.0155943377549
716,1.7640000000000002,1.0155943377549
717,1.7640000000000002,1.0155943377549
718,1.7640000000000002,1.0155943377549
719,1.7640000000000002,1.0155943377549
720,1.7640000000000002,1.0155943377549
721,1.7640000000000002,1.0155943377549
722,1.7640000000000002,1.0155943377549
723,1.7640000000000002,1.0155943377549
724,1.7640000000000002,1.0155943377549
725,1.7640000000000002,1.0155943377549
726,1.7640000000000002,1.0155943377549
727,1.7640000000000002,1.0155943377549
728,1.7640000000000002,1.0155943377549
729,1.7640000000000002,1.0155943377549
730,1.7640000000000002,1.0155943377549
731,1.7640000000000002,1.0155943377549
732,1.7640000000000002,1.0155943377549
733,1.7640000000000002,1.0155943377549
734,1.7640000000000002,1.0155943377549
735,1.7640000000000002,1.0155943377549
736,1.7640000000000002,1.0155943377549
737,1.7640000000000002,1.0155943377549
738,1.7640000000000002,1.0155943377549
739,1.7640000000000002,1.0155943377549
740,1.7640000000000002,1.0155943377549
741,1.7640000000000002,1.0155943377549
742,1.7640000000000002,1.0155943377549
743,1.7640000000000002,1.0155943377549
744,1.7640000000000002,1.0155943377549
745,1.7640000000000002,1.0155943377549
746,1.7640000000000002,1.0155943377549
747,1.7640000000000002,1.0155943377549
748,1.7640000000000002,1.0155943377549
749,1.7640000000000002,1.0155943377549
750,1.7640000000000002,1.0155943377549
751,1.7640000000000002,1.0155943377549
752,1.7640000000000002,1.0155943377549
753,1.7640000000000002,1.0155943377549
754,1.7640000000000002,1.0155943377549
755,1.7640000000000002,1.0155943377549
756,1.7640000000000002,1.0155943377549
757,1.7640000000000002,1.0155943377549
758,1.7640000000000002,1.0155943377549
759,1.7640000000000002,1.0155943377549
760,1.7640000000000002,1.0155943377549
761,1.7640000000000002,1.0155943377549
762,1.7640000000000002,1.0155943377549
763,1.7640000000000002,1.0155943377549
764,1.7640000000000002,1.0155943377549
765,1.7640000000000002,1.0155943377549
766,1.7640000000000002,1.0155943377549
767,1.7640000000000002,1.0155943377549
768,1.7640000000000002,1.0155943377549
769,1.7640000000000002,1.0155943377549
770,1.7640000000000002,1.0155943377549
771,1.7640000000000002,1.0155943377549
772,1.7640000000000002,1.0155943377549
773,1.7640000000000002,1.0155943377549
774,1.7640000000000002,1.0155943377549
775,1.7640000000000002,1.0155943377549
776,1.7640000000000002,1.0155943377549
777,1.7640000000000002,1.0155943377549
778,1.7640000000000002,1.0155943377549
779,1.7640000000000002,1.0155943377549
780,1.7640000000000002,1.0155943377549
781,1.7640000000000002,1.0155943377549
782,1.7640000000000002,1.0155943377549
783,1.7640000000000002,1.0155943377549
784,1.7640000000000002,1.0155943377549
785,1.7640000000000002,1.0155943377549
786,1.7640000000000002,1.0155943377549
787,1.7640000000000002,1.0155943377549
788,1.7640000000000002,1.0155943377549
789,1.7640000000000002,1.0155943377549
790,1.7640000000000002,1.0155943377549
791,1.7640000000000002,1.0155943377549
792,1.7640000000000002,1.0155943377549
793,1.7640000000000002,1.0155943377549
794,1.7640000000000002,1.0155943377549
795,1.7640000000000002,1.0155943377549
796,1.7640000000000002,1.0155943377549
797,1.7640000000000002,1.0155943377549
798,1.7640000000000002,1.0155943377549
799,1.7640000000000002,1.0155943377549
800,1.7640000000000002,1.0155943377549
801,1.7640000000000002,1.0155943377549
802,1.7640000000000002,1.0155943377549
803,1.7640000000000002,1.0155943377549
804,1.7640000000000002,1.0155943377549
805,1.7640000000000002,1.0155943377549
806,1.7640000000000002,1.0155943377549
807,1.7640000000000002,1.0155943377549
808,1.7640000000000002,1.0155943377549
809,1.7640000000000002,1.0155943377549
810,1.7640000000000002,1.0155943377549
811,1.7640000000000002,1.0155943377549
812,1.7640000000000002,1.0155943377549
813,1.7640000000000002,1.0155943377549
814,1.7640000000000002,1.0155943377549
815,1.7640000000000002,1.0155943377549
816,1.7640000000000002,1.0155943377549
817,1.7640000000000002,1.0155943377549
818,1.7640000000000002,1.0155943377549
819,1.7640000000000002,1.0155943377549
820,1.7640000000000002,1.0155943377549
821,1.7640000000000002,1.0155943377549
822,1.7640000000000002,1.0155943377549
823,1.7640000000000002,1.0155943377549
824,1.7640000000000002,1.0155943377549
825,1.7640000000000002,1.0155943377549
826,1.7640000000000002,1.0155943377549
827,1.7640000000000002,1.0155943377549
828,1.7640000000000002,1.0155943377549
829,1.7640000000000002,1.0155943377549
830,1.7640000000000002,1.0155943377549
831,1.7640000000000002,1.0155943377549
832,1.7640000000000002,1.0155943377549
833,1.7640000000000002,1.0155943377549
834,1.7640000000000002,1.0155943377549
835,1.7640000000000002,1.0155943377549
836,1.7640000000000002,1.0155943377549
837,1.7640000000000002,1.0155943377549
838,1.7640000000000002,1.0155943377549
839,1.7640000000000002,1.0155943377549
840,1.7640000000000002,1.0155943377549
841,1.7640000000000002,1.0155943377549
842,1.7640000000000002,1.0155943377549
843,1.7640000000000002,1.0155943377549
844,1.7640000000000002,1.0155943377549
845,1.7640000000000002,1.0155943377549
846,1.7640000000000002,1.0155943377549
847,1.7640000000000002,1.0155943377549
848,1.7640000000000002,1.0155943377549
849,1.7640000000000002,1.0155943377549
850,1.7640000000000002,1.0155943377549
851,1.7640000000000002,1.0155943377549
852,1.7640000000000002,1.0155943377549
853,1.7640000000000002,1.0155943377549
854,1.7640000000000002,1.0155943377549
855,1.7640000000000002,1.0155943377549
856,1.7640000000000002,1.0155943377549
857,1.7640000000000002,1.0155943377549
858,1.7640000000000002,1.0155943377549
859,1.7640000000000002,1.0155943377549
860,1.7640000000000002,1.0155943377549
861,1.7640000000000002,1.0155943377549
862,1.7640000000000002,1.0155943377549
863,1.7640000000000002,1.0155943377549
864,1.7640000000000002,1.0155943377549
865,1.7640000000000002,1.0155943377549
866,1.7640000000000002,1.0155943377549
867,1.7640000000000002,1.0155943377549
868,1.7640000000000002,1.0155943377549
869,1.7640000000000002,1.0155943377549
870,1.7640000000000002,1.0155943377549
871,1.7640000000000002,1.0155943377549
872,1.7640000000000002,1.0155943377549
873,1.7640000000000002,1.0155943377549
874,1.7640000000000002,1.0155943377549
875,1.7640000000000002,1.0155943377549
876,1.7640000000000002,1.0155943377549
877,1.7640000000000002,1.0155943377549
878,1.7640000000000002,1.0155943377549
879,1.7640000000000002,1.0155943377549
880,1.7640000000000002,1.0155943377549
881,1.7640000000000002,1.0155943377549
882,1.7640000000000002,1.0155943377549
883,1.7640000000000002,1.0155943377549
884,1.7640000000000002,1.0155943377549
885,1.7640000000000002,1.0155943377549
886,1.7640000000000002,1.0155943377549
887,1.7640000000000002,1.0155943377549
888,1.7640000000000002,1.0155943377549
889,1.7640000000000002,1.0155943377549
890,1.7640000000000002,1.0155943377549
891,1.7640000000000002,1.0155943377549
892,1.7640000000000002,1.0155943377549
893,1.7640000000000002,1.0155943377549
894,1.7640000000000002,1.0155943377549
895,1.7640000000000002,1.0155943377549
896,1.7640000000000002,1.0155943377549
897,1.7640000000000002,1.0155943377549
898,1.7640000000000002,1.0155943377549
899,1.7640000000000002,1.0155943377549
900,1.7640000000000002,1.0155943377549
901,1.7640000000000002,1.0155943377549
902,1.7640000000000002,1.0155943377549
903,1.7640000000000002,1.0155943377549
904,1.7640000000000002,1.0155943377549
905,1.7640000000000002,1.0155943377549
906,1.7640000000000002,1.0155943377549
907,1.7640000000000002,1.0155943377549
908,1.7640000000000002,1.0155943377549
909,1.7640000000000002,1.0155943377549
910,1.7640000000000002,1.0155943377549
911,1.7640000000000002,1.0155943377549
912,1.7640000000000002,1.0155943377549
913,1.7640000000000002,1.0155943377549
914,1.7640000000000002,1.0155943377549
915,1.7640000000000002,1.0155943377549
916,1.7640000000000002,1.0155943377549
917,1.7640000000000002,1.0155943377549
918,1.7640000000000002,1.0155943377549
919,1.7640000000000002,1.0155943377549
920,1.7640000000000002,1.0155943377549
921,1.7640000000000002,1.0155943377549
922,1.7640000000000002,1.0155943377549
923,1.7640000000000002,1.0155943377549
924,1.7640000000000002,1.0155943377549
925,1.7640000000000002,1.0155943377549
926,1.7640000000000002,1.0155943377549
927,1.7640000000000002,1.0155943377549
928,1.7640000000000002,1.0155943377549
929,1.7640000000000002,1.0155943377549
930,1.7640000000000002,1.0155943377549
931,1.7640000000000002,1.0155943377549
932,1.7640000000000002,1.0155943377549
933,1.7640000000000002,1.0155943377549
934,1.7640000000000002,1.0155943377549
935,1.7640000000000002,1.0155943377549
936,1.7640000000000002,1.0155943377549
937,1.7640000000000002,1.0155943377549
938,1.7640000000000002,1.0155943377549
939,1.7640000000000002,1.0155943377549
940,1.7640000000000002,1.0155943377549
941,1.7640000000000002,1.0155943377549
942,1.7640000000000002,1.0155943377549
943,1.7640000000000002,1.0155943377549
944,1.7640000000000002,1.0155943377549
945,1.7640000000000002,1.0155943377549
946,1.7640000000000002,1.0155943377549
947,1.7640000000000002,1.0155943377549
948,1.7640000000000002,1.0155943377549
949,1.7640000000000002,1.0155943377549
950,1.7640000000000002,1.0155943377549
951,1.7640000000000002,1.0155943377549
952,1.7640000000000002,1.0155943377549
953,1.7640000000000002,1.0155943377549
954,1.7640000000000002,1.0155943377549
955,1.7640000000000002,1.0155943377549
956,1.7640000000000002,1.0155943377549
957,1.7640000000000002,1.0155943377549
958,1.7640000000000002,1.0155943377549
959,1.7640000000000002,1.0155943377549
960,1.7640000000000002,1.0155943377549
961,1.7640000000000002,1.0155943377549
962,1.7640000000000002,1.0155943377549
963,1.7640000000000002,1.0155943377549
964,1.7640000000000002,1.0155943377549
965,1.7640000000000002,1.0155943377549
966,1.7640000000000002,1.0155943377549
967,1.7640000000000002,1.0155943377549
968,1.7640000000000002,1.0155943377549
969,1.7640000000000002,1.0155943377549
970,1.7640000000000002,1.0155943377549
971,1.7640000000000002,1.0155943377549
972,1.7640000000000002,1.0155943377549
973,1.7640000000000002,1.0155943377549
974,1.7640000000000002,1.0155943377549
975,1.7640000000000002,1.0155943377549
976,1.7640000000000002,1.0155943377549
977,1.7640000000000002,1.0155943377549
978,1.7640000000000002,1.0155943377549
979,1.7640000000000002,1.0155943377549
980,1.7640000000000002,1.0155943377549
981,1.7640000000000002,1.0155943377549
982,1.7640000000000002,1.0155943377549
983,1.7640000000000002,1.0155943377549
984,1.7640000000000002,1.0155943377549
985,1.7640000000000002,1.0155943377549
986,1.7640000000000002,1.0155943377549
987,1.7640000000000002,1.0155943377549
988,1.7640000000000002,1.0155943377549
989,1.7640000000000002,1.0155943377549
990,1.7640000000000002,1.0155943377549
991,1.7640000000000002,1.0155943377549
992,1.7640000000000002,1.0155943377549
993,1.7640000000000002,1.0155943377549
994,1.7640000000000002,1.0155943377549
995,1.7640000000000002,1.0155943377549
996,1.7640000000000002,1.0155943377549
997,1.7640000000000002,1.0155943377549
998,1.7640000000000002,1.0155943377549
999,1.7640000000000002,1.0155943377549
1000,1.7640000000000002,1.0155943377549
1001,1.7640000000000002,1.0155943377549
1002,1.7640000000000002,1.0155943377549
1003,1.7640000000000002,1.0155943377549
1004,1.7640000000000002,1.0155943377549
1005,1.7640000000000002,1.0155943377549
1006,1.7640000000000002,1.0155943377549
1007,1.7640000000000002,1.0155943377549
1008,1.7640000000000002,1.0155943377549
1009,1.7640000000000002,1.0155943377549
1010,1.7640000000000002,1.0155943377549
1011,1.7640000000000002,1.0155943377549
1012,1.7640000000000002,1.0155943377549
1013,1.7640000000000002,1.0155943377549
1014,1.7640000000000002,1.0155943377549
1015,1.7640000000000002,1.0155943377549
1016,1.7640000000000002,1.0155943377549
1017,1.7640000000000002,1.0155943377549
1018,1.7640000000000002,1.0155943377549
1019,1.7640000000000002,1.0155943377549
1020,1.7640000000000002,1.0155943377549
1021,1.7640000000000002,1.0155943377549
1022,1.7640000000000002,1.0155943377549
1023,1.7640000000000002,1.0155943377549
1024,1.7640000000000002,1.0155943377549
1025,1.7640000000000002,1.0155943377549
1026,1.7640000000000002,1.0155943377549
1027,1.7640000000000002,1.0155943377549
1028,1.7640000000000002,1.0155943377549
1029,1.7640000000000002,1.0155943377549
1030,1.7640000000000002,1.0155943377549
1031,1.7640000000000002,1.0155943377549
1032,1.7640000000000002,1.0155943377549
1033,1.7640000000000002,1.0155943377549
1034,1.7640000000000002,1.0155943377549
1035,1.7640000000000002,1.0155943377549
1036,1.7640000000000002,1.0155943377549
1037,1.7640000000000002,1.0155943377549
1038,1.6500000000000001,1.0155943377549
1039,1.6500000000000001,1.0155943377549
1040,1.6500000000000001,1.0155943377549
1041,1.6500000000000001,1.0155943377549
1042,1.6500000000000001,1.0155943377549
1043,1.6500000000000001,1.0155943377549
1044,1.6500000000000001,1.0155943377549
1045,1.6500000000000001,1.0155943377549
1046,1.6500000000000001,1.0155943377549
1047,1.6500000000000001,1.0155943377549
1048,1.6500000000000001,1.0155943377549
1049,1.6500000000000001,1.0155943377549
1050,1.6500000000000001,1.0155943377549
1051,1.6500000000000001,1.0155943377549
1052,1.6500000000000001,1.0155943377549
1053,1.6500000000000001,1.0155943377549
1054,1.6500000000000001,1.0155943377549
1055,1.6500000000000001,1.0155943377549
1056,1.6500000000000001,1.0155943377549
1057,1.6500000000000001,1.0155943377549
1058,1.6500000000000001,1.0155943377549
1059,1.6500000000000001,1.0155943377549
1060,1.6500000000000001,1.0155943377549
1061,1.6500000000000001,1.0155943377549
1062,1.6500000000000001,1.0155943377549
1063,1.6500000000000001,1.0155943377549
1064,1.6500000000000001,1.0155943377549
1065,1.6500000000000001,1.0155943377549
1066,1.6500000000000001,1.0155943377549
1067,1.6500000000000001,1.0155943377549
1068,1.6500000000000001,1.0155943377549
1069,1.6500000000000001,1.0155943377549
1070,1.6500000000000001,1.0155943377549
1071,1.6500000000000001,1.0155943377549
1072,1.6500000000000001,1.0155943377549
1073,1.6500000000000001,1.0155943377549
1074,1.6500000000000001,1.0155943377549
1075,1.6500000000000001,1.0155943377549
1076,1.6500000000000001,1.0155943377549
1077,1.6500000000000001,1.0155943377549
1078,1.6500000000000001,1.0155943377549
1079,1.6500000000000001,1.0155943377549
1080,1.6500000000000001,1.0155943377549
1081,1.6500000000000001,1.0155943377549
1082,1.6500000000000001,1.0155943377549
1083,1.6500000000000001,1.0155943377549
1084,1.6500000000000001,1.0155943377549
1085,1.6500000000000001,1.0155943377549
1086,1.6500000000000001,1.0155943377549
1087,1.6500000000000001,1.0155943377549
1088,1.6500000000000001,1.0155943377549
1089,1.6500000000000001,1.0155943377549
1090,1.6500000000000001,1.0155943377549
1091,1.6500000000000001,1.0155943377549
1092,1.6500000000000001,1.0155943377549
1093,1.6500000000000001,1.0155943377549
1094,1.6500000000000001,1.0155943377549
1095,1.6500000000000001,1.0155943377549
1096,1.6500000000000001,1.0155943377549
1097,1.6500000000000001,1.0155943377549
1098,1.6500000000000001,1.0155943377549
1099,1.6500000000000001,1.0155943377549
1100,1.6500000000000001,1.0155943377549
1101,1.6500000000000001,1.0155943377549
1102,1.6500000000000001,1.0155943377549
1103,1.6500000000000001,1.0155943377549
1104,1.6500000000000001,1.0155943377549
1105,1.6500000000000001,1.0155943377549
1106,1.6500000000000001,1.0155943377549
1107,1.6500000000000001,1.0155943377549
1108,1.6500000000000001,1.0155943377549
1109,1.6500000000000001,1.0155943377549
1110,1.6500000000000001,1.0155943377549
1111,1.6500000000000001,1.0155943377549
1112,1.6500000000000001,1.0155943377549
1113,1.6500000000000001,1.0155943377549
1114,1.6500000000000001,1.0155943377549
1115,1.6500000000000001,1.0155943377549
1116,1.6500000000000001,1.0155943377549
1117,1.6500000000000001,1.0155943377549
1118,1.6500000000000001,1.0155943377549
1119,1.6500000000000001,1.0155943377549
1120,1.6500000000000001,1.0155943377549
1121,1.6500000000000001,1.0155943377549
1122,1.6500000000000001,1.0155943377549
1123,1.6500000000000001,1.0155943377549
1124,1.6500000000000001,1.0155943377549
1125,1.6500000000000001,1.0155943377549
1126,1.6500000000000001,1.0155943377549
1127,1.6500000000000001,1.0155943377549
1128,1.6500000000000001,1.0155943377549
1129,1.6500000000000001,1.0155943377549
1130,1.6500000000000001,1.0155943377549
1131,1.6500000000000001,1.0155943377549
1132,1.6500000000000001,1.0155943377549
1133,1.6500000000000001,1.0155943377549
1134,1.6500000000000001,1.0155943377549
1135,1.6500000000000001,1.0155943377549
1136,1.6500000000000001,1.0155943377549
1137,1.6500000000000001,1.0155943377549
1138,1.6500000000000001,1.0155943377549
1139,1.6500000000000001,1.0155943377549
1140,1.6500000000000001,1.0155943377549
1141,1.6500000000000001,1.0155943377549
1142,1.6500000000000001,1.0155943377549
1143,1.6500000000000001,1.0155943377549
1144,1.6500000000000001,1.0155943377549
1145,1.6500000000000001,1.0155943377549
1146,1.6500000000000001,1.0155943377549
1147,1.6500000000000001,1.0155943377549
1148,1.6500000000000001,1.0155943377549
1149,1.6500000000000001,1.0155943377549
1150,1.6500000000000001,1.0155943377549
1151,1.6500000000000001,1.0155943377549
1152,1.6500000000000001,1.0155943377549
1153,1.6500000000000001,1.0155943377549
1154,1.6500000000000001,1.0155943377549
1155,1.6500000000000001,1.0155943377549
1156,1.6500000000000001,1.0155943377549
1157,1.6500000000000001,1.0155943377549
1158,1.6500000000000001,1.0155943377549
1159,1.6500000000000001,1.0155943377549
1160,1.6500000000000001,1.0155943377549
1161,1.6500000000000001,1.0155943377549
1162,1.6500000000000001,1.0155943377549
1163,1.6500000000000001,1.0155943377549
1164,1.6500000000000001,1.0155943377549
1165,1.6500000000000001,1.0155943377549
1166,1.6500000000000001,1.0155943377549
1167,1.6500000000000001,1.0155943377549
1168,1.6500000000000001,1.0155943377549
1169,1.6500000000000001,1.0155943377549
1170,1.6500000000000001,1.0155943377549
1171,1.6500000000000001,1.0155943377549
1172,1.6500000000000001,1.0155943377549
1173,1.6500000000000001,1.0155943377549
1174,1.6500000000000001,1.0155943377549
1175,1.6500000000000001,1.0155943377549
1176,1.6500000000000001,1.0155943377549
1177,1.6500000000000001,1.0155943377549
1178,1.6500000000000001,1.0155943377549
1179,1.6500000000000001,1.0155943377549
1180,1.6500000000000001,1.0155943377549
1181,1.6500000000000001,1.0155943377549
1182,1.6500000000000001,1.0155943377549
1183,1.6500000000000001,1.0155943377549
1184,1.6500000000000001,1.0155943377549
1185,1.6500000000000001,1.0155943377549
1186,1.6500000000000001,1.0155943377549
1187,1.6500000000000001,1.0155943377549
1188,1.6500000000000001,1.0155943377549
1189,1.6500000000000001,1.0155943377549
1190,1.6500000000000001,1.0155943377549
1191,1.6500000000000001,1.0155943377549
1192,1.6500000000000001,1.0155943377549
1193,1.6500000000000001,1.0155943377549
1194,1.6500000000000001,1.0155943377549
1195,1.6500000000000001,1.0155943377549
1196,1.6500000000000001,1.0155943377549
1197,1.6500000000000001,1.0155943377549
1198,1.6500000000000001,1.0155943377549
1199,1.6500000000000001,1.0155943377549
1200,1.6500000000000001,1.0155943377549
1201,1.6500000000000001,1.0155943377549
1202,1.6500000000000001,1.0155943377549
1203,1.6500000000000001,1.0155943377549
1204,1.6500000000000001,1.0155943377549
1205,1.6500000000000001,1.0155943377549
1206,1.6500000000000001,1.0155943377549
1207,1.6500000000000001,1.0155943377549
1208,1.6500000000000001,1.0155943377549
1209,1.6500000000000001,1.0155943377549
1210,1.6500000000000001,1.0155943377549
1211,1.6500000000000001,1.0155943377549
1212,1.6500000000000001,1.0155943377549
1213,1.6500000000000001,1.0155943377549
1214,1.6500000000000001,1.0155943377549
1215,1.6500000000000001,1.0155943377549
1216,1.6500000000000001,1.0155943377549
1217,1.6500000000000001,1.0155943377549
1218,1.6500000000000001,1.0155943377549
1219,1.6500000000000001,1.0155943377549
1220,1.6500000000000001,1.0155943377549
1221,1.6500000000000001,1.0155943377549
1222,1.6500000000000001,1.0155943377549
1223,1.6500000000000001,1.0155943377549
1224,1.6500000000000001,1.0155943377549
1225,1.6500000000000001,1.0155943377549
1226,1.6500000000000001,1.0155943377549
1227,1.6500000000000001,1.0155943377549
1228,1.6500000000000001,1.0155943377549
1229,1.6500000000000001,1.0155943377549
1230,1.6500000000000001,1.0155943377549
1231,1.6500000000000001,1.0155943377549
1232,1.6500000000000001,1.0155943377549
1233,1.6500000000000001,1.0155943377549
1234,1.6500000000000001,1.0155943377549
1235,1.6500000000000001,1.0155943377549
1236,1.6500000000000001,1.0155943377549
1237,1.6500000000000001,1.0155943377549
1238,1.6500000000000001,1.0155943377549
1239,1.6500000000000001,1.0155943377549
1240,1.6500000000000001,1.0155943377549
1241,1.6500000000000001,1.0155943377549
1242,1.6500000000000001,1.0155943377549
1243,1.6500000000000001,1.0155943377549
1244,1.6500000000000001,1.0155943377549
1245,1.6500000000000001,1.0155943377549
1246,1.6500000000000001,1.0155943377549
1247,1.6500000000000001,1.0155943377549
1248,1.6500000000000001,1.0155943377549
1249,1.6500000000000001,1.0155943377549
1250,1.6500000000000001,1.0155943377549
1251,1.6500000000000001,1.0155943377549
1252,1.6500000000000001,1.0155943377549
1253,1.6500000000000001,1.0155943377549
1254,1.6500000000000001,1.0155943377549
1255,1.6500000000000001,1.0155943377549
1256,1.6500000000000001,1.0155943377549
1257,1.6500000000000001,1.0155943377549
1258,1.6500000000000001,1.0155943377549
1259,1.6500000000000001,1.0155943377549
1260,1.6500000000000001,1.0155943377549
1261,1.6500000000000001,1.0155943377549
1262,1.6500000000000001,1.0155943377549
1263,1.6500000000000001,1.0155943377549
1264,1.6500000000000001,1.0155943377549
1265,1.6500000000000001,1.0155943377549
1266,1.6500000000000001,1.0155943377549
1267,1.6500000000000001,1.0155943377549
1268,1.6500000000000001,1.0155943377549
1269,1.6500000000000001,1.0155943377549
1270,1.6500000000000001,1.0155943377549
1271,1.6500000000000001,1.0155943377549
1272,1.6500000000000001,1.0155943377549
1273,1.6500000000000001,1.0155943377549
1274,1.6500000000000001,1.0155943377549
1275,1.6500000000000001,1.0155943377549
1276,1.6500000000000001,1.0155943377549
1277,1.6500000000000001,1.0155943377549
1278,1.6500000000000001,1.0155943377549
1279,1.6500000000000001,1.0155943377549
1280,1.6500000000000001,1.0155943377549
1281,1.6500000000000001,1.0155943377549
1282,1.6500000000000001,1.0155943377549
1283,1.6500000000000001,1.0155943377549
1284,1.6500000000000001,1.0155943377549
1285,1.6500000000000001,1.0155943377549
1286,1.6500000000000001,1.0155943377549
1287,1.6500000000000001,1.0155943377549
1288,1.6500000000000001,1.0155943377549
1289,1.6500000000000001,1.0155943377549
1290,1.6500000000000001,1.0155943377549
1291,1.6500000000000001,1.0155943377549
1292,1.6500000000000001,1.0155943377549
1293,1.6500000000000001,1.0155943377549
1294,1.6500000000000001,1.0155943377549
1295,1.6500000000000001,1.0155943377549
1296,1.6500000000000001,1.0155943377549
1297,1.6500000000000001,1.0155943377549
1298,1.6500000000000001,1.0155943377549
1299,1.6500000000000001,1.0155943377549
1300,1.6500000000000001,1.0155943377549
1301,1.6500000000000001,1.0155943377549
1302,1.6500000000000001,1.0155943377549
1303,1.6500000000000001,1.0155943377549
1304,1.6500000000000001,1.0155943377549
1305,1.6500000000000001,1.0155943377549
1306,1.6500000000000001,1.0155943377549
1307,1.6500000000000001,1.0155943377549
1308,1.6500000000000001,1.0155943377549
1309,1.6500000000000001,1.0155943377549
1310,1.6500000000000001,1.0155943377549
1311,1.6500000000000001,1.0155943377549
1312,1.6500000000000001,1.0155943377549
1313,1.6500000000000001,1.0155943377549
1314,1.6500000000000001,1.0155943377549
1315,1.6500000000000001,1.0155943377549
1316,1.6500000000000001,1.0155943377549
1317,1.6500000000000001,1.0155943377549
1318,1.6500000000000001,1.0155943377549
1319,1.6500000000000001,1.0155943377549
1320,1.6500000000000001,1.0155943377549
1321,1.6500000000000001,1.0155943377549
1322,1.6500000000000001,1.0155943377549
1323,1.6500000000000001,1.0155943377549
1324,1.6500000000000001,1.0155943377549
1325,1.6500000000000001,1.0155943377549
1326,1.6500000000000001,1.0155943377549
1327,1.6500000000000001,1.0155943377549
1328,1.6500000000000001,1.0155943377549
1329,1.6500000000000001,1.0155943377549
1330,1.6500000000000001,1.0155943377549
1331,1.6500000000000001,1.0155943377549
1332,1.6500000000000001,1.0155943377549
1333,1.6500000000000001,1.0155943377549
1334,1.6500000000000001,1.0155943377549
1335,1.6500000000000001,1.0155943377549
1336,1.6500000000000001,1.0155943377549
1337,1.6500000000000001,1.0155943377549
1338,1.6500000000000001,1.0155943377549
1339,1.6500000000000001,1.0155943377549
1340,1.6500000000000001,1.0155943377549
1341,1.6500000000000001,1.0155943377549
1342,1.6500000000000001,1.0155943377549
1343,1.6500000000000001,1.0155943377549
1344,1.6500000000000001,1.0155943377549
1345,1.6500000000000001,1.0155943377549
1346,1.6500000000000001,1.0155943377549
1347,1.6500000000000001,1.0155943377549
1348,1.6500000000000001,1.0155943377549
1349,1.6500000000000001,1.0155943377549
1350,1.6500000000000001,1.0155943377549
1351,1.6500000000000001,1.0155943377549
1352,1.6500000000000001,1.0155943377549
1353,1.6500000000000001,1.0155943377549
1354,1.6500000000000001,1.0155943377549
1355,1.6500000000000001,1.0155943377549
1356,1.6500000000000001,1.0155943377549
1357,1.6500000000000001,1.0155943377549
1358,1.6500000000000001,1.0155943377549
1359,1.6500000000000001,1.0155943377549
1360,1.6500000000000001,1.0155943377549
1361,1.6500000000000001,1.0155943377549
1362,1.6500000000000001,1.0155943377549
1363,1.6500000000000001,1.0155943377549
1364,1.6500000000000001,1.0155943377549
1365,1.6500000000000001,1.0155943377549
1366,1.6500000000000001,1.0155943377549
1367,1.6500000000000001,1.0155943377549
1368,1.6500000000000001,1.0155943377549
1369,1.6500000000000001,1.0155943377549
1370,1.6500000000000001,1.0155943377549
1371,1.6500000000000001,1.0155943377549
1372,1.6500000000000001,1.0155943377549
1373,1.6500000000000001,1.0155943377549
1374,1.6500000000000001,1.0155943377549
1375,1.6500000000000001,1.0155943377549
1376,1.6500000000000001,1.0155943377549
1377,1.6500000000000001,1.0155943377549
1378,1.6500000000000001,1.0155943377549
1379,1.6500000000000001,1.0155943377549
1380,1.6500000000000001,1.0155943377549
1381,1.6500000000000001,1.0155943377549
1382,1.6500000000000001,1.0155943377549
1383,1.6500000000000001,1.0155943377549
1384,1.6500000000000001,1.0155943377549
1385,1.6500000000000001,1.0155943377549
1386,1.6500000000000001,1.0155943377549
1387,1.6500000000000001,1.0155943377549
1388,1.6500000000000001,1.0155943377549
1389,1.6500000000000001,1.0155943377549
1390,1.6500000000000001,1.0155943377549
1391,1.6500000000000001,1.0155943377549
1392,1.6500000000000001,1.0155943377549
1393,1.6500000000000001,1.0155943377549
1394,1.6500000000000001,1.0155943377549
1395,1.6500000000000001,1.0155943377549
1396,1.6500000000000001,1.0155943377549
1397,1.6500000000000001,1.0155943377549
1398,1.6500000000000001,1.0155943377549
1399,1.6500000000000001,1.0155943377549
1400,1.6500000000000001,1.0155943377549
1401,1.6500000000000001,1.0155943377549
1402,1.6500000000000001,1.0155943377549
1403,1.6500000000000001,1.0155943377549
1404,1.6500000000000001,1.0155943377549
1405,1.6500000000000001,1.0155943377549
1406,1.6500000000000001,1.0155943377549
1407,1.6500000000000001,1.0155943377549
1408,1.6500000000000001,1.0155943377549
1409,1.6500000000000001,1.0155943377549
1410,1.6500000000000001,1.0155943377549
1411,1.6500000000000001,1.0155943377549
1412,1.6500000000000001,1.0155943377549
1413,1.6500000000000001,1.0155943377549
1414,1.6500000000000001,1.0155943377549
1415,1.6500000000000001,1.0155943377549
1416,1.6500000000000001,1.0155943377549
1417,1.6500000000000001,1.0155943377549
1418,1.6500000000000001,1.0155943377549
1419,1.6500000000000001,1.0155943377549
1420,1.6500000000000001,1.0155943377549
1421,1.6500000000000001,1.0155943377549
1422,1.6500000000000001,1.0155943377549
1423,1.6500000000000001,1.0155943377549
1424,1.6500000000000001,1.0155943377549
1425,1.6500000000000001,1.0155943377549
1426,1.6500000000000001,1.0155943377549
1427,1.6500000000000001,1.0155943377549
1428,1.6500000000000001,1.0155943377549
1429,1.6500000000000001,1.0155943377549
1430,1.6500000000000001,1.0155943377549
1431,1.6500000000000001,1.0155943377549
1432,1.6500000000000001,1.0155943377549
1433,1.6500000000000001,1.0155943377549
1434,1.6500000000000001,1.0155943377549
1435,1.6500000000000001,1.0155943377549
1436,1.6500000000000001,1.0155943377549
1437,1.6500000000000001,1.0155943377549
1438,1.6500000000000001,1.0155943377549
1439,1.6500000000000001,1.0155943377549
1440,1.6500000000000001,1.0155943377549
1441,1.6500000000000001,1.0155943377549
1442,1.6500000000000001,1.0155943377549
1443,1.6500000000000001,1.0155943377549
1444,1.6500000000000001,1.0155943377549
1445,1.6500000000000001,1.0155943377549
1446,1.6500000000000001,1.0155943377549
1447,1.6500000000000001,1.0155943377549
1448,1.6500000000000001,1.0155943377549
1449,1.6500000000000001,1.0155943377549
1450,1.6500000000000001,1.0155943377549
1451,1.6500000000000001,1.0155943377549
1452,1.6500000000000001,1.0155943377549
1453,1.6500000000000001,1.0155943377549
1454,1.6500000000000001,1.0155943377549
1455,1.6500000000000001,1.0155943377549
1456,1.6500000000000001,1.0155943377549
1457,1.6500000000000001,1.0155943377549
1458,1.6500000000000001,1.0155943377549
1459,1.6500000000000001,1.0155943377549
1460,1.6500000000000001,1.0155943377549
1461,1.6500000000000001,1.0155943377549
1462,1.6500000000000001,1.0155943377549
1463,1.6500000000000001,1.0155943377549
1464,1.6500000000000001,1.0155943377549
1465,1.6500000000000001,1.0155943377549
1466,1.6500000000000001,1.0155943377549
1467,1.6500000000000001,1.0155943377549
1468,1.6500000000000001,1.0155943377549
1469,1.6500000000000001,1.0155943377549
1470,1.6500000000000001,1.0155943377549
1471,1.6500000000000001,1.0155943377549
1472,1.6500000000000001,1.0155943377549
1473,1.6500000000000001,1.0155943377549
1474,1.6500000000000001,1.0155943377549
1475,1.6500000000000001,1.0155943377549
1476,1.6500000000000001,1.0155943377549
1477,1.6500000000000001,1.0155943377549
1478,1.6500000000000001,1.0155943377549
1479,1.6500000000000001,1.0155943377549
1480,1.6500000000000001,1.0155943377549
1481,1.6500000000000001,1.0155943377549
1482,1.6500000000000001,1.0155943377549
1483,1.6500000000000001,1.0155943377549
1484,1.6500000000000001,1.0155943377549
1485,1.6500000000000001,1.0155943377549
1486,1.6500000000000001,1.0155943377549
1487,1.6500000000000001,1.0155943377549
1488,1.6500000000000001,1.0155943377549
1489,1.6500000000000001,1.0155943377549
1490,1.6500000000000001,1.0155943377549
1491,1.6500000000000001,1.0155943377549
1492,1.6500000000000001,1.0155943377549
1493,1.6500000000000001,1.0155943377549
1494,1.6500000000000001,1.0155943377549
1495,1.6500000000000001,1.0155943377549
1496,1.6500000000000001,1.0155943377549
1497,1.6500000000000001,1.0155943377549
1498,1.6500000000000001,1.0155943377549
1499,1.6500000000000001,1.0155943377549
1500,1.6500000000000001,1.0155943377549
1501,1.6500000000000001,1.0155943377549
1502,1.6500000000000001,1.0155943377549
1503,1.6500000000000001,1.0155943377549
1504,1.6500000000000001,1.0155943377549
1505,1.6500000000000001,1.0155943377549
1506,1.6500000000000001,1.0155943377549
1507,1.6500000000000001,1.0155943377549
1508,1.6500000000000001,1.0155943377549
1509,1.6500000000000001,1.0155943377549
1510,1.6500000000000001,1.0155943377549
1511,1.6500000000000001,1.0155943377549
1512,1.6500000000000001,1.0155943377549
1513,1.6500000000000001,1.0155943377549
1514,1.6500000000000001,1.0155943377549
1515,1.6500000000000001,1.0155943377549
1516,1.6500000000000001,1.0155943377549
1517,1.6500000000000001,1.0155943377549
1518,1.6500000000000001,1.0155943377549
1519,1.6500000000000001,1.0155943377549
1520,1.6500000000000001,1.0155943377549
1521,1.6500000000000001,1.0155943377549
1522,1.6500000000000001,1.0155943377549
1523,1.6500000000000001,1.0155943377549
1524,1.6500000000000001,1.0155943377549
1525,1.6500000000000001,1.0155943377549
1526,1.6500000000000001,1.0155943377549
1527,1.6500000000000001,1.0155943377549
1528,1.6500000000000001,1.0155943377549
1529,1.6500000000000001,1.0155943377549
1530,1.6500000000000001,1.0155943377549
1531,1.6500000000000001,1.0155943377549
1532,1.6500000000000001,1.0155943377549
1533,1.6500000000000001,1.0155943377549
1534,1.6500000000000001,1.0155943377549
1535,1.6500000000000001,1.0155943377549
1536,1.6500000000000001,1.0155943377549
1537,1.6500000000000001,1.0155943377549
1538,1.6500000000000001,1.0155943377549
1539,1.6500000000000001,1.0155943377549
1540,1.6500000000000001,1.0155943377549
1541,1.6500000000000001,1.0155943377549
1542,1.6500000000000001,1.0155943377549
1543,1.6500000000000001,1.0155943377549
1544,1.6500000000000001,1.0155943377549
1545,1.6500000000000001,1.0155943377549
1546,1.6500000000000001,1.0155943377549
1547,1.6500000000000001,1.0155943377549
1548,1.6500000000000001,1.0155943377549
1549,1.6500000000000001,1.0155943377549
1550,1.6500000000000001,1.0155943377549
1551,1.6500000000000001,1.0155943377549
1552,1.6500000000000001,1.0155943377549
1553,1.6500000000000001,1.0155943377549
1554,1.6500000000000001,1.0155943377549
1555,1.6500000000000001,1.0155943377549
1556,1.6500000000000001,1.0155943377549
1557,1.6500000000000001,1.0155943377549
1558,1.6500000000000001,1.0155943377549
1559,1.6500000000000001,1.0155943377549
1560,1.6500000000000001,1.0155943377549
1561,1.6500000000000001,1.0155943377549
1562,1.6500000000000001,1.0155943377549
1563,1.6500000000000001,1.0155943377549
1564,1.6500000000000001,1.0155943377549
1565,1.6500000000000001,1.0155943377549
1566,1.6500000000000001,1.0155943377549
1567,1.6500000000000001,1.0155943377549
1568,1.6500000000000001,1.0155943377549
1569,1.6500000000000001,1.0155943377549
1570,1.6500000000000001,1.0155943377549
1571,1.6500000000000001,1.0155943377549
1572,1.6500000000000001,1.0155943377549
1573,1.6500000000000001,1.0155943377549
1574,1.6500000000000001,1.0155943377549
1575,1.6500000000000001,1.0155943377549
1576,1.6500000000000001,1.0155943377549
1577,1.6500000000000001,1.0155943377549
1578,1.6500000000000001,1.0155943377549
1579,1.6500000000000001,1.0155943377549
1580,1.6500000000000001,1.0155943377549
1581,1.6500000000000001,1.0155943377549
1582,1.6500000000000001,1.0155943377549
1583,1.6500000000000001,1.0155943377549
1584,1.6500000000000001,1.0155943377549
1585,1.6500000000000001,1.0155943377549
1586,1.6500000000000001,1.0155943377549
1587,1.6500000000000001,1.0155943377549
1588,1.6500000000000001,1.0155943377549
1589,1.6500000000000001,1.0155943377549
1590,1.6500000000000001,1.0155943377549
1591,1.6500000000000001,1.0155943377549
1592,1.6500000000000001,1.0155943377549
1593,1.6500000000000001,1.0155943377549
1594,1.6500000000000001,1.0155943377549
1595,1.6500000000000001,1.0155943377549
1596,1.6500000000000001,1.0155943377549
1597,1.6500000000000001,1.0155943377549
1598,1.6500000000000001,1.0155943377549
1599,1.6500000000000001,1.0155943377549
1600,1.6500000000000001,1.0155943377549
1601,1.6500000000000001,1.0155943377549
1602,1.6500000000000001,1.0155943377549
1603,1.6500000000000001,1.0155943377549
1604,1.6500000000000001,1.0155943377549
1605,1.6500000000000001,1.0155943377549
1606,1.6500000000000001,1.0155943377549
1607,1.6500000000000001,1.0155943377549
1608,1.6500000000000001,1.0155943377549
1609,1.6500000000000001,1.0155943377549
1610,1.6500000000000001,1.0155943377549
1611,1.6500000000000001,1.0155943377549
1612,1.6500000000000001,1.0155943377549
1613,1.6500000000000001,1.0155943377549
1614,1.6500000000000001,1.0155943377549
1615,1.6500000000000001,1.0155943377549
1616,1.6500000000000001,1.0155943377549
1617,1.6500000000000001,1.0155943377549
1618,1.6500000000000001,1.0155943377549
1619,1.6500000000000001,1.0155943377549
1620,1.6500000000000001,1.0155943377549
1621,1.6500000000000001,1.0155943377549
1622,1.6500000000000001,1.0155943377549
1623,1.6500000000000001,1.0155943377549
1624,1.6500000000000001,1.0155943377549
1625,1.6500000000000001,1.0155943377549
1626,1.6500000000000001,1.0155943377549
1627,1.6500000000000001,1.0155943377549
1628,1.6500000000000001,1.0155943377549
1629,1.6500000000000001,1.0155943377549
1630,1.6500000000000001,1.0155943377549
1631,1.6500000000000001,1.0155943377549
1632,1.6500000000000001,1.0155943377549
1633,1.6500000000000001,1.0155943377549
1634,1.6500000000000001,1.0155943377549
1635,1.6500000000000001,1.0155943377549
1636,1.6500000000000001,1.0155943377549
1637,1.6500000000000001,1.0155943377549
1638,1.6500000000000001,1.0155943377549
1639,1.6500000000000001,1.0155943377549
1640,1.6500000000000001,1.0155943377549
1641,1.6500000000000001,1.0155943377549
1642,1.6500000000000001,1.0155943377549
1643,1.6500000000000001,1.0155943377549
1644,1.6500000000000001,1.0155943377549
1645,1.6500000000000001,1.0155943377549
1646,1.6500000000000001,1.0155943377549
1647,1.6500000000000001,1.0155943377549
1648,1.6500000000000001,1.0155943377549
1649,1.6500000000000001,1.0155943377549
1650,1.6500000000000001,1.0155943377549
1651,1.6500000000000001,1.0155943377549
1652,1.6500000000000001,1.0155943377549
1653,1.6500000000000001,1.0155943377549
1654,1.6500000000000001,1.0155943377549
1655,1.6500000000000001,1.0155943377549
1656,1.6500000000000001,1.0155943377549
1657,1.6500000000000001,1.0155943377549
1658,1.6500000000000001,1.0155943377549
1659,1.6500000000000001,1.0155943377549
1660,1.6500000000000001,1.0155943377549
1661,1.6500000000000001,1.0155943377549
1662,1.6500000000000001,1.0155943377549
1663,1.6500000000000001,1.0155943377549
1664,1.6500000000000001,1.0155943377549
1665,1.6500000000000001,1.0155943377549
1666,1.6500000000000001,1.0155943377549
1667,1.6500000000000001,1.0155943377549
1668,1.6500000000000001,1.0155943377549
1669,1.6500000000000001,1.0155943377549
1670,1.6500000000000001,1.0155943377549
1671,1.6500000000000001,1.0155943377549
1672,1.6500000000000001,1.0155943377549
1673,1.6500000000000001,1.0155943377549
1674,1.6500000000000001,1.0155943377549
1675,1.6500000000000001,1.0155943377549
1676,1.6500000000000001,1.0155943377549
1677,1.6500000000000001,1.0155943377549
1678,1.6500000000000001,1.0155943377549
1679,1.6500000000000001,1.0155943377549
1680,1.6500000000000001,1.0155943377549
1681,1.6500000000000001,1.0155943377549
1682,1.6500000000000001,1.0155943377549
1683,1.6500000000000001,1.0155943377549
1684,1.6500000000000001,1.0155943377549
1685,1.6500000000000001,1.0155943377549
1686,1.6500000000000001,1.0155943377549
1687,1.6500000000000001,1.0155943377549
1688,1.6500000000000001,1.0155943377549
1689,1.6500000000000001,1.0155943377549
1690,1.6500000000000001,1.0155943377549
1691,1.6500000000000001,1.0155943377549
1692,1.6500000000000001,1.0155943377549
1693,1.6500000000000001,1.0155943377549
1694,1.6500000000000001,1.0155943377549
1695,1.6500000000000001,1.0155943377549
1696,1.6500000000000001,1.0155943377549
1697,1.6500000000000001,1.0155943377549
1698,1.629,1.0155943377549
1699,1.5150000000000001,1.0155943377549
1700,1.5150000000000001,1.0155943377549
1701,1.5150000000000001,1.0155943377549
1702,1.5150000000000001,1.0155943377549
1703,1.5150000000000001,1.0155943377549
1704,1.5150000000000001,1.0155943377549
1705,1.5150000000000001,1.0155943377549
1706,1.5150000000000001,1.0155943377549
1707,1.5150000000000001,1.0155943377549
1708,1.5150000000000001,1.0155943377549
1709,1.5150000000000001,1.0155943377549
1710,1.5150000000000001,1.0155943377549
1711,1.5150000000000001,1.0155943377549
1712,1.5150000000000001,1.0155943377549
1713,1.5150000000000001,1.0155943377549
1714,1.5150000000000001,1.0155943377549
1715,1.5150000000000001,1.0155943377549
1716,1.5150000000000001,1.0155943377549
1717,1.5150000000000001,1.0155943377549
1718,1.5150000000000001,1.0155943377549
1719,1.5150000000000001,1.0155943377549
1720,1.5150000000000001,1.0155943377549
1721,1.5150000000000001,1.0155943377549
1722,1.5150000000000001,1.0155943377549
1723,1.5150000000000001,1.0155943377549
1724,1.5150000000000001,1.0155943377549
1725,1.5150000000000001,1.0155943377549
1726,1.5150000000000001,1.0155943377549
1727,1.5150000000000001,1.0155943377549
1728,1.5150000000000001,1.0155943377549
1729,1.5150000000000001,1.0155943377549
1730,1.5150000000000001,1.0155943377549
1731,1.5150000000000001,1.0155943377549
1732,1.5150000000000001,1.0155943377549
1733,1.5150000000000001,1.0155943377549
1734,1.5150000000000001,1.0155943377549
1735,1.5150000000000001,1.0155943377549
1736,1.5150000000000001,1.0155943377549
1737,1.5150000000000001,1.0155943377549
1738,1.5150000000000001,1.0155943377549
1739,1.5150000000000001,1.0155943377549
1740,1.5150000000000001,1.0155943377549
1741,1.5150000000000001,1.0155943377549
1742,1.5150000000000001,1.0155943377549
1743,1.5150000000000001,1.0155943377549
1744,1.5150000000000001,1.0155943377549
1745,1.5150000000000001,1.0155943377549
1746,1.5150000000000001,1.0155943377549
1747,1.5150000000000001,1.0155943377549
1748,1.5150000000000001,1.0155943377549
1749,1.5150000000000001,1.0155943377549
1750,1.5150000000000001,1.0155943377549
1751,1.5150000000000001,1.0155943377549
1752,1.5150000000000001,1.0155943377549
1753,1.5150000000000001,1.0155943377549
1754,1.5150000000000001,1.0155943377549
1755,1.5150000000000001,1.0155943377549
1756,1.5150000000000001,1.0155943377549
1757,1.5150000000000001,1.0155943377549
1758,1.5150000000000001,1.0155943377549
1759,1.5150000000000001,1.0155943377549
1760,1.5150000000000001,1.0155943377549
1761,1.5150000000000001,1.0155943377549
1762,1.5150000000000001,1.0155943377549
1763,1.5150000000000001,1.0155943377549
1764,1.5150000000000001,1.0155943377549
1765,1.5150000000000001,1.0155943377549
1766,1.5150000000000001,1.0155943377549
1767,1.5150000000000001,1.0155943377549
1768,1.5150000000000001,1.0155943377549
1769,1.5150000000000001,1.0155943377549
1770,1.5150000000000001,1.0155943377549
1771,1.5150000000000001,1.0155943377549
1772,1.5150000000000001,1.0155943377549
1773,1.5150000000000001,1.0155943377549
1774,1.5150000000000001,1.0155943377549
1775,1.5150000000000001,1.0155943377549
1776,1.5150000000000001,1.0155943377549
1777,1.5150000000000001,1.0155943377549
1778,1.5150000000000001,1.0155943377549
1779,1.5150000000000001,1.0155943377549
1780,1.5150000000000001,1.0155943377549
1781,1.5150000000000001,1.0155943377549
1782,1.5150000000000001,1.0155943377549
1783,1.5150000000000001,1.0155943377549
1784,1.5150000000000001,1.0155943377549
1785,1.5150000000000001,1.0155943377549
1786,1.5150000000000001,1.0155943377549
1787,1.5150000000000001,1.0155943377549
1788,1.5150000000000001,1.0155943377549
1789,1.5150000000000001,1.0155943377549
1790,1.5150000000000001,1.0155943377549
1791,1.5150000000000001,1.0155943377549
1792,1.5150000000000001,1.0155943377549
1793,1.5150000000000001,1.0155943377549
1794,1.5150000000000001,1.0155943377549
1795,1.5150000000000001,1.0155943377549
1796,1.5150000000000001,1.0155943377549
1797,1.5150000000000001,1.0155943377549
1798,1.5150000000000001,1.0155943377549
1799,1.5150000000000001,1.0155943377549
1800,1.5150000000000001,1.0155943377549
1801,1.5150000000000001,1.0155943377549
1802,1.5150000000000001,1.0155943377549
1803,1.5150000000000001,1.0155943377549
1804,1.5150000000000001,1.0155943377549
1805,1.5150000000000001,1.0155943377549
1806,1.5150000000000001,1.0155943377549
1807,1.5150000000000001,1.0155943377549
1808,1.5150000000000001,1.0155943377549
1809,1.5150000000000001,1.0155943377549
1810,1.5150000000000001,1.0155943377549
1811,1.5150000000000001,1.0155943377549
1812,1.5150000000000001,1.0155943377549
1813,1.5150000000000001,1.0155943377549
1814,1.5150000000000001,1.0155943377549
1815,1.5150000000000001,1.0155943377549
1816,1.5150000000000001,1.0155943377549
1817,1.5150000000000001,1.0155943377549
1818,1.5150000000000001,1.0155943377549
1819,1.5150000000000001,1.0155943377549
1820,1.5150000000000001,1.0155943377549
1821,1.5150000000000001,1.0155943377549
1822,1.5150000000000001,1.0155943377549
1823,1.5150000000000001,1.0155943377549
1824,1.5150000000000001,1.0155943377549
1825,1.5150000000000001,1.0155943377549
1826,1.5150000000000001,1.0155943377549
1827,1.5150000000000001,1.0155943377549
1828,1.5150000000000001,1.0155943377549
1829,1.5150000000000001,1.0155943377549
1830,1.5150000000000001,1.0155943377549
1831,1.5150000000000001,1.0155943377549
1832,1.5150000000000001,1.0155943377549
1833,1.5150000000000001,1.0155943377549
1834,1.5150000000000001,1.0155943377549
1835,1.5150000000000001,1.0155943377549
1836,1.5150000000000001,1.0155943377549
1837,1.5150000000000001,1.0155943377549
1838,1.5150000000000001,1.0155943377549
1839,1.5150000000000001,1.0155943377549
1840,1.5150000000000001,1.0155943377549
1841,1.5150000000000001,1.0155943377549
1842,1.5150000000000001,1.0155943377549
1843,1.5150000000000001,1.0155943377549
1844,1.5150000000000001,1.0155943377549
1845,1.5150000000000001,1.0155943377549
1846,1.5150000000000001,1.0155943377549
1847,1.5150000000000001,1.0155943377549
1848,1.5150000000000001,1.0155943377549
1849,1.5150000000000001,1.0155943377549
1850,1.5150000000000001,1.0155943377549
1851,1.5150000000000001,1.0155943377549
1852,1.5150000000000001,1.0155943377549
1853,1.5150000000000001,1.0155943377549
1854,1.5150000000000001,1.0155943377549
1855,1.5150000000000001,1.0155943377549
1856,1.5150000000000001,1.0155943377549
1857,1.5150000000000001,1.0155943377549
1858,1.5150000000000001,1.0155943377549
1859,1.5150000000000001,1.0155943377549
1860,1.5150000000000001,1.0155943377549
1861,1.5150000000000001,1.0155943377549
1862,1.5150000000000001,1.0155943377549
1863,1.5150000000000001,1.0155943377549
1864,1.5150000000000001,1.0155943377549
1865,1.5150000000000001,1.0155943377549
1866,1.5150000000000001,1.0155943377549
1867,1.5150000000000001,1.0155943377549
1868,1.5150000000000001,1.0155943377549
1869,1.5150000000000001,1.0155943377549
1870,1.5150000000000001,1.0155943377549
1871,1.5150000000000001,1.0155943377549
1872,1.5150000000000001,1.0155943377549
1873,1.5150000000000001,1.0155943377549
1874,1.5150000000000001,1.0155943377549
1875,1.5150000000000001,1.0155943377549
1876,1.5150000000000001,1.0155943377549
1877,1.5150000000000001,1.0155943377549
1878,1.5150000000000001,1.0155943377549
1879,1.5150000000000001,1.0155943377549
1880,1.5150000000000001,1.0155943377549
1881,1.5150000000000001,1.0155943377549
1882,1.5150000000000001,1.0155943377549
1883,1.5150000000000001,1.0155943377549
1884,1.5150000000000001,1.0155943377549
1885,1.5150000000000001,1.0155943377549
1886,1.5150000000000001,1.0155943377549
1887,1.5150000000000001,1.0155943377549
1888,1.5150000000000001,1.0155943377549
1889,1.5150000000000001,1.0155943377549
1890,1.4940000000000002,1.0155943377549
1891,1.3800000000000001,1.0155943377549
1892,1.3800000000000001,1.0155943377549
1893,1.3800000000000001,1.0155943377549
1894,1.3800000000000001,1.0155943377549
1895,1.3800000000000001,1.0155943377549
1896,1.3800000000000001,1.0155943377549
1897,1.3800000000000001,1.0155943377549
1898,1.3800000000000001,1.0155943377549
1899,1.3800000000000001,1.0155943377549
1900,1.3800000000000001,1.0155943377549
1901,1.3800000000000001,1.0155943377549
1902,1.3800000000000001,1.0155943377549
1903,1.3800000000000001,1.0155943377549
1904,1.3800000000000001,1.0155943377549
1905,1.3800000000000001,1.0155943377549
1906,1.3800000000000001,1.0155943377549
1907,1.3800000000000001,1.0155943377549
1908,1.3800000000000001,1.0155943377549
1909,1.3800000000000001,1.0155943377549
1910,1.3800000000000001,1.0155943377549
1911,1.3800000000000001,1.0155943377549
1912,1.3800000000000001,1.0155943377549
1913,1.3800000000000001,1.0155943377549
1914,1.3800000000000001,1.0155943377549
1915,1.3800000000000001,1.0155943377549
1916,1.3800000000000001,1.0155943377549
1917,1.3800000000000001,1.0155943377549
1918,1.3800000000000001,1.0155943377549
1919,1.3800000000000001,1.0155943377549
1920,1.3800000000000001,1.0155943377549
1921,1.3800000000000001,1.0155943377549
1922,1.3800000000000001,1.0155943377549
1923,1.3800000000000001,1.0155943377549
1924,1.3800000000000001,1.0155943377549
1925,1.3800000000000001,1.0155943377549
1926,1.3800000000000001,1.0155943377549
1927,1.3800000000000001,1.0155943377549
1928,1.3800000000000001,1.0155943377549
1929,1.3800000000000001,1.0155943377549
1930,1.3800000000000001,1.0155943377549
1931,1.3800000000000001,1.0155943377549
1932,1.3800000000000001,1.0155943377549
1933,1.3800000000000001,1.0155943377549
1934,1.3800000000000001,1.0155943377549
1935,1.3800000000000001,1.0155943377549
1936,1.3800000000000001,1.0155943377549
1937,1.3800000000000001,1.0155943377549
1938,1.3800000000000001,1.0155943377549
1939,1.3800000000000001,1.0155943377549
1940,1.3800000000000001,1.0155943377549
1941,1.3800000000000001,1.0155943377549
1942,1.3800000000000001,1.0155943377549
1943,1.3800000000000001,1.0155943377549
1944,1.3800000000000001,1.0155943377549
1945,1.3800000000000001,1.0155943377549
1946,1.3800000000000001,1.0155943377549
1947,1.3800000000000001,1.0155943377549
1948,1.3800000000000001,1.0155943377549
1949,1.3800000000000001,1.0155943377549
1950,1.3800000000000001,1.0155943377549
1951,1.3800000000000001,1.0155943377549
1952,1.3800000000000001,1.0155943377549
1953,1.3800000000000001,1.0155943377549
1954,1.3800000000000001,1.0155943377549
1955,1.3800000000000001,1.0155943377549
1956,1.3800000000000001,1.0155943377549
1957,1.3800000000000001,1.0155943377549
1958,1.3800000000000001,1.0155943377549
1959,1.3800000000000001,1.0155943377549
1960,1.3800000000000001,1.0155943377549
1961,1.3800000000000001,1.0155943377549
1962,1.3800000000000001,1.0155943377549
1963,1.3800000000000001,1.0155943377549
1964,1.3800000000000001,1.0155943377549
1965,1.3800000000000001,1.0155943377549
1966,1.3800000000000001,1.0155943377549
1967,1.3800000000000001,1.0155943377549
1968,1.3800000000000001,1.0155943377549
1969,1.3800000000000001,1.0155943377549
1970,1.3800000000000001,1.0155943377549
1971,1.3800000000000001,1.0155943377549
1972,1.3800000000000001,1.0155943377549
1973,1.3800000000000001,1.0155943377549
1974,1.3800000000000001,1.0155943377549
1975,1.3800000000000001,1.0155943377549
1976,1.3800000000000001,1.0155943377549
1977,1.3800000000000001,1.0155943377549
1978,1.3800000000000001,1.0155943377549
1979,1.3800000000000001,1.0155943377549
1980,1.3800000000000001,1.0155943377549
1981,1.3800000000000001,1.0155943377549
1982,1.3800000000000001,1.0155943377549
1983,1.3800000000000001,1.0155943377549
1984,1.3800000000000001,1.0155943377549
1985,1.3800000000000001,1.0155943377549
1986,1.3800000000000001,1.0155943377549
1987,1.3800000000000001,1.0155943377549
1988,1.3800000000000001,1.0155943377549
1989,1.3800000000000001,1.0155943377549
1990,1.3800000000000001,1.0155943377549
1991,1.3800000000000001,1.0155943377549
1992,1.3800000000000001,1.0155943377549
1993,1.3800000000000001,1.0155943377549
1994,1.3800000000000001,1.0155943377549
1995,1.3800000000000001,1.0155943377549
1996,1.3800000000000001,1.0155943377549
1997,1.3800000000000001,1.0155943377549
1998,1.3800000000000001,1.0155943377549
1999,1.3800000000000001,1.0155943377549
2000,1.3800000000000001,1.0155943377549
2001,1.3800000000000001,1.0155943377549
2002,1.3800000000000001,1.0155943377549
2003,1.3800000000000001,1.0155943377549
2004,1.3800000000000001,1.0155943377549
2005,1.3800000000000001,1.0155943377549
2006,1.3800000000000001,1.0155943377549
2007,1.3800000000000001,1.0155943377549
2008,1.3800000000000001,1.0155943377549
2009,1.3800000000000001,1.0155943377549
2010,1.3800000000000001,1.0155943377549
2011,1.3800000000000001,1.0155943377549
2012,1.3800000000000001,1.0155943377549
2013,1.3800000000000001,1.0155943377549
2014,1.3800000000000001,1.0155943377549
2015,1.3800000000000001,1.0155943377549
2016,1.3800000000000001,1.0155943377549
2017,1.3800000000000001,1.0155943377549
2018,1.3800000000000001,1.0155943377549
2019,1.3800000000000001,1.0155943377549
2020,1.3800000000000001,1.0155943377549
2021,1.3800000000000001,1.0155943377549
2022,1.3800000000000001,1.0155943377549
2023,1.3800000000000001,1.0155943377549
2024,1.3800000000000001,1.0155943377549
2025,1.3800000000000001,1.0155943377549
2026,1.3800000000000001,1.0155943377549
2027,1.3800000000000001,1.0155943377549
2028,1.3800000000000001,1.0155943377549
2029,1.3800000000000001,1.0155943377549
2030,1.3800000000000001,1.0155943377549
2031,1.3800000000000001,1.0155943377549
2032,1.3800000000000001,1.0155943377549
2033,1.3800000000000001,1.0155943377549
2034,1.3800000000000001,1.0155943377549
2035,1.3800000000000001,1.0155943377549
2036,1.3800000000000001,1.0155943377549
2037,1.3800000000000001,1.0155943377549
2038,1.3800000000000001,1.0155943377549
2039,1.3800000000000001,1.0155943377549
2040,1.3800000000000001,1.0155943377549
2041,1.3800000000000001,1.0155943377549
2042,1.3800000000000001,1.0155943377549
2043,1.3800000000000001,1.0155943377549
2044,1.3800000000000001,1.0155943377549
2045,1.3800000000000001,1.0155943377549
2046,1.3800000000000001,1.0155943377549
2047,1.3800000000000001,1.0155943377549
2048,1.3800000000000001,1.0155943377549
2049,1.3800000000000001,1.0155943377549
2050,1.3800000000000001,1.0155943377549
2051,1.3800000000000001,1.0155943377549
2052,1.3800000000000001,1.0155943377549
2053,1.3800000000000001,1.0155943377549
2054,1.3800000000000001,1.0155943377549
2055,1.3800000000000001,1.0155943377549
2056,1.3800000000000001,1.0155943377549
2057,1.3800000000000001,1.0155943377549
2058,1.3800000000000001,1.0155943377549
2059,1.3800000000000001,1.0155943377549
2060,1.3800000000000001,1.0155943377549
2061,1.3800000000000001,1.0155943377549
2062,1.3800000000000001,1.0155943377549
2063,1.3800000000000001,1.0155943377549
2064,1.3800000000000001,1.0155943377549
2065,1.3800000000000001,1.0155943377549
2066,1.3800000000000001,1.0155943377549
2067,1.3800000000000001,1.0155943377549
2068,1.3800000000000001,1.0155943377549
2069,1.3800000000000001,1.0155943377549
2070,1.3800000000000001,1.0155943377549
2071,1.3800000000000001,1.0155943377549
2072,1.3800000000000001,1.0155943377549
2073,1.3800000000000001,1.0155943377549
2074,1.3800000000000001,1.0155943377549
2075,1.3800000000000001,1.0155943377549
2076,1.3800000000000001,1.0155943377549
2077,1.3800000000000001,1.0155943377549
2078,1.3800000000000001,1.0155943377549
2079,1.3800000000000001,1.0155943377549
2080,1.3800000000000001,1.0155943377549
2081,1.3800000000000001,1.0155943377549
2082,1.3800000000000001,1.0155943377549
2083,1.3800000000000001,1.0155943377549
2084,1.3800000000000001,1.0155943377549
2085,1.3800000000000001,1.0155943377549
2086,1.3800000000000001,1.0155943377549
2087,1.3800000000000001,1.0155943377549
2088,1.3800000000000001,1.0155943377549
2089,1.3800000000000001,1.0155943377549
2090,1.3800000000000001,1.0155943377549
2091,1.3800000000000001,1.0155943377549
2092,1.3800000000000001,1.0155943377549
2093,1.3800000000000001,1.0155943377549
2094,1.3800000000000001,1.0155943377549
2095,1.3800000000000001,1.0155943377549
2096,1.3800000000000001,1.0155943377549
2097,1.3800000000000001,1.0155943377549
2098,1.3800000000000001,1.0155943377549
2099,1.3800000000000001,1.0155943377549
2100,1.3800000000000001,1.0155943377549
2101,1.3800000000000001,1.0155943377549
2102,1.3800000000000001,1.0155943377549
2103,1.3800000000000001,1.0155943377549
2104,1.3800000000000001,1.0155943377549
2105,1.3800000000000001,1.0155943377549
2106,1.3800000000000001,1.0155943377549
2107,1.3800000000000001,1.0155943377549
2108,1.3800000000000001,1.0155943377549
2109,1.3800000000000001,1.0155943377549
2110,1.3800000000000001,1.0155943377549
2111,1.3800000000000001,1.0155943377549
2112,1.3800000000000001,1.0155943377549
2113,1.3800000000000001,1.0155943377549
2114,1.3800000000000001,1.0155943377549
2115,1.3800000000000001,1.0155943377549
2116,1.3800000000000001,1.0155943377549
2117,1.3800000000000001,1.0155943377549
2118,1.3800000000000001,1.0155943377549
2119,1.3800000000000001,1.0155943377549
2120,1.3800000000000001,1.0155943377549
2121,1.3800000000000001,1.0155943377549
2122,1.3800000000000001,1.0155943377549
2123,1.3800000000000001,1.0155943377549
2124,1.3800000000000001,1.0155943377549
2125,1.3800000000000001,1.0155943377549
2126,1.3800000000000001,1.0155943377549
2127,1.3800000000000001,1.0155943377549
2128,1.3800000000000001,1.0155943377549
2129,1.3800000000000001,1.0155943377549
2130,1.3800000000000001,1.0155943377549
2131,1.3800000000000001,1.0155943377549
2132,1.3800000000000001,1.0155943377549
2133,1.3800000000000001,1.0155943377549
2134,1.3800000000000001,1.0155943377549
2135,1.3800000000000001,1.0155943377549
2136,1.3800000000000001,1.0155943377549
2137,1.3800000000000001,1.0155943377549
2138,1.3800000000000001,1.0155943377549
2139,1.3800000000000001,1.0155943377549
2140,1.3800000000000001,1.0155943377549
2141,1.3800000000000001,1.0155943377549
2142,1.3800000000000001,1.0155943377549
2143,1.3800000000000001,1.0155943377549
2144,1.3800000000000001,1.0155943377549
2145,1.3800000000000001,1.0155943377549
2146,1.3800000000000001,1.0155943377549
2147,1.3800000000000001,1.0155943377549
2148,1.3800000000000001,1.0155943377549
2149,1.3800000000000001,1.0155943377549
2150,1.3800000000000001,1.0155943377549
2151,1.3800000000000001,1.0155943377549
2152,1.3800000000000001,1.0155943377549
2153,1.3800000000000001,1.0155943377549
2154,1.3800000000000001,1.0155943377549
2155,1.3800000000000001,1.0155943377549
2156,1.3800000000000001,1.0155943377549
2157,1.3800000000000001,1.0155943377549
2158,1.3800000000000001,1.0155943377549
2159,1.3800000000000001,1.0155943377549
2160,1.3800000000000001,1.0155943377549
2161,1.3800000000000001,1.0155943377549
2162,1.3800000000000001,1.0155943377549
2163,1.3800000000000001,1.0155943377549
2164,1.3800000000000001,1.0155943377549
2165,1.3800000000000001,1.0155943377549
2166,1.3800000000000001,1.0155943377549
2167,1.3800000000000001,1.0155943377549
2168,1.3800000000000001,1.0155943377549
2169,1.3800000000000001,1.0155943377549
2170,1.3800000000000001,1.0155943377549
2171,1.3800000000000001,1.0155943377549
2172,1.3800000000000001,1.0155943377549
2173,1.3800000000000001,1.0155943377549
2174,1.3800000000000001,1.0155943377549
2175,1.3800000000000001,1.0155943377549
2176,1.3800000000000001,1.0155943377549
2177,1.3800000000000001,1.0155943377549
2178,1.3800000000000001,1.0155943377549
2179,1.3800000000000001,1.0155943377549
2180,1.3800000000000001,1.0155943377549
2181,1.3800000000000001,1.0155943377549
2182,1.3800000000000001,1.0155943377549
2183,1.3800000000000001,1.0155943377549
2184,1.245,1.0155943377549
2185,1.245,1.0155943377549
2186,1.245,1.0155943377549
2187,1.245,1.0155943377549
2188,1.245,1.0155943377549
2189,1.245,1.0155943377549
2190,1.245,1.0155943377549
2191,1.245,1.0155943377549
2192,1.245,1.0155943377549
2193,1.245,1.0155943377549
2194,1.245,1.0155943377549
2195,1.245,1.0155943377549
2196,1.245,1.0155943377549
2197,1.245,1.0155943377549
2198,1.245,1.0155943377549
2199,1.245,1.0155943377549
2200,1.245,1.0155943377549
2201,1.245,1.0155943377549
2202,1.245,1.0155943377549
2203,1.245,1.0155943377549
2204,1.245,1.0155943377549
2205,1.245,1.0155943377549
2206,1.245,1.0155943377549
2207,1.245,1.0155943377549
2208,1.245,1.0155943377549
2209,1.245,1.0155943377549
2210,1.245,1.0155943377549
2211,1.245,1.0155943377549
2212,1.245,1.0155943377549
2213,1.245,1.0155943377549
2214,1.245,1.0155943377549
2215,1.245,1.0155943377549
2216,1.245,1.0155943377549
2217,1.245,1.0155943377549
2218,1.245,1.0155943377549
2219,1.245,1.0155943377549
2220,1.245,1.0155943377549
2221,1.245,1.0155943377549
2222,1.245,1.0155943377549
2223,1.245,1.0155943377549
2224,1.245,1.0155943377549
2225,1.245,1.0155943377549
2226,1.245,1.0155943377549
2227,1.245,1.0155943377549
2228,1.245,1.0155943377549
2229,1.245,1.0155943377549
2230,1.245,1.0155943377549
2231,1.245,1.0155943377549
2232,1.245,1.0155943377549
2233,1.245,1.0155943377549
2234,1.245,1.0155943377549
2235,1.245,1.0155943377549
2236,1.245,1.0155943377549
2237,1.245,1.0155943377549
2238,1.245,1.0155943377549
2239,1.245,1.0155943377549
2240,1.245,1.0155943377549
2241,1.245,1.0155943377549
2242,1.245,1.0155943377549
2243,1.245,1.0155943377549
2244,1.245,1.0155943377549
2245,1.245,1.0155943377549
2246,1.245,1.0155943377549
2247,1.245,1.0155943377549
2248,1.245,1.0155943377549
2249,1.245,1.0155943377549
2250,1.245,1.0155943377549
2251,1.245,1.0155943377549
2252,1.245,1.0155943377549
2253,1.245,1.0155943377549
2254,1.245,1.0155943377549
2255,1.245,1.0155943377549
2256,1.245,1.0155943377549
2257,1.245,1.0155943377549
2258,1.245,1.0155943377549
2259,1.245,1.0155943377549
2260,1.245,1.0155943377549
2261,1.245,1.0155943377549
2262,1.245,1.0155943377549
2263,1.245,1.0155943377549
2264,1.245,1.0155943377549
2265,1.245,1.0155943377549
2266,1.245,1.0155943377549
2267,1.245,1.0155943377549
2268,1.245,1.0155943377549
2269,1.245,1.0155943377549
2270,1.245,1.0155943377549
2271,1.245,1.0155943377549
2272,1.245,1.0155943377549
2273,1.245,1.0155943377549
2274,1.245,1.0155943377549
2275,1.245,1.0155943377549
2276,1.245,1.0155943377549
2277,1.245,1.0155943377549
2278,1.245,1.0155943377549
2279,1.245,1.0155943377549
2280,1.245,1.0155943377549
2281,1.245,1.0155943377549
2282,1.245,1.0155943377549
2283,1.245,1.0155943377549
2284,1.245,1.0155943377549
2285,1.245,1.0155943377549
2286,1.245,1.0155943377549
2287,1.245,1.0155943377549
2288,1.245,1.0155943377549
2289,1.245,1.0155943377549
2290,1.245,1.0155943377549
2291,1.245,1.0155943377549
2292,1.245,1.0155943377549
2293,1.245,1.0155943377549
2294,1.245,1.0155943377549
2295,1.245,1.0155943377549
2296,1.245,1.0155943377549
2297,1.245,1.0155943377549
2298,1.245,1.0155943377549
2299,1.245,1.0155943377549
2300,1.245,1.0155943377549
2301,1.245,1.0155943377549
2302,1.245,1.0155943377549
2303,1.245,1.0155943377549
2304,1.245,1.0155943377549
2305,1.245,1.0155943377549
2306,1.245,1.0155943377549
2307,1.245,1.0155943377549
2308,1.245,1.0155943377549
2309,1.245,1.0155943377549
2310,1.245,1.0155943377549
2311,1.245,1.0155943377549
2312,1.245,1.0155943377549
2313,1.245,1.0155943377549
2314,1.245,1.0155943377549
2315,1.245,1.0155943377549
2316,1.245,1.0155943377549
2317,1.245,1.0155943377549
2318,1.245,1.0155943377549
2319,1.245,1.0155943377549
2320,1.245,1.0155943377549
2321,1.245,1.0155943377549
2322,1.245,1.0155943377549
2323,1.245,1.0155943377549
2324,1.245,1.0155943377549
2325,1.245,1.0155943377549
2326,1.245,1.0155943377549
2327,1.245,1.0155943377549
2328,1.245,1.0155943377549
2329,1.245,1.0155943377549
2330,1.245,1.0155943377549
2331,1.245,1.0155943377549
2332,1.245,1.0155943377549
2333,1.245,1.0155943377549
2334,1.245,1.0155943377549
2335,1.245,1.0155943377549
2336,1.245,1.0155943377549
2337,1.245,1.0155943377549
2338,1.245,1.0155943377549
2339,1.245,1.0155943377549
2340,1.245,1.0155943377549
2341,1.245,1.0155943377549
2342,1.245,1.0155943377549
2343,1.245,1.0155943377549
2344,1.245,1.0155943377549
2345,1.245,1.0155943377549
2346,1.245,1.0155943377549
2347,1.245,1.0155943377549
2348,1.245,1.0155943377549
2349,1.245,1.0155943377549
2350,1.245,1.0155943377549
2351,1.245,1.0155943377549
2352,1.245,1.0155943377549
2353,1.245,1.0155943377549
2354,1.245,1.0155943377549
2355,1.245,1.0155943377549
2356,1.245,1.0155943377549
2357,1.245,1.0155943377549
2358,1.245,1.0155943377549
2359,1.245,1.0155943377549
2360,1.245,1.0155943377549
2361,1.245,1.0155943377549
2362,1.245,1.0155943377549
2363,1.245,1.0155943377549
2364,1.245,1.0155943377549
2365,1.245,1.0155943377549
2366,1.245,1.0155943377549
2367,1.245,1.0155943377549
2368,1.245,1.0155943377549
2369,1.245,1.0155943377549
2370,1.245,1.0155943377549
2371,1.245,1.0155943377549
2372,1.245,1.0155943377549
2373,1.245,1.0155943377549
2374,1.245,1.0155943377549
2375,1.245,1.0155943377549
2376,1.245,1.0155943377549
2377,1.245,1.0155943377549
2378,1.245,1.0155943377549
2379,1.245,1.0155943377549
2380,1.245,1.0155943377549
2381,1.245,1.0155943377549
2382,1.245,1.0155943377549
2383,1.245,1.0155943377549
2384,1.245,1.0155943377549
2385,1.245,1.0155943377549
2386,1.245,1.0155943377549
2387,1.245,1.0155943377549
2388,1.245,1.0155943377549
2389,1.245,1.0155943377549
2390,1.245,1.0155943377549
2391,1.245,1.0155943377549
2392,1.245,1.0155943377549
2393,1.245,1.0155943377549
2394,1.245,1.0155943377549
2395,1.245,1.0155943377549
2396,1.245,1.0155943377549
2397,1.245,1.0155943377549
2398,1.245,1.0155943377549
2399,1.245,1.0155943377549
2400,1.245,1.0155943377549
2401,1.245,1.0155943377549
2402,1.245,1.0155943377549
2403,1.245,1.0155943377549
2404,1.245,1.0155943377549
2405,1.245,1.0155943377549
2406,1.245,1.0155943377549
2407,1.245,1.0155943377549
2408,1.245,1.0155943377549
2409,1.245,1.0155943377549
2410,1.245,1.0155943377549
2411,1.245,1.0155943377549
2412,1.245,1.0155943377549
2413,1.245,1.0155943377549
2414,1.245,1.0155943377549
2415,1.245,1.0155943377549
2416,1.245,1.0155943377549
2417,1.245,1.0155943377549
2418,1.245,1.0155943377549
2419,1.245,1.0155943377549
2420,1.245,1.0155943377549
2421,1.245,1.0155943377549
2422,1.245,1.0155943377549
2423,1.245,1.0155943377549
2424,1.245,1.0155943377549
2425,1.245,1.0155943377549
2426,1.245,1.0155943377549
2427,1.245,1.0155943377549
2428,1.245,1.0155943377549
2429,1.245,1.0155943377549
2430,1.245,1.0155943377549
2431,1.245,1.0155943377549
2432,1.245,1.0155943377549
2433,1.245,1.0155943377549
2434,1.245,1.0155943377549
2435,1.245,1.0155943377549
2436,1.245,1.0155943377549
2437,1.245,1.0155943377549
2438,1.245,1.0155943377549
2439,1.245,1.0155943377549
2440,1.245,1.0155943377549
2441,1.245,1.0155943377549
2442,1.245,1.0155943377549
2443,1.245,1.0155943377549
2444,1.245,1.0155943377549
2445,1.245,1.0155943377549
2446,1.245,1.0155943377549
2447,1.245,1.0155943377549
2448,1.245,1.0155943377549
2449,1.245,1.0155943377549
2450,1.245,1.0155943377549
2451,1.245,1.0155943377549
2452,1.245,1.0155943377549
2453,1.245,1.0155943377549
2454,1.245,1.0155943377549
2455,1.245,1.0155943377549
2456,1.245,1.0155943377549
2457,1.245,1.0155943377549
2458,1.245,1.0155943377549
2459,1.245,1.0155943377549
2460,1.245,1.0155943377549
2461,1.245,1.0155943377549
2462,1.245,1.0155943377549
2463,1.245,1.0155943377549
2464,1.245,1.0155943377549
2465,1.245,1.0155943377549
2466,1.245,1.0155943377549
2467,1.245,1.0155943377549
2468,1.245,1.0155943377549
2469,1.245,1.0155943377549
2470,1.245,1.0155943377549
2471,1.245,1.0155943377549
2472,1.245,1.0155943377549
2473,1.245,1.0155943377549
2474,1.245,1.0155943377549
2475,1.245,1.0155943377549
2476,1.245,1.0155943377549
2477,1.245,1.0155943377549
2478,1.245,1.0155943377549
2479,1.245,1.0155943377549
2480,1.245,1.0155943377549
2481,1.245,1.0155943377549
2482,1.245,1.0155943377549
2483,1.245,1.0155943377549
2484,1.245,1.0155943377549
2485,1.245,1.0155943377549
2486,1.245,1.0155943377549
2487,1.245,1.0155943377549
2488,1.245,1.0155943377549
2489,1.245,1.0155943377549
2490,1.245,1.0155943377549
2491,1.245,1.0155943377549
2492,1.245,1.0155943377549
2493,1.245,1.0155943377549
2494,1.245,1.0155943377549
2495,1.245,1.0155943377549
2496,1.245,1.0155943377549
2497,1.245,1.0155943377549
2498,1.245,1.0155943377549
2499,1.245,1.0155943377549
2500,1.245,1.0155943377549
2501,1.245,1.0155943377549
2502,1.245,1.0155943377549
2503,1.245,1.0155943377549
2504,1.245,1.0155943377549
2505,1.245,1.0155943377549
2506,1.245,1.0155943377549
2507,1.245,1.0155943377549
2508,1.245,1.0155943377549
2509,1.245,1.0155943377549
2510,1.245,1.0155943377549
2511,1.245,1.0155943377549
2512,1.245,1.0155943377549
2513,1.245,1.0155943377549
2514,1.245,1.0155943377549
2515,1.245,1.0155943377549
2516,1.245,1.0155943377549
2517,1.245,1.0155943377549
2518,1.245,1.0155943377549
2519,1.245,1.0155943377549
2520,1.245,1.0155943377549
2521,1.245,1.0155943377549
2522,1.245,1.0155943377549
2523,1.245,1.0155943377549
2524,1.245,1.0155943377549
2525,1.245,1.0155943377549
2526,1.245,1.0155943377549
2527,1.245,1.0155943377549
2528,1.245,1.0155943377549
2529,1.245,1.0155943377549
2530,1.245,1.0155943377549
2531,1.245,1.0155943377549
2532,1.245,1.0155943377549
2533,1.245,1.0155943377549
2534,1.245,1.0155943377549
2535,1.245,1.0155943377549
2536,1.245,1.0155943377549
2537,1.245,1.0155943377549
2538,1.245,1.0155943377549
2539,1.245,1.0155943377549
2540,1.245,1.0155943377549
2541,1.245,1.0155943377549
2542,1.245,1.0155943377549
2543,1.245,1.0155943377549
2544,1.245,1.0155943377549
2545,1.245,1.0155943377549
2546,1.245,1.0155943377549
2547,1.245,1.0155943377549
2548,1.245,1.0155943377549
2549,1.245,1.0155943377549
2550,1.245,1.0155943377549
2551,1.245,1.0155943377549
2552,1.245,1.0155943377549
2553,1.245,1.0155943377549
2554,1.245,1.0155943377549
2555,1.245,1.0155943377549
2556,1.245,1.0155943377549
2557,1.245,1.0155943377549
2558,1.245,1.0155943377549
2559,1.245,1.0155943377549
2560,1.245,1.0155943377549
2561,1.245,1.0155943377549
2562,1.245,1.0155943377549
2563,1.245,1.0155943377549
2564,1.245,1.0155943377549
2565,1.245,1.0155943377549
2566,1.245,1.0155943377549
2567,1.245,1.0155943377549
2568,1.245,1.0155943377549
2569,1.245,1.0155943377549
2570,1.245,1.0155943377549
2571,1.245,1.0155943377549
2572,1.245,1.0155943377549
2573,1.245,1.0155943377549
2574,1.245,1.0155943377549
2575,1.245,1.0155943377549
2576,1.245,1.0155943377549
2577,1.245,1.0155943377549
2578,1.2240000000000002,1.0155943377549
2579,1.11,1.0155943377549
2580,1.11,1.0155943377549
2581,1.11,1.0155943377549
2582,1.11,1.0155943377549
2583,1.11,1.0155943377549
2584,1.11,1.0155943377549
2585,1.11,1.0155943377549
2586,1.11,1.0155943377549
2587,1.11,1.0155943377549
2588,1.11,1.0155943377549
2589,1.11,1.0155943377549
2590,1.11,1.0155943377549
2591,1.11,1.0155943377549
2592,1.11,1.0155943377549
2593,1.11,1.0155943377549
2594,1.11,1.0155943377549
2595,1.11,1.0155943377549
2596,1.11,1.0155943377549
2597,1.11,1.0155943377549
2598,1.11,1.0155943377549
2599,1.11,1.0155943377549
2600,1.11,1.0155943377549
2601,1.11,1.0155943377549
2602,1.11,1.0155943377549
2603,1.11,1.0155943377549
2604,1.11,1.0155943377549
2605,1.11,1.0155943377549
2606,1.11,1.0155943377549
2607,1.11,1.0155943377549
2608,1.11,1.0155943377549
2609,1.11,1.0155943377549
2610,1.11,1.0155943377549
2611,1.11,1.0155943377549
2612,1.11,1.0155943377549
2613,1.11,1.0155943377549
2614,1.11,1.0155943377549
2615,1.11,1.0155943377549
2616,1.11,1.0155943377549
2617,1.11,1.0155943377549
2618,1.11,1.0155943377549
2619,1.11,1.0155943377549
2620,1.11,1.0155943377549
2621,1.11,1.0155943377549
2622,1.11,1.0155943377549
2623,1.11,1.0155943377549
2624,1.11,1.0155943377549
2625,1.11,1.0155943377549
2626,1.11,1.0155943377549
2627,1.11,1.0155943377549
2628,1.11,1.0155943377549
2629,1.11,1.0155943377549
2630,1.11,1.0155943377549
2631,1.11,1.0155943377549
2632,1.11,1.0155943377549
2633,1.11,1.0155943377549
2634,1.11,1.0155943377549
2635,1.11,1.0155943377549
2636,1.11,1.0155943377549
2637,1.11,1.0155943377549
2638,1.11,1.0155943377549
2639,1.11,1.0155943377549
2640,1.11,1.0155943377549
2641,1.11,1.0155943377549
2642,1.11,1.0155943377549
2643,1.11,1.0155943377549
2644,1.11,1.0155943377549
2645,1.11,1.0155943377549
2646,1.11,1.0155943377549
2647,1.11,1.0155943377549
2648,1.11,1.0155943377549
2649,1.11,1.0155943377549
2650,1.11,1.0155943377549
2651,1.11,1.0155943377549
2652,1.11,1.0155943377549
2653,1.11,1.0155943377549
2654,1.11,1.0155943377549
2655,1.11,1.0155943377549
2656,1.11,1.0155943377549
2657,1.11,1.0155943377549
2658,1.11,1.0155943377549
2659,1.11,1.0155943377549
2660,1.11,1.0155943377549
2661,1.11,1.0155943377549
2662,1.11,1.0155943377549
2663,1.11,1.0155943377549
2664,1.11,1.0155943377549
2665,1.11,1.0155943377549
2666,1.11,1.0155943377549
2667,1.11,1.0155943377549
2668,1.11,1.0155943377549
2669,1.11,1.0155943377549
2670,1.11,1.0155943377549
2671,1.11,1.0155943377549
2672,1.11,1.0155943377549
2673,1.11,1.0155943377549
2674,1.11,1.0155943377549
2675,1.11,1.0155943377549
2676,1.11,1.0155943377549
2677,1.11,1.0155943377549
2678,1.11,1.0155943377549
2679,1.11,1.0155943377549
2680,1.11,1.0155943377549
2681,1.11,1.0155943377549
2682,1.11,1.0155943377549
2683,1.11,1.0155943377549
2684,1.11,1.0155943377549
2685,1.11,1.0155943377549
2686,1.11,1.0155943377549
2687,1.11,1.0155943377549
2688,1.11,1.0155943377549
2689,1.11,1.0155943377549
2690,1.11,1.0155943377549
2691,1.11,1.0155943377549
2692,1.11,1.0155943377549
2693,1.11,1.0155943377549
2694,1.11,1.0155943377549
2695,1.11,1.0155943377549
2696,1.11,1.0155943377549
2697,1.11,1.0155943377549
2698,1.11,1.0155943377549
2699,1.11,1.0155943377549
2700,1.11,1.0155943377549
2701,1.11,1.0155943377549
2702,1.11,1.0155943377549
2703,1.11,1.0155943377549
2704,1.11,1.0155943377549
2705,1.11,1.0155943377549
2706,1.11,1.0155943377549
2707,1.11,1.0155943377549
2708,1.11,1.0155943377549
2709,1.11,1.0155943377549
2710,1.11,1.0155943377549
2711,1.11,1.0155943377549
2712,1.11,1.0155943377549
2713,1.11,1.0155943377549
2714,1.11,1.0155943377549
2715,1.11,1.0155943377549
2716,1.11,1.0155943377549
2717,1.11,1.0155943377549
2718,1.11,1.0155943377549
2719,1.11,1.0155943377549
2720,1.11,1.0155943377549
2721,1.11,1.0155943377549
2722,1.11,1.0155943377549
2723,1.11,1.0155943377549
2724,1.11,1.0155943377549
2725,1.11,1.0155943377549
2726,1.11,1.0155943377549
2727,1.11,1.0155943377549
2728,1.11,1.0155943377549
2729,1.11,1.0155943377549
2730,1.11,1.0155943377549
2731,1.11,1.0155943377549
2732,1.11,1.0155943377549
2733,1.11,1.0155943377549
2734,1.11,1.0155943377549
2735,1.11,1.0155943377549
2736,1.11,1.0155943377549
2737,1.11,1.0155943377549
2738,1.11,1.0155943377549
2739,1.11,1.0155943377549
2740,1.11,1.0155943377549
2741,1.11,1.0155943377549
2742,1.11,1.0155943377549
2743,1.11,1.0155943377549
2744,1.11,1.0155943377549
2745,1.11,1.0155943377549
2746,1.11,1.0155943377549
2747,1.11,1.0155943377549
2748,1.11,1.0155943377549
2749,1.11,1.0155943377549
2750,1.11,1.0155943377549
2751,1.11,1.0155943377549
2752,1.11,1.0155943377549
2753,1.11,1.0155943377549
2754,1.11,1.0155943377549
2755,1.11,1.0155943377549
2756,1.11,1.0155943377549
2757,1.11,1.0155943377549
2758,1.11,1.0155943377549
2759,1.11,1.0155943377549
2760,1.11,1.0155943377549
2761,1.11,1.0155943377549
2762,1.11,1.0155943377549
2763,1.11,1.0155943377549
2764,1.11,1.0155943377549
2765,1.11,1.0155943377549
2766,1.11,1.0155943377549
2767,1.11,1.0155943377549
2768,1.11,1.0155943377549
2769,1.11,1.0155943377549
2770,1.11,1.0155943377549
2771,1.11,1.0155943377549
2772,1.11,1.0155943377549
2773,1.11,1.0155943377549
2774,1.11,1.0155943377549
2775,1.11,1.0155943377549
2776,0.9750000000000001,1.0155943377549
2777,0.8400000000000001,1.0155943377549
2778,0.8400000000000001,1.0155943377549
2779,0.8400000000000001,1.0155943377549
2780,0.8400000000000001,1.0155943377549
2781,0.8400000000000001,1.0155943377549
2782,0.8400000000000001,1.0155943377549
2783,0.8400000000000001,1.0155943377549
2784,0.8400000000000001,1.0155943377549
2785,0.8400000000000001,1.0155943377549
2786,0.8400000000000001,1.0155943377549
2787,0.8400000000000001,1.0155943377549
2788,0.8400000000000001,1.0155943377549
2789,0.8400000000000001,1.0155943377549
2790,0.8400000000000001,1.0155943377549
2791,0.8400000000000001,1.0155943377549
2792,0.8400000000000001,1.0155943377549
2793,0.8400000000000001,1.0155943377549
2794,0.8400000000000001,1.0155943377549
2795,0.8400000000000001,1.0155943377549
2796,0.8400000000000001,1.0155943377549
2797,0.8400000000000001,1.0155943377549
2798,0.8400000000000001,1.0155943377549
2799,0.8400000000000001,1.0155943377549
2800,0.8400000000000001,1.0155943377549
2801,0.8400000000000001,1.0155943377549
2802,0.8400000000000001,1.0155943377549
2803,0.8400000000000001,1.0155943377549
2804,0.8400000000000001,1.0155943377549
2805,0.8400000000000001,1.0155943377549
2806,0.8400000000000001,1.0155943377549
2807,0.8400000000000001,1.0155943377549
2808,0.8400000000000001,1.0155943377549
2809,0.8400000000000001,1.0155943377549
2810,0.8400000000000001,1.0155943377549
2811,0.8400000000000001,1.0155943377549
2812,0.8400000000000001,1.0155943377549
2813,0.8400000000000001,1.0155943377549
2814,0.8400000000000001,1.0155943377549
2815,0.8400000000000001,1.0155943377549
2816,0.8400000000000001,1.0155943377549
2817,0.8400000000000001,1.0155943377549
2818,0.8400000000000001,1.0155943377549
2819,0.8400000000000001,1.0155943377549
2820,0.8400000000000001,1.0155943377549
2821,0.8400000000000001,1.0155943377549
2822,0.8400000000000001,1.0155943377549
2823,0.8400000000000001,1.0155943377549
2824,0.8400000000000001,1.0155943377549
2825,0.8400000000000001,1.0155943377549
2826,0.8400000000000001,1.0155943377549
2827,0.8400000000000001,1.0155943377549
2828,0.8400000000000001,1.0155943377549
2829,0.8400000000000001,1.0155943377549
2830,0.8400000000000001,1.0155943377549
2831,0.8400000000000001,1.0155943377549
2832,0.8400000000000001,1.0155943377549
2833,0.8400000000000001,1.0155943377549
2834,0.8400000000000001,1.0155943377549
2835,0.8400000000000001,1.0155943377549
2836,0.8400000000000001,1.0155943377549
2837,0.8400000000000001,1.0155943377549
2838,0.8400000000000001,1.0155943377549
2839,0.8400000000000001,1.0155943377549
2840,0.8400000000000001,1.0155943377549
2841,0.8400000000000001,1.0155943377549
2842,0.8400000000000001,1.0155943377549
2843,0.8400000000000001,1.0155943377549
2844,0.8400000000000001,1.0155943377549
2845,0.8400000000000001,1.0155943377549
2846,0.8400000000000001,1.0155943377549
2847,0.8400000000000001,1.0155943377549
2848,0.8400000000000001,1.0155943377549
2849,0.8400000000000001,1.0155943377549
2850,0.8400000000000001,1.0155943377549
2851,0.8400000000000001,1.0155943377549
2852,0.8400000000000001,1.0155943377549
2853,0.8400000000000001,1.0155943377549
2854,0.8400000000000001,1.0155943377549
2855,0.8400000000000001,1.0155943377549
2856,0.8400000000000001,1.0155943377549
2857,0.8400000000000001,1.0155943377549
2858,0.8400000000000001,1.0155943377549
2859,0.8400000000000001,1.0155943377549
2860,0.8400000000000001,1.0155943377549
2861,0.8400000000000001,1.0155943377549
2862,0.8400000000000001,1.0155943377549
2863,0.8400000000000001,1.0155943377549
2864,0.8400000000000001,1.0155943377549
2865,0.8400000000000001,1.0155943377549
2866,0.8400000000000001,1.0155943377549
2867,0.8400000000000001,1.0155943377549
2868,0.8400000000000001,1.0155943377549
2869,0.8400000000000001,1.0155943377549
2870,0.8400000000000001,1.0155943377549
2871,0.8400000000000001,1.0155943377549
2872,0.8400000000000001,1.0155943377549
2873,0.8400000000000001,1.0155943377549
2874,0.8400000000000001,1.0155943377549
2875,0.8400000000000001,1.0155943377549
2876,0.8400000000000001,1.0155943377549
2877,0.8400000000000001,1.0155943377549
2878,0.8400000000000001,1.0155943377549
2879,0.8400000000000001,1.0155943377549
2880,0.8400000000000001,1.0155943377549
2881,0.8400000000000001,1.0155943377549
2882,0.8400000000000001,1.0155943377549
2883,0.8400000000000001,1.0155943377549
2884,0.8400000000000001,1.0155943377549
2885,0.8400000000000001,1.0155943377549
2886,0.8400000000000001,1.0155943377549
2887,0.8400000000000001,1.0155943377549
2888,0.8400000000000001,1.0155943377549
2889,0.8400000000000001,1.0155943377549
2890,0.8400000000000001,1.0155943377549
2891,0.8400000000000001,1.0155943377549
2892,0.8400000000000001,1.0155943377549
2893,0.8400000000000001,1.0155943377549
2894,0.8400000000000001,1.0155943377549
2895,0.8400000000000001,1.0155943377549
2896,0.8400000000000001,1.0155943377549
2897,0.8400000000000001,1.0155943377549
2898,0.8400000000000001,1.0155943377549
2899,0.8400000000000001,1.0155943377549
2900,0.8400000000000001,1.0155943377549
2901,0.8400000000000001,1.0155943377549
2902,0.8400000000000001,1.0155943377549
2903,0.8400000000000001,1.0155943377549
2904,0.8400000000000001,1.0155943377549
2905,0.8400000000000001,1.0155943377549
2906,0.8400000000000001,1.0155943377549
2907,0.8400000000000001,1.0155943377549
2908,0.8400000000000001,1.0155943377549
2909,0.8400000000000001,1.0155943377549
2910,0.8400000000000001,1.0155943377549
2911,0.8400000000000001,1.0155943377549
2912,0.8400000000000001,1.0155943377549
2913,0.8400000000000001,1.0155943377549
2914,0.8400000000000001,1.0155943377549
2915,0.8400000000000001,1.0155943377549
2916,0.8400000000000001,1.0155943377549
2917,0.8400000000000001,1.0155943377549
2918,0.8400000000000001,1.0155943377549
2919,0.8400000000000001,1.0155943377549
2920,0.8400000000000001,1.0155943377549
2921,0.8400000000000001,1.0155943377549
2922,0.8400000000000001,1.0155943377549
2923,0.8400000000000001,1.0155943377549
2924,0.8400000000000001,1.0155943377549
2925,0.8400000000000001,1.0155943377549
2926,0.8400000000000001,1.0155943377549
2927,0.8400000000000001,1.0155943377549
2928,0.8400000000000001,1.0155943377549
2929,0.8400000000000001,1.0155943377549
2930,0.8400000000000001,1.0155943377549
2931,0.8400000000000001,1.0155943377549
2932,0.8400000000000001,1.0155943377549
2933,0.8400000000000001,1.0155943377549
2934,0.8400000000000001,1.0155943377549
2935,0.8400000000000001,1.0155943377549
2936,0.8400000000000001,1.0155943377549
2937,0.8400000000000001,1.0155943377549
2938,0.8400000000000001,1.0155943377549
2939,0.8400000000000001,1.0155943377549
2940,0.8400000000000001,1.0155943377549
2941,0.8400000000000001,1.0155943377549
2942,0.8400000000000001,1.0155943377549
2943,0.8400000000000001,1.0155943377549
2944,0.8400000000000001,1.0155943377549
2945,0.8400000000000001,1.0155943377549
2946,0.8400000000000001,1.0155943377549
2947,0.8400000000000001,1.0155943377549
2948,0.8400000000000001,1.0155943377549
2949,0.8400000000000001,1.0155943377549
2950,0.8400000000000001,1.0155943377549
2951,0.8400000000000001,1.0155943377549
2952,0.8400000000000001,1.0155943377549
2953,0.8400000000000001,1.0155943377549
2954,0.8400000000000001,1.0155943377549
2955,0.8400000000000001,1.0155943377549
2956,0.8400000000000001,1.0155943377549
2957,0.8400000000000001,1.0155943377549
2958,0.8400000000000001,1.0155943377549
2959,0.8400000000000001,1.0155943377549
2960,0.8400000000000001,1.0155943377549
2961,0.8400000000000001,1.0155943377549
2962,0.8400000000000001,1.0155943377549
2963,0.8400000000000001,1.0155943377549
2964,0.8400000000000001,1.0155943377549
2965,0.8400000000000001,1.0155943377549
2966,0.8400000000000001,1.0155943377549
2967,0.8400000000000001,1.0155943377549
2968,0.8400000000000001,1.0155943377549
2969,0.8400000000000001,1.0155943377549
2970,0.8400000000000001,1.0155943377549
2971,0.8400000000000001,1.0155943377549
2972,0.8400000000000001,1.0155943377549
2973,0.8300000000000001,1.0155943377549
2974,0.56,1.0155943377549
2975,0.56,1.0155943377549
2976,0.56,1.0155943377549
2977,0.56,1.0155943377549
2978,0.56,1.0155943377549
2979,0.56,1.0155943377549
2980,0.56,1.0155943377549
2981,0.56,1.0155943377549
2982,0.56,1.0155943377549
2983,0.56,1.0155943377549
2984,0.56,1.0155943377549
2985,0.56,1.0155943377549
2986,0.56,1.0155943377549
2987,0.56,1.0155943377549
2988,0.56,1.0155943377549
2989,0.56,1.0155943377549
2990,0.56,1.0155943377549
2991,0.56,1.0155943377549
2992,0.56,1.0155943377549
2993,0.56,1.0155943377549
2994,0.56,1.0155943377549
2995,0.56,1.0155943377549
2996,0.56,1.0155943377549
2997,0.56,1.0155943377549
2998,0.56,1.0155943377549
2999,0.56,1.0155943377549
3000,0.56,1.0155943377549
3001,0.56,1.0155943377549
3002,0.56,1.0155943377549
3003,0.56,1.0155943377549
3004,0.56,1.0155943377549
3005,0.56,1.0155943377549
3006,0.56,1.0155943377549
3007,0.56,1.0155943377549
3008,0.56,1.0155943377549
3009,0.56,1.0155943377549
3010,0.56,1.0155943377549
3011,0.56,1.0155943377549
3012,0.56,1.0155943377549
3013,0.56,1.0155943377549
3014,0.56,1.0155943377549
3015,0.56,1.0155943377549
3016,0.56,1.0155943377549
3017,0.56,1.0155943377549
3018,0.56,1.0155943377549
3019,0.56,1.0155943377549
3020,0.56,1.0155943377549
3021,0.56,1.0155943377549
3022,0.56,1.0155943377549
3023,0.56,1.0155943377549
3024,0.56,1.0155943377549
3025,0.56,1.0155943377549
3026,0.56,1.0155943377549
3027,0.56,1.0155943377549
3028,0.56,1.0155943377549
3029,0.56,1.0155943377549
3030,0.56,1.0155943377549
3031,0.56,1.0155943377549
3032,0.56,1.0155943377549
3033,0.56,1.0155943377549
3034,0.56,1.0155943377549
3035,0.56,1.0155943377549
3036,0.56,1.0155943377549
3037,0.56,1.0155943377549
3038,0.56,1.0155943377549
3039,0.56,1.0155943377549
3040,0.56,1.0155943377549
3041,0.56,1.0155943377549
3042,0.56,1.0155943377549
3043,0.56,1.0155943377549
3044,0.56,1.0155943377549
3045,0.56,1.0155943377549
3046,0.56,1.0155943377549
3047,0.56,1.0155943377549
3048,0.56,1.0155943377549
3049,0.56,1.0155943377549
3050,0.56,1.0155943377549
3051,0.56,1.0155943377549
3052,0.56,1.0155943377549
3053,0.56,1.0155943377549
3054,0.56,1.0155943377549
3055,0.56,1.0155943377549
3056,0.56,1.0155943377549
3057,0.56,1.0155943377549
3058,0.56,1.0155943377549
3059,0.56,1.0155943377549
3060,0.56,1.0155943377549
3061,0.56,1.0155943377549
3062,0.56,1.0155943377549
3063,0.56,1.0155943377549
3064,0.56,1.0155943377549
3065,0.56,1.0155943377549
3066,0.56,1.0155943377549
3067,0.56,1.0155943377549
3068,0.56,1.0155943377549
3069,0.56,1.0155943377549
3070,0.56,1.0155943377549
3071,0.56,1.0155943377549
3072,0.56,1.0155943377549
3073,0.42500000000000004,1.0155943377549
3074,0.42500000000000004,1.0155943377549
3075,0.42500000000000004,1.0155943377549
3076,0.42500000000000004,1.0155943377549
3077,0.42500000000000004,1.0155943377549
3078,0.42500000000000004,1.0155943377549
3079,0.42500000000000004,1.0155943377549
3080,0.42500000000000004,1.0155943377549
3081,0.42500000000000004,1.0155943377549
3082,0.42500000000000004,1.0155943377549
3083,0.42500000000000004,1.0155943377549
3084,0.42500000000000004,1.0155943377549
3085,0.42500000000000004,1.0155943377549
3086,0.42500000000000004,1.0155943377549
3087,0.42500000000000004,1.0155943377549
3088,0.42500000000000004,1.0155943377549
3089,0.42500000000000004,1.0155943377549
3090,0.42500000000000004,1.0155943377549
3091,0.42500000000000004,1.0155943377549
3092,0.42500000000000004,1.0155943377549
3093,0.42500000000000004,1.0155943377549
3094,0.42500000000000004,1.0155943377549
3095,0.42500000000000004,1.0155943377549
3096,0.42500000000000004,1.0155943377549
3097,0.42500000000000004,1.0155943377549
3098,0.42500000000000004,1.0155943377549
3099,0.42500000000000004,1.0155943377549
3100,0.42500000000000004,1.0155943377549
3101,0.42500000000000004,1.0155943377549
3102,0.42500000000000004,1.0155943377549
3103,0.42500000000000004,1.0155943377549
3104,0.42500000000000004,1.0155943377549
3105,0.42500000000000004,1.0155943377549
3106,0.42500000000000004,1.0155943377549
3107,0.42500000000000004,1.0155943377549
3108,0.42500000000000004,1.0155943377549
3109,0.42500000000000004,1.0155943377549
3110,0.42500000000000004,1.0155943377549
3111,0.42500000000000004,1.0155943377549
3112,0.42500000000000004,1.0155943377549
3113,0.42500000000000004,1.0155943377549
3114,0.42500000000000004,1.0155943377549
3115,0.42500000000000004,1.0155943377549
3116,0.42500000000000004,1.0155943377549
3117,0.42500000000000004,1.0155943377549
3118,0.42500000000000004,1.0155943377549
3119,0.42500000000000004,1.0155943377549
3120,0.42500000000000004,1.0155943377549
3121,0.42500000000000004,1.0155943377549
3122,0.42500000000000004,1.0155943377549
3123,0.42500000000000004,1.0155943377549
3124,0.42500000000000004,1.0155943377549
3125,0.42500000000000004,1.0155943377549
3126,0.42500000000000004,1.0155943377549
3127,0.42500000000000004,1.0155943377549
3128,0.42500000000000004,1.0155943377549
3129,0.42500000000000004,1.0155943377549
3130,0.42500000000000004,1.0155943377549
3131,0.42500000000000004,1.0155943377549
3132,0.42500000000000004,1.0155943377549
3133,0.42500000000000004,1.0155943377549
3134,0.42500000000000004,1.0155943377549
3135,0.42500000000000004,1.0155943377549
3136,0.42500000000000004,1.0155943377549
3137,0.42500000000000004,1.0155943377549
3138,0.42500000000000004,1.0155943377549
3139,0.42500000000000004,1.0155943377549
3140,0.42500000000000004,1.0155943377549
3141,0.42500000000000004,1.0155943377549
3142,0.42500000000000004,1.0155943377549
3143,0.42500000000000004,1.0155943377549
3144,0.42500000000000004,1.0155943377549
3145,0.42500000000000004,1.0155943377549
3146,0.42500000000000004,1.0155943377549
3147,0.42500000000000004,1.0155943377549
3148,0.42500000000000004,1.0155943377549
3149,0.42500000000000004,1.0155943377549
3150,0.42500000000000004,1.0155943377549
3151,0.42500000000000004,1.0155943377549
3152,0.42500000000000004,1.0155943377549
3153,0.42500000000000004,1.0155943377549
3154,0.42500000000000004,1.0155943377549
3155,0.42500000000000004,1.0155943377549
3156,0.42500000000000004,1.0155943377549
3157,0.42500000000000004,1.0155943377549
3158,0.42500000000000004,1.0155943377549
3159,0.42500000000000004,1.0155943377549
3160,0.42500000000000004,1.0155943377549
3161,0.42500000000000004,1.0155943377549
3162,0.42500000000000004,1.0155943377549
3163,0.42500000000000004,1.0155943377549
3164,0.42500000000000004,1.0155943377549
3165,0.42500000000000004,1.0155943377549
3166,0.42500000000000004,1.0155943377549
3167,0.42500000000000004,1.0155943377549
3168,0.42500000000000004,1.0155943377549
3169,0.42500000000000004,1.0155943377549
3170,0.42500000000000004,1.0155943377549
3171,0.42500000000000004,1.0155943377549
3172,0.42500000000000004,1.0155943377549
3173,0.42500000000000004,1.0155943377549
3174,0.42500000000000004,1.0155943377549
3175,0.42500000000000004,1.0155943377549
3176,0.42500000000000004,1.0155943377549
3177,0.42500000000000004,1.0155943377549
3178,0.42500000000000004,1.0155943377549
3179,0.42500000000000004,1.0155943377549
3180,0.42500000000000004,1.0155943377549
3181,0.42500000000000004,1.0155943377549
3182,0.42500000000000004,1.0155943377549
3183,0.42500000000000004,1.0155943377549
3184,0.42500000000000004,1.0155943377549
3185,0.42500000000000004,1.0155943377549
3186,0.42500000000000004,1.0155943377549
3187,0.42500000000000004,1.0155943377549
3188,0.42500000000000004,1.0155943377549
3189,0.42500000000000004,1.0155943377549
3190,0.42500000000000004,1.0155943377549
3191,0.42500000000000004,1.0155943377549
3192,0.42500000000000004,1.0155943377549
3193,0.42500000000000004,1.0155943377549
3194,0.42500000000000004,1.0155943377549
3195,0.42500000000000004,1.0155943377549
3196,0.42500000000000004,1.0155943377549
3197,0.42500000000000004,1.0155943377549
3198,0.42500000000000004,1.0155943377549
3199,0.42500000000000004,1.0155943377549
3200,0.42500000000000004,1.0155943377549
3201,0.42500000000000004,1.0155943377549
3202,0.42500000000000004,1.0155943377549
3203,0.42500000000000004,1.0155943377549
3204,0.42500000000000004,1.0155943377549
3205,0.42500000000000004,1.0155943377549
3206,0.42500000000000004,1.0155943377549
3207,0.42500000000000004,1.0155943377549
3208,0.42500000000000004,1.0155943377549
3209,0.42500000000000004,1.0155943377549
3210,0.42500000000000004,1.0155943377549
3211,0.42500000000000004,1.0155943377549
3212,0.42500000000000004,1.0155943377549
3213,0.42500000000000004,1.0155943377549
3214,0.42500000000000004,1.0155943377549
3215,0.42500000000000004,1.0155943377549
3216,0.42500000000000004,1.0155943377549
3217,0.42500000000000004,1.0155943377549
3218,0.42500000000000004,1.0155943377549
3219,0.42500000000000004,1.0155943377549
3220,0.42500000000000004,1.0155943377549
3221,0.42500000000000004,1.0155943377549
3222,0.42500000000000004,1.0155943377549
3223,0.42500000000000004,1.0155943377549
3224,0.42500000000000004,1.0155943377549
3225,0.42500000000000004,1.0155943377549
3226,0.42500000000000004,1.0155943377549
3227,0.42500000000000004,1.0155943377549
3228,0.42500000000000004,1.0155943377549
3229,0.42500000000000004,1.0155943377549
3230,0.42500000000000004,1.0155943377549
3231,0.42500000000000004,1.0155943377549
3232,0.42500000000000004,1.0155943377549
3233,0.42500000000000004,1.0155943377549
3234,0.42500000000000004,1.0155943377549
3235,0.42500000000000004,1.0155943377549
3236,0.42500000000000004,1.0155943377549
3237,0.42500000000000004,1.0155943377549
3238,0.42500000000000004,1.0155943377549
3239,0.42500000000000004,1.0155943377549
3240,0.42500000000000004,1.0155943377549
3241,0.42500000000000004,1.0155943377549
3242,0.42500000000000004,1.0155943377549
3243,0.42500000000000004,1.0155943377549
3244,0.42500000000000004,1.0155943377549
3245,0.42500000000000004,1.0155943377549
3246,0.42500000000000004,1.0155943377549
3247,0.42500000000000004,1.0155943377549
3248,0.42500000000000004,1.0155943377549
3249,0.42500000000000004,1.0155943377549
3250,0.42500000000000004,1.0155943377549
3251,0.42500000000000004,1.0155943377549
3252,0.42500000000000004,1.0155943377549
3253,0.42500000000000004,1.0155943377549
3254,0.42500000000000004,1.0155943377549
3255,0.42500000000000004,1.0155943377549
3256,0.42500000000000004,1.0155943377549
3257,0.42500000000000004,1.0155943377549
3258,0.42500000000000004,1.0155943377549
3259,0.42500000000000004,1.0155943377549
3260,0.42500000000000004,1.0155943377549
3261,0.42500000000000004,1.0155943377549
3262,0.42500000000000004,1.0155943377549
3263,0.42500000000000004,1.0155943377549
3264,0.42500000000000004,1.0155943377549
3265,0.42500000000000004,1.0155943377549
3266,0.42500000000000004,1.0155943377549
3267,0.42500000000000004,1.0155943377549
3268,0.42500000000000004,1.0155943377549
3269,0.42500000000000004,1.0155943377549
3270,0.42500000000000004,1.0155943377549
3271,0.42500000000000004,1.0155943377549
3272,0.42500000000000004,1.0155943377549
3273,0.42500000000000004,1.0155943377549
3274,0.42500000000000004,1.0155943377549
3275,0.42500000000000004,1.0155943377549
3276,0.42500000000000004,1.0155943377549
3277,0.42500000000000004,1.0155943377549
3278,0.42500000000000004,1.0155943377549
3279,0.42500000000000004,1.0155943377549
3280,0.42500000000000004,1.0155943377549
3281,0.42500000000000004,1.0155943377549
3282,0.42500000000000004,1.0155943377549
3283,0.42500000000000004,1.0155943377549
3284,0.42500000000000004,1.0155943377549
3285,0.42500000000000004,1.0155943377549
3286,0.42500000000000004,1.0155943377549
3287,0.42500000000000004,1.0155943377549
3288,0.42500000000000004,1.0155943377549
3289,0.42500000000000004,1.0155943377549
3290,0.42500000000000004,1.0155943377549
3291,0.42500000000000004,1.0155943377549
3292,0.42500000000000004,1.0155943377549
3293,0.42500000000000004,1.0155943377549
3294,0.42500000000000004,1.0155943377549
3295,0.42500000000000004,1.0155943377549
3296,0.42500000000000004,1.0155943377549
3297,0.42500000000000004,1.0155943377549
3298,0.42500000000000004,1.0155943377549
3299,0.42500000000000004,1.0155943377549
3300,0.42500000000000004,1.0155943377549
3301,0.42500000000000004,1.0155943377549
3302,0.42500000000000004,1.0155943377549
3303,0.42500000000000004,1.0155943377549
3304,0.42500000000000004,1.0155943377549
3305,0.42500000000000004,1.0155943377549
3306,0.42500000000000004,1.0155943377549
3307,0.42500000000000004,1.0155943377549
3308,0.42500000000000004,1.0155943377549
3309,0.42500000000000004,1.0155943377549
3310,0.42500000000000004,1.0155943377549
3311,0.42500000000000004,1.0155943377549
3312,0.42500000000000004,1.0155943377549
3313,0.42500000000000004,1.0155943377549
3314,0.42500000000000004,1.0155943377549
3315,0.42500000000000004,1.0155943377549
3316,0.42500000000000004,1.0155943377549
3317,0.42500000000000004,1.0155943377549
3318,0.42500000000000004,1.0155943377549
3319,0.42500000000000004,1.0155943377549
3320,0.42500000000000004,1.0155943377549
3321,0.42500000000000004,1.0155943377549
3322,0.42500000000000004,1.0155943377549
3323,0.42500000000000004,1.0155943377549
3324,0.42500000000000004,1.0155943377549
3325,0.42500000000000004,1.0155943377549
3326,0.42500000000000004,1.0155943377549
3327,0.42500000000000004,1.0155943377549
3328,0.42500000000000004,1.0155943377549
3329,0.42500000000000004,1.0155943377549
3330,0.42500000000000004,1.0155943377549
3331,0.42500000000000004,1.0155943377549
3332,0.42500000000000004,1.0155943377549
3333,0.42500000000000004,1.0155943377549
3334,0.42500000000000004,1.0155943377549
3335,0.42500000000000004,1.0155943377549
3336,0.42500000000000004,1.0155943377549
3337,0.42500000000000004,1.0155943377549
3338,0.42500000000000004,1.0155943377549
3339,0.42500000000000004,1.0155943377549
3340,0.42500000000000004,1.0155943377549
3341,0.42500000000000004,1.0155943377549
3342,0.42500000000000004,1.0155943377549
3343,0.42500000000000004,1.0155943377549
3344,0.42500000000000004,1.0155943377549
3345,0.42500000000000004,1.0155943377549
3346,0.42500000000000004,1.0155943377549
3347,0.42500000000000004,1.0155943377549
3348,0.42500000000000004,1.0155943377549
3349,0.42500000000000004,1.0155943377549
3350,0.42500000000000004,1.0155943377549
3351,0.42500000000000004,1.0155943377549
3352,0.42500000000000004,1.0155943377549
3353,0.42500000000000004,1.0155943377549
3354,0.42500000000000004,1.0155943377549
3355,0.42500000000000004,1.0155943377549
3356,0.42500000000000004,1.0155943377549
3357,0.42500000000000004,1.0155943377549
3358,0.42500000000000004,1.0155943377549
3359,0.42500000000000004,1.0155943377549
3360,0.42500000000000004,1.0155943377549
3361,0.42500000000000004,1.0155943377549
3362,0.42500000000000004,1.0155943377549
3363,0.42500000000000004,1.0155943377549
3364,0.42500000000000004,1.0155943377549
3365,0.42500000000000004,1.0155943377549
3366,0.42500000000000004,1.0155943377549
3367,0.42500000000000004,1.0155943377549
3368,0.42500000000000004,1.0155943377549
3369,0.42500000000000004,1.0155943377549
3370,0.42500000000000004,1.0155943377549
3371,0.42500000000000004,1.0155943377549
3372,0.42500000000000004,1.0155943377549
3373,0.42500000000000004,1.0155943377549
3374,0.42500000000000004,1.0155943377549
3375,0.42500000000000004,1.0155943377549
3376,0.42500000000000004,1.0155943377549
3377,0.42500000000000004,1.0155943377549
3378,0.42500000000000004,1.0155943377549
3379,0.42500000000000004,1.0155943377549
3380,0.42500000000000004,1.0155943377549
3381,0.42500000000000004,1.0155943377549
3382,0.42500000000000004,1.0155943377549
3383,0.42500000000000004,1.0155943377549
3384,0.42500000000000004,1.0155943377549
3385,0.42500000000000004,1.0155943377549
3386,0.42500000000000004,1.0155943377549
3387,0.42500000000000004,1.0155943377549
3388,0.42500000000000004,1.0155943377549
3389,0.42500000000000004,1.0155943377549
3390,0.42500000000000004,1.0155943377549
3391,0.42500000000000004,1.0155943377549
3392,0.42500000000000004,1.0155943377549
3393,0.42500000000000004,1.0155943377549
3394,0.42500000000000004,1.0155943377549
3395,0.42500000000000004,1.0155943377549
3396,0.42500000000000004,1.0155943377549
3397,0.42500000000000004,1.0155943377549
3398,0.42500000000000004,1.0155943377549
3399,0.42500000000000004,1.0155943377549
3400,0.42500000000000004,1.0155943377549
3401,0.42500000000000004,1.0155943377549
3402,0.42500000000000004,1.0155943377549
3403,0.42500000000000004,1.0155943377549
3404,0.42500000000000004,1.0155943377549
3405,0.42500000000000004,1.0155943377549
3406,0.42500000000000004,1.0155943377549
3407,0.42500000000000004,1.0155943377549
3408,0.42500000000000004,1.0155943377549
3409,0.42500000000000004,1.0155943377549
3410,0.42500000000000004,1.0155943377549
3411,0.42500000000000004,1.0155943377549
3412,0.42500000000000004,1.0155943377549
3413,0.42500000000000004,1.0155943377549
3414,0.42500000000000004,1.0155943377549
3415,0.42500000000000004,1.0155943377549
3416,0.42500000000000004,1.0155943377549
3417,0.42500000000000004,1.0155943377549
3418,0.42500000000000004,1.0155943377549
3419,0.42500000000000004,1.0155943377549
3420,0.42500000000000004,1.0155943377549
3421,0.42500000000000004,1.0155943377549
3422,0.42500000000000004,1.0155943377549
3423,0.42500000000000004,1.0155943377549
3424,0.42500000000000004,1.0155943377549
3425,0.42500000000000004,1.0155943377549
3426,0.42500000000000004,1.0155943377549
3427,0.42500000000000004,1.0155943377549
3428,0.42500000000000004,1.0155943377549
3429,0.42500000000000004,1.0155943377549
3430,0.42500000000000004,1.0155943377549
3431,0.42500000000000004,1.0155943377549
3432,0.42500000000000004,1.0155943377549
3433,0.42500000000000004,1.0155943377549
3434,0.42500000000000004,1.0155943377549
3435,0.42500000000000004,1.0155943377549
3436,0.42500000000000004,1.0155943377549
3437,0.42500000000000004,1.0155943377549
3438,0.42500000000000004,1.0155943377549
3439,0.42500000000000004,1.0155943377549
3440,0.42500000000000004,1.0155943377549
3441,0.42500000000000004,1.0155943377549
3442,0.42500000000000004,1.0155943377549
3443,0.42500000000000004,1.0155943377549
3444,0.42500000000000004,1.0155943377549
3445,0.42500000000000004,1.0155943377549
3446,0.42500000000000004,1.0155943377549
3447,0.42500000000000004,1.0155943377549
3448,0.42500000000000004,1.0155943377549
3449,0.42500000000000004,1.0155943377549
3450,0.42500000000000004,1.0155943377549
3451,0.42500000000000004,1.0155943377549
3452,0.42500000000000004,1.0155943377549
3453,0.42500000000000004,1.0155943377549
3454,0.42500000000000004,1.0155943377549
3455,0.42500000000000004,1.0155943377549
3456,0.42500000000000004,1.0155943377549
3457,0.42500000000000004,1.0155943377549
3458,0.42500000000000004,1.0155943377549
3459,0.42500000000000004,1.0155943377549
3460,0.42500000000000004,1.0155943377549
3461,0.42500000000000004,1.0155943377549
3462,0.42500000000000004,1.0155943377549
3463,0.42500000000000004,1.0155943377549
3464,0.42500000000000004,1.0155943377549
3465,0.42500000000000004,1.0155943377549
3466,0.42500000000000004,1.0155943377549
3467,0.42500000000000004,1.0155943377549
3468,0.42500000000000004,1.0155943377549
3469,0.42500000000000004,1.0155943377549
3470,0.42500000000000004,1.0155943377549
3471,0.42500000000000004,1.0155943377549
3472,0.42500000000000004,1.0155943377549
3473,0.42500000000000004,1.0155943377549
3474,0.42500000000000004,1.0155943377549
3475,0.42500000000000004,1.0155943377549
3476,0.42500000000000004,1.0155943377549
3477,0.42500000000000004,1.0155943377549
3478,0.42500000000000004,1.0155943377549
3479,0.42500000000000004,1.0155943377549
3480,0.42500000000000004,1.0155943377549
3481,0.42500000000000004,1.0155943377549
3482,0.42500000000000004,1.0155943377549
3483,0.42500000000000004,1.0155943377549
3484,0.42500000000000004,1.0155943377549
3485,0.42500000000000004,1.0155943377549
3486,0.42500000000000004,1.0155943377549
3487,0.42500000000000004,1.0155943377549
3488,0.42500000000000004,1.0155943377549
3489,0.42500000000000004,1.0155943377549
3490,0.42500000000000004,1.0155943377549
3491,0.42500000000000004,1.0155943377549
3492,0.42500000000000004,1.0155943377549
3493,0.42500000000000004,1.0155943377549
3494,0.42500000000000004,1.0155943377549
3495,0.42500000000000004,1.0155943377549
3496,0.42500000000000004,1.0155943377549
3497,0.42500000000000004,1.0155943377549
3498,0.42500000000000004,1.0155943377549
3499,0.42500000000000004,1.0155943377549
3500,0.42500000000000004,1.0155943377549
3501,0.42500000000000004,1.0155943377549
3502,0.42500000000000004,1.0155943377549
3503,0.42500000000000004,1.0155943377549
3504,0.42500000000000004,1.0155943377549
3505,0.42500000000000004,1.0155943377549
3506,0.42500000000000004,1.0155943377549
3507,0.42500000000000004,1.0155943377549
3508,0.42500000000000004,1.0155943377549
3509,0.42500000000000004,1.0155943377549
3510,0.42500000000000004,1.0155943377549
3511,0.42500000000000004,1.0155943377549
3512,0.42500000000000004,1.0155943377549
3513,0.42500000000000004,1.0155943377549
3514,0.42500000000000004,1.0155943377549
3515,0.42500000000000004,1.0155943377549
3516,0.42500000000000004,1.0155943377549
3517,0.42500000000000004,1.0155943377549
3518,0.42500000000000004,1.0155943377549
3519,0.42500000000000004,1.0155943377549
3520,0.42500000000000004,1.0155943377549
3521,0.42500000000000004,1.0155943377549
3522,0.42500000000000004,1.0155943377549
3523,0.42500000000000004,1.0155943377549
3524,0.42500000000000004,1.0155943377549
3525,0.42500000000000004,1.0155943377549
3526,0.42500000000000004,1.0155943377549
3527,0.42500000000000004,1.0155943377549
3528,0.42500000000000004,1.0155943377549
3529,0.42500000000000004,1.0155943377549
3530,0.42500000000000004,1.0155943377549
3531,0.42500000000000004,1.0155943377549
3532,0.42500000000000004,1.0155943377549
3533,0.42500000000000004,1.0155943377549
3534,0.42500000000000004,1.0155943377549
3535,0.42500000000000004,1.0155943377549
3536,0.42500000000000004,1.0155943377549
3537,0.42500000000000004,1.0155943377549
3538,0.42500000000000004,1.0155943377549
3539,0.42500000000000004,1.0155943377549
3540,0.42500000000000004,1.0155943377549
3541,0.42500000000000004,1.0155943377549
3542,0.42500000000000004,1.0155943377549
3543,0.42500000000000004,1.0155943377549
3544,0.42500000000000004,1.0155943377549
3545,0.42500000000000004,1.0155943377549
3546,0.42500000000000004,1.0155943377549
3547,0.42500000000000004,1.0155943377549
3548,0.42500000000000004,1.0155943377549
3549,0.42500000000000004,1.0155943377549
3550,0.42500000000000004,1.0155943377549
3551,0.42500000000000004,1.0155943377549
3552,0.42500000000000004,1.0155943377549
3553,0.42500000000000004,1.0155943377549
3554,0.42500000000000004,1.0155943377549
3555,0.42500000000000004,1.0155943377549
3556,0.42500000000000004,1.0155943377549
3557,0.42500000000000004,1.0155943377549
3558,0.42500000000000004,1.0155943377549
3559,0.42500000000000004,1.0155943377549
3560,0.42500000000000004,1.0155943377549
3561,0.42500000000000004,1.0155943377549
3562,0.42500000000000004,1.0155943377549
3563,0.42500000000000004,1.0155943377549
3564,0.42500000000000004,1.0155943377549
3565,0.42500000000000004,1.0155943377549
3566,0.42500000000000004,1.0155943377549
3567,0.42500000000000004,1.0155943377549
3568,0.42500000000000004,1.0155943377549
3569,0.42500000000000004,1.0155943377549
3570,0.42500000000000004,1.0155943377549
3571,0.42500000000000004,1.0155943377549
3572,0.42500000000000004,1.0155943377549
3573,0.42500000000000004,1.0155943377549
3574,0.42500000000000004,1.0155943377549
3575,0.42500000000000004,1.0155943377549
3576,0.42500000000000004,1.0155943377549
3577,0.42500000000000004,1.0155943377549
3578,0.42500000000000004,1.0155943377549
3579,0.42500000000000004,1.0155943377549
3580,0.42500000000000004,1.0155943377549
3581,0.42500000000000004,1.0155943377549
3582,0.42500000000000004,1.0155943377549
3583,0.42500000000000004,1.0155943377549
3584,0.42500000000000004,1.0155943377549
3585,0.42500000000000004,1.0155943377549
3586,0.42500000000000004,1.0155943377549
3587,0.42500000000000004,1.0155943377549
3588,0.42500000000000004,1.0155943377549
3589,0.42500000000000004,1.0155943377549
3590,0.42500000000000004,1.0155943377549
3591,0.42500000000000004,1.0155943377549
3592,0.42500000000000004,1.0155943377549
3593,0.42500000000000004,1.0155943377549
3594,0.42500000000000004,1.0155943377549
3595,0.42500000000000004,1.0155943377549
3596,0.42500000000000004,1.0155943377549
3597,0.42500000000000004,1.0155943377549
3598,0.42500000000000004,1.0155943377549
3599,0.42500000000000004,1.0155943377549
3600,0.42500000000000004,1.0155943377549
3601,0.42500000000000004,1.0155943377549
3602,0.42500000000000004,1.0155943377549
3603,0.42500000000000004,1.0155943377549
3604,0.42500000000000004,1.0155943377549
3605,0.42500000000000004,1.0155943377549
3606,0.42500000000000004,1.0155943377549
3607,0.42500000000000004,1.0155943377549
3608,0.42500000000000004,1.0155943377549
3609,0.42500000000000004,1.0155943377549
3610,0.42500000000000004,1.0155943377549
3611,0.42500000000000004,1.0155943377549
3612,0.42500000000000004,1.0155943377549
3613,0.42500000000000004,1.0155943377549
3614,0.42500000000000004,1.0155943377549
3615,0.42500000000000004,1.0155943377549
3616,0.42500000000000004,1.0155943377549
3617,0.42500000000000004,1.0155943377549
3618,0.42500000000000004,1.0155943377549
3619,0.42500000000000004,1.0155943377549
3620,0.42500000000000004,1.0155943377549
3621,0.42500000000000004,1.0155943377549
3622,0.42500000000000004,1.0155943377549
3623,0.42500000000000004,1.0155943377549
3624,0.42500000000000004,1.0155943377549
3625,0.42500000000000004,1.0155943377549
3626,0.42500000000000004,1.0155943377549
3627,0.42500000000000004,1.0155943377549
3628,0.42500000000000004,1.0155943377549
3629,0.42500000000000004,1.0155943377549
3630,0.42500000000000004,1.0155943377549
3631,0.42500000000000004,1.0155943377549
3632,0.42500000000000004,1.0155943377549
3633,0.42500000000000004,1.0155943377549
3634,0.42500000000000004,1.0155943377549
3635,0.42500000000000004,1.0155943377549
3636,0.42500000000000004,1.0155943377549
3637,0.42500000000000004,1.0155943377549
3638,0.42500000000000004,1.0155943377549
3639,0.42500000000000004,1.0155943377549
3640,0.42500000000000004,1.0155943377549
3641,0.42500000000000004,1.0155943377549
3642,0.42500000000000004,1.0155943377549
3643,0.42500000000000004,1.0155943377549
3644,0.42500000000000004,1.0155943377549
3645,0.42500000000000004,1.0155943377549
3646,0.42500000000000004,1.0155943377549
3647,0.42500000000000004,1.0155943377549
3648,0.42500000000000004,1.0155943377549
3649,0.42500000000000004,1.0155943377549
3650,0.42500000000000004,1.0155943377549
3651,0.42500000000000004,1.0155943377549
3652,0.42500000000000004,1.0155943377549
3653,0.42500000000000004,1.0155943377549
3654,0.42500000000000004,1.0155943377549
3655,0.42500000000000004,1.0155943377549
3656,0.42500000000000004,1.0155943377549
3657,0.42500000000000004,1.0155943377549
3658,0.42500000000000004,1.0155943377549
3659,0.42500000000000004,1.0155943377549
3660,0.42500000000000004,1.0155943377549
3661,0.42500000000000004,1.0155943377549
3662,0.42500000000000004,1.0155943377549
3663,0.42500000000000004,1.0155943377549
3664,0.42500000000000004,1.0155943377549
3665,0.42500000000000004,1.0155943377549
3666,0.42500000000000004,1.0155943377549
3667,0.42500000000000004,1.0155943377549
3668,0.42500000000000004,1.0155943377549
3669,0.42500000000000004,1.0155943377549
3670,0.42500000000000004,1.0155943377549
3671,0.42500000000000004,1.0155943377549
3672,0.42500000000000004,1.0155943377549
3673,0.42500000000000004,1.0155943377549
3674,0.42500000000000004,1.0155943377549
3675,0.42500000000000004,1.0155943377549
3676,0.42500000000000004,1.0155943377549
3677,0.42500000000000004,1.0155943377549
3678,0.42500000000000004,1.0155943377549
3679,0.42500000000000004,1.0155943377549
3680,0.42500000000000004,1.0155943377549
3681,0.42500000000000004,1.0155943377549
3682,0.42500000000000004,1.0155943377549
3683,0.42500000000000004,1.0155943377549
3684,0.42500000000000004,1.0155943377549
3685,0.42500000000000004,1.0155943377549
3686,0.42500000000000004,1.0155943377549
3687,0.42500000000000004,1.0155943377549
3688,0.42500000000000004,1.0155943377549
3689,0.42500000000000004,1.0155943377549
3690,0.42500000000000004,1.0155943377549
3691,0.42500000000000004,1.0155943377549
3692,0.42500000000000004,1.0155943377549
3693,0.42500000000000004,1.0155943377549
3694,0.42500000000000004,1.0155943377549
3695,0.42500000000000004,1.0155943377549
3696,0.42500000000000004,1.0155943377549
3697,0.42500000000000004,1.0155943377549
3698,0.42500000000000004,1.0155943377549
3699,0.42500000000000004,1.0155943377549
3700,0.42500000000000004,1.0155943377549
3701,0.42500000000000004,1.0155943377549
3702,0.42500000000000004,1.0155943377549
3703,0.42500000000000004,1.0155943377549
3704,0.42500000000000004,1.0155943377549
3705,0.42500000000000004,1.0155943377549
3706,0.42500000000000004,1.0155943377549
3707,0.42500000000000004,1.0155943377549
3708,0.42500000000000004,1.0155943377549
3709,0.42500000000000004,1.0155943377549
3710,0.42500000000000004,1.0155943377549
3711,0.42500000000000004,1.0155943377549
3712,0.42500000000000004,1.0155943377549
3713,0.42500000000000004,1.0155943377549
3714,0.42500000000000004,1.0155943377549
3715,0.42500000000000004,1.0155943377549
3716,0.42500000000000004,1.0155943377549
3717,0.42500000000000004,1.0155943377549
3718,0.42500000000000004,1.0155943377549
3719,0.42500000000000004,1.0155943377549
3720,0.42500000000000004,1.0155943377549
3721,0.42500000000000004,1.0155943377549
3722,0.42500000000000004,1.0155943377549
3723,0.42500000000000004,1.0155943377549
3724,0.42500000000000004,1.0155943377549
3725,0.42500000000000004,1.0155943377549
3726,0.42500000000000004,1.0155943377549
3727,0.42500000000000004,1.0155943377549
3728,0.42500000000000004,1.0155943377549
3729,0.42500000000000004,1.0155943377549
3730,0.42500000000000004,1.0155943377549
3731,0.42500000000000004,1.0155943377549
3732,0.42500000000000004,1.0155943377549
3733,0.42500000000000004,1.0155943377549
3734,0.42500000000000004,1.0155943377549
3735,0.42500000000000004,1.0155943377549
3736,0.42500000000000004,1.0155943377549
3737,0.42500000000000004,1.0155943377549
3738,0.42500000000000004,1.0155943377549
3739,0.42500000000000004,1.0155943377549
3740,0.42500000000000004,1.0155943377549
3741,0.42500000000000004,1.0155943377549
3742,0.42500000000000004,1.0155943377549
3743,0.42500000000000004,1.0155943377549
3744,0.42500000000000004,1.0155943377549
3745,0.42500000000000004,1.0155943377549
3746,0.42500000000000004,1.0155943377549
3747,0.42500000000000004,1.0155943377549
3748,0.42500000000000004,1.0155943377549
3749,0.42500000000000004,1.0155943377549
3750,0.42500000000000004,1.0155943377549
3751,0.42500000000000004,1.0155943377549
3752,0.42500000000000004,1.0155943377549
3753,0.42500000000000004,1.0155943377549
3754,0.42500000000000004,1.0155943377549
3755,0.42500000000000004,1.0155943377549
3756,0.42500000000000004,1.0155943377549
3757,0.42500000000000004,1.0155943377549
3758,0.42500000000000004,1.0155943377549
3759,0.42500000000000004,1.0155943377549
3760,0.42500000000000004,1.0155943377549
3761,0.42500000000000004,1.0155943377549
3762,0.42500000000000004,1.0155943377549
3763,0.42500000000000004,1.0155943377549
3764,0.42500000000000004,1.0155943377549
3765,0.29,1.0155943377549
3766,0.29,1.0155943377549
3767,0.29,1.0155943377549
3768,0.29,1.0155943377549
3769,0.29,1.0155943377549
3770,0.29,1.0155943377549
3771,0.29,1.0155943377549
3772,0.29,1.0155943377549
3773,0.29,1.0155943377549
3774,0.29,1.0155943377549
3775,0.29,1.0155943377549
3776,0.29,1.0155943377549
3777,0.29,1.0155943377549
3778,0.29,1.0155943377549
3779,0.29,1.0155943377549
3780,0.29,1.0155943377549
3781,0.29,1.0155943377549
3782,0.29,1.0155943377549
3783,0.29,1.0155943377549
3784,0.29,1.0155943377549
3785,0.29,1.0155943377549
3786,0.29,1.0155943377549
3787,0.29,1.0155943377549
3788,0.29,1.0155943377549
3789,0.29,1.0155943377549
3790,0.29,1.0155943377549
3791,0.29,1.0155943377549
3792,0.29,1.0155943377549
3793,0.29,1.0155943377549
3794,0.29,1.0155943377549
3795,0.29,1.0155943377549
3796,0.29,1.0155943377549
3797,0.29,1.0155943377549
3798,0.29,1.0155943377549
3799,0.29,1.0155943377549
3800,0.29,1.0155943377549
3801,0.29,1.0155943377549
3802,0.29,1.0155943377549
3803,0.29,1.0155943377549
3804,0.29,1.0155943377549
3805,0.29,1.0155943377549
3806,0.29,1.0155943377549
3807,0.29,1.0155943377549
3808,0.29,1.0155943377549
3809,0.29,1.0155943377549
3810,0.29,1.0155943377549
3811,0.29,1.0155943377549
3812,0.29,1.0155943377549
3813,0.29,1.0155943377549
3814,0.29,1.0155943377549
3815,0.29,1.0155943377549
3816,0.29,1.0155943377549
3817,0.29,1.0155943377549
3818,0.29,1.0155943377549
3819,0.29,1.0155943377549
3820,0.29,1.0155943377549
3821,0.29,1.0155943377549
3822,0.29,1.0155943377549
3823,0.29,1.0155943377549
3824,0.29,1.0155943377549
3825,0.29,1.0155943377549
3826,0.29,1.0155943377549
3827,0.29,1.0155943377549
3828,0.29,1.0155943377549
3829,0.29,1.0155943377549
3830,0.29,1.0155943377549
3831,0.29,1.0155943377549
3832,0.29,1.0155943377549
3833,0.29,1.0155943377549
3834,0.29,1.0155943377549
3835,0.29,1.0155943377549
3836,0.29,1.0155943377549
3837,0.29,1.0155943377549
3838,0.29,1.0155943377549
3839,0.29,1.0155943377549
3840,0.29,1.0155943377549
3841,0.29,1.0155943377549
3842,0.29,1.0155943377549
3843,0.29,1.0155943377549
3844,0.29,1.0155943377549
3845,0.29,1.0155943377549
3846,0.29,1.0155943377549
3847,0.29,1.0155943377549
3848,0.29,1.0155943377549
3849,0.29,1.0155943377549
3850,0.29,1.0155943377549
3851,0.29,1.0155943377549
3852,0.29,1.0155943377549
3853,0.29,1.0155943377549
3854,0.29,1.0155943377549
3855,0.29,1.0155943377549
3856,0.29,1.0155943377549
3857,0.29,1.0155943377549
3858,0.29,1.0155943377549
3859,0.29,1.0155943377549
3860,0.29,1.0155943377549
3861,0.29,1.0155943377549
3862,0.29,1.0155943377549
3863,0.29,1.0155943377549
3864,0.29,1.0155943377549
3865,0.29,1.0155943377549
3866,0.29,1.0155943377549
3867,0.29,1.0155943377549
3868,0.29,1.0155943377549
3869,0.29,1.0155943377549
3870,0.29,1.0155943377549
3871,0.29,1.0155943377549
3872,0.29,1.0155943377549
3873,0.29,1.0155943377549
3874,0.29,1.0155943377549
3875,0.29,1.0155943377549
3876,0.29,1.0155943377549
3877,0.29,1.0155943377549
3878,0.29,1.0155943377549
3879,0.29,1.0155943377549
3880,0.29,1.0155943377549
3881,0.29,1.0155943377549
3882,0.29,1.0155943377549
3883,0.29,1.0155943377549
3884,0.29,1.0155943377549
3885,0.29,1.0155943377549
3886,0.29,1.0155943377549
3887,0.29,1.0155943377549
3888,0.29,1.0155943377549
3889,0.29,1.0155943377549
3890,0.29,1.0155943377549
3891,0.29,1.0155943377549
3892,0.29,1.0155943377549
3893,0.29,1.0155943377549
3894,0.29,1.0155943377549
3895,0.29,1.0155943377549
3896,0.29,1.0155943377549
3897,0.29,1.0155943377549
3898,0.29,1.0155943377549
3899,0.29,1.0155943377549
3900,0.29,1.0155943377549
3901,0.29,1.0155943377549
3902,0.29,1.0155943377549
3903,0.29,1.0155943377549
3904,0.29,1.0155943377549
3905,0.29,1.0155943377549
3906,0.29,1.0155943377549
3907,0.29,1.0155943377549
3908,0.29,1.0155943377549
3909,0.29,1.0155943377549
3910,0.29,1.0155943377549
3911,0.29,1.0155943377549
3912,0.29,1.0155943377549
3913,0.29,1.0155943377549
3914,0.29,1.0155943377549
3915,0.29,1.0155943377549
3916,0.29,1.0155943377549
3917,0.29,1.0155943377549
3918,0.29,1.0155943377549
3919,0.29,1.0155943377549
3920,0.29,1.0155943377549
3921,0.29,1.0155943377549
3922,0.29,1.0155943377549
3923,0.29,1.0155943377549
3924,0.29,1.0155943377549
3925,0.29,1.0155943377549
3926,0.29,1.0155943377549
3927,0.29,1.0155943377549
3928,0.29,1.0155943377549
3929,0.29,1.0155943377549
3930,0.29,1.0155943377549
3931,0.29,1.0155943377549
3932,0.29,1.0155943377549
3933,0.29,1.0155943377549
3934,0.29,1.0155943377549
3935,0.29,1.0155943377549
3936,0.29,1.0155943377549
3937,0.29,1.0155943377549
3938,0.29,1.0155943377549
3939,0.29,1.0155943377549
3940,0.29,1.0155943377549
3941,0.29,1.0155943377549
3942,0.29,1.0155943377549
3943,0.29,1.0155943377549
3944,0.29,1.0155943377549
3945,0.29,1.0155943377549
3946,0.29,1.0155943377549
3947,0.29,1.0155943377549
3948,0.29,1.0155943377549
3949,0.29,1.0155943377549
3950,0.29,1.0155943377549
3951,0.29,1.0155943377549
3952,0.29,1.0155943377549
3953,0.29,1.0155943377549
3954,0.29,1.0155943377549
3955,0.29,1.0155943377549
3956,0.29,1.0155943377549
3957,0.29,1.0155943377549
3958,0.29,1.0155943377549
3959,0.29,1.0155943377549
3960,0.29,1.0155943377549
3961,0.29,1.0155943377549
3962,0.29,1.0155943377549
3963,0.29,1.0155943377549
3964,0.29,1.0155943377549
3965,0.29,1.0155943377549
3966,0.29,1.0155943377549
3967,0.29,1.0155943377549
3968,0.29,1.0155943377549
3969,0.29,1.0155943377549
3970,0.29,1.0155943377549
3971,0.29,1.0155943377549
3972,0.29,1.0155943377549
3973,0.29,1.0155943377549
3974,0.29,1.0155943377549
3975,0.29,1.0155943377549
3976,0.29,1.0155943377549
3977,0.29,1.0155943377549
3978,0.29,1.0155943377549
3979,0.29,1.0155943377549
3980,0.29,1.0155943377549
3981,0.29,1.0155943377549
3982,0.29,1.0155943377549
3983,0.29,1.0155943377549
3984,0.29,1.0155943377549
3985,0.29,1.0155943377549
3986,0.29,1.0155943377549
3987,0.29,1.0155943377549
3988,0.29,1.0155943377549
3989,0.29,1.0155943377549
3990,0.29,1.0155943377549
3991,0.29,1.0155943377549
3992,0.29,1.0155943377549
3993,0.29,1.0155943377549
3994,0.29,1.0155943377549
3995,0.29,1.0155943377549
3996,0.29,1.0155943377549
3997,0.29,1.0155943377549
3998,0.29,1.0155943377549
3999,0.29,1.0155943377549
4000,0.29,1.0155943377549
4001,0.29,1.0155943377549
4002,0.29,1.0155943377549
4003,0.29,1.0155943377549
4004,0.29,1.0155943377549
4005,0.29,1.0155943377549
4006,0.29,1.0155943377549
4007,0.29,1.0155943377549
4008,0.29,1.0155943377549
4009,0.29,1.0155943377549
4010,0.29,1.0155943377549
4011,0.29,1.0155943377549
4012,0.29,1.0155943377549
4013,0.29,1.0155943377549
4014,0.29,1.0155943377549
4015,0.29,1.0155943377549
4016,0.29,1.0155943377549
4017,0.29,1.0155943377549
4018,0.29,1.0155943377549
4019,0.29,1.0155943377549
4020,0.29,1.0155943377549
4021,0.29,1.0155943377549
4022,0.29,1.0155943377549
4023,0.29,1.0155943377549
4024,0.29,1.0155943377549
4025,0.29,1.0155943377549
4026,0.29,1.0155943377549
4027,0.29,1.0155943377549
4028,0.29,1.0155943377549
4029,0.29,1.0155943377549
4030,0.29,1.0155943377549
4031,0.29,1.0155943377549
4032,0.29,1.0155943377549
4033,0.29,1.0155943377549
4034,0.29,1.0155943377549
4035,0.29,1.0155943377549
4036,0.29,1.0155943377549
4037,0.29,1.0155943377549
4038,0.29,1.0155943377549
4039,0.29,1.0155943377549
4040,0.29,1.0155943377549
4041,0.29,1.0155943377549
4042,0.29,1.0155943377549
4043,0.29,1.0155943377549
4044,0.29,1.0155943377549
4045,0.29,1.0155943377549
4046,0.29,1.0155943377549
4047,0.29,1.0155943377549
4048,0.29,1.0155943377549
4049,0.29,1.0155943377549
4050,0.29,1.0155943377549
4051,0.29,1.0155943377549
4052,0.29,1.0155943377549
4053,0.29,1.0155943377549
4054,0.29,1.0155943377549
4055,0.29,1.0155943377549
4056,0.29,1.0155943377549
4057,0.29,1.0155943377549
4058,0.29,1.0155943377549
4059,0.29,1.0155943377549
4060,0.29,1.0155943377549
4061,0.29,1.0155943377549
4062,0.29,1.0155943377549
4063,0.29,1.0155943377549
4064,0.29,1.0155943377549
4065,0.29,1.0155943377549
4066,0.29,1.0155943377549
4067,0.29,1.0155943377549
4068,0.29,1.0155943377549
4069,0.29,1.0155943377549
4070,0.29,1.0155943377549
4071,0.29,1.0155943377549
4072,0.29,1.0155943377549
4073,0.29,1.0155943377549
4074,0.29,1.0155943377549
4075,0.29,1.0155943377549
4076,0.29,1.0155943377549
4077,0.29,1.0155943377549
4078,0.29,1.0155943377549
4079,0.29,1.0155943377549
4080,0.29,1.0155943377549
4081,0.29,1.0155943377549
4082,0.29,1.0155943377549
4083,0.29,1.0155943377549
4084,0.29,1.0155943377549
4085,0.29,1.0155943377549
4086,0.29,1.0155943377549
4087,0.29,1.0155943377549
4088,0.29,1.0155943377549
4089,0.29,1.0155943377549
4090,0.29,1.0155943377549
4091,0.29,1.0155943377549
4092,0.29,1.0155943377549
4093,0.29,1.0155943377549
4094,0.29,1.0155943377549
4095,0.29,1.0155943377549
4096,0.29,1.0155943377549
4097,0.29,1.0155943377549
4098,0.29,1.0155943377549
4099,0.29,1.0155943377549
4100,0.29,1.0155943377549
4101,0.29,1.0155943377549
4102,0.29,1.0155943377549
4103,0.29,1.0155943377549
4104,0.29,1.0155943377549
4105,0.29,1.0155943377549
4106,0.29,1.0155943377549
4107,0.29,1.0155943377549
4108,0.29,1.0155943377549
4109,0.29,1.0155943377549
4110,0.29,1.0155943377549
4111,0.29,1.0155943377549
4112,0.29,1.0155943377549
4113,0.29,1.0155943377549
4114,0.29,1.0155943377549
4115,0.29,1.0155943377549
4116,0.29,1.0155943377549
4117,0.29,1.0155943377549
4118,0.29,1.0155943377549
4119,0.29,1.0155943377549
4120,0.29,1.0155943377549
4121,0.29,1.0155943377549
4122,0.29,1.0155943377549
4123,0.29,1.0155943377549
4124,0.29,1.0155943377549
4125,0.29,1.0155943377549
4126,0.29,1.0155943377549
4127,0.29,1.0155943377549
4128,0.29,1.0155943377549
4129,0.29,1.0155943377549
4130,0.29,1.0155943377549
4131,0.29,1.0155943377549
4132,0.29,1.0155943377549
4133,0.29,1.0155943377549
4134,0.29,1.0155943377549
4135,0.29,1.0155943377549
4136,0.29,1.0155943377549
4137,0.29,1.0155943377549
4138,0.29,1.0155943377549
4139,0.29,1.0155943377549
4140,0.29,1.0155943377549
4141,0.29,1.0155943377549
4142,0.29,1.0155943377549
4143,0.29,1.0155943377549
4144,0.29,1.0155943377549
4145,0.29,1.0155943377549
4146,0.29,1.0155943377549
4147,0.29,1.0155943377549
4148,0.29,1.0155943377549
4149,0.29,1.0155943377549
4150,0.29,1.0155943377549
4151,0.29,1.0155943377549
4152,0.29,1.0155943377549
4153,0.29,1.0155943377549
4154,0.29,1.0155943377549
4155,0.29,1.0155943377549
4156,0.29,1.0155943377549
4157,0.29,1.0155943377549
4158,0.29,1.0155943377549
4159,0.29,1.0155943377549
4160,0.29,1.0155943377549
4161,0.29,1.0155943377549
4162,0.29,1.0155943377549
4163,0.29,1.0155943377549
4164,0.29,1.0155943377549
4165,0.29,1.0155943377549
4166,0.29,1.0155943377549
4167,0.29,1.0155943377549
4168,0.29,1.0155943377549
4169,0.29,1.0155943377549
4170,0.29,1.0155943377549
4171,0.29,1.0155943377549
4172,0.29,1.0155943377549
4173,0.29,1.0155943377549
4174,0.29,1.0155943377549
4175,0.29,1.0155943377549
4176,0.29,1.0155943377549
4177,0.29,1.0155943377549
4178,0.29,1.0155943377549
4179,0.29,1.0155943377549
4180,0.29,1.0155943377549
4181,0.29,1.0155943377549
4182,0.29,1.0155943377549
4183,0.29,1.0155943377549
4184,0.29,1.0155943377549
4185,0.29,1.0155943377549
4186,0.29,1.0155943377549
4187,0.29,1.0155943377549
4188,0.29,1.0155943377549
4189,0.29,1.0155943377549
4190,0.29,1.0155943377549
4191,0.29,1.0155943377549
4192,0.29,1.0155943377549
4193,0.29,1.0155943377549
4194,0.29,1.0155943377549
4195,0.29,1.0155943377549
4196,0.29,1.0155943377549
4197,0.29,1.0155943377549
4198,0.29,1.0155943377549
4199,0.29,1.0155943377549
4200,0.29,1.0155943377549
4201,0.29,1.0155943377549
4202,0.29,1.0155943377549
4203,0.29,1.0155943377549
4204,0.29,1.0155943377549
4205,0.29,1.0155943377549
4206,0.29,1.0155943377549
4207,0.29,1.0155943377549
4208,0.29,1.0155943377549
4209,0.29,1.0155943377549
4210,0.29,1.0155943377549
4211,0.29,1.0155943377549
4212,0.29,1.0155943377549
4213,0.29,1.0155943377549
4214,0.29,1.0155943377549
4215,0.29,1.0155943377549
4216,0.29,1.0155943377549
4217,0.29,1.0155943377549
4218,0.29,1.0155943377549
4219,0.29,1.0155943377549
4220,0.29,1.0155943377549
4221,0.29,1.0155943377549
4222,0.29,1.0155943377549
4223,0.29,1.0155943377549
4224,0.29,1.0155943377549
4225,0.29,1.0155943377549
4226,0.29,1.0155943377549
4227,0.29,1.0155943377549
4228,0.29,1.0155943377549
4229,0.29,1.0155943377549
4230,0.29,1.0155943377549
4231,0.29,1.0155943377549
4232,0.29,1.0155943377549
4233,0.29,1.0155943377549
4234,0.29,1.0155943377549
4235,0.29,1.0155943377549
4236,0.29,1.0155943377549
4237,0.29,1.0155943377549
4238,0.29,1.0155943377549
4239,0.29,1.0155943377549
4240,0.29,1.0155943377549
4241,0.29,1.0155943377549
4242,0.29,1.0155943377549
4243,0.29,1.0155943377549
4244,0.29,1.0155943377549
4245,0.29,1.0155943377549
4246,0.29,1.0155943377549
4247,0.29,1.0155943377549
4248,0.29,1.0155943377549
4249,0.29,1.0155943377549
4250,0.29,1.0155943377549
4251,0.29,1.0155943377549
4252,0.29,1.0155943377549
4253,0.29,1.0155943377549
4254,0.29,1.0155943377549
4255,0.29,1.0155943377549
4256,0.29,1.0155943377549
4257,0.29,1.0155943377549
4258,0.29,1.0155943377549
4259,0.29,1.0155943377549
4260,0.29,1.0155943377549
4261,0.29,1.0155943377549
4262,0.29,1.0155943377549
4263,0.29,1.0155943377549
4264,0.29,1.0155943377549
4265,0.29,1.0155943377549
4266,0.29,1.0155943377549
4267,0.29,1.0155943377549
4268,0.29,1.0155943377549
4269,0.29,1.0155943377549
4270,0.29,1.0155943377549
4271,0.29,1.0155943377549
4272,0.29,1.0155943377549
4273,0.29,1.0155943377549
4274,0.29,1.0155943377549
4275,0.29,1.0155943377549
4276,0.29,1.0155943377549
4277,0.29,1.0155943377549
4278,0.29,1.0155943377549
4279,0.29,1.0155943377549
4280,0.29,1.0155943377549
4281,0.29,1.0155943377549
4282,0.29,1.0155943377549
4283,0.29,1.0155943377549
4284,0.29,1.0155943377549
4285,0.29,1.0155943377549
4286,0.29,1.0155943377549
4287,0.29,1.0155943377549
4288,0.29,1.0155943377549
4289,0.29,1.0155943377549
4290,0.29,1.0155943377549
4291,0.29,1.0155943377549
4292,0.29,1.0155943377549
4293,0.29,1.0155943377549
4294,0.29,1.0155943377549
4295,0.29,1.0155943377549
4296,0.29,1.0155943377549
4297,0.29,1.0155943377549
4298,0.29,1.0155943377549
4299,0.29,1.0155943377549
4300,0.29,1.0155943377549
4301,0.29,1.0155943377549
4302,0.29,1.0155943377549
4303,0.29,1.0155943377549
4304,0.29,1.0155943377549
4305,0.29,1.0155943377549
4306,0.29,1.0155943377549
4307,0.29,1.0155943377549
4308,0.29,1.0155943377549
4309,0.29,1.0155943377549
4310,0.29,1.0155943377549
4311,0.29,1.0155943377549
4312,0.29,1.0155943377549
4313,0.29,1.0155943377549
4314,0.29,1.0155943377549
4315,0.29,1.0155943377549
4316,0.29,1.0155943377549
4317,0.29,1.0155943377549
4318,0.29,1.0155943377549
4319,0.29,1.0155943377549
4320,0.29,1.0155943377549
4321,0.29,1.0155943377549
4322,0.29,1.0155943377549
4323,0.29,1.0155943377549
4324,0.29,1.0155943377549
4325,0.29,1.0155943377549
4326,0.29,1.0155943377549
4327,0.29,1.0155943377549
4328,0.29,1.0155943377549
4329,0.29,1.0155943377549
4330,0.29,1.0155943377549
4331,0.29,1.0155943377549
4332,0.29,1.0155943377549
4333,0.29,1.0155943377549
4334,0.29,1.0155943377549
4335,0.29,1.0155943377549
4336,0.29,1.0155943377549
4337,0.29,1.0155943377549
4338,0.29,1.0155943377549
4339,0.29,1.0155943377549
4340,0.29,1.0155943377549
4341,0.29,1.0155943377549
4342,0.29,1.0155943377549
4343,0.29,1.0155943377549
4344,0.29,1.0155943377549
4345,0.29,1.0155943377549
4346,0.29,1.0155943377549
4347,0.29,1.0155943377549
4348,0.29,1.0155943377549
4349,0.29,1.0155943377549
4350,0.29,1.0155943377549
4351,0.29,1.0155943377549
4352,0.29,1.0155943377549
4353,0.29,1.0155943377549
4354,0.29,1.0155943377549
4355,0.29,1.0155943377549
4356,0.29,1.0155943377549
4357,0.29,1.0155943377549
4358,0.29,1.0155943377549
4359,0.29,1.0155943377549
4360,0.29,1.0155943377549
4361,0.29,1.0155943377549
4362,0.29,1.0155943377549
4363,0.29,1.0155943377549
4364,0.29,1.0155943377549
4365,0.29,1.0155943377549
4366,0.29,1.0155943377549
4367,0.29,1.0155943377549
4368,0.29,1.0155943377549
4369,0.29,1.0155943377549
4370,0.29,1.0155943377549
4371,0.29,1.0155943377549
4372,0.29,1.0155943377549
4373,0.29,1.0155943377549
4374,0.29,1.0155943377549
4375,0.29,1.0155943377549
4376,0.29,1.0155943377549
4377,0.29,1.0155943377549
4378,0.29,1.0155943377549
4379,0.29,1.0155943377549
4380,0.29,1.0155943377549
4381,0.29,1.0155943377549
4382,0.29,1.0155943377549
4383,0.29,1.0155943377549
4384,0.29,1.0155943377549
4385,0.29,1.0155943377549
4386,0.29,1.0155943377549
4387,0.29,1.0155943377549
4388,0.29,1.0155943377549
4389,0.29,1.0155943377549
4390,0.29,1.0155943377549
4391,0.29,1.0155943377549
4392,0.29,1.0155943377549
4393,0.29,1.0155943377549
4394,0.29,1.0155943377549
4395,0.29,1.0155943377549
4396,0.29,1.0155943377549
4397,0.29,1.0155943377549
4398,0.29,1.0155943377549
4399,0.29,1.0155943377549
4400,0.29,1.0155943377549
4401,0.29,1.0155943377549
4402,0.29,1.0155943377549
4403,0.29,1.0155943377549
4404,0.29,1.0155943377549
4405,0.29,1.0155943377549
4406,0.29,1.0155943377549
4407,0.29,1.0155943377549
4408,0.29,1.0155943377549
4409,0.29,1.0155943377549
4410,0.29,1.0155943377549
4411,0.29,1.0155943377549
4412,0.29,1.0155943377549
4413,0.29,1.0155943377549
4414,0.29,1.0155943377549
4415,0.29,1.0155943377549
4416,0.29,1.0155943377549
4417,0.29,1.0155943377549
4418,0.29,1.0155943377549
4419,0.29,1.0155943377549
4420,0.29,1.0155943377549
4421,0.29,1.0155943377549
4422,0.29,1.0155943377549
4423,0.29,1.0155943377549
4424,0.29,1.0155943377549
4425,0.29,1.0155943377549
4426,0.29,1.0155943377549
4427,0.29,1.0155943377549
4428,0.29,1.0155943377549
4429,0.29,1.0155943377549
4430,0.29,1.0155943377549
4431,0.29,1.0155943377549
4432,0.29,1.0155943377549
4433,0.29,1.0155943377549
4434,0.29,1.0155943377549
4435,0.29,1.0155943377549
4436,0.29,1.0155943377549
4437,0.29,1.0155943377549
4438,0.29,1.0155943377549
4439,0.29,1.0155943377549
4440,0.29,1.0155943377549
4441,0.29,1.0155943377549
4442,0.29,1.0155943377549
4443,0.29,1.0155943377549
4444,0.29,1.0155943377549
4445,0.29,1.0155943377549
4446,0.29,1.0155943377549
4447,0.29,1.0155943377549
4448,0.29,1.0155943377549
4449,0.29,1.0155943377549
4450,0.29,1.0155943377549
4451,0.29,1.0155943377549
4452,0.29,1.0155943377549
4453,0.29,1.0155943377549
4454,0.29,1.0155943377549
4455,0.29,1.0155943377549
4456,0.28,1.0155943377549
4457,0.145,1.0155943377549
4458,0.145,1.0155943377549
4459,0.145,1.0155943377549
4460,0.145,1.0155943377549
4461,0.145,1.0155943377549
4462,0.145,1.0155943377549
4463,0.145,1.0155943377549
4464,0.145,1.0155943377549
4465,0.145,1.0155943377549
4466,0.145,1.0155943377549
4467,0.145,1.0155943377549
4468,0.145,1.0155943377549
4469,0.145,1.0155943377549
4470,0.145,1.0155943377549
4471,0.145,1.0155943377549
4472,0.145,1.0155943377549
4473,0.145,1.0155943377549
4474,0.145,1.0155943377549
4475,0.145,1.0155943377549
4476,0.145,1.0155943377549
4477,0.145,1.0155943377549
4478,0.145,1.0155943377549
4479,0.145,1.0155943377549
4480,0.145,1.0155943377549
4481,0.145,1.0155943377549
4482,0.145,1.0155943377549
4483,0.145,1.0155943377549
4484,0.145,1.0155943377549
4485,0.145,1.0155943377549
4486,0.145,1.0155943377549
4487,0.145,1.0155943377549
4488,0.145,1.0155943377549
4489,0.145,1.0155943377549
4490,0.145,1.0155943377549
4491,0.145,1.0155943377549
4492,0.145,1.0155943377549
4493,0.145,1.0155943377549
4494,0.145,1.0155943377549
4495,0.145,1.0155943377549
4496,0.145,1.0155943377549
4497,0.145,1.0155943377549
4498,0.145,1.0155943377549
4499,0.145,1.0155943377549
4500,0.145,1.0155943377549
4501,0.145,1.0155943377549
4502,0.145,1.0155943377549
4503,0.145,1.0155943377549
4504,0.145,1.0155943377549
4505,0.145,1.0155943377549
4506,0.145,1.0155943377549
4507,0.145,1.0155943377549
4508,0.145,1.0155943377549
4509,0.145,1.0155943377549
4510,0.145,1.0155943377549
4511,0.145,1.0155943377549
4512,0.145,1.0155943377549
4513,0.145,1.0155943377549
4514,0.145,1.0155943377549
4515,0.145,1.0155943377549
4516,0.145,1.0155943377549
4517,0.145,1.0155943377549
4518,0.145,1.0155943377549
4519,0.145,1.0155943377549
4520,0.145,1.0155943377549
4521,0.145,1.0155943377549
4522,0.145,1.0155943377549
4523,0.145,1.0155943377549
4524,0.145,1.0155943377549
4525,0.145,1.0155943377549
4526,0.145,1.0155943377549
4527,0.145,1.0155943377549
4528,0.145,1.0155943377549
4529,0.145,1.0155943377549
4530,0.145,1.0155943377549
4531,0.145,1.0155943377549
4532,0.145,1.0155943377549
4533,0.145,1.0155943377549
4534,0.145,1.0155943377549
4535,0.145,1.0155943377549
4536,0.145,1.0155943377549
4537,0.145,1.0155943377549
4538,0.145,1.0155943377549
4539,0.145,1.0155943377549
4540,0.145,1.0155943377549
4541,0.145,1.0155943377549
4542,0.145,1.0155943377549
4543,0.145,1.0155943377549
4544,0.145,1.0155943377549
4545,0.145,1.0155943377549
4546,0.145,1.0155943377549
4547,0.145,1.0155943377549
4548,0.145,1.0155943377549
4549,0.145,1.0155943377549
4550,0.145,1.0155943377549
4551,0.145,1.0155943377549
4552,0.145,1.0155943377549
4553,0.145,1.0155943377549
4554,0.145,1.0155943377549
4555,0.145,1.0155943377549
4556,0.145,1.0155943377549
4557,0.145,1.0155943377549
4558,0.145,1.0155943377549
4559,0.145,1.0155943377549
4560,0.145,1.0155943377549
4561,0.145,1.0155943377549
4562,0.145,1.0155943377549
4563,0.145,1.0155943377549
4564,0.145,1.0155943377549
4565,0.145,1.0155943377549
4566,0.145,1.0155943377549
4567,0.145,1.0155943377549
4568,0.145,1.0155943377549
4569,0.145,1.0155943377549
4570,0.145,1.0155943377549
4571,0.145,1.0155943377549
4572,0.145,1.0155943377549
4573,0.145,1.0155943377549
4574,0.145,1.0155943377549
4575,0.145,1.0155943377549
4576,0.145,1.0155943377549
4577,0.145,1.0155943377549
4578,0.145,1.0155943377549
4579,0.145,1.0155943377549
4580,0.145,1.0155943377549
4581,0.145,1.0155943377549
4582,0.145,1.0155943377549
4583,0.145,1.0155943377549
4584,0.145,1.0155943377549
4585,0.145,1.0155943377549
4586,0.145,1.0155943377549
4587,0.145,1.0155943377549
4588,0.145,1.0155943377549
4589,0.145,1.0155943377549
4590,0.145,1.0155943377549
4591,0.145,1.0155943377549
4592,0.145,1.0155943377549
4593,0.145,1.0155943377549
4594,0.145,1.0155943377549
4595,0.145,1.0155943377549
4596,0.145,1.0155943377549
4597,0.145,1.0155943377549
4598,0.145,1.0155943377549
4599,0.145,1.0155943377549
4600,0.145,1.0155943377549
4601,0.145,1.0155943377549
4602,0.145,1.0155943377549
4603,0.145,1.0155943377549
4604,0.145,1.0155943377549
4605,0.145,1.0155943377549
4606,0.145,1.0155943377549
4607,0.145,1.0155943377549
4608,0.145,1.0155943377549
4609,0.145,1.0155943377549
4610,0.145,1.0155943377549
4611,0.145,1.0155943377549
4612,0.145,1.0155943377549
4613,0.145,1.0155943377549
4614,0.145,1.0155943377549
4615,0.145,1.0155943377549
4616,0.145,1.0155943377549
4617,0.145,1.0155943377549
4618,0.145,1.0155943377549
4619,0.145,1.0155943377549
4620,0.145,1.0155943377549
4621,0.145,1.0155943377549
4622,0.145,1.0155943377549
4623,0.145,1.0155943377549
4624,0.145,1.0155943377549
4625,0.145,1.0155943377549
4626,0.145,1.0155943377549
4627,0.145,1.0155943377549
4628,0.145,1.0155943377549
4629,0.145,1.0155943377549
4630,0.145,1.0155943377549
4631,0.145,1.0155943377549
4632,0.145,1.0155943377549
4633,0.145,1.0155943377549
4634,0.145,1.0155943377549
4635,0.145,1.0155943377549
4636,0.145,1.0155943377549
4637,0.145,1.0155943377549
4638,0.145,1.0155943377549
4639,0.145,1.0155943377549
4640,0.145,1.0155943377549
4641,0.145,1.0155943377549
4642,0.145,1.0155943377549
4643,0.145,1.0155943377549
4644,0.145,1.0155943377549
4645,0.145,1.0155943377549
4646,0.145,1.0155943377549
4647,0.145,1.0155943377549
4648,0.145,1.0155943377549
4649,0.145,1.0155943377549
4650,0.145,1.0155943377549
4651,0.145,1.0155943377549
4652,0.145,1.0155943377549
4653,0.145,1.0155943377549
4654,0.145,1.0155943377549
4655,0.145,1.0155943377549
4656,0.145,1.0155943377549
4657,0.145,1.0155943377549
4658,0.145,1.0155943377549
4659,0.145,1.0155943377549
4660,0.145,1.0155943377549
4661,0.145,1.0155943377549
4662,0.145,1.0155943377549
4663,0.145,1.0155943377549
4664,0.145,1.0155943377549
4665,0.145,1.0155943377549
4666,0.145,1.0155943377549
4667,0.145,1.0155943377549
4668,0.145,1.0155943377549
4669,0.145,1.0155943377549
4670,0.145,1.0155943377549
4671,0.145,1.0155943377549
4672,0.145,1.0155943377549
4673,0.145,1.0155943377549
4674,0.145,1.0155943377549
4675,0.145,1.0155943377549
4676,0.145,1.0155943377549
4677,0.145,1.0155943377549
4678,0.145,1.0155943377549
4679,0.145,1.0155943377549
4680,0.145,1.0155943377549
4681,0.145,1.0155943377549
4682,0.145,1.0155943377549
4683,0.145,1.0155943377549
4684,0.145,1.0155943377549
4685,0.145,1.0155943377549
4686,0.145,1.0155943377549
4687,0.145,1.0155943377549
4688,0.145,1.0155943377549
4689,0.145,1.0155943377549
4690,0.145,1.0155943377549
4691,0.145,1.0155943377549
4692,0.145,1.0155943377549
4693,0.145,1.0155943377549
4694,0.145,1.0155943377549
4695,0.145,1.0155943377549
4696,0.145,1.0155943377549
4697,0.145,1.0155943377549
4698,0.145,1.0155943377549
4699,0.145,1.0155943377549
4700,0.145,1.0155943377549
4701,0.145,1.0155943377549
4702,0.145,1.0155943377549
4703,0.145,1.0155943377549
4704,0.145,1.0155943377549
4705,0.145,1.0155943377549
4706,0.145,1.0155943377549
4707,0.145,1.0155943377549
4708,0.145,1.0155943377549
4709,0.145,1.0155943377549
4710,0.145,1.0155943377549
4711,0.145,1.0155943377549
4712,0.145,1.0155943377549
4713,0.145,1.0155943377549
4714,0.145,1.0155943377549
4715,0.145,1.0155943377549
4716,0.145,1.0155943377549
4717,0.145,1.0155943377549
4718,0.145,1.0155943377549
4719,0.145,1.0155943377549
4720,0.145,1.0155943377549
4721,0.145,1.0155943377549
4722,0.145,1.0155943377549
4723,0.145,1.0155943377549
4724,0.145,1.0155943377549
4725,0.145,1.0155943377549
4726,0.145,1.0155943377549
4727,0.145,1.0155943377549
4728,0.145,1.0155943377549
4729,0.145,1.0155943377549
4730,0.145,1.0155943377549
4731,0.145,1.0155943377549
4732,0.145,1.0155943377549
4733,0.145,1.0155943377549
4734,0.145,1.0155943377549
4735,0.145,1.0155943377549
4736,0.145,1.0155943377549
4737,0.145,1.0155943377549
4738,0.145,1.0155943377549
4739,0.145,1.0155943377549
4740,0.145,1.0155943377549
4741,0.145,1.0155943377549
4742,0.145,1.0155943377549
4743,0.145,1.0155943377549
4744,0.145,1.0155943377549
4745,0.145,1.0155943377549
4746,0.145,1.0155943377549
4747,0.145,1.0155943377549
4748,0.145,1.0155943377549
4749,0.145,1.0155943377549
4750,0.145,1.0155943377549
4751,0.145,1.0155943377549
4752,0.145,1.0155943377549
4753,0.145,1.0155943377549
4754,0.145,1.0155943377549
4755,0.145,1.0155943377549
4756,0.145,1.0155943377549
4757,0.145,1.0155943377549
4758,0.145,1.0155943377549
4759,0.145,1.0155943377549
4760,0.145,1.0155943377549
4761,0.145,1.0155943377549
4762,0.145,1.0155943377549
4763,0.145,1.0155943377549
4764,0.145,1.0155943377549
4765,0.145,1.0155943377549
4766,0.145,1.0155943377549
4767,0.145,1.0155943377549
4768,0.145,1.0155943377549
4769,0.145,1.0155943377549
4770,0.145,1.0155943377549
4771,0.145,1.0155943377549
4772,0.145,1.0155943377549
4773,0.145,1.0155943377549
4774,0.145,1.0155943377549
4775,0.145,1.0155943377549
4776,0.145,1.0155943377549
4777,0.145,1.0155943377549
4778,0.145,1.0155943377549
4779,0.145,1.0155943377549
4780,0.145,1.0155943377549
4781,0.145,1.0155943377549
4782,0.145,1.0155943377549
4783,0.145,1.0155943377549
4784,0.145,1.0155943377549
4785,0.145,1.0155943377549
4786,0.145,1.0155943377549
4787,0.145,1.0155943377549
4788,0.145,1.0155943377549
4789,0.145,1.0155943377549
4790,0.145,1.0155943377549
4791,0.145,1.0155943377549
4792,0.145,1.0155943377549
4793,0.145,1.0155943377549
4794,0.145,1.0155943377549
4795,0.145,1.0155943377549
4796,0.145,1.0155943377549
4797,0.145,1.0155943377549
4798,0.145,1.0155943377549
4799,0.145,1.0155943377549
4800,0.145,1.0155943377549
4801,0.145,1.0155943377549
4802,0.145,1.0155943377549
4803,0.145,1.0155943377549
4804,0.145,1.0155943377549
4805,0.145,1.0155943377549
4806,0.145,1.0155943377549
4807,0.145,1.0155943377549
4808,0.145,1.0155943377549
4809,0.145,1.0155943377549
4810,0.145,1.0155943377549
4811,0.145,1.0155943377549
4812,0.145,1.0155943377549
4813,0.145,1.0155943377549
4814,0.145,1.0155943377549
4815,0.145,1.0155943377549
4816,0.145,1.0155943377549
4817,0.145,1.0155943377549
4818,0.145,1.0155943377549
4819,0.145,1.0155943377549
4820,0.145,1.0155943377549
4821,0.145,1.0155943377549
4822,0.145,1.0155943377549
4823,0.145,1.0155943377549
4824,0.145,1.0155943377549
4825,0.145,1.0155943377549
4826,0.145,1.0155943377549
4827,0.145,1.0155943377549
4828,0.145,1.0155943377549
4829,0.145,1.0155943377549
4830,0.145,1.0155943377549
4831,0.145,1.0155943377549
4832,0.145,1.0155943377549
4833,0.145,1.0155943377549
4834,0.145,1.0155943377549
4835,0.145,1.0155943377549
4836,0.145,1.0155943377549
4837,0.145,1.0155943377549
4838,0.145,1.0155943377549
4839,0.145,1.0155943377549
4840,0.145,1.0155943377549
4841,0.145,1.0155943377549
4842,0.145,1.0155943377549
4843,0.145,1.0155943377549
4844,0.145,1.0155943377549
4845,0.145,1.0155943377549
4846,0.145,1.0155943377549
4847,0.145,1.0155943377549
4848,0.145,1.0155943377549
4849,0.145,1.0155943377549
4850,0.145,1.0155943377549
4851,0.145,1.0155943377549
4852,0.145,1.0155943377549
4853,0.145,1.0155943377549
4854,0.145,1.0155943377549
4855,0.145,1.0155943377549
4856,0.145,1.0155943377549
4857,0.145,1.0155943377549
4858,0.145,1.0155943377549
4859,0.145,1.0155943377549
4860,0.145,1.0155943377549
4861,0.145,1.0155943377549
4862,0.145,1.0155943377549
4863,0.145,1.0155943377549
4864,0.145,1.0155943377549
4865,0.145,1.0155943377549
4866,0.145,1.0155943377549
4867,0.145,1.0155943377549
4868,0.145,1.0155943377549
4869,0.145,1.0155943377549
4870,0.145,1.0155943377549
4871,0.145,1.0155943377549
4872,0.145,1.0155943377549
4873,0.145,1.0155943377549
4874,0.145,1.0155943377549
4875,0.145,1.0155943377549
4876,0.145,1.0155943377549
4877,0.145,1.0155943377549
4878,0.145,1.0155943377549
4879,0.145,1.0155943377549
4880,0.145,1.0155943377549
4881,0.145,1.0155943377549
4882,0.145,1.0155943377549
4883,0.145,1.0155943377549
4884,0.145,1.0155943377549
4885,0.145,1.0155943377549
4886,0.145,1.0155943377549
4887,0.145,1.0155943377549
4888,0.145,1.0155943377549
4889,0.145,1.0155943377549
4890,0.145,1.0155943377549
4891,0.145,1.0155943377549
4892,0.145,1.0155943377549
4893,0.145,1.0155943377549
4894,0.145,1.0155943377549
4895,0.145,1.0155943377549
4896,0.145,1.0155943377549
4897,0.145,1.0155943377549
4898,0.145,1.0155943377549
4899,0.145,1.0155943377549
4900,0.145,1.0155943377549
4901,0.145,1.0155943377549
4902,0.145,1.0155943377549
4903,0.145,1.0155943377549
4904,0.145,1.0155943377549
4905,0.145,1.0155943377549
4906,0.145,1.0155943377549
4907,0.145,1.0155943377549
4908,0.145,1.0155943377549
4909,0.145,1.0155943377549
4910,0.145,1.0155943377549
4911,0.145,1.0155943377549
4912,0.145,1.0155943377549
4913,0.145,1.0155943377549
4914,0.145,1.0155943377549
4915,0.145,1.0155943377549
4916,0.145,1.0155943377549
4917,0.145,1.0155943377549
4918,0.145,1.0155943377549
4919,0.145,1.0155943377549
4920,0.145,1.0155943377549
4921,0.145,1.0155943377549
4922,0.145,1.0155943377549
4923,0.145,1.0155943377549
4924,0.145,1.0155943377549
4925,0.145,1.0155943377549
4926,0.145,1.0155943377549
4927,0.145,1.0155943377549
4928,0.145,1.0155943377549
4929,0.145,1.0155943377549
4930,0.145,1.0155943377549
4931,0.145,1.0155943377549
4932,0.145,1.0155943377549
4933,0.145,1.0155943377549
4934,0.145,1.0155943377549
4935,0.145,1.0155943377549
4936,0.145,1.0155943377549
4937,0.145,1.0155943377549
4938,0.145,1.0155943377549
4939,0.145,1.0155943377549
4940,0.145,1.0155943377549
4941,0.145,1.0155943377549
4942,0.145,1.0155943377549
4943,0.145,1.0155943377549
4944,0.145,1.0155943377549
4945,0.145,1.0155943377549
4946,0.145,1.0155943377549
4947,0.145,1.0155943377549
4948,0.145,1.0155943377549
4949,0.145,1.0155943377549
4950,0.145,1.0155943377549
4951,0.145,1.0155943377549
4952,0.145,1.0155943377549
4953,0.145,1.0155943377549
4954,0.145,1.0155943377549
4955,0.145,1.0155943377549
4956,0.145,1.0155943377549
4957,0.145,1.0155943377549
4958,0.145,1.0155943377549
4959,0.145,1.0155943377549
4960,0.145,1.0155943377549
4961,0.145,1.0155943377549
4962,0.145,1.0155943377549
4963,0.145,1.0155943377549
4964,0.145,1.0155943377549
4965,0.145,1.0155943377549
4966,0.145,1.0155943377549
4967,0.145,1.0155943377549
4968,0.145,1.0155943377549
4969,0.145,1.0155943377549
4970,0.145,1.0155943377549
4971,0.145,1.0155943377549
4972,0.145,1.0155943377549
4973,0.145,1.0155943377549
4974,0.145,1.0155943377549
4975,0.145,1.0155943377549
4976,0.145,1.0155943377549
4977,0.145,1.0155943377549
4978,0.145,1.0155943377549
4979,0.145,1.0155943377549
4980,0.145,1.0155943377549
4981,0.145,1.0155943377549
4982,0.145,1.0155943377549
4983,0.145,1.0155943377549
4984,0.145,1.0155943377549
4985,0.145,1.0155943377549
4986,0.145,1.0155943377549
4987,0.145,1.0155943377549
4988,0.145,1.0155943377549
4989,0.145,1.0155943377549
4990,0.145,1.0155943377549
4991,0.145,1.0155943377549
4992,0.145,1.0155943377549
4993,0.145,1.0155943377549
4994,0.145,1.0155943377549
4995,0.145,1.0155943377549
4996,0.145,1.0155943377549
4997,0.145,1.0155943377549
4998,0.145,1.0155943377549
4999,0.145,1.0155943377549
5000,0.145,1.0155943377549
5001,0.145,1.0155943377549
5002,0.145,1.0155943377549
5003,0.145,1.0155943377549
5004,0.145,1.0155943377549
5005,0.145,1.0155943377549
5006,0.145,1.0155943377549
5007,0.145,1.0155943377549
5008,0.145,1.0155943377549
5009,0.145,1.0155943377549
5010,0.145,1.0155943377549
5011,0.145,1.0155943377549
5012,0.145,1.0155943377549
5013,0.145,1.0155943377549
5014,0.145,1.0155943377549
5015,0.145,1.0155943377549
5016,0.145,1.0155943377549
5017,0.145,1.0155943377549
5018,0.145,1.0155943377549
5019,0.145,1.0155943377549
5020,0.145,1.0155943377549
5021,0.145,1.0155943377549
5022,0.145,1.0155943377549
5023,0.145,1.0155943377549
5024,0.145,1.0155943377549
5025,0.145,1.0155943377549
5026,0.145,1.0155943377549
5027,0.145,1.0155943377549
5028,0.145,1.0155943377549
5029,0.145,1.0155943377549
5030,0.145,1.0155943377549
5031,0.145,1.0155943377549
5032,0.145,1.0155943377549
5033,0.145,1.0155943377549
5034,0.145,1.0155943377549
5035,0.145,1.0155943377549
5036,0.145,1.0155943377549
5037,0.145,1.0155943377549
5038,0.145,1.0155943377549
5039,0.145,1.0155943377549
5040,0.145,1.0155943377549
5041,0.145,1.0155943377549
5042,0.145,1.0155943377549
5043,0.145,1.0155943377549
5044,0.145,1.0155943377549
5045,0.145,1.0155943377549
5046,0.145,1.0155943377549
5047,0.145,1.0155943377549
5048,0.145,1.0155943377549
5049,0.145,1.0155943377549
5050,0.135,1.0155943377549
