Tick,TotalEnergy(kWh),AverageEnergy(kWh)
0,1.4820000000000004,1.0195891902593548
1,1.7540000000000002,1.0195891902593548
2,1.7540000000000002,1.0195891902593548
3,1.7540000000000002,1.0195891902593548
4,1.7540000000000002,1.0195891902593548
5,1.7540000000000002,1.0195891902593548
6,1.7540000000000002,1.0195891902593548
7,1.7540000000000002,1.0195891902593548
8,1.7540000000000002,1.0195891902593548
9,1.7540000000000002,1.0195891902593548
10,1.7540000000000002,1.0195891902593548
11,1.7540000000000002,1.0195891902593548
12,1.7540000000000002,1.0195891902593548
13,1.7540000000000002,1.0195891902593548
14,1.7540000000000002,1.0195891902593548
15,1.7540000000000002,1.0195891902593548
16,1.7540000000000002,1.0195891902593548
17,1.7540000000000002,1.0195891902593548
18,1.7540000000000002,1.0195891902593548
19,1.7540000000000002,1.0195891902593548
20,1.7540000000000002,1.0195891902593548
21,1.7540000000000002,1.0195891902593548
22,1.7540000000000002,1.0195891902593548
23,1.7540000000000002,1.0195891902593548
24,1.7540000000000002,1.0195891902593548
25,1.7540000000000002,1.0195891902593548
26,1.7540000000000002,1.0195891902593548
27,1.7540000000000002,1.0195891902593548
28,1.7540000000000002,1.0195891902593548
29,1.7540000000000002,1.0195891902593548
30,1.7540000000000002,1.0195891902593548
31,1.7540000000000002,1.0195891902593548
32,1.7540000000000002,1.0195891902593548
33,1.7540000000000002,1.0195891902593548
34,1.7540000000000002,1.0195891902593548
35,1.7540000000000002,1.0195891902593548
36,1.7540000000000002,1.0195891902593548
37,1.7540000000000002,1.0195891902593548
38,1.7540000000000002,1.0195891902593548
39,1.7540000000000002,1.0195891902593548
40,1.7540000000000002,1.0195891902593548
41,1.7540000000000002,1.0195891902593548
42,1.7540000000000002,1.0195891902593548
43,1.7540000000000002,1.0195891902593548
44,1.7540000000000002,1.0195891902593548
45,1.7540000000000002,1.0195891902593548
46,1.7540000000000002,1.0195891902593548
47,1.7540000000000002,1.0195891902593548
48,1.7540000000000002,1.0195891902593548
49,1.7540000000000002,1.0195891902593548
50,1.7540000000000002,1.0195891902593548
51,1.7540000000000002,1.0195891902593548
52,1.7540000000000002,1.0195891902593548
53,1.7540000000000002,1.0195891902593548
54,1.7540000000000002,1.0195891902593548
55,1.7540000000000002,1.0195891902593548
56,1.7540000000000002,1.0195891902593548
57,1.7540000000000002,1.0195891902593548
58,1.7540000000000002,1.0195891902593548
59,1.7540000000000002,1.0195891902593548
60,1.7540000000000002,1.0195891902593548
61,1.7540000000000002,1.0195891902593548
62,1.7540000000000002,1.0195891902593548
63,1.7540000000000002,1.0195891902593548
64,1.7540000000000002,1.0195891902593548
65,1.7540000000000002,1.0195891902593548
66,1.7540000000000002,1.0195891902593548
67,1.7540000000000002,1.0195891902593548
68,1.7540000000000002,1.0195891902593548
69,1.7540000000000002,1.0195891902593548
70,1.7540000000000002,1.0195891902593548
71,1.7540000000000002,1.0195891902593548
72,1.7540000000000002,1.0195891902593548
73,1.7540000000000002,1.0195891902593548
74,1.7540000000000002,1.0195891902593548
75,1.7540000000000002,1.0195891902593548
76,1.7540000000000002,1.0195891902593548
77,1.7540000000000002,1.0195891902593548
78,1.7540000000000002,1.0195891902593548
79,1.7540000000000002,1.0195891902593548
80,1.7540000000000002,1.0195891902593548
81,1.7540000000000002,1.0195891902593548
82,1.7540000000000002,1.0195891902593548
83,1.7540000000000002,1.0195891902593548
84,1.7540000000000002,1.0195891902593548
85,1.7540000000000002,1.0195891902593548
86,1.7540000000000002,1.0195891902593548
87,1.7540000000000002,1.0195891902593548
88,1.7540000000000002,1.0195891902593548
89,1.7540000000000002,1.0195891902593548
90,1.7540000000000002,1.0195891902593548
91,1.7540000000000002,1.0195891902593548
92,1.7540000000000002,1.0195891902593548
93,1.7540000000000002,1.0195891902593548
94,1.7540000000000002,1.0195891902593548
95,1.7540000000000002,1.0195891902593548
96,1.7540000000000002,1.0195891902593548
97,1.7540000000000002,1.0195891902593548
98,1.7540000000000002,1.0195891902593548
99,1.7440000000000002,1.0195891902593548
100,1.7540000000000002,1.0195891902593548
101,1.7540000000000002,1.0195891902593548
102,1.7540000000000002,1.0195891902593548
103,1.7540000000000002,1.0195891902593548
104,1.7540000000000002,1.0195891902593548
105,1.7540000000000002,1.0195891902593548
106,1.7540000000000002,1.0195891902593548
107,1.7540000000000002,1.0195891902593548
108,1.7540000000000002,1.0195891902593548
109,1.7540000000000002,1.0195891902593548
110,1.7540000000000002,1.0195891902593548
111,1.7540000000000002,1.0195891902593548
112,1.7540000000000002,1.0195891902593548
113,1.7540000000000002,1.0195891902593548
114,1.7540000000000002,1.0195891902593548
115,1.7540000000000002,1.0195891902593548
116,1.7540000000000002,1.0195891902593548
117,1.7540000000000002,1.0195891902593548
118,1.7540000000000002,1.0195891902593548
119,1.7540000000000002,1.0195891902593548
120,1.7540000000000002,1.0195891902593548
121,1.7540000000000002,1.0195891902593548
122,1.7540000000000002,1.0195891902593548
123,1.7540000000000002,1.0195891902593548
124,1.7540000000000002,1.0195891902593548
125,1.7540000000000002,1.0195891902593548
126,1.7540000000000002,1.0195891902593548
127,1.7540000000000002,1.0195891902593548
128,1.7540000000000002,1.0195891902593548
129,1.7540000000000002,1.0195891902593548
130,1.7540000000000002,1.0195891902593548
131,1.7540000000000002,1.0195891902593548
132,1.7540000000000002,1.0195891902593548
133,1.7540000000000002,1.0195891902593548
134,1.7540000000000002,1.0195891902593548
135,1.7540000000000002,1.0195891902593548
136,1.7540000000000002,1.0195891902593548
137,1.7540000000000002,1.0195891902593548
138,1.7540000000000002,1.0195891902593548
139,1.7540000000000002,1.0195891902593548
140,1.7540000000000002,1.0195891902593548
141,1.7540000000000002,1.0195891902593548
142,1.7540000000000002,1.0195891902593548
143,1.7540000000000002,1.0195891902593548
144,1.7540000000000002,1.0195891902593548
145,1.7540000000000002,1.0195891902593548
146,1.7540000000000002,1.0195891902593548
147,1.7540000000000002,1.0195891902593548
148,1.7540000000000002,1.0195891902593548
149,1.7540000000000002,1.0195891902593548
150,1.7540000000000002,1.0195891902593548
151,1.7540000000000002,1.0195891902593548
152,1.7540000000000002,1.0195891902593548
153,1.7540000000000002,1.0195891902593548
154,1.7540000000000002,1.0195891902593548
155,1.7540000000000002,1.0195891902593548
156,1.7540000000000002,1.0195891902593548
157,1.7540000000000002,1.0195891902593548
158,1.7540000000000002,1.0195891902593548
159,1.7540000000000002,1.0195891902593548
160,1.7540000000000002,1.0195891902593548
161,1.7540000000000002,1.0195891902593548
162,1.7540000000000002,1.0195891902593548
163,1.7540000000000002,1.0195891902593548
164,1.7540000000000002,1.0195891902593548
165,1.7540000000000002,1.0195891902593548
166,1.7540000000000002,1.0195891902593548
167,1.7540000000000002,1.0195891902593548
168,1.7540000000000002,1.0195891902593548
169,1.7540000000000002,1.0195891902593548
170,1.7540000000000002,1.0195891902593548
171,1.7540000000000002,1.0195891902593548
172,1.7540000000000002,1.0195891902593548
173,1.7540000000000002,1.0195891902593548
174,1.7540000000000002,1.0195891902593548
175,1.7540000000000002,1.0195891902593548
176,1.7540000000000002,1.0195891902593548
177,1.7540000000000002,1.0195891902593548
178,1.7540000000000002,1.0195891902593548
179,1.7540000000000002,1.0195891902593548
180,1.7540000000000002,1.0195891902593548
181,1.7540000000000002,1.0195891902593548
182,1.7540000000000002,1.0195891902593548
183,1.7540000000000002,1.0195891902593548
184,1.7540000000000002,1.0195891902593548
185,1.7540000000000002,1.0195891902593548
186,1.7540000000000002,1.0195891902593548
187,1.7540000000000002,1.0195891902593548
188,1.7540000000000002,1.0195891902593548
189,1.7540000000000002,1.0195891902593548
190,1.7540000000000002,1.0195891902593548
191,1.7540000000000002,1.0195891902593548
192,1.7540000000000002,1.0195891902593548
193,1.7540000000000002,1.0195891902593548
194,1.7540000000000002,1.0195891902593548
195,1.7540000000000002,1.0195891902593548
196,1.7540000000000002,1.0195891902593548
197,1.7540000000000002,1.0195891902593548
198,1.7540000000000002,1.0195891902593548
199,1.7540000000000002,1.0195891902593548
200,1.7540000000000002,1.0195891902593548
201,1.7540000000000002,1.0195891902593548
202,1.7540000000000002,1.0195891902593548
203,1.7540000000000002,1.0195891902593548
204,1.7540000000000002,1.0195891902593548
205,1.7540000000000002,1.0195891902593548
206,1.7540000000000002,1.0195891902593548
207,1.7540000000000002,1.0195891902593548
208,1.7540000000000002,1.0195891902593548
209,1.7540000000000002,1.0195891902593548
210,1.7540000000000002,1.0195891902593548
211,1.7540000000000002,1.0195891902593548
212,1.7540000000000002,1.0195891902593548
213,1.7540000000000002,1.0195891902593548
214,1.7540000000000002,1.0195891902593548
215,1.7540000000000002,1.0195891902593548
216,1.7540000000000002,1.0195891902593548
217,1.7540000000000002,1.0195891902593548
218,1.7540000000000002,1.0195891902593548
219,1.7540000000000002,1.0195891902593548
220,1.7540000000000002,1.0195891902593548
221,1.7540000000000002,1.0195891902593548
222,1.7540000000000002,1.0195891902593548
223,1.7540000000000002,1.0195891902593548
224,1.7540000000000002,1.0195891902593548
225,1.7540000000000002,1.0195891902593548
226,1.7540000000000002,1.0195891902593548
227,1.7540000000000002,1.0195891902593548
228,1.7540000000000002,1.0195891902593548
229,1.7540000000000002,1.0195891902593548
230,1.7540000000000002,1.0195891902593548
231,1.7540000000000002,1.0195891902593548
232,1.7540000000000002,1.0195891902593548
233,1.7540000000000002,1.0195891902593548
234,1.7540000000000002,1.0195891902593548
235,1.7540000000000002,1.0195891902593548
236,1.7540000000000002,1.0195891902593548
237,1.7540000000000002,1.0195891902593548
238,1.7540000000000002,1.0195891902593548
239,1.7540000000000002,1.0195891902593548
240,1.7540000000000002,1.0195891902593548
241,1.7540000000000002,1.0195891902593548
242,1.7540000000000002,1.0195891902593548
243,1.7540000000000002,1.0195891902593548
244,1.7540000000000002,1.0195891902593548
245,1.7540000000000002,1.0195891902593548
246,1.7540000000000002,1.0195891902593548
247,1.7540000000000002,1.0195891902593548
248,1.7540000000000002,1.0195891902593548
249,1.7540000000000002,1.0195891902593548
250,1.7540000000000002,1.0195891902593548
251,1.7540000000000002,1.0195891902593548
252,1.7540000000000002,1.0195891902593548
253,1.7540000000000002,1.0195891902593548
254,1.7540000000000002,1.0195891902593548
255,1.7540000000000002,1.0195891902593548
256,1.7540000000000002,1.0195891902593548
257,1.7540000000000002,1.0195891902593548
258,1.7540000000000002,1.0195891902593548
259,1.7540000000000002,1.0195891902593548
260,1.7540000000000002,1.0195891902593548
261,1.7540000000000002,1.0195891902593548
262,1.7540000000000002,1.0195891902593548
263,1.7540000000000002,1.0195891902593548
264,1.7540000000000002,1.0195891902593548
265,1.7540000000000002,1.0195891902593548
266,1.7540000000000002,1.0195891902593548
267,1.7540000000000002,1.0195891902593548
268,1.7540000000000002,1.0195891902593548
269,1.7540000000000002,1.0195891902593548
270,1.7540000000000002,1.0195891902593548
271,1.7540000000000002,1.0195891902593548
272,1.7540000000000002,1.0195891902593548
273,1.7540000000000002,1.0195891902593548
274,1.7540000000000002,1.0195891902593548
275,1.7540000000000002,1.0195891902593548
276,1.7540000000000002,1.0195891902593548
277,1.7540000000000002,1.0195891902593548
278,1.7540000000000002,1.0195891902593548
279,1.7540000000000002,1.0195891902593548
280,1.7540000000000002,1.0195891902593548
281,1.7540000000000002,1.0195891902593548
282,1.7540000000000002,1.0195891902593548
283,1.7540000000000002,1.0195891902593548
284,1.7540000000000002,1.0195891902593548
285,1.7540000000000002,1.0195891902593548
286,1.7540000000000002,1.0195891902593548
287,1.7540000000000002,1.0195891902593548
288,1.7540000000000002,1.0195891902593548
289,1.7540000000000002,1.0195891902593548
290,1.7540000000000002,1.0195891902593548
291,1.7540000000000002,1.0195891902593548
292,1.7540000000000002,1.0195891902593548
293,1.7540000000000002,1.0195891902593548
294,1.7540000000000002,1.0195891902593548
295,1.7540000000000002,1.0195891902593548
296,1.7540000000000002,1.0195891902593548
297,1.7540000000000002,1.0195891902593548
298,1.7540000000000002,1.0195891902593548
299,1.7540000000000002,1.0195891902593548
300,1.7540000000000002,1.0195891902593548
301,1.7540000000000002,1.0195891902593548
302,1.7540000000000002,1.0195891902593548
303,1.7540000000000002,1.0195891902593548
304,1.7540000000000002,1.0195891902593548
305,1.7540000000000002,1.0195891902593548
306,1.7540000000000002,1.0195891902593548
307,1.7540000000000002,1.0195891902593548
308,1.7540000000000002,1.0195891902593548
309,1.7540000000000002,1.0195891902593548
310,1.7540000000000002,1.0195891902593548
311,1.7540000000000002,1.0195891902593548
312,1.7540000000000002,1.0195891902593548
313,1.7540000000000002,1.0195891902593548
314,1.7540000000000002,1.0195891902593548
315,1.7540000000000002,1.0195891902593548
316,1.7540000000000002,1.0195891902593548
317,1.7540000000000002,1.0195891902593548
318,1.7540000000000002,1.0195891902593548
319,1.7540000000000002,1.0195891902593548
320,1.7540000000000002,1.0195891902593548
321,1.7540000000000002,1.0195891902593548
322,1.7540000000000002,1.0195891902593548
323,1.7540000000000002,1.0195891902593548
324,1.7540000000000002,1.0195891902593548
325,1.7540000000000002,1.0195891902593548
326,1.7540000000000002,1.0195891902593548
327,1.7540000000000002,1.0195891902593548
328,1.7540000000000002,1.0195891902593548
329,1.7540000000000002,1.0195891902593548
330,1.7540000000000002,1.0195891902593548
331,1.7540000000000002,1.0195891902593548
332,1.7540000000000002,1.0195891902593548
333,1.7540000000000002,1.0195891902593548
334,1.7540000000000002,1.0195891902593548
335,1.7540000000000002,1.0195891902593548
336,1.7540000000000002,1.0195891902593548
337,1.7540000000000002,1.0195891902593548
338,1.7540000000000002,1.0195891902593548
339,1.7540000000000002,1.0195891902593548
340,1.7540000000000002,1.0195891902593548
341,1.7540000000000002,1.0195891902593548
342,1.7540000000000002,1.0195891902593548
343,1.7540000000000002,1.0195891902593548
344,1.7540000000000002,1.0195891902593548
345,1.7540000000000002,1.0195891902593548
346,1.7540000000000002,1.0195891902593548
347,1.7540000000000002,1.0195891902593548
348,1.7540000000000002,1.0195891902593548
349,1.7540000000000002,1.0195891902593548
350,1.7540000000000002,1.0195891902593548
351,1.7540000000000002,1.0195891902593548
352,1.7540000000000002,1.0195891902593548
353,1.7540000000000002,1.0195891902593548
354,1.7540000000000002,1.0195891902593548
355,1.7540000000000002,1.0195891902593548
356,1.7540000000000002,1.0195891902593548
357,1.7540000000000002,1.0195891902593548
358,1.7540000000000002,1.0195891902593548
359,1.7540000000000002,1.0195891902593548
360,1.7540000000000002,1.0195891902593548
361,1.7540000000000002,1.0195891902593548
362,1.7540000000000002,1.0195891902593548
363,1.7540000000000002,1.0195891902593548
364,1.7540000000000002,1.0195891902593548
365,1.7540000000000002,1.0195891902593548
366,1.7540000000000002,1.0195891902593548
367,1.7540000000000002,1.0195891902593548
368,1.7540000000000002,1.0195891902593548
369,1.7540000000000002,1.0195891902593548
370,1.7540000000000002,1.0195891902593548
371,1.7540000000000002,1.0195891902593548
372,1.7540000000000002,1.0195891902593548
373,1.7540000000000002,1.0195891902593548
374,1.7540000000000002,1.0195891902593548
375,1.7540000000000002,1.0195891902593548
376,1.7540000000000002,1.0195891902593548
377,1.7540000000000002,1.0195891902593548
378,1.7540000000000002,1.0195891902593548
379,1.7540000000000002,1.0195891902593548
380,1.7540000000000002,1.0195891902593548
381,1.7540000000000002,1.0195891902593548
382,1.7540000000000002,1.0195891902593548
383,1.7540000000000002,1.0195891902593548
384,1.7540000000000002,1.0195891902593548
385,1.7540000000000002,1.0195891902593548
386,1.7540000000000002,1.0195891902593548
387,1.7540000000000002,1.0195891902593548
388,1.7540000000000002,1.0195891902593548
389,1.7540000000000002,1.0195891902593548
390,1.7540000000000002,1.0195891902593548
391,1.7540000000000002,1.0195891902593548
392,1.7540000000000002,1.0195891902593548
393,1.7540000000000002,1.0195891902593548
394,1.7540000000000002,1.0195891902593548
395,1.7540000000000002,1.0195891902593548
396,1.7540000000000002,1.0195891902593548
397,1.7540000000000002,1.0195891902593548
398,1.7540000000000002,1.0195891902593548
399,1.7540000000000002,1.0195891902593548
400,1.7540000000000002,1.0195891902593548
401,1.7540000000000002,1.0195891902593548
402,1.7540000000000002,1.0195891902593548
403,1.7540000000000002,1.0195891902593548
404,1.7540000000000002,1.0195891902593548
405,1.7540000000000002,1.0195891902593548
406,1.7540000000000002,1.0195891902593548
407,1.7540000000000002,1.0195891902593548
408,1.7540000000000002,1.0195891902593548
409,1.7540000000000002,1.0195891902593548
410,1.7540000000000002,1.0195891902593548
411,1.7540000000000002,1.0195891902593548
412,1.7540000000000002,1.0195891902593548
413,1.7540000000000002,1.0195891902593548
414,1.7540000000000002,1.0195891902593548
415,1.7540000000000002,1.0195891902593548
416,1.7540000000000002,1.0195891902593548
417,1.7540000000000002,1.0195891902593548
418,1.7540000000000002,1.0195891902593548
419,1.7540000000000002,1.0195891902593548
420,1.7540000000000002,1.0195891902593548
421,1.7540000000000002,1.0195891902593548
422,1.7540000000000002,1.0195891902593548
423,1.7540000000000002,1.0195891902593548
424,1.7540000000000002,1.0195891902593548
425,1.7540000000000002,1.0195891902593548
426,1.7540000000000002,1.0195891902593548
427,1.7540000000000002,1.0195891902593548
428,1.7540000000000002,1.0195891902593548
429,1.7540000000000002,1.0195891902593548
430,1.7540000000000002,1.0195891902593548
431,1.7540000000000002,1.0195891902593548
432,1.7540000000000002,1.0195891902593548
433,1.7540000000000002,1.0195891902593548
434,1.7540000000000002,1.0195891902593548
435,1.7540000000000002,1.0195891902593548
436,1.7540000000000002,1.0195891902593548
437,1.7540000000000002,1.0195891902593548
438,1.7540000000000002,1.0195891902593548
439,1.7540000000000002,1.0195891902593548
440,1.7540000000000002,1.0195891902593548
441,1.7540000000000002,1.0195891902593548
442,1.7540000000000002,1.0195891902593548
443,1.7540000000000002,1.0195891902593548
444,1.7540000000000002,1.0195891902593548
445,1.7540000000000002,1.0195891902593548
446,1.7540000000000002,1.0195891902593548
447,1.7540000000000002,1.0195891902593548
448,1.7540000000000002,1.0195891902593548
449,1.7540000000000002,1.0195891902593548
450,1.7540000000000002,1.0195891902593548
451,1.7540000000000002,1.0195891902593548
452,1.7540000000000002,1.0195891902593548
453,1.7540000000000002,1.0195891902593548
454,1.7540000000000002,1.0195891902593548
455,1.7540000000000002,1.0195891902593548
456,1.7540000000000002,1.0195891902593548
457,1.7540000000000002,1.0195891902593548
458,1.7540000000000002,1.0195891902593548
459,1.7540000000000002,1.0195891902593548
460,1.7540000000000002,1.0195891902593548
461,1.7540000000000002,1.0195891902593548
462,1.7540000000000002,1.0195891902593548
463,1.7540000000000002,1.0195891902593548
464,1.7540000000000002,1.0195891902593548
465,1.7540000000000002,1.0195891902593548
466,1.7540000000000002,1.0195891902593548
467,1.7540000000000002,1.0195891902593548
468,1.7540000000000002,1.0195891902593548
469,1.7540000000000002,1.0195891902593548
470,1.7540000000000002,1.0195891902593548
471,1.7540000000000002,1.0195891902593548
472,1.7540000000000002,1.0195891902593548
473,1.7540000000000002,1.0195891902593548
474,1.7540000000000002,1.0195891902593548
475,1.7540000000000002,1.0195891902593548
476,1.7540000000000002,1.0195891902593548
477,1.7540000000000002,1.0195891902593548
478,1.7540000000000002,1.0195891902593548
479,1.7540000000000002,1.0195891902593548
480,1.7540000000000002,1.0195891902593548
481,1.7540000000000002,1.0195891902593548
482,1.7540000000000002,1.0195891902593548
483,1.7540000000000002,1.0195891902593548
484,1.7540000000000002,1.0195891902593548
485,1.7540000000000002,1.0195891902593548
486,1.7540000000000002,1.0195891902593548
487,1.7540000000000002,1.0195891902593548
488,1.7540000000000002,1.0195891902593548
489,1.7540000000000002,1.0195891902593548
490,1.7540000000000002,1.0195891902593548
491,1.7540000000000002,1.0195891902593548
492,1.7540000000000002,1.0195891902593548
493,1.7540000000000002,1.0195891902593548
494,1.7540000000000002,1.0195891902593548
495,1.7540000000000002,1.0195891902593548
496,1.7540000000000002,1.0195891902593548
497,1.7540000000000002,1.0195891902593548
498,1.7540000000000002,1.0195891902593548
499,1.7540000000000002,1.0195891902593548
500,1.7540000000000002,1.0195891902593548
501,1.7540000000000002,1.0195891902593548
502,1.7540000000000002,1.0195891902593548
503,1.7540000000000002,1.0195891902593548
504,1.7540000000000002,1.0195891902593548
505,1.7540000000000002,1.0195891902593548
506,1.7540000000000002,1.0195891902593548
507,1.7540000000000002,1.0195891902593548
508,1.7540000000000002,1.0195891902593548
509,1.7540000000000002,1.0195891902593548
510,1.7540000000000002,1.0195891902593548
511,1.7540000000000002,1.0195891902593548
512,1.7540000000000002,1.0195891902593548
513,1.7540000000000002,1.0195891902593548
514,1.7540000000000002,1.0195891902593548
515,1.7540000000000002,1.0195891902593548
516,1.7540000000000002,1.0195891902593548
517,1.7540000000000002,1.0195891902593548
518,1.7540000000000002,1.0195891902593548
519,1.7540000000000002,1.0195891902593548
520,1.7540000000000002,1.0195891902593548
521,1.7540000000000002,1.0195891902593548
522,1.7540000000000002,1.0195891902593548
523,1.7540000000000002,1.0195891902593548
524,1.7540000000000002,1.0195891902593548
525,1.7540000000000002,1.0195891902593548
526,1.7540000000000002,1.0195891902593548
527,1.7540000000000002,1.0195891902593548
528,1.7540000000000002,1.0195891902593548
529,1.7540000000000002,1.0195891902593548
530,1.7540000000000002,1.0195891902593548
531,1.7540000000000002,1.0195891902593548
532,1.7540000000000002,1.0195891902593548
533,1.7540000000000002,1.0195891902593548
534,1.7540000000000002,1.0195891902593548
535,1.7540000000000002,1.0195891902593548
536,1.7540000000000002,1.0195891902593548
537,1.7540000000000002,1.0195891902593548
538,1.7540000000000002,1.0195891902593548
539,1.7540000000000002,1.0195891902593548
540,1.7540000000000002,1.0195891902593548
541,1.7540000000000002,1.0195891902593548
542,1.7540000000000002,1.0195891902593548
543,1.7540000000000002,1.0195891902593548
544,1.7540000000000002,1.0195891902593548
545,1.7540000000000002,1.0195891902593548
546,1.7540000000000002,1.0195891902593548
547,1.7540000000000002,1.0195891902593548
548,1.7540000000000002,1.0195891902593548
549,1.7540000000000002,1.0195891902593548
550,1.7540000000000002,1.0195891902593548
551,1.7540000000000002,1.0195891902593548
552,1.7540000000000002,1.0195891902593548
553,1.7540000000000002,1.0195891902593548
554,1.7540000000000002,1.0195891902593548
555,1.7540000000000002,1.0195891902593548
556,1.7540000000000002,1.0195891902593548
557,1.7540000000000002,1.0195891902593548
558,1.7540000000000002,1.0195891902593548
559,1.7540000000000002,1.0195891902593548
560,1.7540000000000002,1.0195891902593548
561,1.7540000000000002,1.0195891902593548
562,1.7540000000000002,1.0195891902593548
563,1.7540000000000002,1.0195891902593548
564,1.7540000000000002,1.0195891902593548
565,1.7540000000000002,1.0195891902593548
566,1.7540000000000002,1.0195891902593548
567,1.7540000000000002,1.0195891902593548
568,1.7540000000000002,1.0195891902593548
569,1.7540000000000002,1.0195891902593548
570,1.7540000000000002,1.0195891902593548
571,1.7540000000000002,1.0195891902593548
572,1.7540000000000002,1.0195891902593548
573,1.7540000000000002,1.0195891902593548
574,1.7540000000000002,1.0195891902593548
575,1.7540000000000002,1.0195891902593548
576,1.7540000000000002,1.0195891902593548
577,1.7540000000000002,1.0195891902593548
578,1.7540000000000002,1.0195891902593548
579,1.7540000000000002,1.0195891902593548
580,1.7540000000000002,1.0195891902593548
581,1.7540000000000002,1.0195891902593548
582,1.7540000000000002,1.0195891902593548
583,1.7540000000000002,1.0195891902593548
584,1.7540000000000002,1.0195891902593548
585,1.7540000000000002,1.0195891902593548
586,1.7540000000000002,1.0195891902593548
587,1.7540000000000002,1.0195891902593548
588,1.7540000000000002,1.0195891902593548
589,1.7540000000000002,1.0195891902593548
590,1.7540000000000002,1.0195891902593548
591,1.7540000000000002,1.0195891902593548
592,1.7540000000000002,1.0195891902593548
593,1.7540000000000002,1.0195891902593548
594,1.7540000000000002,1.0195891902593548
595,1.7540000000000002,1.0195891902593548
596,1.7540000000000002,1.0195891902593548
597,1.7540000000000002,1.0195891902593548
598,1.7540000000000002,1.0195891902593548
599,1.7540000000000002,1.0195891902593548
600,1.7540000000000002,1.0195891902593548
601,1.7540000000000002,1.0195891902593548
602,1.7540000000000002,1.0195891902593548
603,1.7540000000000002,1.0195891902593548
604,1.7540000000000002,1.0195891902593548
605,1.7540000000000002,1.0195891902593548
606,1.7540000000000002,1.0195891902593548
607,1.7540000000000002,1.0195891902593548
608,1.7540000000000002,1.0195891902593548
609,1.7540000000000002,1.0195891902593548
610,1.7540000000000002,1.0195891902593548
611,1.7540000000000002,1.0195891902593548
612,1.7540000000000002,1.0195891902593548
613,1.7540000000000002,1.0195891902593548
614,1.7540000000000002,1.0195891902593548
615,1.7540000000000002,1.0195891902593548
616,1.7540000000000002,1.0195891902593548
617,1.7540000000000002,1.0195891902593548
618,1.7540000000000002,1.0195891902593548
619,1.7540000000000002,1.0195891902593548
620,1.7540000000000002,1.0195891902593548
621,1.7540000000000002,1.0195891902593548
622,1.7540000000000002,1.0195891902593548
623,1.7540000000000002,1.0195891902593548
624,1.7540000000000002,1.0195891902593548
625,1.7540000000000002,1.0195891902593548
626,1.7540000000000002,1.0195891902593548
627,1.7540000000000002,1.0195891902593548
628,1.7540000000000002,1.0195891902593548
629,1.7540000000000002,1.0195891902593548
630,1.7540000000000002,1.0195891902593548
631,1.7540000000000002,1.0195891902593548
632,1.7540000000000002,1.0195891902593548
633,1.7540000000000002,1.0195891902593548
634,1.7540000000000002,1.0195891902593548
635,1.7540000000000002,1.0195891902593548
636,1.7540000000000002,1.0195891902593548
637,1.7540000000000002,1.0195891902593548
638,1.7540000000000002,1.0195891902593548
639,1.7540000000000002,1.0195891902593548
640,1.7540000000000002,1.0195891902593548
641,1.7540000000000002,1.0195891902593548
642,1.7540000000000002,1.0195891902593548
643,1.7540000000000002,1.0195891902593548
644,1.7540000000000002,1.0195891902593548
645,1.7540000000000002,1.0195891902593548
646,1.7540000000000002,1.0195891902593548
647,1.7540000000000002,1.0195891902593548
648,1.7540000000000002,1.0195891902593548
649,1.7540000000000002,1.0195891902593548
650,1.7540000000000002,1.0195891902593548
651,1.7540000000000002,1.0195891902593548
652,1.7540000000000002,1.0195891902593548
653,1.7540000000000002,1.0195891902593548
654,1.7540000000000002,1.0195891902593548
655,1.7540000000000002,1.0195891902593548
656,1.7540000000000002,1.0195891902593548
657,1.7540000000000002,1.0195891902593548
658,1.7540000000000002,1.0195891902593548
659,1.7540000000000002,1.0195891902593548
660,1.7540000000000002,1.0195891902593548
661,1.7540000000000002,1.0195891902593548
662,1.7540000000000002,1.0195891902593548
663,1.7540000000000002,1.0195891902593548
664,1.7540000000000002,1.0195891902593548
665,1.7540000000000002,1.0195891902593548
666,1.7540000000000002,1.0195891902593548
667,1.7540000000000002,1.0195891902593548
668,1.7540000000000002,1.0195891902593548
669,1.7540000000000002,1.0195891902593548
670,1.7540000000000002,1.0195891902593548
671,1.7540000000000002,1.0195891902593548
672,1.7540000000000002,1.0195891902593548
673,1.7540000000000002,1.0195891902593548
674,1.7540000000000002,1.0195891902593548
675,1.7540000000000002,1.0195891902593548
676,1.7540000000000002,1.0195891902593548
677,1.7540000000000002,1.0195891902593548
678,1.7540000000000002,1.0195891902593548
679,1.7540000000000002,1.0195891902593548
680,1.7540000000000002,1.0195891902593548
681,1.7540000000000002,1.0195891902593548
682,1.7540000000000002,1.0195891902593548
683,1.7540000000000002,1.0195891902593548
684,1.7540000000000002,1.0195891902593548
685,1.7540000000000002,1.0195891902593548
686,1.7540000000000002,1.0195891902593548
687,1.7540000000000002,1.0195891902593548
688,1.7540000000000002,1.0195891902593548
689,1.7540000000000002,1.0195891902593548
690,1.7540000000000002,1.0195891902593548
691,1.7540000000000002,1.0195891902593548
692,1.7540000000000002,1.0195891902593548
693,1.7540000000000002,1.0195891902593548
694,1.7540000000000002,1.0195891902593548
695,1.7540000000000002,1.0195891902593548
696,1.7540000000000002,1.0195891902593548
697,1.7540000000000002,1.0195891902593548
698,1.7540000000000002,1.0195891902593548
699,1.7540000000000002,1.0195891902593548
700,1.7540000000000002,1.0195891902593548
701,1.7540000000000002,1.0195891902593548
702,1.7540000000000002,1.0195891902593548
703,1.7540000000000002,1.0195891902593548
704,1.7540000000000002,1.0195891902593548
705,1.7540000000000002,1.0195891902593548
706,1.7540000000000002,1.0195891902593548
707,1.7540000000000002,1.0195891902593548
708,1.7540000000000002,1.0195891902593548
709,1.7540000000000002,1.0195891902593548
710,1.7540000000000002,1.0195891902593548
711,1.7540000000000002,1.0195891902593548
712,1.7540000000000002,1.0195891902593548
713,1.7540000000000002,1.0195891902593548
714,1.7540000000000002,1.0195891902593548
715,1.7540000000000002,1.0195891902593548
716,1.7540000000000002,1.0195891902593548
717,1.7540000000000002,1.0195891902593548
718,1.7540000000000002,1.0195891902593548
719,1.7540000000000002,1.0195891902593548
720,1.7540000000000002,1.0195891902593548
721,1.7540000000000002,1.0195891902593548
722,1.7540000000000002,1.0195891902593548
723,1.7540000000000002,1.0195891902593548
724,1.7540000000000002,1.0195891902593548
725,1.7540000000000002,1.0195891902593548
726,1.7540000000000002,1.0195891902593548
727,1.7540000000000002,1.0195891902593548
728,1.7540000000000002,1.0195891902593548
729,1.7540000000000002,1.0195891902593548
730,1.7540000000000002,1.0195891902593548
731,1.7540000000000002,1.0195891902593548
732,1.7540000000000002,1.0195891902593548
733,1.7540000000000002,1.0195891902593548
734,1.7540000000000002,1.0195891902593548
735,1.7540000000000002,1.0195891902593548
736,1.7540000000000002,1.0195891902593548
737,1.7540000000000002,1.0195891902593548
738,1.7540000000000002,1.0195891902593548
739,1.7540000000000002,1.0195891902593548
740,1.7540000000000002,1.0195891902593548
741,1.7540000000000002,1.0195891902593548
742,1.7540000000000002,1.0195891902593548
743,1.7540000000000002,1.0195891902593548
744,1.7540000000000002,1.0195891902593548
745,1.7540000000000002,1.0195891902593548
746,1.7540000000000002,1.0195891902593548
747,1.7540000000000002,1.0195891902593548
748,1.7540000000000002,1.0195891902593548
749,1.7540000000000002,1.0195891902593548
750,1.7540000000000002,1.0195891902593548
751,1.7540000000000002,1.0195891902593548
752,1.7540000000000002,1.0195891902593548
753,1.7540000000000002,1.0195891902593548
754,1.7540000000000002,1.0195891902593548
755,1.7540000000000002,1.0195891902593548
756,1.7540000000000002,1.0195891902593548
757,1.7540000000000002,1.0195891902593548
758,1.7540000000000002,1.0195891902593548
759,1.7540000000000002,1.0195891902593548
760,1.7540000000000002,1.0195891902593548
761,1.7540000000000002,1.0195891902593548
762,1.7540000000000002,1.0195891902593548
763,1.7540000000000002,1.0195891902593548
764,1.7540000000000002,1.0195891902593548
765,1.7540000000000002,1.0195891902593548
766,1.7540000000000002,1.0195891902593548
767,1.7540000000000002,1.0195891902593548
768,1.7540000000000002,1.0195891902593548
769,1.7540000000000002,1.0195891902593548
770,1.7540000000000002,1.0195891902593548
771,1.7540000000000002,1.0195891902593548
772,1.7540000000000002,1.0195891902593548
773,1.7540000000000002,1.0195891902593548
774,1.7540000000000002,1.0195891902593548
775,1.7540000000000002,1.0195891902593548
776,1.7540000000000002,1.0195891902593548
777,1.7540000000000002,1.0195891902593548
778,1.7540000000000002,1.0195891902593548
779,1.7540000000000002,1.0195891902593548
780,1.7540000000000002,1.0195891902593548
781,1.7540000000000002,1.0195891902593548
782,1.7540000000000002,1.0195891902593548
783,1.7540000000000002,1.0195891902593548
784,1.7540000000000002,1.0195891902593548
785,1.7540000000000002,1.0195891902593548
786,1.7540000000000002,1.0195891902593548
787,1.7540000000000002,1.0195891902593548
788,1.7540000000000002,1.0195891902593548
789,1.7540000000000002,1.0195891902593548
790,1.7540000000000002,1.0195891902593548
791,1.7540000000000002,1.0195891902593548
792,1.7540000000000002,1.0195891902593548
793,1.7540000000000002,1.0195891902593548
794,1.7540000000000002,1.0195891902593548
795,1.7540000000000002,1.0195891902593548
796,1.7540000000000002,1.0195891902593548
797,1.7540000000000002,1.0195891902593548
798,1.7540000000000002,1.0195891902593548
799,1.7540000000000002,1.0195891902593548
800,1.7540000000000002,1.0195891902593548
801,1.7540000000000002,1.0195891902593548
802,1.7540000000000002,1.0195891902593548
803,1.7540000000000002,1.0195891902593548
804,1.7540000000000002,1.0195891902593548
805,1.7540000000000002,1.0195891902593548
806,1.7540000000000002,1.0195891902593548
807,1.7540000000000002,1.0195891902593548
808,1.7540000000000002,1.0195891902593548
809,1.7540000000000002,1.0195891902593548
810,1.7540000000000002,1.0195891902593548
811,1.7540000000000002,1.0195891902593548
812,1.7540000000000002,1.0195891902593548
813,1.7540000000000002,1.0195891902593548
814,1.7540000000000002,1.0195891902593548
815,1.7540000000000002,1.0195891902593548
816,1.7540000000000002,1.0195891902593548
817,1.7540000000000002,1.0195891902593548
818,1.7540000000000002,1.0195891902593548
819,1.7540000000000002,1.0195891902593548
820,1.7540000000000002,1.0195891902593548
821,1.7540000000000002,1.0195891902593548
822,1.7540000000000002,1.0195891902593548
823,1.7540000000000002,1.0195891902593548
824,1.7540000000000002,1.0195891902593548
825,1.7540000000000002,1.0195891902593548
826,1.7540000000000002,1.0195891902593548
827,1.7540000000000002,1.0195891902593548
828,1.7540000000000002,1.0195891902593548
829,1.7540000000000002,1.0195891902593548
830,1.7540000000000002,1.0195891902593548
831,1.7540000000000002,1.0195891902593548
832,1.7540000000000002,1.0195891902593548
833,1.7540000000000002,1.0195891902593548
834,1.7540000000000002,1.0195891902593548
835,1.7540000000000002,1.0195891902593548
836,1.7540000000000002,1.0195891902593548
837,1.7540000000000002,1.0195891902593548
838,1.7540000000000002,1.0195891902593548
839,1.7540000000000002,1.0195891902593548
840,1.7540000000000002,1.0195891902593548
841,1.7540000000000002,1.0195891902593548
842,1.7540000000000002,1.0195891902593548
843,1.7540000000000002,1.0195891902593548
844,1.7540000000000002,1.0195891902593548
845,1.7540000000000002,1.0195891902593548
846,1.7540000000000002,1.0195891902593548
847,1.7540000000000002,1.0195891902593548
848,1.7540000000000002,1.0195891902593548
849,1.7540000000000002,1.0195891902593548
850,1.7540000000000002,1.0195891902593548
851,1.7540000000000002,1.0195891902593548
852,1.7540000000000002,1.0195891902593548
853,1.7540000000000002,1.0195891902593548
854,1.7540000000000002,1.0195891902593548
855,1.7540000000000002,1.0195891902593548
856,1.7540000000000002,1.0195891902593548
857,1.7540000000000002,1.0195891902593548
858,1.7540000000000002,1.0195891902593548
859,1.7540000000000002,1.0195891902593548
860,1.7540000000000002,1.0195891902593548
861,1.7540000000000002,1.0195891902593548
862,1.7540000000000002,1.0195891902593548
863,1.7540000000000002,1.0195891902593548
864,1.7540000000000002,1.0195891902593548
865,1.7540000000000002,1.0195891902593548
866,1.7540000000000002,1.0195891902593548
867,1.7540000000000002,1.0195891902593548
868,1.7540000000000002,1.0195891902593548
869,1.7540000000000002,1.0195891902593548
870,1.7540000000000002,1.0195891902593548
871,1.7540000000000002,1.0195891902593548
872,1.7540000000000002,1.0195891902593548
873,1.7540000000000002,1.0195891902593548
874,1.7540000000000002,1.0195891902593548
875,1.7540000000000002,1.0195891902593548
876,1.7540000000000002,1.0195891902593548
877,1.7540000000000002,1.0195891902593548
878,1.7540000000000002,1.0195891902593548
879,1.7540000000000002,1.0195891902593548
880,1.7540000000000002,1.0195891902593548
881,1.7540000000000002,1.0195891902593548
882,1.7540000000000002,1.0195891902593548
883,1.7540000000000002,1.0195891902593548
884,1.7540000000000002,1.0195891902593548
885,1.7540000000000002,1.0195891902593548
886,1.7540000000000002,1.0195891902593548
887,1.7540000000000002,1.0195891902593548
888,1.7540000000000002,1.0195891902593548
889,1.7540000000000002,1.0195891902593548
890,1.7540000000000002,1.0195891902593548
891,1.7540000000000002,1.0195891902593548
892,1.7540000000000002,1.0195891902593548
893,1.7540000000000002,1.0195891902593548
894,1.7540000000000002,1.0195891902593548
895,1.7540000000000002,1.0195891902593548
896,1.7540000000000002,1.0195891902593548
897,1.7540000000000002,1.0195891902593548
898,1.7540000000000002,1.0195891902593548
899,1.7540000000000002,1.0195891902593548
900,1.7540000000000002,1.0195891902593548
901,1.7540000000000002,1.0195891902593548
902,1.7540000000000002,1.0195891902593548
903,1.7540000000000002,1.0195891902593548
904,1.7540000000000002,1.0195891902593548
905,1.7540000000000002,1.0195891902593548
906,1.7540000000000002,1.0195891902593548
907,1.7540000000000002,1.0195891902593548
908,1.7540000000000002,1.0195891902593548
909,1.7540000000000002,1.0195891902593548
910,1.7540000000000002,1.0195891902593548
911,1.7540000000000002,1.0195891902593548
912,1.7540000000000002,1.0195891902593548
913,1.7540000000000002,1.0195891902593548
914,1.7540000000000002,1.0195891902593548
915,1.7540000000000002,1.0195891902593548
916,1.7540000000000002,1.0195891902593548
917,1.7540000000000002,1.0195891902593548
918,1.7540000000000002,1.0195891902593548
919,1.7540000000000002,1.0195891902593548
920,1.7540000000000002,1.0195891902593548
921,1.7540000000000002,1.0195891902593548
922,1.7540000000000002,1.0195891902593548
923,1.7540000000000002,1.0195891902593548
924,1.7540000000000002,1.0195891902593548
925,1.7540000000000002,1.0195891902593548
926,1.7540000000000002,1.0195891902593548
927,1.7540000000000002,1.0195891902593548
928,1.7540000000000002,1.0195891902593548
929,1.7540000000000002,1.0195891902593548
930,1.7540000000000002,1.0195891902593548
931,1.7540000000000002,1.0195891902593548
932,1.7540000000000002,1.0195891902593548
933,1.7540000000000002,1.0195891902593548
934,1.7540000000000002,1.0195891902593548
935,1.7540000000000002,1.0195891902593548
936,1.7540000000000002,1.0195891902593548
937,1.7540000000000002,1.0195891902593548
938,1.7540000000000002,1.0195891902593548
939,1.7540000000000002,1.0195891902593548
940,1.7540000000000002,1.0195891902593548
941,1.7540000000000002,1.0195891902593548
942,1.7540000000000002,1.0195891902593548
943,1.7540000000000002,1.0195891902593548
944,1.7540000000000002,1.0195891902593548
945,1.7540000000000002,1.0195891902593548
946,1.7540000000000002,1.0195891902593548
947,1.7540000000000002,1.0195891902593548
948,1.7540000000000002,1.0195891902593548
949,1.7540000000000002,1.0195891902593548
950,1.7540000000000002,1.0195891902593548
951,1.7540000000000002,1.0195891902593548
952,1.7540000000000002,1.0195891902593548
953,1.7540000000000002,1.0195891902593548
954,1.7540000000000002,1.0195891902593548
955,1.7540000000000002,1.0195891902593548
956,1.7540000000000002,1.0195891902593548
957,1.7540000000000002,1.0195891902593548
958,1.7540000000000002,1.0195891902593548
959,1.7540000000000002,1.0195891902593548
960,1.7540000000000002,1.0195891902593548
961,1.7540000000000002,1.0195891902593548
962,1.7540000000000002,1.0195891902593548
963,1.7540000000000002,1.0195891902593548
964,1.7540000000000002,1.0195891902593548
965,1.7540000000000002,1.0195891902593548
966,1.7540000000000002,1.0195891902593548
967,1.7540000000000002,1.0195891902593548
968,1.7540000000000002,1.0195891902593548
969,1.7540000000000002,1.0195891902593548
970,1.7540000000000002,1.0195891902593548
971,1.7540000000000002,1.0195891902593548
972,1.7540000000000002,1.0195891902593548
973,1.7540000000000002,1.0195891902593548
974,1.7540000000000002,1.0195891902593548
975,1.7540000000000002,1.0195891902593548
976,1.7540000000000002,1.0195891902593548
977,1.7540000000000002,1.0195891902593548
978,1.7540000000000002,1.0195891902593548
979,1.7540000000000002,1.0195891902593548
980,1.7540000000000002,1.0195891902593548
981,1.7540000000000002,1.0195891902593548
982,1.7540000000000002,1.0195891902593548
983,1.7540000000000002,1.0195891902593548
984,1.7540000000000002,1.0195891902593548
985,1.7540000000000002,1.0195891902593548
986,1.7540000000000002,1.0195891902593548
987,1.7540000000000002,1.0195891902593548
988,1.7540000000000002,1.0195891902593548
989,1.7540000000000002,1.0195891902593548
990,1.7540000000000002,1.0195891902593548
991,1.7540000000000002,1.0195891902593548
992,1.7540000000000002,1.0195891902593548
993,1.7540000000000002,1.0195891902593548
994,1.7540000000000002,1.0195891902593548
995,1.7540000000000002,1.0195891902593548
996,1.7540000000000002,1.0195891902593548
997,1.7540000000000002,1.0195891902593548
998,1.7540000000000002,1.0195891902593548
999,1.7540000000000002,1.0195891902593548
1000,1.7540000000000002,1.0195891902593548
1001,1.7540000000000002,1.0195891902593548
1002,1.7540000000000002,1.0195891902593548
1003,1.7540000000000002,1.0195891902593548
1004,1.7540000000000002,1.0195891902593548
1005,1.7540000000000002,1.0195891902593548
1006,1.6400000000000001,1.0195891902593548
1007,1.6400000000000001,1.0195891902593548
1008,1.6400000000000001,1.0195891902593548
1009,1.6400000000000001,1.0195891902593548
1010,1.6400000000000001,1.0195891902593548
1011,1.6400000000000001,1.0195891902593548
1012,1.6400000000000001,1.0195891902593548
1013,1.6400000000000001,1.0195891902593548
1014,1.6400000000000001,1.0195891902593548
1015,1.6400000000000001,1.0195891902593548
1016,1.6400000000000001,1.0195891902593548
1017,1.6400000000000001,1.0195891902593548
1018,1.6400000000000001,1.0195891902593548
1019,1.6400000000000001,1.0195891902593548
1020,1.6400000000000001,1.0195891902593548
1021,1.6400000000000001,1.0195891902593548
1022,1.6400000000000001,1.0195891902593548
1023,1.6400000000000001,1.0195891902593548
1024,1.6400000000000001,1.0195891902593548
1025,1.6400000000000001,1.0195891902593548
1026,1.6400000000000001,1.0195891902593548
1027,1.6400000000000001,1.0195891902593548
1028,1.6400000000000001,1.0195891902593548
1029,1.6400000000000001,1.0195891902593548
1030,1.6400000000000001,1.0195891902593548
1031,1.6400000000000001,1.0195891902593548
1032,1.6400000000000001,1.0195891902593548
1033,1.6400000000000001,1.0195891902593548
1034,1.6400000000000001,1.0195891902593548
1035,1.6400000000000001,1.0195891902593548
1036,1.6400000000000001,1.0195891902593548
1037,1.6400000000000001,1.0195891902593548
1038,1.6400000000000001,1.0195891902593548
1039,1.6400000000000001,1.0195891902593548
1040,1.6400000000000001,1.0195891902593548
1041,1.6400000000000001,1.0195891902593548
1042,1.6400000000000001,1.0195891902593548
1043,1.6400000000000001,1.0195891902593548
1044,1.6400000000000001,1.0195891902593548
1045,1.6400000000000001,1.0195891902593548
1046,1.6400000000000001,1.0195891902593548
1047,1.6400000000000001,1.0195891902593548
1048,1.6400000000000001,1.0195891902593548
1049,1.6400000000000001,1.0195891902593548
1050,1.6400000000000001,1.0195891902593548
1051,1.6400000000000001,1.0195891902593548
1052,1.6400000000000001,1.0195891902593548
1053,1.6400000000000001,1.0195891902593548
1054,1.6400000000000001,1.0195891902593548
1055,1.6400000000000001,1.0195891902593548
1056,1.6400000000000001,1.0195891902593548
1057,1.6400000000000001,1.0195891902593548
1058,1.6400000000000001,1.0195891902593548
1059,1.6400000000000001,1.0195891902593548
1060,1.6400000000000001,1.0195891902593548
1061,1.6400000000000001,1.0195891902593548
1062,1.6400000000000001,1.0195891902593548
1063,1.6400000000000001,1.0195891902593548
1064,1.6400000000000001,1.0195891902593548
1065,1.6400000000000001,1.0195891902593548
1066,1.6400000000000001,1.0195891902593548
1067,1.6400000000000001,1.0195891902593548
1068,1.6400000000000001,1.0195891902593548
1069,1.6400000000000001,1.0195891902593548
1070,1.6400000000000001,1.0195891902593548
1071,1.6400000000000001,1.0195891902593548
1072,1.6400000000000001,1.0195891902593548
1073,1.6400000000000001,1.0195891902593548
1074,1.6400000000000001,1.0195891902593548
1075,1.6400000000000001,1.0195891902593548
1076,1.6400000000000001,1.0195891902593548
1077,1.6400000000000001,1.0195891902593548
1078,1.6400000000000001,1.0195891902593548
1079,1.6400000000000001,1.0195891902593548
1080,1.6400000000000001,1.0195891902593548
1081,1.6400000000000001,1.0195891902593548
1082,1.6400000000000001,1.0195891902593548
1083,1.6400000000000001,1.0195891902593548
1084,1.6400000000000001,1.0195891902593548
1085,1.6400000000000001,1.0195891902593548
1086,1.6400000000000001,1.0195891902593548
1087,1.6400000000000001,1.0195891902593548
1088,1.6400000000000001,1.0195891902593548
1089,1.6400000000000001,1.0195891902593548
1090,1.6400000000000001,1.0195891902593548
1091,1.6400000000000001,1.0195891902593548
1092,1.6400000000000001,1.0195891902593548
1093,1.6400000000000001,1.0195891902593548
1094,1.6400000000000001,1.0195891902593548
1095,1.6400000000000001,1.0195891902593548
1096,1.6400000000000001,1.0195891902593548
1097,1.6400000000000001,1.0195891902593548
1098,1.6400000000000001,1.0195891902593548
1099,1.6400000000000001,1.0195891902593548
1100,1.6400000000000001,1.0195891902593548
1101,1.6400000000000001,1.0195891902593548
1102,1.6400000000000001,1.0195891902593548
1103,1.6400000000000001,1.0195891902593548
1104,1.6400000000000001,1.0195891902593548
1105,1.6400000000000001,1.0195891902593548
1106,1.6400000000000001,1.0195891902593548
1107,1.6400000000000001,1.0195891902593548
1108,1.6400000000000001,1.0195891902593548
1109,1.6400000000000001,1.0195891902593548
1110,1.6400000000000001,1.0195891902593548
1111,1.6400000000000001,1.0195891902593548
1112,1.6400000000000001,1.0195891902593548
1113,1.6400000000000001,1.0195891902593548
1114,1.6400000000000001,1.0195891902593548
1115,1.6400000000000001,1.0195891902593548
1116,1.6400000000000001,1.0195891902593548
1117,1.6400000000000001,1.0195891902593548
1118,1.6400000000000001,1.0195891902593548
1119,1.6400000000000001,1.0195891902593548
1120,1.6400000000000001,1.0195891902593548
1121,1.6400000000000001,1.0195891902593548
1122,1.6400000000000001,1.0195891902593548
1123,1.6400000000000001,1.0195891902593548
1124,1.6400000000000001,1.0195891902593548
1125,1.6400000000000001,1.0195891902593548
1126,1.6400000000000001,1.0195891902593548
1127,1.6400000000000001,1.0195891902593548
1128,1.6400000000000001,1.0195891902593548
1129,1.6400000000000001,1.0195891902593548
1130,1.6400000000000001,1.0195891902593548
1131,1.6400000000000001,1.0195891902593548
1132,1.6400000000000001,1.0195891902593548
1133,1.6400000000000001,1.0195891902593548
1134,1.6400000000000001,1.0195891902593548
1135,1.6400000000000001,1.0195891902593548
1136,1.6400000000000001,1.0195891902593548
1137,1.6400000000000001,1.0195891902593548
1138,1.6400000000000001,1.0195891902593548
1139,1.6400000000000001,1.0195891902593548
1140,1.6400000000000001,1.0195891902593548
1141,1.6400000000000001,1.0195891902593548
1142,1.6400000000000001,1.0195891902593548
1143,1.6400000000000001,1.0195891902593548
1144,1.6400000000000001,1.0195891902593548
1145,1.6400000000000001,1.0195891902593548
1146,1.6400000000000001,1.0195891902593548
1147,1.6400000000000001,1.0195891902593548
1148,1.6400000000000001,1.0195891902593548
1149,1.6400000000000001,1.0195891902593548
1150,1.6400000000000001,1.0195891902593548
1151,1.6400000000000001,1.0195891902593548
1152,1.6400000000000001,1.0195891902593548
1153,1.6400000000000001,1.0195891902593548
1154,1.6400000000000001,1.0195891902593548
1155,1.6400000000000001,1.0195891902593548
1156,1.6400000000000001,1.0195891902593548
1157,1.6400000000000001,1.0195891902593548
1158,1.6400000000000001,1.0195891902593548
1159,1.6400000000000001,1.0195891902593548
1160,1.6400000000000001,1.0195891902593548
1161,1.6400000000000001,1.0195891902593548
1162,1.6400000000000001,1.0195891902593548
1163,1.6400000000000001,1.0195891902593548
1164,1.6400000000000001,1.0195891902593548
1165,1.6400000000000001,1.0195891902593548
1166,1.6400000000000001,1.0195891902593548
1167,1.6400000000000001,1.0195891902593548
1168,1.6400000000000001,1.0195891902593548
1169,1.6400000000000001,1.0195891902593548
1170,1.6400000000000001,1.0195891902593548
1171,1.6400000000000001,1.0195891902593548
1172,1.6400000000000001,1.0195891902593548
1173,1.6400000000000001,1.0195891902593548
1174,1.6400000000000001,1.0195891902593548
1175,1.6400000000000001,1.0195891902593548
1176,1.6400000000000001,1.0195891902593548
1177,1.6400000000000001,1.0195891902593548
1178,1.6400000000000001,1.0195891902593548
1179,1.6400000000000001,1.0195891902593548
1180,1.6400000000000001,1.0195891902593548
1181,1.6400000000000001,1.0195891902593548
1182,1.6400000000000001,1.0195891902593548
1183,1.6400000000000001,1.0195891902593548
1184,1.6400000000000001,1.0195891902593548
1185,1.6400000000000001,1.0195891902593548
1186,1.6400000000000001,1.0195891902593548
1187,1.6400000000000001,1.0195891902593548
1188,1.6400000000000001,1.0195891902593548
1189,1.6400000000000001,1.0195891902593548
1190,1.6400000000000001,1.0195891902593548
1191,1.6400000000000001,1.0195891902593548
1192,1.6400000000000001,1.0195891902593548
1193,1.6400000000000001,1.0195891902593548
1194,1.6400000000000001,1.0195891902593548
1195,1.6400000000000001,1.0195891902593548
1196,1.6400000000000001,1.0195891902593548
1197,1.6400000000000001,1.0195891902593548
1198,1.6400000000000001,1.0195891902593548
1199,1.6400000000000001,1.0195891902593548
1200,1.6400000000000001,1.0195891902593548
1201,1.6400000000000001,1.0195891902593548
1202,1.6400000000000001,1.0195891902593548
1203,1.6400000000000001,1.0195891902593548
1204,1.6400000000000001,1.0195891902593548
1205,1.6400000000000001,1.0195891902593548
1206,1.6400000000000001,1.0195891902593548
1207,1.6400000000000001,1.0195891902593548
1208,1.6400000000000001,1.0195891902593548
1209,1.6400000000000001,1.0195891902593548
1210,1.6400000000000001,1.0195891902593548
1211,1.6400000000000001,1.0195891902593548
1212,1.6400000000000001,1.0195891902593548
1213,1.6400000000000001,1.0195891902593548
1214,1.6400000000000001,1.0195891902593548
1215,1.6400000000000001,1.0195891902593548
1216,1.6400000000000001,1.0195891902593548
1217,1.6400000000000001,1.0195891902593548
1218,1.6400000000000001,1.0195891902593548
1219,1.6400000000000001,1.0195891902593548
1220,1.6400000000000001,1.0195891902593548
1221,1.6400000000000001,1.0195891902593548
1222,1.6400000000000001,1.0195891902593548
1223,1.6400000000000001,1.0195891902593548
1224,1.6400000000000001,1.0195891902593548
1225,1.6400000000000001,1.0195891902593548
1226,1.6400000000000001,1.0195891902593548
1227,1.6400000000000001,1.0195891902593548
1228,1.6400000000000001,1.0195891902593548
1229,1.6400000000000001,1.0195891902593548
1230,1.6400000000000001,1.0195891902593548
1231,1.6400000000000001,1.0195891902593548
1232,1.6400000000000001,1.0195891902593548
1233,1.6400000000000001,1.0195891902593548
1234,1.6400000000000001,1.0195891902593548
1235,1.6400000000000001,1.0195891902593548
1236,1.6400000000000001,1.0195891902593548
1237,1.6400000000000001,1.0195891902593548
1238,1.6400000000000001,1.0195891902593548
1239,1.6400000000000001,1.0195891902593548
1240,1.6400000000000001,1.0195891902593548
1241,1.6400000000000001,1.0195891902593548
1242,1.6400000000000001,1.0195891902593548
1243,1.6400000000000001,1.0195891902593548
1244,1.6400000000000001,1.0195891902593548
1245,1.6400000000000001,1.0195891902593548
1246,1.6400000000000001,1.0195891902593548
1247,1.6400000000000001,1.0195891902593548
1248,1.6400000000000001,1.0195891902593548
1249,1.6400000000000001,1.0195891902593548
1250,1.6400000000000001,1.0195891902593548
1251,1.6400000000000001,1.0195891902593548
1252,1.6400000000000001,1.0195891902593548
1253,1.6400000000000001,1.0195891902593548
1254,1.6400000000000001,1.0195891902593548
1255,1.6400000000000001,1.0195891902593548
1256,1.6400000000000001,1.0195891902593548
1257,1.6400000000000001,1.0195891902593548
1258,1.6400000000000001,1.0195891902593548
1259,1.6400000000000001,1.0195891902593548
1260,1.6400000000000001,1.0195891902593548
1261,1.6400000000000001,1.0195891902593548
1262,1.6400000000000001,1.0195891902593548
1263,1.6400000000000001,1.0195891902593548
1264,1.6400000000000001,1.0195891902593548
1265,1.6400000000000001,1.0195891902593548
1266,1.6400000000000001,1.0195891902593548
1267,1.6400000000000001,1.0195891902593548
1268,1.6400000000000001,1.0195891902593548
1269,1.6400000000000001,1.0195891902593548
1270,1.6400000000000001,1.0195891902593548
1271,1.6400000000000001,1.0195891902593548
1272,1.6400000000000001,1.0195891902593548
1273,1.6400000000000001,1.0195891902593548
1274,1.6400000000000001,1.0195891902593548
1275,1.6400000000000001,1.0195891902593548
1276,1.6400000000000001,1.0195891902593548
1277,1.6400000000000001,1.0195891902593548
1278,1.6400000000000001,1.0195891902593548
1279,1.6400000000000001,1.0195891902593548
1280,1.6400000000000001,1.0195891902593548
1281,1.6400000000000001,1.0195891902593548
1282,1.6400000000000001,1.0195891902593548
1283,1.6400000000000001,1.0195891902593548
1284,1.6400000000000001,1.0195891902593548
1285,1.6400000000000001,1.0195891902593548
1286,1.6400000000000001,1.0195891902593548
1287,1.6400000000000001,1.0195891902593548
1288,1.6400000000000001,1.0195891902593548
1289,1.6400000000000001,1.0195891902593548
1290,1.6400000000000001,1.0195891902593548
1291,1.6400000000000001,1.0195891902593548
1292,1.6400000000000001,1.0195891902593548
1293,1.6400000000000001,1.0195891902593548
1294,1.6400000000000001,1.0195891902593548
1295,1.6400000000000001,1.0195891902593548
1296,1.6400000000000001,1.0195891902593548
1297,1.6400000000000001,1.0195891902593548
1298,1.6400000000000001,1.0195891902593548
1299,1.6400000000000001,1.0195891902593548
1300,1.6400000000000001,1.0195891902593548
1301,1.6400000000000001,1.0195891902593548
1302,1.6400000000000001,1.0195891902593548
1303,1.6400000000000001,1.0195891902593548
1304,1.6400000000000001,1.0195891902593548
1305,1.6400000000000001,1.0195891902593548
1306,1.6400000000000001,1.0195891902593548
1307,1.6400000000000001,1.0195891902593548
1308,1.6400000000000001,1.0195891902593548
1309,1.6400000000000001,1.0195891902593548
1310,1.6400000000000001,1.0195891902593548
1311,1.6400000000000001,1.0195891902593548
1312,1.6400000000000001,1.0195891902593548
1313,1.6400000000000001,1.0195891902593548
1314,1.6400000000000001,1.0195891902593548
1315,1.6400000000000001,1.0195891902593548
1316,1.6400000000000001,1.0195891902593548
1317,1.6400000000000001,1.0195891902593548
1318,1.6400000000000001,1.0195891902593548
1319,1.6400000000000001,1.0195891902593548
1320,1.6400000000000001,1.0195891902593548
1321,1.6400000000000001,1.0195891902593548
1322,1.6400000000000001,1.0195891902593548
1323,1.6400000000000001,1.0195891902593548
1324,1.6400000000000001,1.0195891902593548
1325,1.6400000000000001,1.0195891902593548
1326,1.6400000000000001,1.0195891902593548
1327,1.6400000000000001,1.0195891902593548
1328,1.6400000000000001,1.0195891902593548
1329,1.6400000000000001,1.0195891902593548
1330,1.6400000000000001,1.0195891902593548
1331,1.6400000000000001,1.0195891902593548
1332,1.6400000000000001,1.0195891902593548
1333,1.6400000000000001,1.0195891902593548
1334,1.6400000000000001,1.0195891902593548
1335,1.6400000000000001,1.0195891902593548
1336,1.6400000000000001,1.0195891902593548
1337,1.6400000000000001,1.0195891902593548
1338,1.6400000000000001,1.0195891902593548
1339,1.6400000000000001,1.0195891902593548
1340,1.6400000000000001,1.0195891902593548
1341,1.6400000000000001,1.0195891902593548
1342,1.6400000000000001,1.0195891902593548
1343,1.6400000000000001,1.0195891902593548
1344,1.6400000000000001,1.0195891902593548
1345,1.6400000000000001,1.0195891902593548
1346,1.6400000000000001,1.0195891902593548
1347,1.6400000000000001,1.0195891902593548
1348,1.6400000000000001,1.0195891902593548
1349,1.6400000000000001,1.0195891902593548
1350,1.6400000000000001,1.0195891902593548
1351,1.6400000000000001,1.0195891902593548
1352,1.6400000000000001,1.0195891902593548
1353,1.6400000000000001,1.0195891902593548
1354,1.6400000000000001,1.0195891902593548
1355,1.6400000000000001,1.0195891902593548
1356,1.6400000000000001,1.0195891902593548
1357,1.6400000000000001,1.0195891902593548
1358,1.6400000000000001,1.0195891902593548
1359,1.6400000000000001,1.0195891902593548
1360,1.6400000000000001,1.0195891902593548
1361,1.6400000000000001,1.0195891902593548
1362,1.6400000000000001,1.0195891902593548
1363,1.6400000000000001,1.0195891902593548
1364,1.6400000000000001,1.0195891902593548
1365,1.6400000000000001,1.0195891902593548
1366,1.6400000000000001,1.0195891902593548
1367,1.6400000000000001,1.0195891902593548
1368,1.6400000000000001,1.0195891902593548
1369,1.6400000000000001,1.0195891902593548
1370,1.6400000000000001,1.0195891902593548
1371,1.6400000000000001,1.0195891902593548
1372,1.6400000000000001,1.0195891902593548
1373,1.6400000000000001,1.0195891902593548
1374,1.6400000000000001,1.0195891902593548
1375,1.6400000000000001,1.0195891902593548
1376,1.6400000000000001,1.0195891902593548
1377,1.6400000000000001,1.0195891902593548
1378,1.6400000000000001,1.0195891902593548
1379,1.6400000000000001,1.0195891902593548
1380,1.6400000000000001,1.0195891902593548
1381,1.6400000000000001,1.0195891902593548
1382,1.6400000000000001,1.0195891902593548
1383,1.6400000000000001,1.0195891902593548
1384,1.6400000000000001,1.0195891902593548
1385,1.6400000000000001,1.0195891902593548
1386,1.6400000000000001,1.0195891902593548
1387,1.6400000000000001,1.0195891902593548
1388,1.6400000000000001,1.0195891902593548
1389,1.6400000000000001,1.0195891902593548
1390,1.6400000000000001,1.0195891902593548
1391,1.6400000000000001,1.0195891902593548
1392,1.6400000000000001,1.0195891902593548
1393,1.6400000000000001,1.0195891902593548
1394,1.6400000000000001,1.0195891902593548
1395,1.6400000000000001,1.0195891902593548
1396,1.6400000000000001,1.0195891902593548
1397,1.6400000000000001,1.0195891902593548
1398,1.6400000000000001,1.0195891902593548
1399,1.6400000000000001,1.0195891902593548
1400,1.6400000000000001,1.0195891902593548
1401,1.6400000000000001,1.0195891902593548
1402,1.6400000000000001,1.0195891902593548
1403,1.6400000000000001,1.0195891902593548
1404,1.6400000000000001,1.0195891902593548
1405,1.6400000000000001,1.0195891902593548
1406,1.6400000000000001,1.0195891902593548
1407,1.6400000000000001,1.0195891902593548
1408,1.6400000000000001,1.0195891902593548
1409,1.6400000000000001,1.0195891902593548
1410,1.6400000000000001,1.0195891902593548
1411,1.6400000000000001,1.0195891902593548
1412,1.6400000000000001,1.0195891902593548
1413,1.6400000000000001,1.0195891902593548
1414,1.6400000000000001,1.0195891902593548
1415,1.6400000000000001,1.0195891902593548
1416,1.6400000000000001,1.0195891902593548
1417,1.6400000000000001,1.0195891902593548
1418,1.6400000000000001,1.0195891902593548
1419,1.6400000000000001,1.0195891902593548
1420,1.6400000000000001,1.0195891902593548
1421,1.6400000000000001,1.0195891902593548
1422,1.6400000000000001,1.0195891902593548
1423,1.6400000000000001,1.0195891902593548
1424,1.6400000000000001,1.0195891902593548
1425,1.6400000000000001,1.0195891902593548
1426,1.6400000000000001,1.0195891902593548
1427,1.6400000000000001,1.0195891902593548
1428,1.6400000000000001,1.0195891902593548
1429,1.6400000000000001,1.0195891902593548
1430,1.6400000000000001,1.0195891902593548
1431,1.6400000000000001,1.0195891902593548
1432,1.6400000000000001,1.0195891902593548
1433,1.6400000000000001,1.0195891902593548
1434,1.6400000000000001,1.0195891902593548
1435,1.6400000000000001,1.0195891902593548
1436,1.6400000000000001,1.0195891902593548
1437,1.6400000000000001,1.0195891902593548
1438,1.6400000000000001,1.0195891902593548
1439,1.6400000000000001,1.0195891902593548
1440,1.6400000000000001,1.0195891902593548
1441,1.6400000000000001,1.0195891902593548
1442,1.6400000000000001,1.0195891902593548
1443,1.6400000000000001,1.0195891902593548
1444,1.6400000000000001,1.0195891902593548
1445,1.6400000000000001,1.0195891902593548
1446,1.6400000000000001,1.0195891902593548
1447,1.6400000000000001,1.0195891902593548
1448,1.6400000000000001,1.0195891902593548
1449,1.6400000000000001,1.0195891902593548
1450,1.6400000000000001,1.0195891902593548
1451,1.6400000000000001,1.0195891902593548
1452,1.6400000000000001,1.0195891902593548
1453,1.6400000000000001,1.0195891902593548
1454,1.6400000000000001,1.0195891902593548
1455,1.6400000000000001,1.0195891902593548
1456,1.6400000000000001,1.0195891902593548
1457,1.6400000000000001,1.0195891902593548
1458,1.6400000000000001,1.0195891902593548
1459,1.6400000000000001,1.0195891902593548
1460,1.6400000000000001,1.0195891902593548
1461,1.6400000000000001,1.0195891902593548
1462,1.6400000000000001,1.0195891902593548
1463,1.6400000000000001,1.0195891902593548
1464,1.6400000000000001,1.0195891902593548
1465,1.6400000000000001,1.0195891902593548
1466,1.6400000000000001,1.0195891902593548
1467,1.6400000000000001,1.0195891902593548
1468,1.6400000000000001,1.0195891902593548
1469,1.6400000000000001,1.0195891902593548
1470,1.6400000000000001,1.0195891902593548
1471,1.6400000000000001,1.0195891902593548
1472,1.6400000000000001,1.0195891902593548
1473,1.6400000000000001,1.0195891902593548
1474,1.6400000000000001,1.0195891902593548
1475,1.6400000000000001,1.0195891902593548
1476,1.6400000000000001,1.0195891902593548
1477,1.6400000000000001,1.0195891902593548
1478,1.6400000000000001,1.0195891902593548
1479,1.6400000000000001,1.0195891902593548
1480,1.6400000000000001,1.0195891902593548
1481,1.6400000000000001,1.0195891902593548
1482,1.6400000000000001,1.0195891902593548
1483,1.6400000000000001,1.0195891902593548
1484,1.6400000000000001,1.0195891902593548
1485,1.6400000000000001,1.0195891902593548
1486,1.6400000000000001,1.0195891902593548
1487,1.6400000000000001,1.0195891902593548
1488,1.6400000000000001,1.0195891902593548
1489,1.6400000000000001,1.0195891902593548
1490,1.6400000000000001,1.0195891902593548
1491,1.6400000000000001,1.0195891902593548
1492,1.6400000000000001,1.0195891902593548
1493,1.6400000000000001,1.0195891902593548
1494,1.6400000000000001,1.0195891902593548
1495,1.6400000000000001,1.0195891902593548
1496,1.6400000000000001,1.0195891902593548
1497,1.6400000000000001,1.0195891902593548
1498,1.6400000000000001,1.0195891902593548
1499,1.6400000000000001,1.0195891902593548
1500,1.6400000000000001,1.0195891902593548
1501,1.6400000000000001,1.0195891902593548
1502,1.6400000000000001,1.0195891902593548
1503,1.6400000000000001,1.0195891902593548
1504,1.6400000000000001,1.0195891902593548
1505,1.6400000000000001,1.0195891902593548
1506,1.6400000000000001,1.0195891902593548
1507,1.6400000000000001,1.0195891902593548
1508,1.6400000000000001,1.0195891902593548
1509,1.6400000000000001,1.0195891902593548
1510,1.6400000000000001,1.0195891902593548
1511,1.6400000000000001,1.0195891902593548
1512,1.6400000000000001,1.0195891902593548
1513,1.6400000000000001,1.0195891902593548
1514,1.6400000000000001,1.0195891902593548
1515,1.6400000000000001,1.0195891902593548
1516,1.6400000000000001,1.0195891902593548
1517,1.6400000000000001,1.0195891902593548
1518,1.6400000000000001,1.0195891902593548
1519,1.6400000000000001,1.0195891902593548
1520,1.6400000000000001,1.0195891902593548
1521,1.6400000000000001,1.0195891902593548
1522,1.6400000000000001,1.0195891902593548
1523,1.6400000000000001,1.0195891902593548
1524,1.6400000000000001,1.0195891902593548
1525,1.6400000000000001,1.0195891902593548
1526,1.6400000000000001,1.0195891902593548
1527,1.6400000000000001,1.0195891902593548
1528,1.6400000000000001,1.0195891902593548
1529,1.6400000000000001,1.0195891902593548
1530,1.6400000000000001,1.0195891902593548
1531,1.6400000000000001,1.0195891902593548
1532,1.6400000000000001,1.0195891902593548
1533,1.6400000000000001,1.0195891902593548
1534,1.6400000000000001,1.0195891902593548
1535,1.6400000000000001,1.0195891902593548
1536,1.6400000000000001,1.0195891902593548
1537,1.6400000000000001,1.0195891902593548
1538,1.6400000000000001,1.0195891902593548
1539,1.6400000000000001,1.0195891902593548
1540,1.6400000000000001,1.0195891902593548
1541,1.6400000000000001,1.0195891902593548
1542,1.6400000000000001,1.0195891902593548
1543,1.6400000000000001,1.0195891902593548
1544,1.6400000000000001,1.0195891902593548
1545,1.6400000000000001,1.0195891902593548
1546,1.6400000000000001,1.0195891902593548
1547,1.6400000000000001,1.0195891902593548
1548,1.6400000000000001,1.0195891902593548
1549,1.6400000000000001,1.0195891902593548
1550,1.6400000000000001,1.0195891902593548
1551,1.6400000000000001,1.0195891902593548
1552,1.6400000000000001,1.0195891902593548
1553,1.6400000000000001,1.0195891902593548
1554,1.6400000000000001,1.0195891902593548
1555,1.6400000000000001,1.0195891902593548
1556,1.6400000000000001,1.0195891902593548
1557,1.6400000000000001,1.0195891902593548
1558,1.6400000000000001,1.0195891902593548
1559,1.6400000000000001,1.0195891902593548
1560,1.6400000000000001,1.0195891902593548
1561,1.6400000000000001,1.0195891902593548
1562,1.6400000000000001,1.0195891902593548
1563,1.6400000000000001,1.0195891902593548
1564,1.6400000000000001,1.0195891902593548
1565,1.6400000000000001,1.0195891902593548
1566,1.6400000000000001,1.0195891902593548
1567,1.6400000000000001,1.0195891902593548
1568,1.6400000000000001,1.0195891902593548
1569,1.6400000000000001,1.0195891902593548
1570,1.6400000000000001,1.0195891902593548
1571,1.6400000000000001,1.0195891902593548
1572,1.6400000000000001,1.0195891902593548
1573,1.6400000000000001,1.0195891902593548
1574,1.6400000000000001,1.0195891902593548
1575,1.6400000000000001,1.0195891902593548
1576,1.6400000000000001,1.0195891902593548
1577,1.6400000000000001,1.0195891902593548
1578,1.6400000000000001,1.0195891902593548
1579,1.6400000000000001,1.0195891902593548
1580,1.6400000000000001,1.0195891902593548
1581,1.6400000000000001,1.0195891902593548
1582,1.6400000000000001,1.0195891902593548
1583,1.6400000000000001,1.0195891902593548
1584,1.6400000000000001,1.0195891902593548
1585,1.6400000000000001,1.0195891902593548
1586,1.6400000000000001,1.0195891902593548
1587,1.6400000000000001,1.0195891902593548
1588,1.6400000000000001,1.0195891902593548
1589,1.6400000000000001,1.0195891902593548
1590,1.6400000000000001,1.0195891902593548
1591,1.6400000000000001,1.0195891902593548
1592,1.6400000000000001,1.0195891902593548
1593,1.6400000000000001,1.0195891902593548
1594,1.6400000000000001,1.0195891902593548
1595,1.6400000000000001,1.0195891902593548
1596,1.6400000000000001,1.0195891902593548
1597,1.6400000000000001,1.0195891902593548
1598,1.6400000000000001,1.0195891902593548
1599,1.6400000000000001,1.0195891902593548
1600,1.6400000000000001,1.0195891902593548
1601,1.6400000000000001,1.0195891902593548
1602,1.6400000000000001,1.0195891902593548
1603,1.6400000000000001,1.0195891902593548
1604,1.6400000000000001,1.0195891902593548
1605,1.6400000000000001,1.0195891902593548
1606,1.6400000000000001,1.0195891902593548
1607,1.6400000000000001,1.0195891902593548
1608,1.6400000000000001,1.0195891902593548
1609,1.6400000000000001,1.0195891902593548
1610,1.6400000000000001,1.0195891902593548
1611,1.6400000000000001,1.0195891902593548
1612,1.6400000000000001,1.0195891902593548
1613,1.6400000000000001,1.0195891902593548
1614,1.6400000000000001,1.0195891902593548
1615,1.6400000000000001,1.0195891902593548
1616,1.6400000000000001,1.0195891902593548
1617,1.6400000000000001,1.0195891902593548
1618,1.6400000000000001,1.0195891902593548
1619,1.6400000000000001,1.0195891902593548
1620,1.6400000000000001,1.0195891902593548
1621,1.6400000000000001,1.0195891902593548
1622,1.6400000000000001,1.0195891902593548
1623,1.6400000000000001,1.0195891902593548
1624,1.6400000000000001,1.0195891902593548
1625,1.6400000000000001,1.0195891902593548
1626,1.6400000000000001,1.0195891902593548
1627,1.6400000000000001,1.0195891902593548
1628,1.6400000000000001,1.0195891902593548
1629,1.6400000000000001,1.0195891902593548
1630,1.6400000000000001,1.0195891902593548
1631,1.6400000000000001,1.0195891902593548
1632,1.6400000000000001,1.0195891902593548
1633,1.6400000000000001,1.0195891902593548
1634,1.6400000000000001,1.0195891902593548
1635,1.6400000000000001,1.0195891902593548
1636,1.6400000000000001,1.0195891902593548
1637,1.6400000000000001,1.0195891902593548
1638,1.6400000000000001,1.0195891902593548
1639,1.6400000000000001,1.0195891902593548
1640,1.6400000000000001,1.0195891902593548
1641,1.6400000000000001,1.0195891902593548
1642,1.6400000000000001,1.0195891902593548
1643,1.6400000000000001,1.0195891902593548
1644,1.6400000000000001,1.0195891902593548
1645,1.6400000000000001,1.0195891902593548
1646,1.6400000000000001,1.0195891902593548
1647,1.6400000000000001,1.0195891902593548
1648,1.6400000000000001,1.0195891902593548
1649,1.6400000000000001,1.0195891902593548
1650,1.6400000000000001,1.0195891902593548
1651,1.6400000000000001,1.0195891902593548
1652,1.6400000000000001,1.0195891902593548
1653,1.6400000000000001,1.0195891902593548
1654,1.6400000000000001,1.0195891902593548
1655,1.6400000000000001,1.0195891902593548
1656,1.6400000000000001,1.0195891902593548
1657,1.6400000000000001,1.0195891902593548
1658,1.6400000000000001,1.0195891902593548
1659,1.6400000000000001,1.0195891902593548
1660,1.6400000000000001,1.0195891902593548
1661,1.6400000000000001,1.0195891902593548
1662,1.6400000000000001,1.0195891902593548
1663,1.6400000000000001,1.0195891902593548
1664,1.6400000000000001,1.0195891902593548
1665,1.6400000000000001,1.0195891902593548
1666,1.6400000000000001,1.0195891902593548
1667,1.6400000000000001,1.0195891902593548
1668,1.6400000000000001,1.0195891902593548
1669,1.6400000000000001,1.0195891902593548
1670,1.6400000000000001,1.0195891902593548
1671,1.6400000000000001,1.0195891902593548
1672,1.6400000000000001,1.0195891902593548
1673,1.6400000000000001,1.0195891902593548
1674,1.6400000000000001,1.0195891902593548
1675,1.6400000000000001,1.0195891902593548
1676,1.6400000000000001,1.0195891902593548
1677,1.6400000000000001,1.0195891902593548
1678,1.6400000000000001,1.0195891902593548
1679,1.6400000000000001,1.0195891902593548
1680,1.6400000000000001,1.0195891902593548
1681,1.6400000000000001,1.0195891902593548
1682,1.6400000000000001,1.0195891902593548
1683,1.6400000000000001,1.0195891902593548
1684,1.6400000000000001,1.0195891902593548
1685,1.6400000000000001,1.0195891902593548
1686,1.6400000000000001,1.0195891902593548
1687,1.6400000000000001,1.0195891902593548
1688,1.6400000000000001,1.0195891902593548
1689,1.6400000000000001,1.0195891902593548
1690,1.6400000000000001,1.0195891902593548
1691,1.6400000000000001,1.0195891902593548
1692,1.6400000000000001,1.0195891902593548
1693,1.6400000000000001,1.0195891902593548
1694,1.619,1.0195891902593548
1695,1.5050000000000001,1.0195891902593548
1696,1.5050000000000001,1.0195891902593548
1697,1.5050000000000001,1.0195891902593548
1698,1.5050000000000001,1.0195891902593548
1699,1.5050000000000001,1.0195891902593548
1700,1.5050000000000001,1.0195891902593548
1701,1.5050000000000001,1.0195891902593548
1702,1.5050000000000001,1.0195891902593548
1703,1.5050000000000001,1.0195891902593548
1704,1.5050000000000001,1.0195891902593548
1705,1.5050000000000001,1.0195891902593548
1706,1.5050000000000001,1.0195891902593548
1707,1.5050000000000001,1.0195891902593548
1708,1.5050000000000001,1.0195891902593548
1709,1.5050000000000001,1.0195891902593548
1710,1.5050000000000001,1.0195891902593548
1711,1.5050000000000001,1.0195891902593548
1712,1.5050000000000001,1.0195891902593548
1713,1.5050000000000001,1.0195891902593548
1714,1.5050000000000001,1.0195891902593548
1715,1.5050000000000001,1.0195891902593548
1716,1.5050000000000001,1.0195891902593548
1717,1.5050000000000001,1.0195891902593548
1718,1.5050000000000001,1.0195891902593548
1719,1.5050000000000001,1.0195891902593548
1720,1.5050000000000001,1.0195891902593548
1721,1.5050000000000001,1.0195891902593548
1722,1.5050000000000001,1.0195891902593548
1723,1.5050000000000001,1.0195891902593548
1724,1.5050000000000001,1.0195891902593548
1725,1.5050000000000001,1.0195891902593548
1726,1.5050000000000001,1.0195891902593548
1727,1.5050000000000001,1.0195891902593548
1728,1.5050000000000001,1.0195891902593548
1729,1.5050000000000001,1.0195891902593548
1730,1.5050000000000001,1.0195891902593548
1731,1.5050000000000001,1.0195891902593548
1732,1.5050000000000001,1.0195891902593548
1733,1.5050000000000001,1.0195891902593548
1734,1.5050000000000001,1.0195891902593548
1735,1.5050000000000001,1.0195891902593548
1736,1.5050000000000001,1.0195891902593548
1737,1.5050000000000001,1.0195891902593548
1738,1.5050000000000001,1.0195891902593548
1739,1.5050000000000001,1.0195891902593548
1740,1.5050000000000001,1.0195891902593548
1741,1.5050000000000001,1.0195891902593548
1742,1.5050000000000001,1.0195891902593548
1743,1.5050000000000001,1.0195891902593548
1744,1.5050000000000001,1.0195891902593548
1745,1.5050000000000001,1.0195891902593548
1746,1.5050000000000001,1.0195891902593548
1747,1.5050000000000001,1.0195891902593548
1748,1.5050000000000001,1.0195891902593548
1749,1.5050000000000001,1.0195891902593548
1750,1.5050000000000001,1.0195891902593548
1751,1.5050000000000001,1.0195891902593548
1752,1.5050000000000001,1.0195891902593548
1753,1.5050000000000001,1.0195891902593548
1754,1.5050000000000001,1.0195891902593548
1755,1.5050000000000001,1.0195891902593548
1756,1.5050000000000001,1.0195891902593548
1757,1.5050000000000001,1.0195891902593548
1758,1.5050000000000001,1.0195891902593548
1759,1.5050000000000001,1.0195891902593548
1760,1.5050000000000001,1.0195891902593548
1761,1.5050000000000001,1.0195891902593548
1762,1.5050000000000001,1.0195891902593548
1763,1.5050000000000001,1.0195891902593548
1764,1.5050000000000001,1.0195891902593548
1765,1.5050000000000001,1.0195891902593548
1766,1.5050000000000001,1.0195891902593548
1767,1.5050000000000001,1.0195891902593548
1768,1.5050000000000001,1.0195891902593548
1769,1.5050000000000001,1.0195891902593548
1770,1.5050000000000001,1.0195891902593548
1771,1.5050000000000001,1.0195891902593548
1772,1.5050000000000001,1.0195891902593548
1773,1.5050000000000001,1.0195891902593548
1774,1.5050000000000001,1.0195891902593548
1775,1.5050000000000001,1.0195891902593548
1776,1.5050000000000001,1.0195891902593548
1777,1.5050000000000001,1.0195891902593548
1778,1.5050000000000001,1.0195891902593548
1779,1.5050000000000001,1.0195891902593548
1780,1.5050000000000001,1.0195891902593548
1781,1.5050000000000001,1.0195891902593548
1782,1.5050000000000001,1.0195891902593548
1783,1.5050000000000001,1.0195891902593548
1784,1.5050000000000001,1.0195891902593548
1785,1.5050000000000001,1.0195891902593548
1786,1.5050000000000001,1.0195891902593548
1787,1.5050000000000001,1.0195891902593548
1788,1.5050000000000001,1.0195891902593548
1789,1.5050000000000001,1.0195891902593548
1790,1.5050000000000001,1.0195891902593548
1791,1.5050000000000001,1.0195891902593548
1792,1.5050000000000001,1.0195891902593548
1793,1.5050000000000001,1.0195891902593548
1794,1.5050000000000001,1.0195891902593548
1795,1.5050000000000001,1.0195891902593548
1796,1.5050000000000001,1.0195891902593548
1797,1.5050000000000001,1.0195891902593548
1798,1.5050000000000001,1.0195891902593548
1799,1.5050000000000001,1.0195891902593548
1800,1.5050000000000001,1.0195891902593548
1801,1.5050000000000001,1.0195891902593548
1802,1.5050000000000001,1.0195891902593548
1803,1.5050000000000001,1.0195891902593548
1804,1.5050000000000001,1.0195891902593548
1805,1.5050000000000001,1.0195891902593548
1806,1.5050000000000001,1.0195891902593548
1807,1.5050000000000001,1.0195891902593548
1808,1.5050000000000001,1.0195891902593548
1809,1.5050000000000001,1.0195891902593548
1810,1.5050000000000001,1.0195891902593548
1811,1.5050000000000001,1.0195891902593548
1812,1.5050000000000001,1.0195891902593548
1813,1.5050000000000001,1.0195891902593548
1814,1.5050000000000001,1.0195891902593548
1815,1.5050000000000001,1.0195891902593548
1816,1.5050000000000001,1.0195891902593548
1817,1.5050000000000001,1.0195891902593548
1818,1.5050000000000001,1.0195891902593548
1819,1.5050000000000001,1.0195891902593548
1820,1.5050000000000001,1.0195891902593548
1821,1.5050000000000001,1.0195891902593548
1822,1.5050000000000001,1.0195891902593548
1823,1.5050000000000001,1.0195891902593548
1824,1.5050000000000001,1.0195891902593548
1825,1.5050000000000001,1.0195891902593548
1826,1.5050000000000001,1.0195891902593548
1827,1.5050000000000001,1.0195891902593548
1828,1.5050000000000001,1.0195891902593548
1829,1.5050000000000001,1.0195891902593548
1830,1.5050000000000001,1.0195891902593548
1831,1.5050000000000001,1.0195891902593548
1832,1.5050000000000001,1.0195891902593548
1833,1.5050000000000001,1.0195891902593548
1834,1.5050000000000001,1.0195891902593548
1835,1.5050000000000001,1.0195891902593548
1836,1.5050000000000001,1.0195891902593548
1837,1.5050000000000001,1.0195891902593548
1838,1.5050000000000001,1.0195891902593548
1839,1.5050000000000001,1.0195891902593548
1840,1.5050000000000001,1.0195891902593548
1841,1.5050000000000001,1.0195891902593548
1842,1.5050000000000001,1.0195891902593548
1843,1.5050000000000001,1.0195891902593548
1844,1.5050000000000001,1.0195891902593548
1845,1.5050000000000001,1.0195891902593548
1846,1.5050000000000001,1.0195891902593548
1847,1.5050000000000001,1.0195891902593548
1848,1.5050000000000001,1.0195891902593548
1849,1.5050000000000001,1.0195891902593548
1850,1.5050000000000001,1.0195891902593548
1851,1.5050000000000001,1.0195891902593548
1852,1.5050000000000001,1.0195891902593548
1853,1.5050000000000001,1.0195891902593548
1854,1.5050000000000001,1.0195891902593548
1855,1.5050000000000001,1.0195891902593548
1856,1.5050000000000001,1.0195891902593548
1857,1.5050000000000001,1.0195891902593548
1858,1.5050000000000001,1.0195891902593548
1859,1.5050000000000001,1.0195891902593548
1860,1.5050000000000001,1.0195891902593548
1861,1.5050000000000001,1.0195891902593548
1862,1.5050000000000001,1.0195891902593548
1863,1.5050000000000001,1.0195891902593548
1864,1.5050000000000001,1.0195891902593548
1865,1.5050000000000001,1.0195891902593548
1866,1.5050000000000001,1.0195891902593548
1867,1.5050000000000001,1.0195891902593548
1868,1.5050000000000001,1.0195891902593548
1869,1.5050000000000001,1.0195891902593548
1870,1.5050000000000001,1.0195891902593548
1871,1.5050000000000001,1.0195891902593548
1872,1.5050000000000001,1.0195891902593548
1873,1.5050000000000001,1.0195891902593548
1874,1.5050000000000001,1.0195891902593548
1875,1.5050000000000001,1.0195891902593548
1876,1.5050000000000001,1.0195891902593548
1877,1.5050000000000001,1.0195891902593548
1878,1.5050000000000001,1.0195891902593548
1879,1.5050000000000001,1.0195891902593548
1880,1.5050000000000001,1.0195891902593548
1881,1.5050000000000001,1.0195891902593548
1882,1.5050000000000001,1.0195891902593548
1883,1.5050000000000001,1.0195891902593548
1884,1.5050000000000001,1.0195891902593548
1885,1.5050000000000001,1.0195891902593548
1886,1.5050000000000001,1.0195891902593548
1887,1.5050000000000001,1.0195891902593548
1888,1.5050000000000001,1.0195891902593548
1889,1.5050000000000001,1.0195891902593548
1890,1.5050000000000001,1.0195891902593548
1891,1.5050000000000001,1.0195891902593548
1892,1.5050000000000001,1.0195891902593548
1893,1.5050000000000001,1.0195891902593548
1894,1.5050000000000001,1.0195891902593548
1895,1.5050000000000001,1.0195891902593548
1896,1.5050000000000001,1.0195891902593548
1897,1.5050000000000001,1.0195891902593548
1898,1.5050000000000001,1.0195891902593548
1899,1.5050000000000001,1.0195891902593548
1900,1.5050000000000001,1.0195891902593548
1901,1.5050000000000001,1.0195891902593548
1902,1.5050000000000001,1.0195891902593548
1903,1.5050000000000001,1.0195891902593548
1904,1.5050000000000001,1.0195891902593548
1905,1.5050000000000001,1.0195891902593548
1906,1.5050000000000001,1.0195891902593548
1907,1.5050000000000001,1.0195891902593548
1908,1.5050000000000001,1.0195891902593548
1909,1.5050000000000001,1.0195891902593548
1910,1.5050000000000001,1.0195891902593548
1911,1.5050000000000001,1.0195891902593548
1912,1.5050000000000001,1.0195891902593548
1913,1.5050000000000001,1.0195891902593548
1914,1.5050000000000001,1.0195891902593548
1915,1.5050000000000001,1.0195891902593548
1916,1.5050000000000001,1.0195891902593548
1917,1.5050000000000001,1.0195891902593548
1918,1.5050000000000001,1.0195891902593548
1919,1.5050000000000001,1.0195891902593548
1920,1.5050000000000001,1.0195891902593548
1921,1.5050000000000001,1.0195891902593548
1922,1.5050000000000001,1.0195891902593548
1923,1.5050000000000001,1.0195891902593548
1924,1.5050000000000001,1.0195891902593548
1925,1.5050000000000001,1.0195891902593548
1926,1.5050000000000001,1.0195891902593548
1927,1.5050000000000001,1.0195891902593548
1928,1.5050000000000001,1.0195891902593548
1929,1.5050000000000001,1.0195891902593548
1930,1.5050000000000001,1.0195891902593548
1931,1.5050000000000001,1.0195891902593548
1932,1.5050000000000001,1.0195891902593548
1933,1.5050000000000001,1.0195891902593548
1934,1.5050000000000001,1.0195891902593548
1935,1.5050000000000001,1.0195891902593548
1936,1.5050000000000001,1.0195891902593548
1937,1.5050000000000001,1.0195891902593548
1938,1.5050000000000001,1.0195891902593548
1939,1.5050000000000001,1.0195891902593548
1940,1.5050000000000001,1.0195891902593548
1941,1.5050000000000001,1.0195891902593548
1942,1.5050000000000001,1.0195891902593548
1943,1.5050000000000001,1.0195891902593548
1944,1.5050000000000001,1.0195891902593548
1945,1.5050000000000001,1.0195891902593548
1946,1.5050000000000001,1.0195891902593548
1947,1.5050000000000001,1.0195891902593548
1948,1.5050000000000001,1.0195891902593548
1949,1.5050000000000001,1.0195891902593548
1950,1.5050000000000001,1.0195891902593548
1951,1.5050000000000001,1.0195891902593548
1952,1.5050000000000001,1.0195891902593548
1953,1.5050000000000001,1.0195891902593548
1954,1.5050000000000001,1.0195891902593548
1955,1.5050000000000001,1.0195891902593548
1956,1.5050000000000001,1.0195891902593548
1957,1.5050000000000001,1.0195891902593548
1958,1.5050000000000001,1.0195891902593548
1959,1.5050000000000001,1.0195891902593548
1960,1.5050000000000001,1.0195891902593548
1961,1.5050000000000001,1.0195891902593548
1962,1.5050000000000001,1.0195891902593548
1963,1.5050000000000001,1.0195891902593548
1964,1.5050000000000001,1.0195891902593548
1965,1.5050000000000001,1.0195891902593548
1966,1.5050000000000001,1.0195891902593548
1967,1.5050000000000001,1.0195891902593548
1968,1.5050000000000001,1.0195891902593548
1969,1.5050000000000001,1.0195891902593548
1970,1.5050000000000001,1.0195891902593548
1971,1.5050000000000001,1.0195891902593548
1972,1.5050000000000001,1.0195891902593548
1973,1.5050000000000001,1.0195891902593548
1974,1.5050000000000001,1.0195891902593548
1975,1.5050000000000001,1.0195891902593548
1976,1.5050000000000001,1.0195891902593548
1977,1.5050000000000001,1.0195891902593548
1978,1.5050000000000001,1.0195891902593548
1979,1.5050000000000001,1.0195891902593548
1980,1.5050000000000001,1.0195891902593548
1981,1.5050000000000001,1.0195891902593548
1982,1.5050000000000001,1.0195891902593548
1983,1.5050000000000001,1.0195891902593548
1984,1.37,1.0195891902593548
1985,1.37,1.0195891902593548
1986,1.37,1.0195891902593548
1987,1.37,1.0195891902593548
1988,1.37,1.0195891902593548
1989,1.37,1.0195891902593548
1990,1.37,1.0195891902593548
1991,1.37,1.0195891902593548
1992,1.37,1.0195891902593548
1993,1.37,1.0195891902593548
1994,1.37,1.0195891902593548
1995,1.37,1.0195891902593548
1996,1.37,1.0195891902593548
1997,1.37,1.0195891902593548
1998,1.37,1.0195891902593548
1999,1.37,1.0195891902593548
2000,1.37,1.0195891902593548
2001,1.37,1.0195891902593548
2002,1.37,1.0195891902593548
2003,1.37,1.0195891902593548
2004,1.37,1.0195891902593548
2005,1.37,1.0195891902593548
2006,1.37,1.0195891902593548
2007,1.37,1.0195891902593548
2008,1.37,1.0195891902593548
2009,1.37,1.0195891902593548
2010,1.37,1.0195891902593548
2011,1.37,1.0195891902593548
2012,1.37,1.0195891902593548
2013,1.37,1.0195891902593548
2014,1.37,1.0195891902593548
2015,1.37,1.0195891902593548
2016,1.37,1.0195891902593548
2017,1.37,1.0195891902593548
2018,1.37,1.0195891902593548
2019,1.37,1.0195891902593548
2020,1.37,1.0195891902593548
2021,1.37,1.0195891902593548
2022,1.37,1.0195891902593548
2023,1.37,1.0195891902593548
2024,1.37,1.0195891902593548
2025,1.37,1.0195891902593548
2026,1.37,1.0195891902593548
2027,1.37,1.0195891902593548
2028,1.37,1.0195891902593548
2029,1.37,1.0195891902593548
2030,1.37,1.0195891902593548
2031,1.37,1.0195891902593548
2032,1.37,1.0195891902593548
2033,1.37,1.0195891902593548
2034,1.37,1.0195891902593548
2035,1.37,1.0195891902593548
2036,1.37,1.0195891902593548
2037,1.37,1.0195891902593548
2038,1.37,1.0195891902593548
2039,1.37,1.0195891902593548
2040,1.37,1.0195891902593548
2041,1.37,1.0195891902593548
2042,1.37,1.0195891902593548
2043,1.37,1.0195891902593548
2044,1.37,1.0195891902593548
2045,1.37,1.0195891902593548
2046,1.37,1.0195891902593548
2047,1.37,1.0195891902593548
2048,1.37,1.0195891902593548
2049,1.37,1.0195891902593548
2050,1.37,1.0195891902593548
2051,1.37,1.0195891902593548
2052,1.37,1.0195891902593548
2053,1.37,1.0195891902593548
2054,1.37,1.0195891902593548
2055,1.37,1.0195891902593548
2056,1.37,1.0195891902593548
2057,1.37,1.0195891902593548
2058,1.37,1.0195891902593548
2059,1.37,1.0195891902593548
2060,1.37,1.0195891902593548
2061,1.37,1.0195891902593548
2062,1.37,1.0195891902593548
2063,1.37,1.0195891902593548
2064,1.37,1.0195891902593548
2065,1.37,1.0195891902593548
2066,1.37,1.0195891902593548
2067,1.37,1.0195891902593548
2068,1.37,1.0195891902593548
2069,1.37,1.0195891902593548
2070,1.37,1.0195891902593548
2071,1.37,1.0195891902593548
2072,1.37,1.0195891902593548
2073,1.37,1.0195891902593548
2074,1.37,1.0195891902593548
2075,1.37,1.0195891902593548
2076,1.37,1.0195891902593548
2077,1.37,1.0195891902593548
2078,1.37,1.0195891902593548
2079,1.37,1.0195891902593548
2080,1.37,1.0195891902593548
2081,1.37,1.0195891902593548
2082,1.37,1.0195891902593548
2083,1.37,1.0195891902593548
2084,1.37,1.0195891902593548
2085,1.37,1.0195891902593548
2086,1.37,1.0195891902593548
2087,1.37,1.0195891902593548
2088,1.37,1.0195891902593548
2089,1.37,1.0195891902593548
2090,1.37,1.0195891902593548
2091,1.37,1.0195891902593548
2092,1.37,1.0195891902593548
2093,1.37,1.0195891902593548
2094,1.37,1.0195891902593548
2095,1.37,1.0195891902593548
2096,1.37,1.0195891902593548
2097,1.37,1.0195891902593548
2098,1.37,1.0195891902593548
2099,1.37,1.0195891902593548
2100,1.37,1.0195891902593548
2101,1.37,1.0195891902593548
2102,1.37,1.0195891902593548
2103,1.37,1.0195891902593548
2104,1.37,1.0195891902593548
2105,1.37,1.0195891902593548
2106,1.37,1.0195891902593548
2107,1.37,1.0195891902593548
2108,1.37,1.0195891902593548
2109,1.37,1.0195891902593548
2110,1.37,1.0195891902593548
2111,1.37,1.0195891902593548
2112,1.37,1.0195891902593548
2113,1.37,1.0195891902593548
2114,1.37,1.0195891902593548
2115,1.37,1.0195891902593548
2116,1.37,1.0195891902593548
2117,1.37,1.0195891902593548
2118,1.37,1.0195891902593548
2119,1.37,1.0195891902593548
2120,1.37,1.0195891902593548
2121,1.37,1.0195891902593548
2122,1.37,1.0195891902593548
2123,1.37,1.0195891902593548
2124,1.37,1.0195891902593548
2125,1.37,1.0195891902593548
2126,1.37,1.0195891902593548
2127,1.37,1.0195891902593548
2128,1.37,1.0195891902593548
2129,1.37,1.0195891902593548
2130,1.37,1.0195891902593548
2131,1.37,1.0195891902593548
2132,1.37,1.0195891902593548
2133,1.37,1.0195891902593548
2134,1.37,1.0195891902593548
2135,1.37,1.0195891902593548
2136,1.37,1.0195891902593548
2137,1.37,1.0195891902593548
2138,1.37,1.0195891902593548
2139,1.37,1.0195891902593548
2140,1.37,1.0195891902593548
2141,1.37,1.0195891902593548
2142,1.37,1.0195891902593548
2143,1.37,1.0195891902593548
2144,1.37,1.0195891902593548
2145,1.37,1.0195891902593548
2146,1.37,1.0195891902593548
2147,1.37,1.0195891902593548
2148,1.37,1.0195891902593548
2149,1.37,1.0195891902593548
2150,1.37,1.0195891902593548
2151,1.37,1.0195891902593548
2152,1.37,1.0195891902593548
2153,1.37,1.0195891902593548
2154,1.37,1.0195891902593548
2155,1.37,1.0195891902593548
2156,1.37,1.0195891902593548
2157,1.37,1.0195891902593548
2158,1.37,1.0195891902593548
2159,1.37,1.0195891902593548
2160,1.37,1.0195891902593548
2161,1.37,1.0195891902593548
2162,1.37,1.0195891902593548
2163,1.37,1.0195891902593548
2164,1.37,1.0195891902593548
2165,1.37,1.0195891902593548
2166,1.37,1.0195891902593548
2167,1.37,1.0195891902593548
2168,1.37,1.0195891902593548
2169,1.37,1.0195891902593548
2170,1.37,1.0195891902593548
2171,1.37,1.0195891902593548
2172,1.37,1.0195891902593548
2173,1.37,1.0195891902593548
2174,1.37,1.0195891902593548
2175,1.37,1.0195891902593548
2176,1.37,1.0195891902593548
2177,1.37,1.0195891902593548
2178,1.37,1.0195891902593548
2179,1.37,1.0195891902593548
2180,1.37,1.0195891902593548
2181,1.37,1.0195891902593548
2182,1.37,1.0195891902593548
2183,1.37,1.0195891902593548
2184,1.37,1.0195891902593548
2185,1.235,1.0195891902593548
2186,1.235,1.0195891902593548
2187,1.235,1.0195891902593548
2188,1.235,1.0195891902593548
2189,1.235,1.0195891902593548
2190,1.235,1.0195891902593548
2191,1.235,1.0195891902593548
2192,1.235,1.0195891902593548
2193,1.235,1.0195891902593548
2194,1.235,1.0195891902593548
2195,1.235,1.0195891902593548
2196,1.235,1.0195891902593548
2197,1.235,1.0195891902593548
2198,1.235,1.0195891902593548
2199,1.235,1.0195891902593548
2200,1.235,1.0195891902593548
2201,1.235,1.0195891902593548
2202,1.235,1.0195891902593548
2203,1.235,1.0195891902593548
2204,1.235,1.0195891902593548
2205,1.235,1.0195891902593548
2206,1.235,1.0195891902593548
2207,1.235,1.0195891902593548
2208,1.235,1.0195891902593548
2209,1.235,1.0195891902593548
2210,1.235,1.0195891902593548
2211,1.235,1.0195891902593548
2212,1.235,1.0195891902593548
2213,1.235,1.0195891902593548
2214,1.235,1.0195891902593548
2215,1.235,1.0195891902593548
2216,1.235,1.0195891902593548
2217,1.235,1.0195891902593548
2218,1.235,1.0195891902593548
2219,1.235,1.0195891902593548
2220,1.235,1.0195891902593548
2221,1.235,1.0195891902593548
2222,1.235,1.0195891902593548
2223,1.235,1.0195891902593548
2224,1.235,1.0195891902593548
2225,1.235,1.0195891902593548
2226,1.235,1.0195891902593548
2227,1.235,1.0195891902593548
2228,1.235,1.0195891902593548
2229,1.235,1.0195891902593548
2230,1.235,1.0195891902593548
2231,1.235,1.0195891902593548
2232,1.235,1.0195891902593548
2233,1.235,1.0195891902593548
2234,1.235,1.0195891902593548
2235,1.235,1.0195891902593548
2236,1.235,1.0195891902593548
2237,1.235,1.0195891902593548
2238,1.235,1.0195891902593548
2239,1.235,1.0195891902593548
2240,1.235,1.0195891902593548
2241,1.235,1.0195891902593548
2242,1.235,1.0195891902593548
2243,1.235,1.0195891902593548
2244,1.235,1.0195891902593548
2245,1.235,1.0195891902593548
2246,1.235,1.0195891902593548
2247,1.235,1.0195891902593548
2248,1.235,1.0195891902593548
2249,1.235,1.0195891902593548
2250,1.235,1.0195891902593548
2251,1.235,1.0195891902593548
2252,1.235,1.0195891902593548
2253,1.235,1.0195891902593548
2254,1.235,1.0195891902593548
2255,1.235,1.0195891902593548
2256,1.235,1.0195891902593548
2257,1.235,1.0195891902593548
2258,1.235,1.0195891902593548
2259,1.235,1.0195891902593548
2260,1.235,1.0195891902593548
2261,1.235,1.0195891902593548
2262,1.235,1.0195891902593548
2263,1.235,1.0195891902593548
2264,1.235,1.0195891902593548
2265,1.235,1.0195891902593548
2266,1.235,1.0195891902593548
2267,1.235,1.0195891902593548
2268,1.235,1.0195891902593548
2269,1.235,1.0195891902593548
2270,1.235,1.0195891902593548
2271,1.235,1.0195891902593548
2272,1.235,1.0195891902593548
2273,1.235,1.0195891902593548
2274,1.235,1.0195891902593548
2275,1.235,1.0195891902593548
2276,1.235,1.0195891902593548
2277,1.235,1.0195891902593548
2278,1.235,1.0195891902593548
2279,1.235,1.0195891902593548
2280,1.235,1.0195891902593548
2281,1.235,1.0195891902593548
2282,1.235,1.0195891902593548
2283,1.235,1.0195891902593548
2284,1.235,1.0195891902593548
2285,1.235,1.0195891902593548
2286,1.235,1.0195891902593548
2287,1.235,1.0195891902593548
2288,1.235,1.0195891902593548
2289,1.235,1.0195891902593548
2290,1.235,1.0195891902593548
2291,1.235,1.0195891902593548
2292,1.235,1.0195891902593548
2293,1.235,1.0195891902593548
2294,1.235,1.0195891902593548
2295,1.235,1.0195891902593548
2296,1.235,1.0195891902593548
2297,1.235,1.0195891902593548
2298,1.235,1.0195891902593548
2299,1.235,1.0195891902593548
2300,1.235,1.0195891902593548
2301,1.235,1.0195891902593548
2302,1.235,1.0195891902593548
2303,1.235,1.0195891902593548
2304,1.235,1.0195891902593548
2305,1.235,1.0195891902593548
2306,1.235,1.0195891902593548
2307,1.235,1.0195891902593548
2308,1.235,1.0195891902593548
2309,1.235,1.0195891902593548
2310,1.235,1.0195891902593548
2311,1.235,1.0195891902593548
2312,1.235,1.0195891902593548
2313,1.235,1.0195891902593548
2314,1.235,1.0195891902593548
2315,1.235,1.0195891902593548
2316,1.235,1.0195891902593548
2317,1.235,1.0195891902593548
2318,1.235,1.0195891902593548
2319,1.235,1.0195891902593548
2320,1.235,1.0195891902593548
2321,1.235,1.0195891902593548
2322,1.235,1.0195891902593548
2323,1.235,1.0195891902593548
2324,1.235,1.0195891902593548
2325,1.235,1.0195891902593548
2326,1.235,1.0195891902593548
2327,1.235,1.0195891902593548
2328,1.235,1.0195891902593548
2329,1.235,1.0195891902593548
2330,1.235,1.0195891902593548
2331,1.235,1.0195891902593548
2332,1.235,1.0195891902593548
2333,1.235,1.0195891902593548
2334,1.235,1.0195891902593548
2335,1.235,1.0195891902593548
2336,1.235,1.0195891902593548
2337,1.235,1.0195891902593548
2338,1.235,1.0195891902593548
2339,1.235,1.0195891902593548
2340,1.235,1.0195891902593548
2341,1.235,1.0195891902593548
2342,1.235,1.0195891902593548
2343,1.235,1.0195891902593548
2344,1.235,1.0195891902593548
2345,1.235,1.0195891902593548
2346,1.235,1.0195891902593548
2347,1.235,1.0195891902593548
2348,1.235,1.0195891902593548
2349,1.235,1.0195891902593548
2350,1.235,1.0195891902593548
2351,1.235,1.0195891902593548
2352,1.235,1.0195891902593548
2353,1.235,1.0195891902593548
2354,1.235,1.0195891902593548
2355,1.235,1.0195891902593548
2356,1.235,1.0195891902593548
2357,1.235,1.0195891902593548
2358,1.235,1.0195891902593548
2359,1.235,1.0195891902593548
2360,1.235,1.0195891902593548
2361,1.235,1.0195891902593548
2362,1.235,1.0195891902593548
2363,1.235,1.0195891902593548
2364,1.235,1.0195891902593548
2365,1.235,1.0195891902593548
2366,1.235,1.0195891902593548
2367,1.235,1.0195891902593548
2368,1.235,1.0195891902593548
2369,1.235,1.0195891902593548
2370,1.235,1.0195891902593548
2371,1.235,1.0195891902593548
2372,1.235,1.0195891902593548
2373,1.235,1.0195891902593548
2374,1.235,1.0195891902593548
2375,1.235,1.0195891902593548
2376,1.235,1.0195891902593548
2377,1.235,1.0195891902593548
2378,1.235,1.0195891902593548
2379,1.235,1.0195891902593548
2380,1.235,1.0195891902593548
2381,1.235,1.0195891902593548
2382,1.235,1.0195891902593548
2383,1.235,1.0195891902593548
2384,1.235,1.0195891902593548
2385,1.235,1.0195891902593548
2386,1.235,1.0195891902593548
2387,1.235,1.0195891902593548
2388,1.235,1.0195891902593548
2389,1.235,1.0195891902593548
2390,1.235,1.0195891902593548
2391,1.235,1.0195891902593548
2392,1.235,1.0195891902593548
2393,1.235,1.0195891902593548
2394,1.235,1.0195891902593548
2395,1.235,1.0195891902593548
2396,1.235,1.0195891902593548
2397,1.235,1.0195891902593548
2398,1.235,1.0195891902593548
2399,1.235,1.0195891902593548
2400,1.235,1.0195891902593548
2401,1.235,1.0195891902593548
2402,1.235,1.0195891902593548
2403,1.235,1.0195891902593548
2404,1.235,1.0195891902593548
2405,1.235,1.0195891902593548
2406,1.235,1.0195891902593548
2407,1.235,1.0195891902593548
2408,1.235,1.0195891902593548
2409,1.235,1.0195891902593548
2410,1.235,1.0195891902593548
2411,1.235,1.0195891902593548
2412,1.235,1.0195891902593548
2413,1.235,1.0195891902593548
2414,1.235,1.0195891902593548
2415,1.235,1.0195891902593548
2416,1.235,1.0195891902593548
2417,1.235,1.0195891902593548
2418,1.235,1.0195891902593548
2419,1.235,1.0195891902593548
2420,1.235,1.0195891902593548
2421,1.235,1.0195891902593548
2422,1.235,1.0195891902593548
2423,1.235,1.0195891902593548
2424,1.235,1.0195891902593548
2425,1.235,1.0195891902593548
2426,1.235,1.0195891902593548
2427,1.235,1.0195891902593548
2428,1.235,1.0195891902593548
2429,1.235,1.0195891902593548
2430,1.235,1.0195891902593548
2431,1.235,1.0195891902593548
2432,1.235,1.0195891902593548
2433,1.235,1.0195891902593548
2434,1.235,1.0195891902593548
2435,1.235,1.0195891902593548
2436,1.235,1.0195891902593548
2437,1.235,1.0195891902593548
2438,1.235,1.0195891902593548
2439,1.235,1.0195891902593548
2440,1.235,1.0195891902593548
2441,1.235,1.0195891902593548
2442,1.235,1.0195891902593548
2443,1.235,1.0195891902593548
2444,1.235,1.0195891902593548
2445,1.235,1.0195891902593548
2446,1.235,1.0195891902593548
2447,1.235,1.0195891902593548
2448,1.235,1.0195891902593548
2449,1.235,1.0195891902593548
2450,1.235,1.0195891902593548
2451,1.235,1.0195891902593548
2452,1.235,1.0195891902593548
2453,1.235,1.0195891902593548
2454,1.235,1.0195891902593548
2455,1.235,1.0195891902593548
2456,1.235,1.0195891902593548
2457,1.235,1.0195891902593548
2458,1.235,1.0195891902593548
2459,1.235,1.0195891902593548
2460,1.235,1.0195891902593548
2461,1.235,1.0195891902593548
2462,1.235,1.0195891902593548
2463,1.235,1.0195891902593548
2464,1.235,1.0195891902593548
2465,1.235,1.0195891902593548
2466,1.235,1.0195891902593548
2467,1.235,1.0195891902593548
2468,1.235,1.0195891902593548
2469,1.235,1.0195891902593548
2470,1.235,1.0195891902593548
2471,1.235,1.0195891902593548
2472,1.235,1.0195891902593548
2473,1.235,1.0195891902593548
2474,1.235,1.0195891902593548
2475,1.235,1.0195891902593548
2476,1.235,1.0195891902593548
2477,1.235,1.0195891902593548
2478,1.235,1.0195891902593548
2479,1.235,1.0195891902593548
2480,1.235,1.0195891902593548
2481,1.235,1.0195891902593548
2482,1.235,1.0195891902593548
2483,1.235,1.0195891902593548
2484,1.235,1.0195891902593548
2485,1.235,1.0195891902593548
2486,1.235,1.0195891902593548
2487,1.235,1.0195891902593548
2488,1.235,1.0195891902593548
2489,1.235,1.0195891902593548
2490,1.235,1.0195891902593548
2491,1.235,1.0195891902593548
2492,1.235,1.0195891902593548
2493,1.235,1.0195891902593548
2494,1.235,1.0195891902593548
2495,1.235,1.0195891902593548
2496,1.235,1.0195891902593548
2497,1.235,1.0195891902593548
2498,1.235,1.0195891902593548
2499,1.235,1.0195891902593548
2500,1.235,1.0195891902593548
2501,1.235,1.0195891902593548
2502,1.235,1.0195891902593548
2503,1.235,1.0195891902593548
2504,1.235,1.0195891902593548
2505,1.235,1.0195891902593548
2506,1.235,1.0195891902593548
2507,1.235,1.0195891902593548
2508,1.235,1.0195891902593548
2509,1.235,1.0195891902593548
2510,1.235,1.0195891902593548
2511,1.235,1.0195891902593548
2512,1.235,1.0195891902593548
2513,1.235,1.0195891902593548
2514,1.235,1.0195891902593548
2515,1.235,1.0195891902593548
2516,1.235,1.0195891902593548
2517,1.235,1.0195891902593548
2518,1.235,1.0195891902593548
2519,1.235,1.0195891902593548
2520,1.235,1.0195891902593548
2521,1.235,1.0195891902593548
2522,1.235,1.0195891902593548
2523,1.235,1.0195891902593548
2524,1.235,1.0195891902593548
2525,1.235,1.0195891902593548
2526,1.235,1.0195891902593548
2527,1.235,1.0195891902593548
2528,1.235,1.0195891902593548
2529,1.235,1.0195891902593548
2530,1.235,1.0195891902593548
2531,1.235,1.0195891902593548
2532,1.235,1.0195891902593548
2533,1.235,1.0195891902593548
2534,1.235,1.0195891902593548
2535,1.235,1.0195891902593548
2536,1.235,1.0195891902593548
2537,1.235,1.0195891902593548
2538,1.235,1.0195891902593548
2539,1.235,1.0195891902593548
2540,1.235,1.0195891902593548
2541,1.235,1.0195891902593548
2542,1.235,1.0195891902593548
2543,1.235,1.0195891902593548
2544,1.235,1.0195891902593548
2545,1.235,1.0195891902593548
2546,1.235,1.0195891902593548
2547,1.235,1.0195891902593548
2548,1.235,1.0195891902593548
2549,1.235,1.0195891902593548
2550,1.235,1.0195891902593548
2551,1.235,1.0195891902593548
2552,1.235,1.0195891902593548
2553,1.235,1.0195891902593548
2554,1.235,1.0195891902593548
2555,1.235,1.0195891902593548
2556,1.235,1.0195891902593548
2557,1.235,1.0195891902593548
2558,1.235,1.0195891902593548
2559,1.235,1.0195891902593548
2560,1.235,1.0195891902593548
2561,1.235,1.0195891902593548
2562,1.235,1.0195891902593548
2563,1.235,1.0195891902593548
2564,1.235,1.0195891902593548
2565,1.235,1.0195891902593548
2566,1.235,1.0195891902593548
2567,1.235,1.0195891902593548
2568,1.235,1.0195891902593548
2569,1.235,1.0195891902593548
2570,1.235,1.0195891902593548
2571,1.235,1.0195891902593548
2572,1.235,1.0195891902593548
2573,1.235,1.0195891902593548
2574,1.235,1.0195891902593548
2575,1.235,1.0195891902593548
2576,1.235,1.0195891902593548
2577,1.235,1.0195891902593548
2578,1.235,1.0195891902593548
2579,1.1,1.0195891902593548
2580,1.1,1.0195891902593548
2581,1.1,1.0195891902593548
2582,1.1,1.0195891902593548
2583,1.1,1.0195891902593548
2584,1.1,1.0195891902593548
2585,1.1,1.0195891902593548
2586,1.1,1.0195891902593548
2587,1.1,1.0195891902593548
2588,1.1,1.0195891902593548
2589,1.1,1.0195891902593548
2590,1.1,1.0195891902593548
2591,1.1,1.0195891902593548
2592,1.1,1.0195891902593548
2593,1.1,1.0195891902593548
2594,1.1,1.0195891902593548
2595,1.1,1.0195891902593548
2596,1.1,1.0195891902593548
2597,1.1,1.0195891902593548
2598,1.1,1.0195891902593548
2599,1.1,1.0195891902593548
2600,1.1,1.0195891902593548
2601,1.1,1.0195891902593548
2602,1.1,1.0195891902593548
2603,1.1,1.0195891902593548
2604,1.1,1.0195891902593548
2605,1.1,1.0195891902593548
2606,1.1,1.0195891902593548
2607,1.1,1.0195891902593548
2608,1.1,1.0195891902593548
2609,1.1,1.0195891902593548
2610,1.1,1.0195891902593548
2611,1.1,1.0195891902593548
2612,1.1,1.0195891902593548
2613,1.1,1.0195891902593548
2614,1.1,1.0195891902593548
2615,1.1,1.0195891902593548
2616,1.1,1.0195891902593548
2617,1.1,1.0195891902593548
2618,1.1,1.0195891902593548
2619,1.1,1.0195891902593548
2620,1.1,1.0195891902593548
2621,1.1,1.0195891902593548
2622,1.1,1.0195891902593548
2623,1.1,1.0195891902593548
2624,1.1,1.0195891902593548
2625,1.1,1.0195891902593548
2626,1.1,1.0195891902593548
2627,1.1,1.0195891902593548
2628,1.1,1.0195891902593548
2629,1.1,1.0195891902593548
2630,1.1,1.0195891902593548
2631,1.1,1.0195891902593548
2632,1.1,1.0195891902593548
2633,1.1,1.0195891902593548
2634,1.1,1.0195891902593548
2635,1.1,1.0195891902593548
2636,1.1,1.0195891902593548
2637,1.1,1.0195891902593548
2638,1.1,1.0195891902593548
2639,1.1,1.0195891902593548
2640,1.1,1.0195891902593548
2641,1.1,1.0195891902593548
2642,1.1,1.0195891902593548
2643,1.1,1.0195891902593548
2644,1.1,1.0195891902593548
2645,1.1,1.0195891902593548
2646,1.1,1.0195891902593548
2647,1.1,1.0195891902593548
2648,1.1,1.0195891902593548
2649,1.1,1.0195891902593548
2650,1.1,1.0195891902593548
2651,1.1,1.0195891902593548
2652,1.1,1.0195891902593548
2653,1.1,1.0195891902593548
2654,1.1,1.0195891902593548
2655,1.1,1.0195891902593548
2656,1.1,1.0195891902593548
2657,1.1,1.0195891902593548
2658,1.1,1.0195891902593548
2659,1.1,1.0195891902593548
2660,1.1,1.0195891902593548
2661,1.1,1.0195891902593548
2662,1.1,1.0195891902593548
2663,1.1,1.0195891902593548
2664,1.1,1.0195891902593548
2665,1.1,1.0195891902593548
2666,1.1,1.0195891902593548
2667,1.1,1.0195891902593548
2668,1.1,1.0195891902593548
2669,1.1,1.0195891902593548
2670,1.1,1.0195891902593548
2671,1.1,1.0195891902593548
2672,1.1,1.0195891902593548
2673,1.1,1.0195891902593548
2674,1.1,1.0195891902593548
2675,1.1,1.0195891902593548
2676,1.1,1.0195891902593548
2677,1.1,1.0195891902593548
2678,1.1,1.0195891902593548
2679,1.1,1.0195891902593548
2680,1.1,1.0195891902593548
2681,1.1,1.0195891902593548
2682,1.1,1.0195891902593548
2683,1.1,1.0195891902593548
2684,1.1,1.0195891902593548
2685,1.1,1.0195891902593548
2686,1.1,1.0195891902593548
2687,1.1,1.0195891902593548
2688,1.1,1.0195891902593548
2689,1.1,1.0195891902593548
2690,1.1,1.0195891902593548
2691,1.1,1.0195891902593548
2692,1.1,1.0195891902593548
2693,1.1,1.0195891902593548
2694,1.1,1.0195891902593548
2695,1.1,1.0195891902593548
2696,1.1,1.0195891902593548
2697,1.1,1.0195891902593548
2698,1.1,1.0195891902593548
2699,1.1,1.0195891902593548
2700,1.1,1.0195891902593548
2701,1.1,1.0195891902593548
2702,1.1,1.0195891902593548
2703,1.1,1.0195891902593548
2704,1.1,1.0195891902593548
2705,1.1,1.0195891902593548
2706,1.1,1.0195891902593548
2707,1.1,1.0195891902593548
2708,1.1,1.0195891902593548
2709,1.1,1.0195891902593548
2710,1.1,1.0195891902593548
2711,1.1,1.0195891902593548
2712,1.1,1.0195891902593548
2713,1.1,1.0195891902593548
2714,1.1,1.0195891902593548
2715,1.1,1.0195891902593548
2716,1.1,1.0195891902593548
2717,1.1,1.0195891902593548
2718,1.1,1.0195891902593548
2719,1.1,1.0195891902593548
2720,1.1,1.0195891902593548
2721,1.1,1.0195891902593548
2722,1.1,1.0195891902593548
2723,1.1,1.0195891902593548
2724,1.1,1.0195891902593548
2725,1.1,1.0195891902593548
2726,1.1,1.0195891902593548
2727,1.1,1.0195891902593548
2728,1.1,1.0195891902593548
2729,1.1,1.0195891902593548
2730,1.1,1.0195891902593548
2731,1.1,1.0195891902593548
2732,1.1,1.0195891902593548
2733,1.1,1.0195891902593548
2734,1.1,1.0195891902593548
2735,1.1,1.0195891902593548
2736,1.1,1.0195891902593548
2737,1.1,1.0195891902593548
2738,1.1,1.0195891902593548
2739,1.1,1.0195891902593548
2740,1.1,1.0195891902593548
2741,1.1,1.0195891902593548
2742,1.1,1.0195891902593548
2743,1.1,1.0195891902593548
2744,1.1,1.0195891902593548
2745,1.1,1.0195891902593548
2746,1.1,1.0195891902593548
2747,1.1,1.0195891902593548
2748,1.1,1.0195891902593548
2749,1.1,1.0195891902593548
2750,1.1,1.0195891902593548
2751,1.1,1.0195891902593548
2752,1.1,1.0195891902593548
2753,1.1,1.0195891902593548
2754,1.1,1.0195891902593548
2755,1.1,1.0195891902593548
2756,1.1,1.0195891902593548
2757,1.1,1.0195891902593548
2758,1.1,1.0195891902593548
2759,1.1,1.0195891902593548
2760,1.1,1.0195891902593548
2761,1.1,1.0195891902593548
2762,1.1,1.0195891902593548
2763,1.1,1.0195891902593548
2764,1.1,1.0195891902593548
2765,1.1,1.0195891902593548
2766,1.1,1.0195891902593548
2767,1.1,1.0195891902593548
2768,1.1,1.0195891902593548
2769,1.1,1.0195891902593548
2770,1.1,1.0195891902593548
2771,1.1,1.0195891902593548
2772,1.1,1.0195891902593548
2773,1.1,1.0195891902593548
2774,1.1,1.0195891902593548
2775,1.1,1.0195891902593548
2776,1.1,1.0195891902593548
2777,0.9650000000000001,1.0195891902593548
2778,0.9650000000000001,1.0195891902593548
2779,0.9650000000000001,1.0195891902593548
2780,0.9650000000000001,1.0195891902593548
2781,0.9650000000000001,1.0195891902593548
2782,0.9650000000000001,1.0195891902593548
2783,0.9650000000000001,1.0195891902593548
2784,0.9650000000000001,1.0195891902593548
2785,0.9650000000000001,1.0195891902593548
2786,0.9650000000000001,1.0195891902593548
2787,0.9650000000000001,1.0195891902593548
2788,0.9650000000000001,1.0195891902593548
2789,0.9650000000000001,1.0195891902593548
2790,0.9650000000000001,1.0195891902593548
2791,0.9650000000000001,1.0195891902593548
2792,0.9650000000000001,1.0195891902593548
2793,0.9650000000000001,1.0195891902593548
2794,0.9650000000000001,1.0195891902593548
2795,0.9650000000000001,1.0195891902593548
2796,0.9650000000000001,1.0195891902593548
2797,0.9650000000000001,1.0195891902593548
2798,0.9650000000000001,1.0195891902593548
2799,0.9650000000000001,1.0195891902593548
2800,0.9650000000000001,1.0195891902593548
2801,0.9650000000000001,1.0195891902593548
2802,0.9650000000000001,1.0195891902593548
2803,0.9650000000000001,1.0195891902593548
2804,0.9650000000000001,1.0195891902593548
2805,0.9650000000000001,1.0195891902593548
2806,0.9650000000000001,1.0195891902593548
2807,0.9650000000000001,1.0195891902593548
2808,0.9650000000000001,1.0195891902593548
2809,0.9650000000000001,1.0195891902593548
2810,0.9650000000000001,1.0195891902593548
2811,0.9650000000000001,1.0195891902593548
2812,0.9650000000000001,1.0195891902593548
2813,0.9650000000000001,1.0195891902593548
2814,0.9650000000000001,1.0195891902593548
2815,0.9650000000000001,1.0195891902593548
2816,0.9650000000000001,1.0195891902593548
2817,0.9650000000000001,1.0195891902593548
2818,0.9650000000000001,1.0195891902593548
2819,0.9650000000000001,1.0195891902593548
2820,0.9650000000000001,1.0195891902593548
2821,0.9650000000000001,1.0195891902593548
2822,0.9650000000000001,1.0195891902593548
2823,0.9650000000000001,1.0195891902593548
2824,0.9650000000000001,1.0195891902593548
2825,0.9650000000000001,1.0195891902593548
2826,0.9650000000000001,1.0195891902593548
2827,0.9650000000000001,1.0195891902593548
2828,0.9650000000000001,1.0195891902593548
2829,0.9650000000000001,1.0195891902593548
2830,0.9650000000000001,1.0195891902593548
2831,0.9650000000000001,1.0195891902593548
2832,0.9650000000000001,1.0195891902593548
2833,0.9650000000000001,1.0195891902593548
2834,0.9650000000000001,1.0195891902593548
2835,0.9650000000000001,1.0195891902593548
2836,0.9650000000000001,1.0195891902593548
2837,0.9650000000000001,1.0195891902593548
2838,0.9650000000000001,1.0195891902593548
2839,0.9650000000000001,1.0195891902593548
2840,0.9650000000000001,1.0195891902593548
2841,0.9650000000000001,1.0195891902593548
2842,0.9650000000000001,1.0195891902593548
2843,0.9650000000000001,1.0195891902593548
2844,0.9650000000000001,1.0195891902593548
2845,0.9650000000000001,1.0195891902593548
2846,0.9650000000000001,1.0195891902593548
2847,0.9650000000000001,1.0195891902593548
2848,0.9650000000000001,1.0195891902593548
2849,0.9650000000000001,1.0195891902593548
2850,0.9650000000000001,1.0195891902593548
2851,0.9650000000000001,1.0195891902593548
2852,0.9650000000000001,1.0195891902593548
2853,0.9650000000000001,1.0195891902593548
2854,0.9650000000000001,1.0195891902593548
2855,0.9650000000000001,1.0195891902593548
2856,0.9650000000000001,1.0195891902593548
2857,0.9650000000000001,1.0195891902593548
2858,0.9650000000000001,1.0195891902593548
2859,0.9650000000000001,1.0195891902593548
2860,0.9650000000000001,1.0195891902593548
2861,0.9650000000000001,1.0195891902593548
2862,0.9650000000000001,1.0195891902593548
2863,0.9650000000000001,1.0195891902593548
2864,0.9650000000000001,1.0195891902593548
2865,0.9650000000000001,1.0195891902593548
2866,0.9650000000000001,1.0195891902593548
2867,0.9650000000000001,1.0195891902593548
2868,0.9650000000000001,1.0195891902593548
2869,0.9650000000000001,1.0195891902593548
2870,0.9650000000000001,1.0195891902593548
2871,0.9650000000000001,1.0195891902593548
2872,0.9650000000000001,1.0195891902593548
2873,0.9650000000000001,1.0195891902593548
2874,0.9650000000000001,1.0195891902593548
2875,0.9440000000000001,1.0195891902593548
2876,0.8300000000000001,1.0195891902593548
2877,0.8300000000000001,1.0195891902593548
2878,0.8300000000000001,1.0195891902593548
2879,0.8300000000000001,1.0195891902593548
2880,0.8300000000000001,1.0195891902593548
2881,0.8300000000000001,1.0195891902593548
2882,0.8300000000000001,1.0195891902593548
2883,0.8300000000000001,1.0195891902593548
2884,0.8300000000000001,1.0195891902593548
2885,0.8300000000000001,1.0195891902593548
2886,0.8300000000000001,1.0195891902593548
2887,0.8300000000000001,1.0195891902593548
2888,0.8300000000000001,1.0195891902593548
2889,0.8300000000000001,1.0195891902593548
2890,0.8300000000000001,1.0195891902593548
2891,0.8300000000000001,1.0195891902593548
2892,0.8300000000000001,1.0195891902593548
2893,0.8300000000000001,1.0195891902593548
2894,0.8300000000000001,1.0195891902593548
2895,0.8300000000000001,1.0195891902593548
2896,0.8300000000000001,1.0195891902593548
2897,0.8300000000000001,1.0195891902593548
2898,0.8300000000000001,1.0195891902593548
2899,0.8300000000000001,1.0195891902593548
2900,0.8300000000000001,1.0195891902593548
2901,0.8300000000000001,1.0195891902593548
2902,0.8300000000000001,1.0195891902593548
2903,0.8300000000000001,1.0195891902593548
2904,0.8300000000000001,1.0195891902593548
2905,0.8300000000000001,1.0195891902593548
2906,0.8300000000000001,1.0195891902593548
2907,0.8300000000000001,1.0195891902593548
2908,0.8300000000000001,1.0195891902593548
2909,0.8300000000000001,1.0195891902593548
2910,0.8300000000000001,1.0195891902593548
2911,0.8300000000000001,1.0195891902593548
2912,0.8300000000000001,1.0195891902593548
2913,0.8300000000000001,1.0195891902593548
2914,0.8300000000000001,1.0195891902593548
2915,0.8300000000000001,1.0195891902593548
2916,0.8300000000000001,1.0195891902593548
2917,0.8300000000000001,1.0195891902593548
2918,0.8300000000000001,1.0195891902593548
2919,0.8300000000000001,1.0195891902593548
2920,0.8300000000000001,1.0195891902593548
2921,0.8300000000000001,1.0195891902593548
2922,0.8300000000000001,1.0195891902593548
2923,0.8300000000000001,1.0195891902593548
2924,0.8300000000000001,1.0195891902593548
2925,0.8300000000000001,1.0195891902593548
2926,0.8300000000000001,1.0195891902593548
2927,0.8300000000000001,1.0195891902593548
2928,0.8300000000000001,1.0195891902593548
2929,0.8300000000000001,1.0195891902593548
2930,0.8300000000000001,1.0195891902593548
2931,0.8300000000000001,1.0195891902593548
2932,0.8300000000000001,1.0195891902593548
2933,0.8300000000000001,1.0195891902593548
2934,0.8300000000000001,1.0195891902593548
2935,0.8300000000000001,1.0195891902593548
2936,0.8300000000000001,1.0195891902593548
2937,0.8300000000000001,1.0195891902593548
2938,0.8300000000000001,1.0195891902593548
2939,0.8300000000000001,1.0195891902593548
2940,0.8300000000000001,1.0195891902593548
2941,0.8300000000000001,1.0195891902593548
2942,0.8300000000000001,1.0195891902593548
2943,0.8300000000000001,1.0195891902593548
2944,0.8300000000000001,1.0195891902593548
2945,0.8300000000000001,1.0195891902593548
2946,0.8300000000000001,1.0195891902593548
2947,0.8300000000000001,1.0195891902593548
2948,0.8300000000000001,1.0195891902593548
2949,0.8300000000000001,1.0195891902593548
2950,0.8300000000000001,1.0195891902593548
2951,0.8300000000000001,1.0195891902593548
2952,0.8300000000000001,1.0195891902593548
2953,0.8300000000000001,1.0195891902593548
2954,0.8300000000000001,1.0195891902593548
2955,0.8300000000000001,1.0195891902593548
2956,0.8300000000000001,1.0195891902593548
2957,0.8300000000000001,1.0195891902593548
2958,0.8300000000000001,1.0195891902593548
2959,0.8300000000000001,1.0195891902593548
2960,0.8300000000000001,1.0195891902593548
2961,0.8300000000000001,1.0195891902593548
2962,0.8300000000000001,1.0195891902593548
2963,0.8300000000000001,1.0195891902593548
2964,0.8300000000000001,1.0195891902593548
2965,0.8300000000000001,1.0195891902593548
2966,0.8300000000000001,1.0195891902593548
2967,0.8300000000000001,1.0195891902593548
2968,0.8300000000000001,1.0195891902593548
2969,0.8300000000000001,1.0195891902593548
2970,0.8300000000000001,1.0195891902593548
2971,0.8300000000000001,1.0195891902593548
2972,0.8300000000000001,1.0195891902593548
2973,0.8300000000000001,1.0195891902593548
2974,0.6950000000000001,1.0195891902593548
2975,0.6950000000000001,1.0195891902593548
2976,0.6950000000000001,1.0195891902593548
2977,0.6950000000000001,1.0195891902593548
2978,0.6950000000000001,1.0195891902593548
2979,0.6950000000000001,1.0195891902593548
2980,0.6950000000000001,1.0195891902593548
2981,0.6950000000000001,1.0195891902593548
2982,0.6950000000000001,1.0195891902593548
2983,0.6950000000000001,1.0195891902593548
2984,0.6950000000000001,1.0195891902593548
2985,0.6950000000000001,1.0195891902593548
2986,0.6950000000000001,1.0195891902593548
2987,0.6950000000000001,1.0195891902593548
2988,0.6950000000000001,1.0195891902593548
2989,0.6950000000000001,1.0195891902593548
2990,0.6950000000000001,1.0195891902593548
2991,0.6950000000000001,1.0195891902593548
2992,0.6950000000000001,1.0195891902593548
2993,0.6950000000000001,1.0195891902593548
2994,0.6950000000000001,1.0195891902593548
2995,0.6950000000000001,1.0195891902593548
2996,0.6950000000000001,1.0195891902593548
2997,0.6950000000000001,1.0195891902593548
2998,0.6950000000000001,1.0195891902593548
2999,0.6950000000000001,1.0195891902593548
3000,0.6950000000000001,1.0195891902593548
3001,0.6950000000000001,1.0195891902593548
3002,0.6950000000000001,1.0195891902593548
3003,0.6950000000000001,1.0195891902593548
3004,0.6950000000000001,1.0195891902593548
3005,0.6950000000000001,1.0195891902593548
3006,0.6950000000000001,1.0195891902593548
3007,0.6950000000000001,1.0195891902593548
3008,0.6950000000000001,1.0195891902593548
3009,0.6950000000000001,1.0195891902593548
3010,0.6950000000000001,1.0195891902593548
3011,0.6950000000000001,1.0195891902593548
3012,0.6950000000000001,1.0195891902593548
3013,0.6950000000000001,1.0195891902593548
3014,0.6950000000000001,1.0195891902593548
3015,0.6950000000000001,1.0195891902593548
3016,0.6950000000000001,1.0195891902593548
3017,0.6950000000000001,1.0195891902593548
3018,0.6950000000000001,1.0195891902593548
3019,0.6950000000000001,1.0195891902593548
3020,0.6950000000000001,1.0195891902593548
3021,0.6950000000000001,1.0195891902593548
3022,0.6950000000000001,1.0195891902593548
3023,0.6950000000000001,1.0195891902593548
3024,0.6950000000000001,1.0195891902593548
3025,0.6950000000000001,1.0195891902593548
3026,0.6950000000000001,1.0195891902593548
3027,0.6950000000000001,1.0195891902593548
3028,0.6950000000000001,1.0195891902593548
3029,0.6950000000000001,1.0195891902593548
3030,0.6950000000000001,1.0195891902593548
3031,0.6950000000000001,1.0195891902593548
3032,0.6950000000000001,1.0195891902593548
3033,0.6950000000000001,1.0195891902593548
3034,0.6950000000000001,1.0195891902593548
3035,0.6950000000000001,1.0195891902593548
3036,0.6950000000000001,1.0195891902593548
3037,0.6950000000000001,1.0195891902593548
3038,0.6950000000000001,1.0195891902593548
3039,0.6950000000000001,1.0195891902593548
3040,0.6950000000000001,1.0195891902593548
3041,0.6950000000000001,1.0195891902593548
3042,0.6950000000000001,1.0195891902593548
3043,0.6950000000000001,1.0195891902593548
3044,0.6950000000000001,1.0195891902593548
3045,0.6950000000000001,1.0195891902593548
3046,0.6950000000000001,1.0195891902593548
3047,0.6950000000000001,1.0195891902593548
3048,0.6950000000000001,1.0195891902593548
3049,0.6950000000000001,1.0195891902593548
3050,0.6950000000000001,1.0195891902593548
3051,0.6950000000000001,1.0195891902593548
3052,0.6950000000000001,1.0195891902593548
3053,0.6950000000000001,1.0195891902593548
3054,0.6950000000000001,1.0195891902593548
3055,0.6950000000000001,1.0195891902593548
3056,0.6950000000000001,1.0195891902593548
3057,0.6950000000000001,1.0195891902593548
3058,0.6950000000000001,1.0195891902593548
3059,0.6950000000000001,1.0195891902593548
3060,0.6950000000000001,1.0195891902593548
3061,0.6950000000000001,1.0195891902593548
3062,0.6950000000000001,1.0195891902593548
3063,0.6950000000000001,1.0195891902593548
3064,0.6950000000000001,1.0195891902593548
3065,0.6950000000000001,1.0195891902593548
3066,0.6950000000000001,1.0195891902593548
3067,0.6950000000000001,1.0195891902593548
3068,0.6950000000000001,1.0195891902593548
3069,0.6950000000000001,1.0195891902593548
3070,0.6950000000000001,1.0195891902593548
3071,0.6950000000000001,1.0195891902593548
3072,0.6950000000000001,1.0195891902593548
3073,0.42500000000000004,1.0195891902593548
3074,0.42500000000000004,1.0195891902593548
3075,0.42500000000000004,1.0195891902593548
3076,0.42500000000000004,1.0195891902593548
3077,0.42500000000000004,1.0195891902593548
3078,0.42500000000000004,1.0195891902593548
3079,0.42500000000000004,1.0195891902593548
3080,0.42500000000000004,1.0195891902593548
3081,0.42500000000000004,1.0195891902593548
3082,0.42500000000000004,1.0195891902593548
3083,0.42500000000000004,1.0195891902593548
3084,0.42500000000000004,1.0195891902593548
3085,0.42500000000000004,1.0195891902593548
3086,0.42500000000000004,1.0195891902593548
3087,0.42500000000000004,1.0195891902593548
3088,0.42500000000000004,1.0195891902593548
3089,0.42500000000000004,1.0195891902593548
3090,0.42500000000000004,1.0195891902593548
3091,0.42500000000000004,1.0195891902593548
3092,0.42500000000000004,1.0195891902593548
3093,0.42500000000000004,1.0195891902593548
3094,0.42500000000000004,1.0195891902593548
3095,0.42500000000000004,1.0195891902593548
3096,0.42500000000000004,1.0195891902593548
3097,0.42500000000000004,1.0195891902593548
3098,0.42500000000000004,1.0195891902593548
3099,0.42500000000000004,1.0195891902593548
3100,0.42500000000000004,1.0195891902593548
3101,0.42500000000000004,1.0195891902593548
3102,0.42500000000000004,1.0195891902593548
3103,0.42500000000000004,1.0195891902593548
3104,0.42500000000000004,1.0195891902593548
3105,0.42500000000000004,1.0195891902593548
3106,0.42500000000000004,1.0195891902593548
3107,0.42500000000000004,1.0195891902593548
3108,0.42500000000000004,1.0195891902593548
3109,0.42500000000000004,1.0195891902593548
3110,0.42500000000000004,1.0195891902593548
3111,0.42500000000000004,1.0195891902593548
3112,0.42500000000000004,1.0195891902593548
3113,0.42500000000000004,1.0195891902593548
3114,0.42500000000000004,1.0195891902593548
3115,0.42500000000000004,1.0195891902593548
3116,0.42500000000000004,1.0195891902593548
3117,0.42500000000000004,1.0195891902593548
3118,0.42500000000000004,1.0195891902593548
3119,0.42500000000000004,1.0195891902593548
3120,0.42500000000000004,1.0195891902593548
3121,0.42500000000000004,1.0195891902593548
3122,0.42500000000000004,1.0195891902593548
3123,0.42500000000000004,1.0195891902593548
3124,0.42500000000000004,1.0195891902593548
3125,0.42500000000000004,1.0195891902593548
3126,0.42500000000000004,1.0195891902593548
3127,0.42500000000000004,1.0195891902593548
3128,0.42500000000000004,1.0195891902593548
3129,0.42500000000000004,1.0195891902593548
3130,0.42500000000000004,1.0195891902593548
3131,0.42500000000000004,1.0195891902593548
3132,0.42500000000000004,1.0195891902593548
3133,0.42500000000000004,1.0195891902593548
3134,0.42500000000000004,1.0195891902593548
3135,0.42500000000000004,1.0195891902593548
3136,0.42500000000000004,1.0195891902593548
3137,0.42500000000000004,1.0195891902593548
3138,0.42500000000000004,1.0195891902593548
3139,0.42500000000000004,1.0195891902593548
3140,0.42500000000000004,1.0195891902593548
3141,0.42500000000000004,1.0195891902593548
3142,0.42500000000000004,1.0195891902593548
3143,0.42500000000000004,1.0195891902593548
3144,0.42500000000000004,1.0195891902593548
3145,0.42500000000000004,1.0195891902593548
3146,0.42500000000000004,1.0195891902593548
3147,0.42500000000000004,1.0195891902593548
3148,0.42500000000000004,1.0195891902593548
3149,0.42500000000000004,1.0195891902593548
3150,0.42500000000000004,1.0195891902593548
3151,0.42500000000000004,1.0195891902593548
3152,0.42500000000000004,1.0195891902593548
3153,0.42500000000000004,1.0195891902593548
3154,0.42500000000000004,1.0195891902593548
3155,0.42500000000000004,1.0195891902593548
3156,0.42500000000000004,1.0195891902593548
3157,0.42500000000000004,1.0195891902593548
3158,0.42500000000000004,1.0195891902593548
3159,0.42500000000000004,1.0195891902593548
3160,0.42500000000000004,1.0195891902593548
3161,0.42500000000000004,1.0195891902593548
3162,0.42500000000000004,1.0195891902593548
3163,0.42500000000000004,1.0195891902593548
3164,0.42500000000000004,1.0195891902593548
3165,0.42500000000000004,1.0195891902593548
3166,0.42500000000000004,1.0195891902593548
3167,0.42500000000000004,1.0195891902593548
3168,0.42500000000000004,1.0195891902593548
3169,0.42500000000000004,1.0195891902593548
3170,0.42500000000000004,1.0195891902593548
3171,0.42500000000000004,1.0195891902593548
3172,0.42500000000000004,1.0195891902593548
3173,0.42500000000000004,1.0195891902593548
3174,0.42500000000000004,1.0195891902593548
3175,0.42500000000000004,1.0195891902593548
3176,0.42500000000000004,1.0195891902593548
3177,0.42500000000000004,1.0195891902593548
3178,0.42500000000000004,1.0195891902593548
3179,0.42500000000000004,1.0195891902593548
3180,0.42500000000000004,1.0195891902593548
3181,0.42500000000000004,1.0195891902593548
3182,0.42500000000000004,1.0195891902593548
3183,0.42500000000000004,1.0195891902593548
3184,0.42500000000000004,1.0195891902593548
3185,0.42500000000000004,1.0195891902593548
3186,0.42500000000000004,1.0195891902593548
3187,0.42500000000000004,1.0195891902593548
3188,0.42500000000000004,1.0195891902593548
3189,0.42500000000000004,1.0195891902593548
3190,0.42500000000000004,1.0195891902593548
3191,0.42500000000000004,1.0195891902593548
3192,0.42500000000000004,1.0195891902593548
3193,0.42500000000000004,1.0195891902593548
3194,0.42500000000000004,1.0195891902593548
3195,0.42500000000000004,1.0195891902593548
3196,0.42500000000000004,1.0195891902593548
3197,0.42500000000000004,1.0195891902593548
3198,0.42500000000000004,1.0195891902593548
3199,0.42500000000000004,1.0195891902593548
3200,0.42500000000000004,1.0195891902593548
3201,0.42500000000000004,1.0195891902593548
3202,0.42500000000000004,1.0195891902593548
3203,0.42500000000000004,1.0195891902593548
3204,0.42500000000000004,1.0195891902593548
3205,0.42500000000000004,1.0195891902593548
3206,0.42500000000000004,1.0195891902593548
3207,0.42500000000000004,1.0195891902593548
3208,0.42500000000000004,1.0195891902593548
3209,0.42500000000000004,1.0195891902593548
3210,0.42500000000000004,1.0195891902593548
3211,0.42500000000000004,1.0195891902593548
3212,0.42500000000000004,1.0195891902593548
3213,0.42500000000000004,1.0195891902593548
3214,0.42500000000000004,1.0195891902593548
3215,0.42500000000000004,1.0195891902593548
3216,0.42500000000000004,1.0195891902593548
3217,0.42500000000000004,1.0195891902593548
3218,0.42500000000000004,1.0195891902593548
3219,0.42500000000000004,1.0195891902593548
3220,0.42500000000000004,1.0195891902593548
3221,0.42500000000000004,1.0195891902593548
3222,0.42500000000000004,1.0195891902593548
3223,0.42500000000000004,1.0195891902593548
3224,0.42500000000000004,1.0195891902593548
3225,0.42500000000000004,1.0195891902593548
3226,0.42500000000000004,1.0195891902593548
3227,0.42500000000000004,1.0195891902593548
3228,0.42500000000000004,1.0195891902593548
3229,0.42500000000000004,1.0195891902593548
3230,0.42500000000000004,1.0195891902593548
3231,0.42500000000000004,1.0195891902593548
3232,0.42500000000000004,1.0195891902593548
3233,0.42500000000000004,1.0195891902593548
3234,0.42500000000000004,1.0195891902593548
3235,0.42500000000000004,1.0195891902593548
3236,0.42500000000000004,1.0195891902593548
3237,0.42500000000000004,1.0195891902593548
3238,0.42500000000000004,1.0195891902593548
3239,0.42500000000000004,1.0195891902593548
3240,0.42500000000000004,1.0195891902593548
3241,0.42500000000000004,1.0195891902593548
3242,0.42500000000000004,1.0195891902593548
3243,0.42500000000000004,1.0195891902593548
3244,0.42500000000000004,1.0195891902593548
3245,0.42500000000000004,1.0195891902593548
3246,0.42500000000000004,1.0195891902593548
3247,0.42500000000000004,1.0195891902593548
3248,0.42500000000000004,1.0195891902593548
3249,0.42500000000000004,1.0195891902593548
3250,0.42500000000000004,1.0195891902593548
3251,0.42500000000000004,1.0195891902593548
3252,0.42500000000000004,1.0195891902593548
3253,0.42500000000000004,1.0195891902593548
3254,0.42500000000000004,1.0195891902593548
3255,0.42500000000000004,1.0195891902593548
3256,0.42500000000000004,1.0195891902593548
3257,0.42500000000000004,1.0195891902593548
3258,0.42500000000000004,1.0195891902593548
3259,0.42500000000000004,1.0195891902593548
3260,0.42500000000000004,1.0195891902593548
3261,0.42500000000000004,1.0195891902593548
3262,0.42500000000000004,1.0195891902593548
3263,0.42500000000000004,1.0195891902593548
3264,0.42500000000000004,1.0195891902593548
3265,0.42500000000000004,1.0195891902593548
3266,0.42500000000000004,1.0195891902593548
3267,0.42500000000000004,1.0195891902593548
3268,0.42500000000000004,1.0195891902593548
3269,0.42500000000000004,1.0195891902593548
3270,0.42500000000000004,1.0195891902593548
3271,0.42500000000000004,1.0195891902593548
3272,0.42500000000000004,1.0195891902593548
3273,0.42500000000000004,1.0195891902593548
3274,0.42500000000000004,1.0195891902593548
3275,0.42500000000000004,1.0195891902593548
3276,0.42500000000000004,1.0195891902593548
3277,0.42500000000000004,1.0195891902593548
3278,0.42500000000000004,1.0195891902593548
3279,0.42500000000000004,1.0195891902593548
3280,0.42500000000000004,1.0195891902593548
3281,0.42500000000000004,1.0195891902593548
3282,0.42500000000000004,1.0195891902593548
3283,0.42500000000000004,1.0195891902593548
3284,0.42500000000000004,1.0195891902593548
3285,0.42500000000000004,1.0195891902593548
3286,0.42500000000000004,1.0195891902593548
3287,0.42500000000000004,1.0195891902593548
3288,0.42500000000000004,1.0195891902593548
3289,0.42500000000000004,1.0195891902593548
3290,0.42500000000000004,1.0195891902593548
3291,0.42500000000000004,1.0195891902593548
3292,0.42500000000000004,1.0195891902593548
3293,0.42500000000000004,1.0195891902593548
3294,0.42500000000000004,1.0195891902593548
3295,0.42500000000000004,1.0195891902593548
3296,0.42500000000000004,1.0195891902593548
3297,0.42500000000000004,1.0195891902593548
3298,0.42500000000000004,1.0195891902593548
3299,0.42500000000000004,1.0195891902593548
3300,0.42500000000000004,1.0195891902593548
3301,0.42500000000000004,1.0195891902593548
3302,0.42500000000000004,1.0195891902593548
3303,0.42500000000000004,1.0195891902593548
3304,0.42500000000000004,1.0195891902593548
3305,0.42500000000000004,1.0195891902593548
3306,0.42500000000000004,1.0195891902593548
3307,0.42500000000000004,1.0195891902593548
3308,0.42500000000000004,1.0195891902593548
3309,0.42500000000000004,1.0195891902593548
3310,0.42500000000000004,1.0195891902593548
3311,0.42500000000000004,1.0195891902593548
3312,0.42500000000000004,1.0195891902593548
3313,0.42500000000000004,1.0195891902593548
3314,0.42500000000000004,1.0195891902593548
3315,0.42500000000000004,1.0195891902593548
3316,0.42500000000000004,1.0195891902593548
3317,0.42500000000000004,1.0195891902593548
3318,0.42500000000000004,1.0195891902593548
3319,0.42500000000000004,1.0195891902593548
3320,0.42500000000000004,1.0195891902593548
3321,0.42500000000000004,1.0195891902593548
3322,0.42500000000000004,1.0195891902593548
3323,0.42500000000000004,1.0195891902593548
3324,0.42500000000000004,1.0195891902593548
3325,0.42500000000000004,1.0195891902593548
3326,0.42500000000000004,1.0195891902593548
3327,0.42500000000000004,1.0195891902593548
3328,0.42500000000000004,1.0195891902593548
3329,0.42500000000000004,1.0195891902593548
3330,0.42500000000000004,1.0195891902593548
3331,0.42500000000000004,1.0195891902593548
3332,0.42500000000000004,1.0195891902593548
3333,0.42500000000000004,1.0195891902593548
3334,0.42500000000000004,1.0195891902593548
3335,0.42500000000000004,1.0195891902593548
3336,0.42500000000000004,1.0195891902593548
3337,0.42500000000000004,1.0195891902593548
3338,0.42500000000000004,1.0195891902593548
3339,0.42500000000000004,1.0195891902593548
3340,0.42500000000000004,1.0195891902593548
3341,0.42500000000000004,1.0195891902593548
3342,0.42500000000000004,1.0195891902593548
3343,0.42500000000000004,1.0195891902593548
3344,0.42500000000000004,1.0195891902593548
3345,0.42500000000000004,1.0195891902593548
3346,0.42500000000000004,1.0195891902593548
3347,0.42500000000000004,1.0195891902593548
3348,0.42500000000000004,1.0195891902593548
3349,0.42500000000000004,1.0195891902593548
3350,0.42500000000000004,1.0195891902593548
3351,0.42500000000000004,1.0195891902593548
3352,0.42500000000000004,1.0195891902593548
3353,0.42500000000000004,1.0195891902593548
3354,0.42500000000000004,1.0195891902593548
3355,0.42500000000000004,1.0195891902593548
3356,0.42500000000000004,1.0195891902593548
3357,0.42500000000000004,1.0195891902593548
3358,0.42500000000000004,1.0195891902593548
3359,0.42500000000000004,1.0195891902593548
3360,0.42500000000000004,1.0195891902593548
3361,0.42500000000000004,1.0195891902593548
3362,0.42500000000000004,1.0195891902593548
3363,0.42500000000000004,1.0195891902593548
3364,0.42500000000000004,1.0195891902593548
3365,0.42500000000000004,1.0195891902593548
3366,0.42500000000000004,1.0195891902593548
3367,0.42500000000000004,1.0195891902593548
3368,0.42500000000000004,1.0195891902593548
3369,0.42500000000000004,1.0195891902593548
3370,0.42500000000000004,1.0195891902593548
3371,0.42500000000000004,1.0195891902593548
3372,0.42500000000000004,1.0195891902593548
3373,0.42500000000000004,1.0195891902593548
3374,0.42500000000000004,1.0195891902593548
3375,0.42500000000000004,1.0195891902593548
3376,0.42500000000000004,1.0195891902593548
3377,0.42500000000000004,1.0195891902593548
3378,0.42500000000000004,1.0195891902593548
3379,0.42500000000000004,1.0195891902593548
3380,0.42500000000000004,1.0195891902593548
3381,0.42500000000000004,1.0195891902593548
3382,0.42500000000000004,1.0195891902593548
3383,0.42500000000000004,1.0195891902593548
3384,0.42500000000000004,1.0195891902593548
3385,0.42500000000000004,1.0195891902593548
3386,0.42500000000000004,1.0195891902593548
3387,0.42500000000000004,1.0195891902593548
3388,0.42500000000000004,1.0195891902593548
3389,0.42500000000000004,1.0195891902593548
3390,0.42500000000000004,1.0195891902593548
3391,0.42500000000000004,1.0195891902593548
3392,0.42500000000000004,1.0195891902593548
3393,0.42500000000000004,1.0195891902593548
3394,0.42500000000000004,1.0195891902593548
3395,0.42500000000000004,1.0195891902593548
3396,0.42500000000000004,1.0195891902593548
3397,0.42500000000000004,1.0195891902593548
3398,0.42500000000000004,1.0195891902593548
3399,0.42500000000000004,1.0195891902593548
3400,0.42500000000000004,1.0195891902593548
3401,0.42500000000000004,1.0195891902593548
3402,0.42500000000000004,1.0195891902593548
3403,0.42500000000000004,1.0195891902593548
3404,0.42500000000000004,1.0195891902593548
3405,0.42500000000000004,1.0195891902593548
3406,0.42500000000000004,1.0195891902593548
3407,0.42500000000000004,1.0195891902593548
3408,0.42500000000000004,1.0195891902593548
3409,0.42500000000000004,1.0195891902593548
3410,0.42500000000000004,1.0195891902593548
3411,0.42500000000000004,1.0195891902593548
3412,0.42500000000000004,1.0195891902593548
3413,0.42500000000000004,1.0195891902593548
3414,0.42500000000000004,1.0195891902593548
3415,0.42500000000000004,1.0195891902593548
3416,0.42500000000000004,1.0195891902593548
3417,0.42500000000000004,1.0195891902593548
3418,0.42500000000000004,1.0195891902593548
3419,0.42500000000000004,1.0195891902593548
3420,0.42500000000000004,1.0195891902593548
3421,0.42500000000000004,1.0195891902593548
3422,0.42500000000000004,1.0195891902593548
3423,0.42500000000000004,1.0195891902593548
3424,0.42500000000000004,1.0195891902593548
3425,0.42500000000000004,1.0195891902593548
3426,0.42500000000000004,1.0195891902593548
3427,0.42500000000000004,1.0195891902593548
3428,0.42500000000000004,1.0195891902593548
3429,0.42500000000000004,1.0195891902593548
3430,0.42500000000000004,1.0195891902593548
3431,0.42500000000000004,1.0195891902593548
3432,0.42500000000000004,1.0195891902593548
3433,0.42500000000000004,1.0195891902593548
3434,0.42500000000000004,1.0195891902593548
3435,0.42500000000000004,1.0195891902593548
3436,0.42500000000000004,1.0195891902593548
3437,0.42500000000000004,1.0195891902593548
3438,0.42500000000000004,1.0195891902593548
3439,0.42500000000000004,1.0195891902593548
3440,0.42500000000000004,1.0195891902593548
3441,0.42500000000000004,1.0195891902593548
3442,0.42500000000000004,1.0195891902593548
3443,0.42500000000000004,1.0195891902593548
3444,0.42500000000000004,1.0195891902593548
3445,0.42500000000000004,1.0195891902593548
3446,0.42500000000000004,1.0195891902593548
3447,0.42500000000000004,1.0195891902593548
3448,0.42500000000000004,1.0195891902593548
3449,0.42500000000000004,1.0195891902593548
3450,0.42500000000000004,1.0195891902593548
3451,0.42500000000000004,1.0195891902593548
3452,0.42500000000000004,1.0195891902593548
3453,0.42500000000000004,1.0195891902593548
3454,0.42500000000000004,1.0195891902593548
3455,0.42500000000000004,1.0195891902593548
3456,0.42500000000000004,1.0195891902593548
3457,0.42500000000000004,1.0195891902593548
3458,0.42500000000000004,1.0195891902593548
3459,0.42500000000000004,1.0195891902593548
3460,0.42500000000000004,1.0195891902593548
3461,0.42500000000000004,1.0195891902593548
3462,0.42500000000000004,1.0195891902593548
3463,0.42500000000000004,1.0195891902593548
3464,0.42500000000000004,1.0195891902593548
3465,0.42500000000000004,1.0195891902593548
3466,0.42500000000000004,1.0195891902593548
3467,0.42500000000000004,1.0195891902593548
3468,0.42500000000000004,1.0195891902593548
3469,0.42500000000000004,1.0195891902593548
3470,0.42500000000000004,1.0195891902593548
3471,0.42500000000000004,1.0195891902593548
3472,0.42500000000000004,1.0195891902593548
3473,0.42500000000000004,1.0195891902593548
3474,0.42500000000000004,1.0195891902593548
3475,0.42500000000000004,1.0195891902593548
3476,0.42500000000000004,1.0195891902593548
3477,0.42500000000000004,1.0195891902593548
3478,0.42500000000000004,1.0195891902593548
3479,0.42500000000000004,1.0195891902593548
3480,0.42500000000000004,1.0195891902593548
3481,0.42500000000000004,1.0195891902593548
3482,0.42500000000000004,1.0195891902593548
3483,0.42500000000000004,1.0195891902593548
3484,0.42500000000000004,1.0195891902593548
3485,0.42500000000000004,1.0195891902593548
3486,0.42500000000000004,1.0195891902593548
3487,0.42500000000000004,1.0195891902593548
3488,0.42500000000000004,1.0195891902593548
3489,0.42500000000000004,1.0195891902593548
3490,0.42500000000000004,1.0195891902593548
3491,0.42500000000000004,1.0195891902593548
3492,0.42500000000000004,1.0195891902593548
3493,0.42500000000000004,1.0195891902593548
3494,0.42500000000000004,1.0195891902593548
3495,0.42500000000000004,1.0195891902593548
3496,0.42500000000000004,1.0195891902593548
3497,0.42500000000000004,1.0195891902593548
3498,0.42500000000000004,1.0195891902593548
3499,0.42500000000000004,1.0195891902593548
3500,0.42500000000000004,1.0195891902593548
3501,0.42500000000000004,1.0195891902593548
3502,0.42500000000000004,1.0195891902593548
3503,0.42500000000000004,1.0195891902593548
3504,0.42500000000000004,1.0195891902593548
3505,0.42500000000000004,1.0195891902593548
3506,0.42500000000000004,1.0195891902593548
3507,0.42500000000000004,1.0195891902593548
3508,0.42500000000000004,1.0195891902593548
3509,0.42500000000000004,1.0195891902593548
3510,0.42500000000000004,1.0195891902593548
3511,0.42500000000000004,1.0195891902593548
3512,0.42500000000000004,1.0195891902593548
3513,0.42500000000000004,1.0195891902593548
3514,0.42500000000000004,1.0195891902593548
3515,0.42500000000000004,1.0195891902593548
3516,0.42500000000000004,1.0195891902593548
3517,0.42500000000000004,1.0195891902593548
3518,0.42500000000000004,1.0195891902593548
3519,0.42500000000000004,1.0195891902593548
3520,0.42500000000000004,1.0195891902593548
3521,0.42500000000000004,1.0195891902593548
3522,0.42500000000000004,1.0195891902593548
3523,0.42500000000000004,1.0195891902593548
3524,0.42500000000000004,1.0195891902593548
3525,0.42500000000000004,1.0195891902593548
3526,0.42500000000000004,1.0195891902593548
3527,0.42500000000000004,1.0195891902593548
3528,0.42500000000000004,1.0195891902593548
3529,0.42500000000000004,1.0195891902593548
3530,0.42500000000000004,1.0195891902593548
3531,0.42500000000000004,1.0195891902593548
3532,0.42500000000000004,1.0195891902593548
3533,0.42500000000000004,1.0195891902593548
3534,0.42500000000000004,1.0195891902593548
3535,0.42500000000000004,1.0195891902593548
3536,0.42500000000000004,1.0195891902593548
3537,0.42500000000000004,1.0195891902593548
3538,0.42500000000000004,1.0195891902593548
3539,0.42500000000000004,1.0195891902593548
3540,0.42500000000000004,1.0195891902593548
3541,0.42500000000000004,1.0195891902593548
3542,0.42500000000000004,1.0195891902593548
3543,0.42500000000000004,1.0195891902593548
3544,0.42500000000000004,1.0195891902593548
3545,0.42500000000000004,1.0195891902593548
3546,0.42500000000000004,1.0195891902593548
3547,0.42500000000000004,1.0195891902593548
3548,0.42500000000000004,1.0195891902593548
3549,0.42500000000000004,1.0195891902593548
3550,0.42500000000000004,1.0195891902593548
3551,0.42500000000000004,1.0195891902593548
3552,0.42500000000000004,1.0195891902593548
3553,0.42500000000000004,1.0195891902593548
3554,0.42500000000000004,1.0195891902593548
3555,0.42500000000000004,1.0195891902593548
3556,0.42500000000000004,1.0195891902593548
3557,0.42500000000000004,1.0195891902593548
3558,0.42500000000000004,1.0195891902593548
3559,0.42500000000000004,1.0195891902593548
3560,0.42500000000000004,1.0195891902593548
3561,0.42500000000000004,1.0195891902593548
3562,0.42500000000000004,1.0195891902593548
3563,0.42500000000000004,1.0195891902593548
3564,0.42500000000000004,1.0195891902593548
3565,0.42500000000000004,1.0195891902593548
3566,0.42500000000000004,1.0195891902593548
3567,0.42500000000000004,1.0195891902593548
3568,0.42500000000000004,1.0195891902593548
3569,0.42500000000000004,1.0195891902593548
3570,0.42500000000000004,1.0195891902593548
3571,0.42500000000000004,1.0195891902593548
3572,0.42500000000000004,1.0195891902593548
3573,0.42500000000000004,1.0195891902593548
3574,0.42500000000000004,1.0195891902593548
3575,0.42500000000000004,1.0195891902593548
3576,0.42500000000000004,1.0195891902593548
3577,0.42500000000000004,1.0195891902593548
3578,0.42500000000000004,1.0195891902593548
3579,0.42500000000000004,1.0195891902593548
3580,0.42500000000000004,1.0195891902593548
3581,0.42500000000000004,1.0195891902593548
3582,0.42500000000000004,1.0195891902593548
3583,0.42500000000000004,1.0195891902593548
3584,0.42500000000000004,1.0195891902593548
3585,0.42500000000000004,1.0195891902593548
3586,0.42500000000000004,1.0195891902593548
3587,0.42500000000000004,1.0195891902593548
3588,0.42500000000000004,1.0195891902593548
3589,0.42500000000000004,1.0195891902593548
3590,0.42500000000000004,1.0195891902593548
3591,0.42500000000000004,1.0195891902593548
3592,0.42500000000000004,1.0195891902593548
3593,0.42500000000000004,1.0195891902593548
3594,0.42500000000000004,1.0195891902593548
3595,0.42500000000000004,1.0195891902593548
3596,0.42500000000000004,1.0195891902593548
3597,0.42500000000000004,1.0195891902593548
3598,0.42500000000000004,1.0195891902593548
3599,0.42500000000000004,1.0195891902593548
3600,0.42500000000000004,1.0195891902593548
3601,0.42500000000000004,1.0195891902593548
3602,0.42500000000000004,1.0195891902593548
3603,0.42500000000000004,1.0195891902593548
3604,0.42500000000000004,1.0195891902593548
3605,0.42500000000000004,1.0195891902593548
3606,0.42500000000000004,1.0195891902593548
3607,0.42500000000000004,1.0195891902593548
3608,0.42500000000000004,1.0195891902593548
3609,0.42500000000000004,1.0195891902593548
3610,0.42500000000000004,1.0195891902593548
3611,0.42500000000000004,1.0195891902593548
3612,0.42500000000000004,1.0195891902593548
3613,0.42500000000000004,1.0195891902593548
3614,0.42500000000000004,1.0195891902593548
3615,0.42500000000000004,1.0195891902593548
3616,0.42500000000000004,1.0195891902593548
3617,0.42500000000000004,1.0195891902593548
3618,0.42500000000000004,1.0195891902593548
3619,0.42500000000000004,1.0195891902593548
3620,0.42500000000000004,1.0195891902593548
3621,0.42500000000000004,1.0195891902593548
3622,0.42500000000000004,1.0195891902593548
3623,0.42500000000000004,1.0195891902593548
3624,0.42500000000000004,1.0195891902593548
3625,0.42500000000000004,1.0195891902593548
3626,0.42500000000000004,1.0195891902593548
3627,0.42500000000000004,1.0195891902593548
3628,0.42500000000000004,1.0195891902593548
3629,0.42500000000000004,1.0195891902593548
3630,0.42500000000000004,1.0195891902593548
3631,0.42500000000000004,1.0195891902593548
3632,0.42500000000000004,1.0195891902593548
3633,0.42500000000000004,1.0195891902593548
3634,0.42500000000000004,1.0195891902593548
3635,0.42500000000000004,1.0195891902593548
3636,0.42500000000000004,1.0195891902593548
3637,0.42500000000000004,1.0195891902593548
3638,0.42500000000000004,1.0195891902593548
3639,0.42500000000000004,1.0195891902593548
3640,0.42500000000000004,1.0195891902593548
3641,0.42500000000000004,1.0195891902593548
3642,0.42500000000000004,1.0195891902593548
3643,0.42500000000000004,1.0195891902593548
3644,0.42500000000000004,1.0195891902593548
3645,0.42500000000000004,1.0195891902593548
3646,0.42500000000000004,1.0195891902593548
3647,0.42500000000000004,1.0195891902593548
3648,0.42500000000000004,1.0195891902593548
3649,0.42500000000000004,1.0195891902593548
3650,0.42500000000000004,1.0195891902593548
3651,0.42500000000000004,1.0195891902593548
3652,0.42500000000000004,1.0195891902593548
3653,0.42500000000000004,1.0195891902593548
3654,0.42500000000000004,1.0195891902593548
3655,0.42500000000000004,1.0195891902593548
3656,0.42500000000000004,1.0195891902593548
3657,0.42500000000000004,1.0195891902593548
3658,0.42500000000000004,1.0195891902593548
3659,0.42500000000000004,1.0195891902593548
3660,0.42500000000000004,1.0195891902593548
3661,0.42500000000000004,1.0195891902593548
3662,0.42500000000000004,1.0195891902593548
3663,0.42500000000000004,1.0195891902593548
3664,0.42500000000000004,1.0195891902593548
3665,0.42500000000000004,1.0195891902593548
3666,0.42500000000000004,1.0195891902593548
3667,0.42500000000000004,1.0195891902593548
3668,0.42500000000000004,1.0195891902593548
3669,0.42500000000000004,1.0195891902593548
3670,0.42500000000000004,1.0195891902593548
3671,0.42500000000000004,1.0195891902593548
3672,0.42500000000000004,1.0195891902593548
3673,0.42500000000000004,1.0195891902593548
3674,0.42500000000000004,1.0195891902593548
3675,0.42500000000000004,1.0195891902593548
3676,0.42500000000000004,1.0195891902593548
3677,0.42500000000000004,1.0195891902593548
3678,0.42500000000000004,1.0195891902593548
3679,0.42500000000000004,1.0195891902593548
3680,0.42500000000000004,1.0195891902593548
3681,0.42500000000000004,1.0195891902593548
3682,0.42500000000000004,1.0195891902593548
3683,0.42500000000000004,1.0195891902593548
3684,0.42500000000000004,1.0195891902593548
3685,0.42500000000000004,1.0195891902593548
3686,0.42500000000000004,1.0195891902593548
3687,0.42500000000000004,1.0195891902593548
3688,0.42500000000000004,1.0195891902593548
3689,0.42500000000000004,1.0195891902593548
3690,0.42500000000000004,1.0195891902593548
3691,0.42500000000000004,1.0195891902593548
3692,0.42500000000000004,1.0195891902593548
3693,0.42500000000000004,1.0195891902593548
3694,0.42500000000000004,1.0195891902593548
3695,0.42500000000000004,1.0195891902593548
3696,0.42500000000000004,1.0195891902593548
3697,0.42500000000000004,1.0195891902593548
3698,0.42500000000000004,1.0195891902593548
3699,0.42500000000000004,1.0195891902593548
3700,0.42500000000000004,1.0195891902593548
3701,0.42500000000000004,1.0195891902593548
3702,0.42500000000000004,1.0195891902593548
3703,0.42500000000000004,1.0195891902593548
3704,0.42500000000000004,1.0195891902593548
3705,0.42500000000000004,1.0195891902593548
3706,0.42500000000000004,1.0195891902593548
3707,0.42500000000000004,1.0195891902593548
3708,0.42500000000000004,1.0195891902593548
3709,0.42500000000000004,1.0195891902593548
3710,0.42500000000000004,1.0195891902593548
3711,0.42500000000000004,1.0195891902593548
3712,0.42500000000000004,1.0195891902593548
3713,0.42500000000000004,1.0195891902593548
3714,0.42500000000000004,1.0195891902593548
3715,0.42500000000000004,1.0195891902593548
3716,0.42500000000000004,1.0195891902593548
3717,0.42500000000000004,1.0195891902593548
3718,0.42500000000000004,1.0195891902593548
3719,0.42500000000000004,1.0195891902593548
3720,0.42500000000000004,1.0195891902593548
3721,0.42500000000000004,1.0195891902593548
3722,0.42500000000000004,1.0195891902593548
3723,0.42500000000000004,1.0195891902593548
3724,0.42500000000000004,1.0195891902593548
3725,0.42500000000000004,1.0195891902593548
3726,0.42500000000000004,1.0195891902593548
3727,0.42500000000000004,1.0195891902593548
3728,0.42500000000000004,1.0195891902593548
3729,0.42500000000000004,1.0195891902593548
3730,0.42500000000000004,1.0195891902593548
3731,0.42500000000000004,1.0195891902593548
3732,0.42500000000000004,1.0195891902593548
3733,0.42500000000000004,1.0195891902593548
3734,0.42500000000000004,1.0195891902593548
3735,0.42500000000000004,1.0195891902593548
3736,0.42500000000000004,1.0195891902593548
3737,0.42500000000000004,1.0195891902593548
3738,0.42500000000000004,1.0195891902593548
3739,0.42500000000000004,1.0195891902593548
3740,0.42500000000000004,1.0195891902593548
3741,0.42500000000000004,1.0195891902593548
3742,0.42500000000000004,1.0195891902593548
3743,0.42500000000000004,1.0195891902593548
3744,0.42500000000000004,1.0195891902593548
3745,0.42500000000000004,1.0195891902593548
3746,0.42500000000000004,1.0195891902593548
3747,0.42500000000000004,1.0195891902593548
3748,0.42500000000000004,1.0195891902593548
3749,0.42500000000000004,1.0195891902593548
3750,0.42500000000000004,1.0195891902593548
3751,0.42500000000000004,1.0195891902593548
3752,0.42500000000000004,1.0195891902593548
3753,0.42500000000000004,1.0195891902593548
3754,0.42500000000000004,1.0195891902593548
3755,0.42500000000000004,1.0195891902593548
3756,0.42500000000000004,1.0195891902593548
3757,0.42500000000000004,1.0195891902593548
3758,0.42500000000000004,1.0195891902593548
3759,0.42500000000000004,1.0195891902593548
3760,0.42500000000000004,1.0195891902593548
3761,0.42500000000000004,1.0195891902593548
3762,0.42500000000000004,1.0195891902593548
3763,0.42500000000000004,1.0195891902593548
3764,0.42500000000000004,1.0195891902593548
3765,0.29,1.0195891902593548
3766,0.29,1.0195891902593548
3767,0.29,1.0195891902593548
3768,0.29,1.0195891902593548
3769,0.29,1.0195891902593548
3770,0.29,1.0195891902593548
3771,0.29,1.0195891902593548
3772,0.29,1.0195891902593548
3773,0.29,1.0195891902593548
3774,0.29,1.0195891902593548
3775,0.29,1.0195891902593548
3776,0.29,1.0195891902593548
3777,0.29,1.0195891902593548
3778,0.29,1.0195891902593548
3779,0.29,1.0195891902593548
3780,0.29,1.0195891902593548
3781,0.29,1.0195891902593548
3782,0.29,1.0195891902593548
3783,0.29,1.0195891902593548
3784,0.29,1.0195891902593548
3785,0.29,1.0195891902593548
3786,0.29,1.0195891902593548
3787,0.29,1.0195891902593548
3788,0.29,1.0195891902593548
3789,0.29,1.0195891902593548
3790,0.29,1.0195891902593548
3791,0.29,1.0195891902593548
3792,0.29,1.0195891902593548
3793,0.29,1.0195891902593548
3794,0.29,1.0195891902593548
3795,0.29,1.0195891902593548
3796,0.29,1.0195891902593548
3797,0.29,1.0195891902593548
3798,0.29,1.0195891902593548
3799,0.29,1.0195891902593548
3800,0.29,1.0195891902593548
3801,0.29,1.0195891902593548
3802,0.29,1.0195891902593548
3803,0.29,1.0195891902593548
3804,0.29,1.0195891902593548
3805,0.29,1.0195891902593548
3806,0.29,1.0195891902593548
3807,0.29,1.0195891902593548
3808,0.29,1.0195891902593548
3809,0.29,1.0195891902593548
3810,0.29,1.0195891902593548
3811,0.29,1.0195891902593548
3812,0.29,1.0195891902593548
3813,0.29,1.0195891902593548
3814,0.29,1.0195891902593548
3815,0.29,1.0195891902593548
3816,0.29,1.0195891902593548
3817,0.29,1.0195891902593548
3818,0.29,1.0195891902593548
3819,0.29,1.0195891902593548
3820,0.29,1.0195891902593548
3821,0.29,1.0195891902593548
3822,0.29,1.0195891902593548
3823,0.29,1.0195891902593548
3824,0.29,1.0195891902593548
3825,0.29,1.0195891902593548
3826,0.29,1.0195891902593548
3827,0.29,1.0195891902593548
3828,0.29,1.0195891902593548
3829,0.29,1.0195891902593548
3830,0.29,1.0195891902593548
3831,0.29,1.0195891902593548
3832,0.29,1.0195891902593548
3833,0.29,1.0195891902593548
3834,0.29,1.0195891902593548
3835,0.29,1.0195891902593548
3836,0.29,1.0195891902593548
3837,0.29,1.0195891902593548
3838,0.29,1.0195891902593548
3839,0.29,1.0195891902593548
3840,0.29,1.0195891902593548
3841,0.29,1.0195891902593548
3842,0.29,1.0195891902593548
3843,0.29,1.0195891902593548
3844,0.29,1.0195891902593548
3845,0.29,1.0195891902593548
3846,0.29,1.0195891902593548
3847,0.29,1.0195891902593548
3848,0.29,1.0195891902593548
3849,0.29,1.0195891902593548
3850,0.29,1.0195891902593548
3851,0.29,1.0195891902593548
3852,0.29,1.0195891902593548
3853,0.29,1.0195891902593548
3854,0.29,1.0195891902593548
3855,0.29,1.0195891902593548
3856,0.29,1.0195891902593548
3857,0.29,1.0195891902593548
3858,0.29,1.0195891902593548
3859,0.29,1.0195891902593548
3860,0.29,1.0195891902593548
3861,0.29,1.0195891902593548
3862,0.29,1.0195891902593548
3863,0.29,1.0195891902593548
3864,0.29,1.0195891902593548
3865,0.29,1.0195891902593548
3866,0.29,1.0195891902593548
3867,0.29,1.0195891902593548
3868,0.29,1.0195891902593548
3869,0.29,1.0195891902593548
3870,0.29,1.0195891902593548
3871,0.29,1.0195891902593548
3872,0.29,1.0195891902593548
3873,0.29,1.0195891902593548
3874,0.29,1.0195891902593548
3875,0.29,1.0195891902593548
3876,0.29,1.0195891902593548
3877,0.29,1.0195891902593548
3878,0.29,1.0195891902593548
3879,0.29,1.0195891902593548
3880,0.29,1.0195891902593548
3881,0.29,1.0195891902593548
3882,0.29,1.0195891902593548
3883,0.29,1.0195891902593548
3884,0.29,1.0195891902593548
3885,0.29,1.0195891902593548
3886,0.29,1.0195891902593548
3887,0.29,1.0195891902593548
3888,0.29,1.0195891902593548
3889,0.29,1.0195891902593548
3890,0.29,1.0195891902593548
3891,0.29,1.0195891902593548
3892,0.29,1.0195891902593548
3893,0.29,1.0195891902593548
3894,0.29,1.0195891902593548
3895,0.29,1.0195891902593548
3896,0.29,1.0195891902593548
3897,0.29,1.0195891902593548
3898,0.29,1.0195891902593548
3899,0.29,1.0195891902593548
3900,0.29,1.0195891902593548
3901,0.29,1.0195891902593548
3902,0.29,1.0195891902593548
3903,0.29,1.0195891902593548
3904,0.29,1.0195891902593548
3905,0.29,1.0195891902593548
3906,0.29,1.0195891902593548
3907,0.29,1.0195891902593548
3908,0.29,1.0195891902593548
3909,0.29,1.0195891902593548
3910,0.29,1.0195891902593548
3911,0.29,1.0195891902593548
3912,0.29,1.0195891902593548
3913,0.29,1.0195891902593548
3914,0.29,1.0195891902593548
3915,0.29,1.0195891902593548
3916,0.29,1.0195891902593548
3917,0.29,1.0195891902593548
3918,0.29,1.0195891902593548
3919,0.29,1.0195891902593548
3920,0.29,1.0195891902593548
3921,0.29,1.0195891902593548
3922,0.29,1.0195891902593548
3923,0.29,1.0195891902593548
3924,0.29,1.0195891902593548
3925,0.29,1.0195891902593548
3926,0.29,1.0195891902593548
3927,0.29,1.0195891902593548
3928,0.29,1.0195891902593548
3929,0.29,1.0195891902593548
3930,0.29,1.0195891902593548
3931,0.29,1.0195891902593548
3932,0.29,1.0195891902593548
3933,0.29,1.0195891902593548
3934,0.29,1.0195891902593548
3935,0.29,1.0195891902593548
3936,0.29,1.0195891902593548
3937,0.29,1.0195891902593548
3938,0.29,1.0195891902593548
3939,0.29,1.0195891902593548
3940,0.29,1.0195891902593548
3941,0.29,1.0195891902593548
3942,0.29,1.0195891902593548
3943,0.29,1.0195891902593548
3944,0.29,1.0195891902593548
3945,0.29,1.0195891902593548
3946,0.29,1.0195891902593548
3947,0.29,1.0195891902593548
3948,0.29,1.0195891902593548
3949,0.29,1.0195891902593548
3950,0.29,1.0195891902593548
3951,0.29,1.0195891902593548
3952,0.29,1.0195891902593548
3953,0.29,1.0195891902593548
3954,0.29,1.0195891902593548
3955,0.29,1.0195891902593548
3956,0.29,1.0195891902593548
3957,0.29,1.0195891902593548
3958,0.29,1.0195891902593548
3959,0.29,1.0195891902593548
3960,0.29,1.0195891902593548
3961,0.29,1.0195891902593548
3962,0.29,1.0195891902593548
3963,0.29,1.0195891902593548
3964,0.29,1.0195891902593548
3965,0.29,1.0195891902593548
3966,0.29,1.0195891902593548
3967,0.29,1.0195891902593548
3968,0.29,1.0195891902593548
3969,0.29,1.0195891902593548
3970,0.29,1.0195891902593548
3971,0.29,1.0195891902593548
3972,0.29,1.0195891902593548
3973,0.29,1.0195891902593548
3974,0.29,1.0195891902593548
3975,0.29,1.0195891902593548
3976,0.29,1.0195891902593548
3977,0.29,1.0195891902593548
3978,0.29,1.0195891902593548
3979,0.29,1.0195891902593548
3980,0.29,1.0195891902593548
3981,0.29,1.0195891902593548
3982,0.29,1.0195891902593548
3983,0.29,1.0195891902593548
3984,0.29,1.0195891902593548
3985,0.29,1.0195891902593548
3986,0.29,1.0195891902593548
3987,0.29,1.0195891902593548
3988,0.29,1.0195891902593548
3989,0.29,1.0195891902593548
3990,0.29,1.0195891902593548
3991,0.29,1.0195891902593548
3992,0.29,1.0195891902593548
3993,0.29,1.0195891902593548
3994,0.29,1.0195891902593548
3995,0.29,1.0195891902593548
3996,0.29,1.0195891902593548
3997,0.29,1.0195891902593548
3998,0.29,1.0195891902593548
3999,0.29,1.0195891902593548
4000,0.29,1.0195891902593548
4001,0.29,1.0195891902593548
4002,0.29,1.0195891902593548
4003,0.29,1.0195891902593548
4004,0.29,1.0195891902593548
4005,0.29,1.0195891902593548
4006,0.29,1.0195891902593548
4007,0.29,1.0195891902593548
4008,0.29,1.0195891902593548
4009,0.29,1.0195891902593548
4010,0.29,1.0195891902593548
4011,0.29,1.0195891902593548
4012,0.29,1.0195891902593548
4013,0.29,1.0195891902593548
4014,0.29,1.0195891902593548
4015,0.29,1.0195891902593548
4016,0.29,1.0195891902593548
4017,0.29,1.0195891902593548
4018,0.29,1.0195891902593548
4019,0.29,1.0195891902593548
4020,0.29,1.0195891902593548
4021,0.29,1.0195891902593548
4022,0.29,1.0195891902593548
4023,0.29,1.0195891902593548
4024,0.29,1.0195891902593548
4025,0.29,1.0195891902593548
4026,0.29,1.0195891902593548
4027,0.29,1.0195891902593548
4028,0.29,1.0195891902593548
4029,0.29,1.0195891902593548
4030,0.29,1.0195891902593548
4031,0.29,1.0195891902593548
4032,0.29,1.0195891902593548
4033,0.29,1.0195891902593548
4034,0.29,1.0195891902593548
4035,0.29,1.0195891902593548
4036,0.29,1.0195891902593548
4037,0.29,1.0195891902593548
4038,0.29,1.0195891902593548
4039,0.29,1.0195891902593548
4040,0.29,1.0195891902593548
4041,0.29,1.0195891902593548
4042,0.29,1.0195891902593548
4043,0.29,1.0195891902593548
4044,0.29,1.0195891902593548
4045,0.29,1.0195891902593548
4046,0.29,1.0195891902593548
4047,0.29,1.0195891902593548
4048,0.29,1.0195891902593548
4049,0.29,1.0195891902593548
4050,0.29,1.0195891902593548
4051,0.29,1.0195891902593548
4052,0.29,1.0195891902593548
4053,0.29,1.0195891902593548
4054,0.29,1.0195891902593548
4055,0.29,1.0195891902593548
4056,0.29,1.0195891902593548
4057,0.29,1.0195891902593548
4058,0.29,1.0195891902593548
4059,0.29,1.0195891902593548
4060,0.29,1.0195891902593548
4061,0.29,1.0195891902593548
4062,0.29,1.0195891902593548
4063,0.29,1.0195891902593548
4064,0.29,1.0195891902593548
4065,0.29,1.0195891902593548
4066,0.29,1.0195891902593548
4067,0.29,1.0195891902593548
4068,0.29,1.0195891902593548
4069,0.29,1.0195891902593548
4070,0.29,1.0195891902593548
4071,0.29,1.0195891902593548
4072,0.29,1.0195891902593548
4073,0.29,1.0195891902593548
4074,0.29,1.0195891902593548
4075,0.29,1.0195891902593548
4076,0.29,1.0195891902593548
4077,0.29,1.0195891902593548
4078,0.29,1.0195891902593548
4079,0.29,1.0195891902593548
4080,0.29,1.0195891902593548
4081,0.29,1.0195891902593548
4082,0.29,1.0195891902593548
4083,0.29,1.0195891902593548
4084,0.29,1.0195891902593548
4085,0.29,1.0195891902593548
4086,0.29,1.0195891902593548
4087,0.29,1.0195891902593548
4088,0.29,1.0195891902593548
4089,0.29,1.0195891902593548
4090,0.29,1.0195891902593548
4091,0.29,1.0195891902593548
4092,0.29,1.0195891902593548
4093,0.29,1.0195891902593548
4094,0.29,1.0195891902593548
4095,0.29,1.0195891902593548
4096,0.29,1.0195891902593548
4097,0.29,1.0195891902593548
4098,0.29,1.0195891902593548
4099,0.29,1.0195891902593548
4100,0.29,1.0195891902593548
4101,0.29,1.0195891902593548
4102,0.29,1.0195891902593548
4103,0.29,1.0195891902593548
4104,0.29,1.0195891902593548
4105,0.29,1.0195891902593548
4106,0.29,1.0195891902593548
4107,0.29,1.0195891902593548
4108,0.29,1.0195891902593548
4109,0.29,1.0195891902593548
4110,0.29,1.0195891902593548
4111,0.29,1.0195891902593548
4112,0.29,1.0195891902593548
4113,0.29,1.0195891902593548
4114,0.29,1.0195891902593548
4115,0.29,1.0195891902593548
4116,0.29,1.0195891902593548
4117,0.29,1.0195891902593548
4118,0.29,1.0195891902593548
4119,0.29,1.0195891902593548
4120,0.29,1.0195891902593548
4121,0.29,1.0195891902593548
4122,0.29,1.0195891902593548
4123,0.29,1.0195891902593548
4124,0.29,1.0195891902593548
4125,0.29,1.0195891902593548
4126,0.29,1.0195891902593548
4127,0.29,1.0195891902593548
4128,0.29,1.0195891902593548
4129,0.29,1.0195891902593548
4130,0.29,1.0195891902593548
4131,0.29,1.0195891902593548
4132,0.29,1.0195891902593548
4133,0.29,1.0195891902593548
4134,0.29,1.0195891902593548
4135,0.29,1.0195891902593548
4136,0.29,1.0195891902593548
4137,0.29,1.0195891902593548
4138,0.29,1.0195891902593548
4139,0.29,1.0195891902593548
4140,0.29,1.0195891902593548
4141,0.29,1.0195891902593548
4142,0.29,1.0195891902593548
4143,0.29,1.0195891902593548
4144,0.29,1.0195891902593548
4145,0.29,1.0195891902593548
4146,0.29,1.0195891902593548
4147,0.29,1.0195891902593548
4148,0.29,1.0195891902593548
4149,0.29,1.0195891902593548
4150,0.29,1.0195891902593548
4151,0.29,1.0195891902593548
4152,0.29,1.0195891902593548
4153,0.29,1.0195891902593548
4154,0.29,1.0195891902593548
4155,0.29,1.0195891902593548
4156,0.29,1.0195891902593548
4157,0.29,1.0195891902593548
4158,0.29,1.0195891902593548
4159,0.29,1.0195891902593548
4160,0.29,1.0195891902593548
4161,0.29,1.0195891902593548
4162,0.29,1.0195891902593548
4163,0.29,1.0195891902593548
4164,0.29,1.0195891902593548
4165,0.29,1.0195891902593548
4166,0.29,1.0195891902593548
4167,0.29,1.0195891902593548
4168,0.29,1.0195891902593548
4169,0.29,1.0195891902593548
4170,0.29,1.0195891902593548
4171,0.29,1.0195891902593548
4172,0.29,1.0195891902593548
4173,0.29,1.0195891902593548
4174,0.29,1.0195891902593548
4175,0.29,1.0195891902593548
4176,0.29,1.0195891902593548
4177,0.29,1.0195891902593548
4178,0.29,1.0195891902593548
4179,0.29,1.0195891902593548
4180,0.29,1.0195891902593548
4181,0.29,1.0195891902593548
4182,0.29,1.0195891902593548
4183,0.29,1.0195891902593548
4184,0.29,1.0195891902593548
4185,0.29,1.0195891902593548
4186,0.29,1.0195891902593548
4187,0.29,1.0195891902593548
4188,0.29,1.0195891902593548
4189,0.29,1.0195891902593548
4190,0.29,1.0195891902593548
4191,0.29,1.0195891902593548
4192,0.29,1.0195891902593548
4193,0.29,1.0195891902593548
4194,0.29,1.0195891902593548
4195,0.29,1.0195891902593548
4196,0.29,1.0195891902593548
4197,0.29,1.0195891902593548
4198,0.29,1.0195891902593548
4199,0.29,1.0195891902593548
4200,0.29,1.0195891902593548
4201,0.29,1.0195891902593548
4202,0.29,1.0195891902593548
4203,0.29,1.0195891902593548
4204,0.29,1.0195891902593548
4205,0.29,1.0195891902593548
4206,0.29,1.0195891902593548
4207,0.29,1.0195891902593548
4208,0.29,1.0195891902593548
4209,0.29,1.0195891902593548
4210,0.29,1.0195891902593548
4211,0.29,1.0195891902593548
4212,0.29,1.0195891902593548
4213,0.29,1.0195891902593548
4214,0.29,1.0195891902593548
4215,0.29,1.0195891902593548
4216,0.29,1.0195891902593548
4217,0.29,1.0195891902593548
4218,0.29,1.0195891902593548
4219,0.29,1.0195891902593548
4220,0.29,1.0195891902593548
4221,0.29,1.0195891902593548
4222,0.29,1.0195891902593548
4223,0.29,1.0195891902593548
4224,0.29,1.0195891902593548
4225,0.29,1.0195891902593548
4226,0.29,1.0195891902593548
4227,0.29,1.0195891902593548
4228,0.29,1.0195891902593548
4229,0.29,1.0195891902593548
4230,0.29,1.0195891902593548
4231,0.29,1.0195891902593548
4232,0.29,1.0195891902593548
4233,0.29,1.0195891902593548
4234,0.29,1.0195891902593548
4235,0.29,1.0195891902593548
4236,0.29,1.0195891902593548
4237,0.29,1.0195891902593548
4238,0.29,1.0195891902593548
4239,0.29,1.0195891902593548
4240,0.29,1.0195891902593548
4241,0.29,1.0195891902593548
4242,0.29,1.0195891902593548
4243,0.29,1.0195891902593548
4244,0.29,1.0195891902593548
4245,0.29,1.0195891902593548
4246,0.29,1.0195891902593548
4247,0.29,1.0195891902593548
4248,0.29,1.0195891902593548
4249,0.29,1.0195891902593548
4250,0.29,1.0195891902593548
4251,0.29,1.0195891902593548
4252,0.29,1.0195891902593548
4253,0.29,1.0195891902593548
4254,0.29,1.0195891902593548
4255,0.29,1.0195891902593548
4256,0.29,1.0195891902593548
4257,0.29,1.0195891902593548
4258,0.29,1.0195891902593548
4259,0.29,1.0195891902593548
4260,0.29,1.0195891902593548
4261,0.29,1.0195891902593548
4262,0.29,1.0195891902593548
4263,0.29,1.0195891902593548
4264,0.29,1.0195891902593548
4265,0.29,1.0195891902593548
4266,0.29,1.0195891902593548
4267,0.29,1.0195891902593548
4268,0.29,1.0195891902593548
4269,0.29,1.0195891902593548
4270,0.29,1.0195891902593548
4271,0.29,1.0195891902593548
4272,0.29,1.0195891902593548
4273,0.29,1.0195891902593548
4274,0.29,1.0195891902593548
4275,0.29,1.0195891902593548
4276,0.29,1.0195891902593548
4277,0.29,1.0195891902593548
4278,0.29,1.0195891902593548
4279,0.29,1.0195891902593548
4280,0.29,1.0195891902593548
4281,0.29,1.0195891902593548
4282,0.29,1.0195891902593548
4283,0.29,1.0195891902593548
4284,0.29,1.0195891902593548
4285,0.29,1.0195891902593548
4286,0.29,1.0195891902593548
4287,0.29,1.0195891902593548
4288,0.29,1.0195891902593548
4289,0.29,1.0195891902593548
4290,0.29,1.0195891902593548
4291,0.29,1.0195891902593548
4292,0.29,1.0195891902593548
4293,0.29,1.0195891902593548
4294,0.29,1.0195891902593548
4295,0.29,1.0195891902593548
4296,0.29,1.0195891902593548
4297,0.29,1.0195891902593548
4298,0.29,1.0195891902593548
4299,0.29,1.0195891902593548
4300,0.29,1.0195891902593548
4301,0.29,1.0195891902593548
4302,0.29,1.0195891902593548
4303,0.29,1.0195891902593548
4304,0.29,1.0195891902593548
4305,0.29,1.0195891902593548
4306,0.29,1.0195891902593548
4307,0.29,1.0195891902593548
4308,0.29,1.0195891902593548
4309,0.29,1.0195891902593548
4310,0.29,1.0195891902593548
4311,0.29,1.0195891902593548
4312,0.29,1.0195891902593548
4313,0.29,1.0195891902593548
4314,0.29,1.0195891902593548
4315,0.29,1.0195891902593548
4316,0.29,1.0195891902593548
4317,0.29,1.0195891902593548
4318,0.29,1.0195891902593548
4319,0.29,1.0195891902593548
4320,0.29,1.0195891902593548
4321,0.29,1.0195891902593548
4322,0.29,1.0195891902593548
4323,0.29,1.0195891902593548
4324,0.29,1.0195891902593548
4325,0.29,1.0195891902593548
4326,0.29,1.0195891902593548
4327,0.29,1.0195891902593548
4328,0.29,1.0195891902593548
4329,0.29,1.0195891902593548
4330,0.29,1.0195891902593548
4331,0.29,1.0195891902593548
4332,0.29,1.0195891902593548
4333,0.29,1.0195891902593548
4334,0.29,1.0195891902593548
4335,0.29,1.0195891902593548
4336,0.29,1.0195891902593548
4337,0.29,1.0195891902593548
4338,0.29,1.0195891902593548
4339,0.29,1.0195891902593548
4340,0.29,1.0195891902593548
4341,0.29,1.0195891902593548
4342,0.29,1.0195891902593548
4343,0.29,1.0195891902593548
4344,0.29,1.0195891902593548
4345,0.29,1.0195891902593548
4346,0.29,1.0195891902593548
4347,0.29,1.0195891902593548
4348,0.29,1.0195891902593548
4349,0.29,1.0195891902593548
4350,0.29,1.0195891902593548
4351,0.29,1.0195891902593548
4352,0.29,1.0195891902593548
4353,0.29,1.0195891902593548
4354,0.29,1.0195891902593548
4355,0.29,1.0195891902593548
4356,0.29,1.0195891902593548
4357,0.29,1.0195891902593548
4358,0.29,1.0195891902593548
4359,0.29,1.0195891902593548
4360,0.29,1.0195891902593548
4361,0.29,1.0195891902593548
4362,0.29,1.0195891902593548
4363,0.29,1.0195891902593548
4364,0.29,1.0195891902593548
4365,0.29,1.0195891902593548
4366,0.29,1.0195891902593548
4367,0.29,1.0195891902593548
4368,0.29,1.0195891902593548
4369,0.29,1.0195891902593548
4370,0.29,1.0195891902593548
4371,0.29,1.0195891902593548
4372,0.29,1.0195891902593548
4373,0.29,1.0195891902593548
4374,0.29,1.0195891902593548
4375,0.29,1.0195891902593548
4376,0.29,1.0195891902593548
4377,0.29,1.0195891902593548
4378,0.29,1.0195891902593548
4379,0.29,1.0195891902593548
4380,0.29,1.0195891902593548
4381,0.29,1.0195891902593548
4382,0.29,1.0195891902593548
4383,0.29,1.0195891902593548
4384,0.29,1.0195891902593548
4385,0.29,1.0195891902593548
4386,0.29,1.0195891902593548
4387,0.29,1.0195891902593548
4388,0.29,1.0195891902593548
4389,0.29,1.0195891902593548
4390,0.29,1.0195891902593548
4391,0.29,1.0195891902593548
4392,0.29,1.0195891902593548
4393,0.29,1.0195891902593548
4394,0.29,1.0195891902593548
4395,0.29,1.0195891902593548
4396,0.29,1.0195891902593548
4397,0.29,1.0195891902593548
4398,0.29,1.0195891902593548
4399,0.29,1.0195891902593548
4400,0.29,1.0195891902593548
4401,0.29,1.0195891902593548
4402,0.29,1.0195891902593548
4403,0.29,1.0195891902593548
4404,0.29,1.0195891902593548
4405,0.29,1.0195891902593548
4406,0.29,1.0195891902593548
4407,0.29,1.0195891902593548
4408,0.29,1.0195891902593548
4409,0.29,1.0195891902593548
4410,0.29,1.0195891902593548
4411,0.29,1.0195891902593548
4412,0.29,1.0195891902593548
4413,0.29,1.0195891902593548
4414,0.29,1.0195891902593548
4415,0.29,1.0195891902593548
4416,0.29,1.0195891902593548
4417,0.29,1.0195891902593548
4418,0.29,1.0195891902593548
4419,0.29,1.0195891902593548
4420,0.29,1.0195891902593548
4421,0.29,1.0195891902593548
4422,0.29,1.0195891902593548
4423,0.29,1.0195891902593548
4424,0.29,1.0195891902593548
4425,0.29,1.0195891902593548
4426,0.29,1.0195891902593548
4427,0.29,1.0195891902593548
4428,0.29,1.0195891902593548
4429,0.29,1.0195891902593548
4430,0.29,1.0195891902593548
4431,0.29,1.0195891902593548
4432,0.29,1.0195891902593548
4433,0.29,1.0195891902593548
4434,0.29,1.0195891902593548
4435,0.29,1.0195891902593548
4436,0.29,1.0195891902593548
4437,0.29,1.0195891902593548
4438,0.29,1.0195891902593548
4439,0.29,1.0195891902593548
4440,0.29,1.0195891902593548
4441,0.29,1.0195891902593548
4442,0.29,1.0195891902593548
4443,0.29,1.0195891902593548
4444,0.29,1.0195891902593548
4445,0.29,1.0195891902593548
4446,0.29,1.0195891902593548
4447,0.29,1.0195891902593548
4448,0.29,1.0195891902593548
4449,0.29,1.0195891902593548
4450,0.29,1.0195891902593548
4451,0.29,1.0195891902593548
4452,0.29,1.0195891902593548
4453,0.29,1.0195891902593548
4454,0.29,1.0195891902593548
4455,0.29,1.0195891902593548
4456,0.29,1.0195891902593548
4457,0.29,1.0195891902593548
4458,0.29,1.0195891902593548
4459,0.29,1.0195891902593548
4460,0.29,1.0195891902593548
4461,0.29,1.0195891902593548
4462,0.29,1.0195891902593548
4463,0.29,1.0195891902593548
4464,0.29,1.0195891902593548
4465,0.29,1.0195891902593548
4466,0.29,1.0195891902593548
4467,0.29,1.0195891902593548
4468,0.29,1.0195891902593548
4469,0.29,1.0195891902593548
4470,0.29,1.0195891902593548
4471,0.29,1.0195891902593548
4472,0.29,1.0195891902593548
4473,0.29,1.0195891902593548
4474,0.29,1.0195891902593548
4475,0.29,1.0195891902593548
4476,0.29,1.0195891902593548
4477,0.29,1.0195891902593548
4478,0.29,1.0195891902593548
4479,0.29,1.0195891902593548
4480,0.29,1.0195891902593548
4481,0.29,1.0195891902593548
4482,0.29,1.0195891902593548
4483,0.29,1.0195891902593548
4484,0.29,1.0195891902593548
4485,0.29,1.0195891902593548
4486,0.29,1.0195891902593548
4487,0.29,1.0195891902593548
4488,0.29,1.0195891902593548
4489,0.29,1.0195891902593548
4490,0.29,1.0195891902593548
4491,0.29,1.0195891902593548
4492,0.29,1.0195891902593548
4493,0.29,1.0195891902593548
4494,0.29,1.0195891902593548
4495,0.29,1.0195891902593548
4496,0.29,1.0195891902593548
4497,0.29,1.0195891902593548
4498,0.29,1.0195891902593548
4499,0.29,1.0195891902593548
4500,0.29,1.0195891902593548
4501,0.29,1.0195891902593548
4502,0.29,1.0195891902593548
4503,0.29,1.0195891902593548
4504,0.29,1.0195891902593548
4505,0.29,1.0195891902593548
4506,0.29,1.0195891902593548
4507,0.29,1.0195891902593548
4508,0.29,1.0195891902593548
4509,0.29,1.0195891902593548
4510,0.29,1.0195891902593548
4511,0.29,1.0195891902593548
4512,0.29,1.0195891902593548
4513,0.29,1.0195891902593548
4514,0.29,1.0195891902593548
4515,0.29,1.0195891902593548
4516,0.29,1.0195891902593548
4517,0.29,1.0195891902593548
4518,0.29,1.0195891902593548
4519,0.29,1.0195891902593548
4520,0.29,1.0195891902593548
4521,0.29,1.0195891902593548
4522,0.29,1.0195891902593548
4523,0.29,1.0195891902593548
4524,0.29,1.0195891902593548
4525,0.29,1.0195891902593548
4526,0.29,1.0195891902593548
4527,0.29,1.0195891902593548
4528,0.29,1.0195891902593548
4529,0.29,1.0195891902593548
4530,0.29,1.0195891902593548
4531,0.29,1.0195891902593548
4532,0.29,1.0195891902593548
4533,0.29,1.0195891902593548
4534,0.29,1.0195891902593548
4535,0.29,1.0195891902593548
4536,0.29,1.0195891902593548
4537,0.29,1.0195891902593548
4538,0.29,1.0195891902593548
4539,0.29,1.0195891902593548
4540,0.29,1.0195891902593548
4541,0.29,1.0195891902593548
4542,0.29,1.0195891902593548
4543,0.29,1.0195891902593548
4544,0.29,1.0195891902593548
4545,0.29,1.0195891902593548
4546,0.29,1.0195891902593548
4547,0.29,1.0195891902593548
4548,0.29,1.0195891902593548
4549,0.29,1.0195891902593548
4550,0.29,1.0195891902593548
4551,0.29,1.0195891902593548
4552,0.29,1.0195891902593548
4553,0.29,1.0195891902593548
4554,0.29,1.0195891902593548
4555,0.29,1.0195891902593548
4556,0.28,1.0195891902593548
4557,0.145,1.0195891902593548
4558,0.145,1.0195891902593548
4559,0.145,1.0195891902593548
4560,0.145,1.0195891902593548
4561,0.145,1.0195891902593548
4562,0.145,1.0195891902593548
4563,0.145,1.0195891902593548
4564,0.145,1.0195891902593548
4565,0.145,1.0195891902593548
4566,0.145,1.0195891902593548
4567,0.145,1.0195891902593548
4568,0.145,1.0195891902593548
4569,0.145,1.0195891902593548
4570,0.145,1.0195891902593548
4571,0.145,1.0195891902593548
4572,0.145,1.0195891902593548
4573,0.145,1.0195891902593548
4574,0.145,1.0195891902593548
4575,0.145,1.0195891902593548
4576,0.145,1.0195891902593548
4577,0.145,1.0195891902593548
4578,0.145,1.0195891902593548
4579,0.145,1.0195891902593548
4580,0.145,1.0195891902593548
4581,0.145,1.0195891902593548
4582,0.145,1.0195891902593548
4583,0.145,1.0195891902593548
4584,0.145,1.0195891902593548
4585,0.145,1.0195891902593548
4586,0.145,1.0195891902593548
4587,0.145,1.0195891902593548
4588,0.145,1.0195891902593548
4589,0.145,1.0195891902593548
4590,0.145,1.0195891902593548
4591,0.145,1.0195891902593548
4592,0.145,1.0195891902593548
4593,0.145,1.0195891902593548
4594,0.145,1.0195891902593548
4595,0.145,1.0195891902593548
4596,0.145,1.0195891902593548
4597,0.145,1.0195891902593548
4598,0.145,1.0195891902593548
4599,0.145,1.0195891902593548
4600,0.145,1.0195891902593548
4601,0.145,1.0195891902593548
4602,0.145,1.0195891902593548
4603,0.145,1.0195891902593548
4604,0.145,1.0195891902593548
4605,0.145,1.0195891902593548
4606,0.145,1.0195891902593548
4607,0.145,1.0195891902593548
4608,0.145,1.0195891902593548
4609,0.145,1.0195891902593548
4610,0.145,1.0195891902593548
4611,0.145,1.0195891902593548
4612,0.145,1.0195891902593548
4613,0.145,1.0195891902593548
4614,0.145,1.0195891902593548
4615,0.145,1.0195891902593548
4616,0.145,1.0195891902593548
4617,0.145,1.0195891902593548
4618,0.145,1.0195891902593548
4619,0.145,1.0195891902593548
4620,0.145,1.0195891902593548
4621,0.145,1.0195891902593548
4622,0.145,1.0195891902593548
4623,0.145,1.0195891902593548
4624,0.145,1.0195891902593548
4625,0.145,1.0195891902593548
4626,0.145,1.0195891902593548
4627,0.145,1.0195891902593548
4628,0.145,1.0195891902593548
4629,0.145,1.0195891902593548
4630,0.145,1.0195891902593548
4631,0.145,1.0195891902593548
4632,0.145,1.0195891902593548
4633,0.145,1.0195891902593548
4634,0.145,1.0195891902593548
4635,0.145,1.0195891902593548
4636,0.145,1.0195891902593548
4637,0.145,1.0195891902593548
4638,0.145,1.0195891902593548
4639,0.145,1.0195891902593548
4640,0.145,1.0195891902593548
4641,0.145,1.0195891902593548
4642,0.145,1.0195891902593548
4643,0.145,1.0195891902593548
4644,0.145,1.0195891902593548
4645,0.145,1.0195891902593548
4646,0.145,1.0195891902593548
4647,0.145,1.0195891902593548
4648,0.145,1.0195891902593548
4649,0.145,1.0195891902593548
4650,0.145,1.0195891902593548
4651,0.145,1.0195891902593548
4652,0.145,1.0195891902593548
4653,0.145,1.0195891902593548
4654,0.145,1.0195891902593548
4655,0.145,1.0195891902593548
4656,0.145,1.0195891902593548
4657,0.145,1.0195891902593548
4658,0.145,1.0195891902593548
4659,0.145,1.0195891902593548
4660,0.145,1.0195891902593548
4661,0.145,1.0195891902593548
4662,0.145,1.0195891902593548
4663,0.145,1.0195891902593548
4664,0.145,1.0195891902593548
4665,0.145,1.0195891902593548
4666,0.145,1.0195891902593548
4667,0.145,1.0195891902593548
4668,0.145,1.0195891902593548
4669,0.145,1.0195891902593548
4670,0.145,1.0195891902593548
4671,0.145,1.0195891902593548
4672,0.145,1.0195891902593548
4673,0.145,1.0195891902593548
4674,0.145,1.0195891902593548
4675,0.145,1.0195891902593548
4676,0.145,1.0195891902593548
4677,0.145,1.0195891902593548
4678,0.145,1.0195891902593548
4679,0.145,1.0195891902593548
4680,0.145,1.0195891902593548
4681,0.145,1.0195891902593548
4682,0.145,1.0195891902593548
4683,0.145,1.0195891902593548
4684,0.145,1.0195891902593548
4685,0.145,1.0195891902593548
4686,0.145,1.0195891902593548
4687,0.145,1.0195891902593548
4688,0.145,1.0195891902593548
4689,0.145,1.0195891902593548
4690,0.145,1.0195891902593548
4691,0.145,1.0195891902593548
4692,0.145,1.0195891902593548
4693,0.145,1.0195891902593548
4694,0.145,1.0195891902593548
4695,0.145,1.0195891902593548
4696,0.145,1.0195891902593548
4697,0.145,1.0195891902593548
4698,0.145,1.0195891902593548
4699,0.145,1.0195891902593548
4700,0.145,1.0195891902593548
4701,0.145,1.0195891902593548
4702,0.145,1.0195891902593548
4703,0.145,1.0195891902593548
4704,0.145,1.0195891902593548
4705,0.145,1.0195891902593548
4706,0.145,1.0195891902593548
4707,0.145,1.0195891902593548
4708,0.145,1.0195891902593548
4709,0.145,1.0195891902593548
4710,0.145,1.0195891902593548
4711,0.145,1.0195891902593548
4712,0.145,1.0195891902593548
4713,0.145,1.0195891902593548
4714,0.145,1.0195891902593548
4715,0.145,1.0195891902593548
4716,0.145,1.0195891902593548
4717,0.145,1.0195891902593548
4718,0.145,1.0195891902593548
4719,0.145,1.0195891902593548
4720,0.145,1.0195891902593548
4721,0.145,1.0195891902593548
4722,0.145,1.0195891902593548
4723,0.145,1.0195891902593548
4724,0.145,1.0195891902593548
4725,0.145,1.0195891902593548
4726,0.145,1.0195891902593548
4727,0.145,1.0195891902593548
4728,0.145,1.0195891902593548
4729,0.145,1.0195891902593548
4730,0.145,1.0195891902593548
4731,0.145,1.0195891902593548
4732,0.145,1.0195891902593548
4733,0.145,1.0195891902593548
4734,0.145,1.0195891902593548
4735,0.145,1.0195891902593548
4736,0.145,1.0195891902593548
4737,0.145,1.0195891902593548
4738,0.145,1.0195891902593548
4739,0.145,1.0195891902593548
4740,0.145,1.0195891902593548
4741,0.145,1.0195891902593548
4742,0.145,1.0195891902593548
4743,0.145,1.0195891902593548
4744,0.145,1.0195891902593548
4745,0.145,1.0195891902593548
4746,0.145,1.0195891902593548
4747,0.145,1.0195891902593548
4748,0.145,1.0195891902593548
4749,0.145,1.0195891902593548
4750,0.145,1.0195891902593548
4751,0.145,1.0195891902593548
4752,0.145,1.0195891902593548
4753,0.145,1.0195891902593548
4754,0.145,1.0195891902593548
4755,0.145,1.0195891902593548
4756,0.145,1.0195891902593548
4757,0.145,1.0195891902593548
4758,0.145,1.0195891902593548
4759,0.145,1.0195891902593548
4760,0.145,1.0195891902593548
4761,0.145,1.0195891902593548
4762,0.145,1.0195891902593548
4763,0.145,1.0195891902593548
4764,0.145,1.0195891902593548
4765,0.145,1.0195891902593548
4766,0.145,1.0195891902593548
4767,0.145,1.0195891902593548
4768,0.145,1.0195891902593548
4769,0.145,1.0195891902593548
4770,0.145,1.0195891902593548
4771,0.145,1.0195891902593548
4772,0.145,1.0195891902593548
4773,0.145,1.0195891902593548
4774,0.145,1.0195891902593548
4775,0.145,1.0195891902593548
4776,0.145,1.0195891902593548
4777,0.145,1.0195891902593548
4778,0.145,1.0195891902593548
4779,0.145,1.0195891902593548
4780,0.145,1.0195891902593548
4781,0.145,1.0195891902593548
4782,0.145,1.0195891902593548
4783,0.145,1.0195891902593548
4784,0.145,1.0195891902593548
4785,0.145,1.0195891902593548
4786,0.145,1.0195891902593548
4787,0.145,1.0195891902593548
4788,0.145,1.0195891902593548
4789,0.145,1.0195891902593548
4790,0.145,1.0195891902593548
4791,0.145,1.0195891902593548
4792,0.145,1.0195891902593548
4793,0.145,1.0195891902593548
4794,0.145,1.0195891902593548
4795,0.145,1.0195891902593548
4796,0.145,1.0195891902593548
4797,0.145,1.0195891902593548
4798,0.145,1.0195891902593548
4799,0.145,1.0195891902593548
4800,0.145,1.0195891902593548
4801,0.145,1.0195891902593548
4802,0.145,1.0195891902593548
4803,0.145,1.0195891902593548
4804,0.145,1.0195891902593548
4805,0.145,1.0195891902593548
4806,0.145,1.0195891902593548
4807,0.145,1.0195891902593548
4808,0.145,1.0195891902593548
4809,0.145,1.0195891902593548
4810,0.145,1.0195891902593548
4811,0.145,1.0195891902593548
4812,0.145,1.0195891902593548
4813,0.145,1.0195891902593548
4814,0.145,1.0195891902593548
4815,0.145,1.0195891902593548
4816,0.145,1.0195891902593548
4817,0.145,1.0195891902593548
4818,0.145,1.0195891902593548
4819,0.145,1.0195891902593548
4820,0.145,1.0195891902593548
4821,0.145,1.0195891902593548
4822,0.145,1.0195891902593548
4823,0.145,1.0195891902593548
4824,0.145,1.0195891902593548
4825,0.145,1.0195891902593548
4826,0.145,1.0195891902593548
4827,0.145,1.0195891902593548
4828,0.145,1.0195891902593548
4829,0.145,1.0195891902593548
4830,0.145,1.0195891902593548
4831,0.145,1.0195891902593548
4832,0.145,1.0195891902593548
4833,0.145,1.0195891902593548
4834,0.145,1.0195891902593548
4835,0.145,1.0195891902593548
4836,0.145,1.0195891902593548
4837,0.145,1.0195891902593548
4838,0.145,1.0195891902593548
4839,0.145,1.0195891902593548
4840,0.145,1.0195891902593548
4841,0.145,1.0195891902593548
4842,0.145,1.0195891902593548
4843,0.145,1.0195891902593548
4844,0.145,1.0195891902593548
4845,0.145,1.0195891902593548
4846,0.145,1.0195891902593548
4847,0.145,1.0195891902593548
4848,0.145,1.0195891902593548
4849,0.145,1.0195891902593548
4850,0.145,1.0195891902593548
4851,0.145,1.0195891902593548
4852,0.145,1.0195891902593548
4853,0.145,1.0195891902593548
4854,0.145,1.0195891902593548
4855,0.145,1.0195891902593548
4856,0.145,1.0195891902593548
4857,0.145,1.0195891902593548
4858,0.145,1.0195891902593548
4859,0.145,1.0195891902593548
4860,0.145,1.0195891902593548
4861,0.145,1.0195891902593548
4862,0.145,1.0195891902593548
4863,0.145,1.0195891902593548
4864,0.145,1.0195891902593548
4865,0.145,1.0195891902593548
4866,0.145,1.0195891902593548
4867,0.145,1.0195891902593548
4868,0.145,1.0195891902593548
4869,0.145,1.0195891902593548
4870,0.145,1.0195891902593548
4871,0.145,1.0195891902593548
4872,0.145,1.0195891902593548
4873,0.145,1.0195891902593548
4874,0.145,1.0195891902593548
4875,0.145,1.0195891902593548
4876,0.145,1.0195891902593548
4877,0.145,1.0195891902593548
4878,0.145,1.0195891902593548
4879,0.145,1.0195891902593548
4880,0.145,1.0195891902593548
4881,0.145,1.0195891902593548
4882,0.145,1.0195891902593548
4883,0.145,1.0195891902593548
4884,0.145,1.0195891902593548
4885,0.145,1.0195891902593548
4886,0.145,1.0195891902593548
4887,0.145,1.0195891902593548
4888,0.145,1.0195891902593548
4889,0.145,1.0195891902593548
4890,0.145,1.0195891902593548
4891,0.145,1.0195891902593548
4892,0.145,1.0195891902593548
4893,0.145,1.0195891902593548
4894,0.145,1.0195891902593548
4895,0.145,1.0195891902593548
4896,0.145,1.0195891902593548
4897,0.145,1.0195891902593548
4898,0.145,1.0195891902593548
4899,0.145,1.0195891902593548
4900,0.145,1.0195891902593548
4901,0.145,1.0195891902593548
4902,0.145,1.0195891902593548
4903,0.145,1.0195891902593548
4904,0.145,1.0195891902593548
4905,0.145,1.0195891902593548
4906,0.145,1.0195891902593548
4907,0.145,1.0195891902593548
4908,0.145,1.0195891902593548
4909,0.145,1.0195891902593548
4910,0.145,1.0195891902593548
4911,0.145,1.0195891902593548
4912,0.145,1.0195891902593548
4913,0.145,1.0195891902593548
4914,0.145,1.0195891902593548
4915,0.145,1.0195891902593548
4916,0.145,1.0195891902593548
4917,0.145,1.0195891902593548
4918,0.145,1.0195891902593548
4919,0.145,1.0195891902593548
4920,0.145,1.0195891902593548
4921,0.145,1.0195891902593548
4922,0.145,1.0195891902593548
4923,0.145,1.0195891902593548
4924,0.145,1.0195891902593548
4925,0.145,1.0195891902593548
4926,0.145,1.0195891902593548
4927,0.145,1.0195891902593548
4928,0.145,1.0195891902593548
4929,0.145,1.0195891902593548
4930,0.145,1.0195891902593548
4931,0.145,1.0195891902593548
4932,0.145,1.0195891902593548
4933,0.145,1.0195891902593548
4934,0.145,1.0195891902593548
4935,0.145,1.0195891902593548
4936,0.145,1.0195891902593548
4937,0.145,1.0195891902593548
4938,0.145,1.0195891902593548
4939,0.145,1.0195891902593548
4940,0.145,1.0195891902593548
4941,0.145,1.0195891902593548
4942,0.145,1.0195891902593548
4943,0.145,1.0195891902593548
4944,0.145,1.0195891902593548
4945,0.145,1.0195891902593548
4946,0.145,1.0195891902593548
4947,0.145,1.0195891902593548
4948,0.145,1.0195891902593548
4949,0.145,1.0195891902593548
4950,0.145,1.0195891902593548
4951,0.145,1.0195891902593548
4952,0.145,1.0195891902593548
4953,0.145,1.0195891902593548
4954,0.145,1.0195891902593548
4955,0.145,1.0195891902593548
4956,0.145,1.0195891902593548
4957,0.145,1.0195891902593548
4958,0.145,1.0195891902593548
4959,0.145,1.0195891902593548
4960,0.145,1.0195891902593548
4961,0.145,1.0195891902593548
4962,0.145,1.0195891902593548
4963,0.145,1.0195891902593548
4964,0.145,1.0195891902593548
4965,0.145,1.0195891902593548
4966,0.145,1.0195891902593548
4967,0.145,1.0195891902593548
4968,0.145,1.0195891902593548
4969,0.145,1.0195891902593548
4970,0.145,1.0195891902593548
4971,0.145,1.0195891902593548
4972,0.145,1.0195891902593548
4973,0.145,1.0195891902593548
4974,0.145,1.0195891902593548
4975,0.145,1.0195891902593548
4976,0.145,1.0195891902593548
4977,0.145,1.0195891902593548
4978,0.145,1.0195891902593548
4979,0.145,1.0195891902593548
4980,0.145,1.0195891902593548
4981,0.145,1.0195891902593548
4982,0.145,1.0195891902593548
4983,0.145,1.0195891902593548
4984,0.145,1.0195891902593548
4985,0.145,1.0195891902593548
4986,0.145,1.0195891902593548
4987,0.145,1.0195891902593548
4988,0.145,1.0195891902593548
4989,0.145,1.0195891902593548
4990,0.145,1.0195891902593548
4991,0.145,1.0195891902593548
4992,0.145,1.0195891902593548
4993,0.145,1.0195891902593548
4994,0.145,1.0195891902593548
4995,0.145,1.0195891902593548
4996,0.145,1.0195891902593548
4997,0.145,1.0195891902593548
4998,0.145,1.0195891902593548
4999,0.145,1.0195891902593548
5000,0.145,1.0195891902593548
5001,0.145,1.0195891902593548
5002,0.145,1.0195891902593548
5003,0.145,1.0195891902593548
5004,0.145,1.0195891902593548
5005,0.145,1.0195891902593548
5006,0.145,1.0195891902593548
5007,0.145,1.0195891902593548
5008,0.145,1.0195891902593548
5009,0.145,1.0195891902593548
5010,0.145,1.0195891902593548
5011,0.145,1.0195891902593548
5012,0.145,1.0195891902593548
5013,0.145,1.0195891902593548
5014,0.145,1.0195891902593548
5015,0.145,1.0195891902593548
5016,0.145,1.0195891902593548
5017,0.145,1.0195891902593548
5018,0.145,1.0195891902593548
5019,0.145,1.0195891902593548
5020,0.145,1.0195891902593548
5021,0.145,1.0195891902593548
5022,0.145,1.0195891902593548
5023,0.145,1.0195891902593548
5024,0.145,1.0195891902593548
5025,0.145,1.0195891902593548
5026,0.145,1.0195891902593548
5027,0.145,1.0195891902593548
5028,0.145,1.0195891902593548
5029,0.145,1.0195891902593548
5030,0.145,1.0195891902593548
5031,0.145,1.0195891902593548
5032,0.145,1.0195891902593548
5033,0.145,1.0195891902593548
5034,0.145,1.0195891902593548
5035,0.145,1.0195891902593548
5036,0.145,1.0195891902593548
5037,0.145,1.0195891902593548
5038,0.145,1.0195891902593548
5039,0.145,1.0195891902593548
5040,0.145,1.0195891902593548
5041,0.145,1.0195891902593548
5042,0.145,1.0195891902593548
5043,0.145,1.0195891902593548
5044,0.145,1.0195891902593548
5045,0.145,1.0195891902593548
5046,0.145,1.0195891902593548
5047,0.145,1.0195891902593548
5048,0.145,1.0195891902593548
5049,0.145,1.0195891902593548
5050,0.145,1.0195891902593548
