Tick,TotalEnergy(kWh),AverageEnergy(kWh)
0,1.4820000000000004,1.0289228272628923
1,1.7740000000000002,1.0289228272628923
2,1.7740000000000002,1.0289228272628923
3,1.7740000000000002,1.0289228272628923
4,1.7740000000000002,1.0289228272628923
5,1.7740000000000002,1.0289228272628923
6,1.7740000000000002,1.0289228272628923
7,1.7740000000000002,1.0289228272628923
8,1.7740000000000002,1.0289228272628923
9,1.7740000000000002,1.0289228272628923
10,1.7740000000000002,1.0289228272628923
11,1.7740000000000002,1.0289228272628923
12,1.7740000000000002,1.0289228272628923
13,1.7740000000000002,1.0289228272628923
14,1.7740000000000002,1.0289228272628923
15,1.7740000000000002,1.0289228272628923
16,1.7740000000000002,1.0289228272628923
17,1.7740000000000002,1.0289228272628923
18,1.7740000000000002,1.0289228272628923
19,1.7740000000000002,1.0289228272628923
20,1.7740000000000002,1.0289228272628923
21,1.7740000000000002,1.0289228272628923
22,1.7740000000000002,1.0289228272628923
23,1.7740000000000002,1.0289228272628923
24,1.7740000000000002,1.0289228272628923
25,1.7740000000000002,1.0289228272628923
26,1.7740000000000002,1.0289228272628923
27,1.7740000000000002,1.0289228272628923
28,1.7740000000000002,1.0289228272628923
29,1.7740000000000002,1.0289228272628923
30,1.7740000000000002,1.0289228272628923
31,1.7740000000000002,1.0289228272628923
32,1.7740000000000002,1.0289228272628923
33,1.7740000000000002,1.0289228272628923
34,1.7740000000000002,1.0289228272628923
35,1.7740000000000002,1.0289228272628923
36,1.7740000000000002,1.0289228272628923
37,1.7740000000000002,1.0289228272628923
38,1.7740000000000002,1.0289228272628923
39,1.7740000000000002,1.0289228272628923
40,1.7740000000000002,1.0289228272628923
41,1.7740000000000002,1.0289228272628923
42,1.7740000000000002,1.0289228272628923
43,1.7740000000000002,1.0289228272628923
44,1.7740000000000002,1.0289228272628923
45,1.7740000000000002,1.0289228272628923
46,1.7740000000000002,1.0289228272628923
47,1.7740000000000002,1.0289228272628923
48,1.7740000000000002,1.0289228272628923
49,1.7740000000000002,1.0289228272628923
50,1.7740000000000002,1.0289228272628923
51,1.7740000000000002,1.0289228272628923
52,1.7740000000000002,1.0289228272628923
53,1.7740000000000002,1.0289228272628923
54,1.7740000000000002,1.0289228272628923
55,1.7740000000000002,1.0289228272628923
56,1.7740000000000002,1.0289228272628923
57,1.7740000000000002,1.0289228272628923
58,1.7740000000000002,1.0289228272628923
59,1.7740000000000002,1.0289228272628923
60,1.7740000000000002,1.0289228272628923
61,1.7740000000000002,1.0289228272628923
62,1.7740000000000002,1.0289228272628923
63,1.7740000000000002,1.0289228272628923
64,1.7740000000000002,1.0289228272628923
65,1.7740000000000002,1.0289228272628923
66,1.7740000000000002,1.0289228272628923
67,1.7740000000000002,1.0289228272628923
68,1.7740000000000002,1.0289228272628923
69,1.7740000000000002,1.0289228272628923
70,1.7740000000000002,1.0289228272628923
71,1.7740000000000002,1.0289228272628923
72,1.7740000000000002,1.0289228272628923
73,1.7740000000000002,1.0289228272628923
74,1.7740000000000002,1.0289228272628923
75,1.7740000000000002,1.0289228272628923
76,1.7740000000000002,1.0289228272628923
77,1.7740000000000002,1.0289228272628923
78,1.7740000000000002,1.0289228272628923
79,1.7740000000000002,1.0289228272628923
80,1.7740000000000002,1.0289228272628923
81,1.7740000000000002,1.0289228272628923
82,1.7740000000000002,1.0289228272628923
83,1.7740000000000002,1.0289228272628923
84,1.7740000000000002,1.0289228272628923
85,1.7740000000000002,1.0289228272628923
86,1.7740000000000002,1.0289228272628923
87,1.7740000000000002,1.0289228272628923
88,1.7740000000000002,1.0289228272628923
89,1.7740000000000002,1.0289228272628923
90,1.7740000000000002,1.0289228272628923
91,1.7740000000000002,1.0289228272628923
92,1.7740000000000002,1.0289228272628923
93,1.7740000000000002,1.0289228272628923
94,1.7740000000000002,1.0289228272628923
95,1.7740000000000002,1.0289228272628923
96,1.7740000000000002,1.0289228272628923
97,1.7740000000000002,1.0289228272628923
98,1.7740000000000002,1.0289228272628923
99,1.7640000000000002,1.0289228272628923
100,1.7740000000000002,1.0289228272628923
101,1.7740000000000002,1.0289228272628923
102,1.7740000000000002,1.0289228272628923
103,1.7740000000000002,1.0289228272628923
104,1.7740000000000002,1.0289228272628923
105,1.7740000000000002,1.0289228272628923
106,1.7740000000000002,1.0289228272628923
107,1.7740000000000002,1.0289228272628923
108,1.7740000000000002,1.0289228272628923
109,1.7740000000000002,1.0289228272628923
110,1.7740000000000002,1.0289228272628923
111,1.7740000000000002,1.0289228272628923
112,1.7740000000000002,1.0289228272628923
113,1.7740000000000002,1.0289228272628923
114,1.7740000000000002,1.0289228272628923
115,1.7740000000000002,1.0289228272628923
116,1.7740000000000002,1.0289228272628923
117,1.7740000000000002,1.0289228272628923
118,1.7740000000000002,1.0289228272628923
119,1.7740000000000002,1.0289228272628923
120,1.7740000000000002,1.0289228272628923
121,1.7740000000000002,1.0289228272628923
122,1.7740000000000002,1.0289228272628923
123,1.7740000000000002,1.0289228272628923
124,1.7740000000000002,1.0289228272628923
125,1.7740000000000002,1.0289228272628923
126,1.7740000000000002,1.0289228272628923
127,1.7740000000000002,1.0289228272628923
128,1.7740000000000002,1.0289228272628923
129,1.7740000000000002,1.0289228272628923
130,1.7740000000000002,1.0289228272628923
131,1.7740000000000002,1.0289228272628923
132,1.7740000000000002,1.0289228272628923
133,1.7740000000000002,1.0289228272628923
134,1.7740000000000002,1.0289228272628923
135,1.7740000000000002,1.0289228272628923
136,1.7740000000000002,1.0289228272628923
137,1.7740000000000002,1.0289228272628923
138,1.7740000000000002,1.0289228272628923
139,1.7740000000000002,1.0289228272628923
140,1.7740000000000002,1.0289228272628923
141,1.7740000000000002,1.0289228272628923
142,1.7740000000000002,1.0289228272628923
143,1.7740000000000002,1.0289228272628923
144,1.7740000000000002,1.0289228272628923
145,1.7740000000000002,1.0289228272628923
146,1.7740000000000002,1.0289228272628923
147,1.7740000000000002,1.0289228272628923
148,1.7740000000000002,1.0289228272628923
149,1.7740000000000002,1.0289228272628923
150,1.7740000000000002,1.0289228272628923
151,1.7740000000000002,1.0289228272628923
152,1.7740000000000002,1.0289228272628923
153,1.7740000000000002,1.0289228272628923
154,1.7740000000000002,1.0289228272628923
155,1.7740000000000002,1.0289228272628923
156,1.7740000000000002,1.0289228272628923
157,1.7740000000000002,1.0289228272628923
158,1.7740000000000002,1.0289228272628923
159,1.7740000000000002,1.0289228272628923
160,1.7740000000000002,1.0289228272628923
161,1.7740000000000002,1.0289228272628923
162,1.7740000000000002,1.0289228272628923
163,1.7740000000000002,1.0289228272628923
164,1.7740000000000002,1.0289228272628923
165,1.7740000000000002,1.0289228272628923
166,1.7740000000000002,1.0289228272628923
167,1.7740000000000002,1.0289228272628923
168,1.7740000000000002,1.0289228272628923
169,1.7740000000000002,1.0289228272628923
170,1.7740000000000002,1.0289228272628923
171,1.7740000000000002,1.0289228272628923
172,1.7740000000000002,1.0289228272628923
173,1.7740000000000002,1.0289228272628923
174,1.7740000000000002,1.0289228272628923
175,1.7740000000000002,1.0289228272628923
176,1.7740000000000002,1.0289228272628923
177,1.7740000000000002,1.0289228272628923
178,1.7740000000000002,1.0289228272628923
179,1.7740000000000002,1.0289228272628923
180,1.7740000000000002,1.0289228272628923
181,1.7740000000000002,1.0289228272628923
182,1.7740000000000002,1.0289228272628923
183,1.7740000000000002,1.0289228272628923
184,1.7740000000000002,1.0289228272628923
185,1.7740000000000002,1.0289228272628923
186,1.7740000000000002,1.0289228272628923
187,1.7740000000000002,1.0289228272628923
188,1.7740000000000002,1.0289228272628923
189,1.7740000000000002,1.0289228272628923
190,1.7740000000000002,1.0289228272628923
191,1.7740000000000002,1.0289228272628923
192,1.7740000000000002,1.0289228272628923
193,1.7740000000000002,1.0289228272628923
194,1.7740000000000002,1.0289228272628923
195,1.7740000000000002,1.0289228272628923
196,1.7740000000000002,1.0289228272628923
197,1.7740000000000002,1.0289228272628923
198,1.7740000000000002,1.0289228272628923
199,1.7740000000000002,1.0289228272628923
200,1.7740000000000002,1.0289228272628923
201,1.7740000000000002,1.0289228272628923
202,1.7740000000000002,1.0289228272628923
203,1.7740000000000002,1.0289228272628923
204,1.7740000000000002,1.0289228272628923
205,1.7740000000000002,1.0289228272628923
206,1.7740000000000002,1.0289228272628923
207,1.7740000000000002,1.0289228272628923
208,1.7740000000000002,1.0289228272628923
209,1.7740000000000002,1.0289228272628923
210,1.7740000000000002,1.0289228272628923
211,1.7740000000000002,1.0289228272628923
212,1.7740000000000002,1.0289228272628923
213,1.7740000000000002,1.0289228272628923
214,1.7740000000000002,1.0289228272628923
215,1.7740000000000002,1.0289228272628923
216,1.7740000000000002,1.0289228272628923
217,1.7740000000000002,1.0289228272628923
218,1.7740000000000002,1.0289228272628923
219,1.7740000000000002,1.0289228272628923
220,1.7740000000000002,1.0289228272628923
221,1.7740000000000002,1.0289228272628923
222,1.7740000000000002,1.0289228272628923
223,1.7740000000000002,1.0289228272628923
224,1.7740000000000002,1.0289228272628923
225,1.7740000000000002,1.0289228272628923
226,1.7740000000000002,1.0289228272628923
227,1.7740000000000002,1.0289228272628923
228,1.7740000000000002,1.0289228272628923
229,1.7740000000000002,1.0289228272628923
230,1.7740000000000002,1.0289228272628923
231,1.7740000000000002,1.0289228272628923
232,1.7740000000000002,1.0289228272628923
233,1.7740000000000002,1.0289228272628923
234,1.7740000000000002,1.0289228272628923
235,1.7740000000000002,1.0289228272628923
236,1.7740000000000002,1.0289228272628923
237,1.7740000000000002,1.0289228272628923
238,1.7740000000000002,1.0289228272628923
239,1.7740000000000002,1.0289228272628923
240,1.7740000000000002,1.0289228272628923
241,1.7740000000000002,1.0289228272628923
242,1.7740000000000002,1.0289228272628923
243,1.7740000000000002,1.0289228272628923
244,1.7740000000000002,1.0289228272628923
245,1.7740000000000002,1.0289228272628923
246,1.7740000000000002,1.0289228272628923
247,1.7740000000000002,1.0289228272628923
248,1.7740000000000002,1.0289228272628923
249,1.7740000000000002,1.0289228272628923
250,1.7740000000000002,1.0289228272628923
251,1.7740000000000002,1.0289228272628923
252,1.7740000000000002,1.0289228272628923
253,1.7740000000000002,1.0289228272628923
254,1.7740000000000002,1.0289228272628923
255,1.7740000000000002,1.0289228272628923
256,1.7740000000000002,1.0289228272628923
257,1.7740000000000002,1.0289228272628923
258,1.7740000000000002,1.0289228272628923
259,1.7740000000000002,1.0289228272628923
260,1.7740000000000002,1.0289228272628923
261,1.7740000000000002,1.0289228272628923
262,1.7740000000000002,1.0289228272628923
263,1.7740000000000002,1.0289228272628923
264,1.7740000000000002,1.0289228272628923
265,1.7740000000000002,1.0289228272628923
266,1.7740000000000002,1.0289228272628923
267,1.7740000000000002,1.0289228272628923
268,1.7740000000000002,1.0289228272628923
269,1.7740000000000002,1.0289228272628923
270,1.7740000000000002,1.0289228272628923
271,1.7740000000000002,1.0289228272628923
272,1.7740000000000002,1.0289228272628923
273,1.7740000000000002,1.0289228272628923
274,1.7740000000000002,1.0289228272628923
275,1.7740000000000002,1.0289228272628923
276,1.7740000000000002,1.0289228272628923
277,1.7740000000000002,1.0289228272628923
278,1.7740000000000002,1.0289228272628923
279,1.7740000000000002,1.0289228272628923
280,1.7740000000000002,1.0289228272628923
281,1.7740000000000002,1.0289228272628923
282,1.7740000000000002,1.0289228272628923
283,1.7740000000000002,1.0289228272628923
284,1.7740000000000002,1.0289228272628923
285,1.7740000000000002,1.0289228272628923
286,1.7740000000000002,1.0289228272628923
287,1.7740000000000002,1.0289228272628923
288,1.7740000000000002,1.0289228272628923
289,1.7740000000000002,1.0289228272628923
290,1.7740000000000002,1.0289228272628923
291,1.7740000000000002,1.0289228272628923
292,1.7740000000000002,1.0289228272628923
293,1.7740000000000002,1.0289228272628923
294,1.7740000000000002,1.0289228272628923
295,1.7740000000000002,1.0289228272628923
296,1.7740000000000002,1.0289228272628923
297,1.7740000000000002,1.0289228272628923
298,1.7740000000000002,1.0289228272628923
299,1.7740000000000002,1.0289228272628923
300,1.7740000000000002,1.0289228272628923
301,1.7740000000000002,1.0289228272628923
302,1.7740000000000002,1.0289228272628923
303,1.7740000000000002,1.0289228272628923
304,1.7740000000000002,1.0289228272628923
305,1.7740000000000002,1.0289228272628923
306,1.7740000000000002,1.0289228272628923
307,1.7740000000000002,1.0289228272628923
308,1.7740000000000002,1.0289228272628923
309,1.7740000000000002,1.0289228272628923
310,1.7740000000000002,1.0289228272628923
311,1.7740000000000002,1.0289228272628923
312,1.7740000000000002,1.0289228272628923
313,1.7740000000000002,1.0289228272628923
314,1.7740000000000002,1.0289228272628923
315,1.7740000000000002,1.0289228272628923
316,1.7740000000000002,1.0289228272628923
317,1.7740000000000002,1.0289228272628923
318,1.7740000000000002,1.0289228272628923
319,1.7740000000000002,1.0289228272628923
320,1.7740000000000002,1.0289228272628923
321,1.7740000000000002,1.0289228272628923
322,1.7740000000000002,1.0289228272628923
323,1.7740000000000002,1.0289228272628923
324,1.7740000000000002,1.0289228272628923
325,1.7740000000000002,1.0289228272628923
326,1.7740000000000002,1.0289228272628923
327,1.7740000000000002,1.0289228272628923
328,1.7740000000000002,1.0289228272628923
329,1.7740000000000002,1.0289228272628923
330,1.7740000000000002,1.0289228272628923
331,1.7740000000000002,1.0289228272628923
332,1.7740000000000002,1.0289228272628923
333,1.7740000000000002,1.0289228272628923
334,1.7740000000000002,1.0289228272628923
335,1.7740000000000002,1.0289228272628923
336,1.7740000000000002,1.0289228272628923
337,1.7740000000000002,1.0289228272628923
338,1.7740000000000002,1.0289228272628923
339,1.7740000000000002,1.0289228272628923
340,1.7740000000000002,1.0289228272628923
341,1.7740000000000002,1.0289228272628923
342,1.7740000000000002,1.0289228272628923
343,1.7740000000000002,1.0289228272628923
344,1.7740000000000002,1.0289228272628923
345,1.7740000000000002,1.0289228272628923
346,1.7740000000000002,1.0289228272628923
347,1.7740000000000002,1.0289228272628923
348,1.7740000000000002,1.0289228272628923
349,1.7740000000000002,1.0289228272628923
350,1.7740000000000002,1.0289228272628923
351,1.7740000000000002,1.0289228272628923
352,1.7740000000000002,1.0289228272628923
353,1.7740000000000002,1.0289228272628923
354,1.7740000000000002,1.0289228272628923
355,1.7740000000000002,1.0289228272628923
356,1.7740000000000002,1.0289228272628923
357,1.7740000000000002,1.0289228272628923
358,1.7740000000000002,1.0289228272628923
359,1.7740000000000002,1.0289228272628923
360,1.7740000000000002,1.0289228272628923
361,1.7740000000000002,1.0289228272628923
362,1.7740000000000002,1.0289228272628923
363,1.7740000000000002,1.0289228272628923
364,1.7740000000000002,1.0289228272628923
365,1.7740000000000002,1.0289228272628923
366,1.7740000000000002,1.0289228272628923
367,1.7740000000000002,1.0289228272628923
368,1.7740000000000002,1.0289228272628923
369,1.7740000000000002,1.0289228272628923
370,1.7740000000000002,1.0289228272628923
371,1.7740000000000002,1.0289228272628923
372,1.7740000000000002,1.0289228272628923
373,1.7740000000000002,1.0289228272628923
374,1.7740000000000002,1.0289228272628923
375,1.7740000000000002,1.0289228272628923
376,1.7740000000000002,1.0289228272628923
377,1.7740000000000002,1.0289228272628923
378,1.7740000000000002,1.0289228272628923
379,1.7740000000000002,1.0289228272628923
380,1.7740000000000002,1.0289228272628923
381,1.7740000000000002,1.0289228272628923
382,1.7740000000000002,1.0289228272628923
383,1.7740000000000002,1.0289228272628923
384,1.7740000000000002,1.0289228272628923
385,1.7740000000000002,1.0289228272628923
386,1.7740000000000002,1.0289228272628923
387,1.7740000000000002,1.0289228272628923
388,1.7740000000000002,1.0289228272628923
389,1.7740000000000002,1.0289228272628923
390,1.7740000000000002,1.0289228272628923
391,1.7740000000000002,1.0289228272628923
392,1.7740000000000002,1.0289228272628923
393,1.7740000000000002,1.0289228272628923
394,1.7740000000000002,1.0289228272628923
395,1.7740000000000002,1.0289228272628923
396,1.7740000000000002,1.0289228272628923
397,1.7740000000000002,1.0289228272628923
398,1.7740000000000002,1.0289228272628923
399,1.7740000000000002,1.0289228272628923
400,1.7740000000000002,1.0289228272628923
401,1.7740000000000002,1.0289228272628923
402,1.7740000000000002,1.0289228272628923
403,1.7740000000000002,1.0289228272628923
404,1.7740000000000002,1.0289228272628923
405,1.7740000000000002,1.0289228272628923
406,1.7740000000000002,1.0289228272628923
407,1.7740000000000002,1.0289228272628923
408,1.7740000000000002,1.0289228272628923
409,1.7740000000000002,1.0289228272628923
410,1.7740000000000002,1.0289228272628923
411,1.7740000000000002,1.0289228272628923
412,1.7740000000000002,1.0289228272628923
413,1.7740000000000002,1.0289228272628923
414,1.7740000000000002,1.0289228272628923
415,1.7740000000000002,1.0289228272628923
416,1.7740000000000002,1.0289228272628923
417,1.7740000000000002,1.0289228272628923
418,1.7740000000000002,1.0289228272628923
419,1.7740000000000002,1.0289228272628923
420,1.7740000000000002,1.0289228272628923
421,1.7740000000000002,1.0289228272628923
422,1.7740000000000002,1.0289228272628923
423,1.7740000000000002,1.0289228272628923
424,1.7740000000000002,1.0289228272628923
425,1.7740000000000002,1.0289228272628923
426,1.7740000000000002,1.0289228272628923
427,1.7740000000000002,1.0289228272628923
428,1.7740000000000002,1.0289228272628923
429,1.7740000000000002,1.0289228272628923
430,1.7740000000000002,1.0289228272628923
431,1.7740000000000002,1.0289228272628923
432,1.7740000000000002,1.0289228272628923
433,1.7740000000000002,1.0289228272628923
434,1.7740000000000002,1.0289228272628923
435,1.7740000000000002,1.0289228272628923
436,1.7740000000000002,1.0289228272628923
437,1.7740000000000002,1.0289228272628923
438,1.7740000000000002,1.0289228272628923
439,1.7740000000000002,1.0289228272628923
440,1.7740000000000002,1.0289228272628923
441,1.7740000000000002,1.0289228272628923
442,1.7740000000000002,1.0289228272628923
443,1.7740000000000002,1.0289228272628923
444,1.7740000000000002,1.0289228272628923
445,1.7740000000000002,1.0289228272628923
446,1.7740000000000002,1.0289228272628923
447,1.7740000000000002,1.0289228272628923
448,1.7740000000000002,1.0289228272628923
449,1.7740000000000002,1.0289228272628923
450,1.7740000000000002,1.0289228272628923
451,1.7740000000000002,1.0289228272628923
452,1.7740000000000002,1.0289228272628923
453,1.7740000000000002,1.0289228272628923
454,1.7740000000000002,1.0289228272628923
455,1.7740000000000002,1.0289228272628923
456,1.7740000000000002,1.0289228272628923
457,1.7740000000000002,1.0289228272628923
458,1.7740000000000002,1.0289228272628923
459,1.7740000000000002,1.0289228272628923
460,1.7740000000000002,1.0289228272628923
461,1.7740000000000002,1.0289228272628923
462,1.7740000000000002,1.0289228272628923
463,1.7740000000000002,1.0289228272628923
464,1.7740000000000002,1.0289228272628923
465,1.7740000000000002,1.0289228272628923
466,1.7740000000000002,1.0289228272628923
467,1.7740000000000002,1.0289228272628923
468,1.7740000000000002,1.0289228272628923
469,1.7740000000000002,1.0289228272628923
470,1.7740000000000002,1.0289228272628923
471,1.7740000000000002,1.0289228272628923
472,1.7740000000000002,1.0289228272628923
473,1.7740000000000002,1.0289228272628923
474,1.7740000000000002,1.0289228272628923
475,1.7740000000000002,1.0289228272628923
476,1.7740000000000002,1.0289228272628923
477,1.7740000000000002,1.0289228272628923
478,1.7740000000000002,1.0289228272628923
479,1.7740000000000002,1.0289228272628923
480,1.7740000000000002,1.0289228272628923
481,1.7740000000000002,1.0289228272628923
482,1.7740000000000002,1.0289228272628923
483,1.7740000000000002,1.0289228272628923
484,1.7740000000000002,1.0289228272628923
485,1.7740000000000002,1.0289228272628923
486,1.7740000000000002,1.0289228272628923
487,1.7740000000000002,1.0289228272628923
488,1.7740000000000002,1.0289228272628923
489,1.7740000000000002,1.0289228272628923
490,1.7740000000000002,1.0289228272628923
491,1.7740000000000002,1.0289228272628923
492,1.7740000000000002,1.0289228272628923
493,1.7740000000000002,1.0289228272628923
494,1.7740000000000002,1.0289228272628923
495,1.7740000000000002,1.0289228272628923
496,1.7740000000000002,1.0289228272628923
497,1.7740000000000002,1.0289228272628923
498,1.7740000000000002,1.0289228272628923
499,1.7740000000000002,1.0289228272628923
500,1.7740000000000002,1.0289228272628923
501,1.7740000000000002,1.0289228272628923
502,1.7740000000000002,1.0289228272628923
503,1.7740000000000002,1.0289228272628923
504,1.7740000000000002,1.0289228272628923
505,1.7740000000000002,1.0289228272628923
506,1.7740000000000002,1.0289228272628923
507,1.7740000000000002,1.0289228272628923
508,1.7740000000000002,1.0289228272628923
509,1.7740000000000002,1.0289228272628923
510,1.7740000000000002,1.0289228272628923
511,1.7740000000000002,1.0289228272628923
512,1.7740000000000002,1.0289228272628923
513,1.7740000000000002,1.0289228272628923
514,1.7740000000000002,1.0289228272628923
515,1.7740000000000002,1.0289228272628923
516,1.7740000000000002,1.0289228272628923
517,1.7740000000000002,1.0289228272628923
518,1.7740000000000002,1.0289228272628923
519,1.7740000000000002,1.0289228272628923
520,1.7740000000000002,1.0289228272628923
521,1.7740000000000002,1.0289228272628923
522,1.7740000000000002,1.0289228272628923
523,1.7740000000000002,1.0289228272628923
524,1.7740000000000002,1.0289228272628923
525,1.7740000000000002,1.0289228272628923
526,1.7740000000000002,1.0289228272628923
527,1.7740000000000002,1.0289228272628923
528,1.7740000000000002,1.0289228272628923
529,1.7740000000000002,1.0289228272628923
530,1.7740000000000002,1.0289228272628923
531,1.7740000000000002,1.0289228272628923
532,1.7740000000000002,1.0289228272628923
533,1.7740000000000002,1.0289228272628923
534,1.7740000000000002,1.0289228272628923
535,1.7740000000000002,1.0289228272628923
536,1.7740000000000002,1.0289228272628923
537,1.7740000000000002,1.0289228272628923
538,1.7740000000000002,1.0289228272628923
539,1.7740000000000002,1.0289228272628923
540,1.7740000000000002,1.0289228272628923
541,1.7740000000000002,1.0289228272628923
542,1.7740000000000002,1.0289228272628923
543,1.7740000000000002,1.0289228272628923
544,1.7740000000000002,1.0289228272628923
545,1.7740000000000002,1.0289228272628923
546,1.7740000000000002,1.0289228272628923
547,1.7740000000000002,1.0289228272628923
548,1.7740000000000002,1.0289228272628923
549,1.7740000000000002,1.0289228272628923
550,1.7740000000000002,1.0289228272628923
551,1.7740000000000002,1.0289228272628923
552,1.7740000000000002,1.0289228272628923
553,1.7740000000000002,1.0289228272628923
554,1.7740000000000002,1.0289228272628923
555,1.7740000000000002,1.0289228272628923
556,1.7740000000000002,1.0289228272628923
557,1.7740000000000002,1.0289228272628923
558,1.7740000000000002,1.0289228272628923
559,1.7740000000000002,1.0289228272628923
560,1.7740000000000002,1.0289228272628923
561,1.7740000000000002,1.0289228272628923
562,1.7740000000000002,1.0289228272628923
563,1.7740000000000002,1.0289228272628923
564,1.7740000000000002,1.0289228272628923
565,1.7740000000000002,1.0289228272628923
566,1.7740000000000002,1.0289228272628923
567,1.7740000000000002,1.0289228272628923
568,1.7740000000000002,1.0289228272628923
569,1.7740000000000002,1.0289228272628923
570,1.7740000000000002,1.0289228272628923
571,1.7740000000000002,1.0289228272628923
572,1.7740000000000002,1.0289228272628923
573,1.7740000000000002,1.0289228272628923
574,1.7740000000000002,1.0289228272628923
575,1.7740000000000002,1.0289228272628923
576,1.7740000000000002,1.0289228272628923
577,1.7740000000000002,1.0289228272628923
578,1.7740000000000002,1.0289228272628923
579,1.7740000000000002,1.0289228272628923
580,1.7740000000000002,1.0289228272628923
581,1.7740000000000002,1.0289228272628923
582,1.7740000000000002,1.0289228272628923
583,1.7740000000000002,1.0289228272628923
584,1.7740000000000002,1.0289228272628923
585,1.7740000000000002,1.0289228272628923
586,1.7740000000000002,1.0289228272628923
587,1.7740000000000002,1.0289228272628923
588,1.7740000000000002,1.0289228272628923
589,1.7740000000000002,1.0289228272628923
590,1.7740000000000002,1.0289228272628923
591,1.7740000000000002,1.0289228272628923
592,1.7740000000000002,1.0289228272628923
593,1.7740000000000002,1.0289228272628923
594,1.7740000000000002,1.0289228272628923
595,1.7740000000000002,1.0289228272628923
596,1.7740000000000002,1.0289228272628923
597,1.7740000000000002,1.0289228272628923
598,1.7740000000000002,1.0289228272628923
599,1.7740000000000002,1.0289228272628923
600,1.7740000000000002,1.0289228272628923
601,1.7740000000000002,1.0289228272628923
602,1.7740000000000002,1.0289228272628923
603,1.7740000000000002,1.0289228272628923
604,1.7740000000000002,1.0289228272628923
605,1.7740000000000002,1.0289228272628923
606,1.7740000000000002,1.0289228272628923
607,1.7740000000000002,1.0289228272628923
608,1.7740000000000002,1.0289228272628923
609,1.7740000000000002,1.0289228272628923
610,1.7740000000000002,1.0289228272628923
611,1.7740000000000002,1.0289228272628923
612,1.7740000000000002,1.0289228272628923
613,1.7740000000000002,1.0289228272628923
614,1.7740000000000002,1.0289228272628923
615,1.7740000000000002,1.0289228272628923
616,1.7740000000000002,1.0289228272628923
617,1.7740000000000002,1.0289228272628923
618,1.7740000000000002,1.0289228272628923
619,1.7740000000000002,1.0289228272628923
620,1.7740000000000002,1.0289228272628923
621,1.7740000000000002,1.0289228272628923
622,1.7740000000000002,1.0289228272628923
623,1.7740000000000002,1.0289228272628923
624,1.7740000000000002,1.0289228272628923
625,1.7740000000000002,1.0289228272628923
626,1.7740000000000002,1.0289228272628923
627,1.7740000000000002,1.0289228272628923
628,1.7740000000000002,1.0289228272628923
629,1.7740000000000002,1.0289228272628923
630,1.7740000000000002,1.0289228272628923
631,1.7740000000000002,1.0289228272628923
632,1.7740000000000002,1.0289228272628923
633,1.7740000000000002,1.0289228272628923
634,1.7740000000000002,1.0289228272628923
635,1.7740000000000002,1.0289228272628923
636,1.7740000000000002,1.0289228272628923
637,1.7740000000000002,1.0289228272628923
638,1.7740000000000002,1.0289228272628923
639,1.7740000000000002,1.0289228272628923
640,1.7740000000000002,1.0289228272628923
641,1.7740000000000002,1.0289228272628923
642,1.7740000000000002,1.0289228272628923
643,1.7740000000000002,1.0289228272628923
644,1.7740000000000002,1.0289228272628923
645,1.7740000000000002,1.0289228272628923
646,1.7740000000000002,1.0289228272628923
647,1.7740000000000002,1.0289228272628923
648,1.7740000000000002,1.0289228272628923
649,1.7740000000000002,1.0289228272628923
650,1.7740000000000002,1.0289228272628923
651,1.7740000000000002,1.0289228272628923
652,1.7740000000000002,1.0289228272628923
653,1.7740000000000002,1.0289228272628923
654,1.7740000000000002,1.0289228272628923
655,1.7740000000000002,1.0289228272628923
656,1.7740000000000002,1.0289228272628923
657,1.7740000000000002,1.0289228272628923
658,1.7740000000000002,1.0289228272628923
659,1.7740000000000002,1.0289228272628923
660,1.7740000000000002,1.0289228272628923
661,1.7740000000000002,1.0289228272628923
662,1.7740000000000002,1.0289228272628923
663,1.7740000000000002,1.0289228272628923
664,1.7740000000000002,1.0289228272628923
665,1.7740000000000002,1.0289228272628923
666,1.7740000000000002,1.0289228272628923
667,1.7740000000000002,1.0289228272628923
668,1.7740000000000002,1.0289228272628923
669,1.7740000000000002,1.0289228272628923
670,1.7740000000000002,1.0289228272628923
671,1.7740000000000002,1.0289228272628923
672,1.7740000000000002,1.0289228272628923
673,1.7740000000000002,1.0289228272628923
674,1.7740000000000002,1.0289228272628923
675,1.7740000000000002,1.0289228272628923
676,1.7740000000000002,1.0289228272628923
677,1.7740000000000002,1.0289228272628923
678,1.7740000000000002,1.0289228272628923
679,1.7740000000000002,1.0289228272628923
680,1.7740000000000002,1.0289228272628923
681,1.7740000000000002,1.0289228272628923
682,1.7740000000000002,1.0289228272628923
683,1.7740000000000002,1.0289228272628923
684,1.7740000000000002,1.0289228272628923
685,1.7740000000000002,1.0289228272628923
686,1.7740000000000002,1.0289228272628923
687,1.7740000000000002,1.0289228272628923
688,1.7740000000000002,1.0289228272628923
689,1.7740000000000002,1.0289228272628923
690,1.7740000000000002,1.0289228272628923
691,1.7740000000000002,1.0289228272628923
692,1.7740000000000002,1.0289228272628923
693,1.7740000000000002,1.0289228272628923
694,1.7740000000000002,1.0289228272628923
695,1.7740000000000002,1.0289228272628923
696,1.7740000000000002,1.0289228272628923
697,1.7740000000000002,1.0289228272628923
698,1.7740000000000002,1.0289228272628923
699,1.7740000000000002,1.0289228272628923
700,1.7740000000000002,1.0289228272628923
701,1.7740000000000002,1.0289228272628923
702,1.7740000000000002,1.0289228272628923
703,1.7740000000000002,1.0289228272628923
704,1.7740000000000002,1.0289228272628923
705,1.7740000000000002,1.0289228272628923
706,1.7740000000000002,1.0289228272628923
707,1.7740000000000002,1.0289228272628923
708,1.7740000000000002,1.0289228272628923
709,1.7740000000000002,1.0289228272628923
710,1.7740000000000002,1.0289228272628923
711,1.7740000000000002,1.0289228272628923
712,1.7740000000000002,1.0289228272628923
713,1.7740000000000002,1.0289228272628923
714,1.7740000000000002,1.0289228272628923
715,1.7740000000000002,1.0289228272628923
716,1.7740000000000002,1.0289228272628923
717,1.7740000000000002,1.0289228272628923
718,1.7740000000000002,1.0289228272628923
719,1.7740000000000002,1.0289228272628923
720,1.7740000000000002,1.0289228272628923
721,1.7740000000000002,1.0289228272628923
722,1.7740000000000002,1.0289228272628923
723,1.7740000000000002,1.0289228272628923
724,1.7740000000000002,1.0289228272628923
725,1.7740000000000002,1.0289228272628923
726,1.7740000000000002,1.0289228272628923
727,1.7740000000000002,1.0289228272628923
728,1.7740000000000002,1.0289228272628923
729,1.7740000000000002,1.0289228272628923
730,1.7740000000000002,1.0289228272628923
731,1.7740000000000002,1.0289228272628923
732,1.7740000000000002,1.0289228272628923
733,1.7740000000000002,1.0289228272628923
734,1.7740000000000002,1.0289228272628923
735,1.7740000000000002,1.0289228272628923
736,1.7740000000000002,1.0289228272628923
737,1.7740000000000002,1.0289228272628923
738,1.7740000000000002,1.0289228272628923
739,1.7740000000000002,1.0289228272628923
740,1.7740000000000002,1.0289228272628923
741,1.7740000000000002,1.0289228272628923
742,1.7740000000000002,1.0289228272628923
743,1.7740000000000002,1.0289228272628923
744,1.7740000000000002,1.0289228272628923
745,1.7740000000000002,1.0289228272628923
746,1.7740000000000002,1.0289228272628923
747,1.7740000000000002,1.0289228272628923
748,1.7740000000000002,1.0289228272628923
749,1.7740000000000002,1.0289228272628923
750,1.7740000000000002,1.0289228272628923
751,1.7740000000000002,1.0289228272628923
752,1.7740000000000002,1.0289228272628923
753,1.7740000000000002,1.0289228272628923
754,1.7740000000000002,1.0289228272628923
755,1.7740000000000002,1.0289228272628923
756,1.7740000000000002,1.0289228272628923
757,1.7740000000000002,1.0289228272628923
758,1.7740000000000002,1.0289228272628923
759,1.7740000000000002,1.0289228272628923
760,1.7740000000000002,1.0289228272628923
761,1.7740000000000002,1.0289228272628923
762,1.7740000000000002,1.0289228272628923
763,1.7740000000000002,1.0289228272628923
764,1.7740000000000002,1.0289228272628923
765,1.7740000000000002,1.0289228272628923
766,1.7740000000000002,1.0289228272628923
767,1.7740000000000002,1.0289228272628923
768,1.7740000000000002,1.0289228272628923
769,1.7740000000000002,1.0289228272628923
770,1.7740000000000002,1.0289228272628923
771,1.7740000000000002,1.0289228272628923
772,1.7740000000000002,1.0289228272628923
773,1.7740000000000002,1.0289228272628923
774,1.7740000000000002,1.0289228272628923
775,1.7740000000000002,1.0289228272628923
776,1.7740000000000002,1.0289228272628923
777,1.7740000000000002,1.0289228272628923
778,1.7740000000000002,1.0289228272628923
779,1.7740000000000002,1.0289228272628923
780,1.7740000000000002,1.0289228272628923
781,1.7740000000000002,1.0289228272628923
782,1.7740000000000002,1.0289228272628923
783,1.7740000000000002,1.0289228272628923
784,1.7740000000000002,1.0289228272628923
785,1.7740000000000002,1.0289228272628923
786,1.7740000000000002,1.0289228272628923
787,1.7740000000000002,1.0289228272628923
788,1.7740000000000002,1.0289228272628923
789,1.7740000000000002,1.0289228272628923
790,1.7740000000000002,1.0289228272628923
791,1.7740000000000002,1.0289228272628923
792,1.7740000000000002,1.0289228272628923
793,1.7740000000000002,1.0289228272628923
794,1.7740000000000002,1.0289228272628923
795,1.7740000000000002,1.0289228272628923
796,1.7740000000000002,1.0289228272628923
797,1.7740000000000002,1.0289228272628923
798,1.7740000000000002,1.0289228272628923
799,1.7740000000000002,1.0289228272628923
800,1.7740000000000002,1.0289228272628923
801,1.7740000000000002,1.0289228272628923
802,1.7740000000000002,1.0289228272628923
803,1.7740000000000002,1.0289228272628923
804,1.7740000000000002,1.0289228272628923
805,1.7740000000000002,1.0289228272628923
806,1.7740000000000002,1.0289228272628923
807,1.7740000000000002,1.0289228272628923
808,1.7740000000000002,1.0289228272628923
809,1.7740000000000002,1.0289228272628923
810,1.7740000000000002,1.0289228272628923
811,1.7740000000000002,1.0289228272628923
812,1.7740000000000002,1.0289228272628923
813,1.7740000000000002,1.0289228272628923
814,1.7740000000000002,1.0289228272628923
815,1.7740000000000002,1.0289228272628923
816,1.7740000000000002,1.0289228272628923
817,1.7740000000000002,1.0289228272628923
818,1.7740000000000002,1.0289228272628923
819,1.7740000000000002,1.0289228272628923
820,1.7740000000000002,1.0289228272628923
821,1.7740000000000002,1.0289228272628923
822,1.7740000000000002,1.0289228272628923
823,1.7740000000000002,1.0289228272628923
824,1.7740000000000002,1.0289228272628923
825,1.7740000000000002,1.0289228272628923
826,1.7740000000000002,1.0289228272628923
827,1.7740000000000002,1.0289228272628923
828,1.7740000000000002,1.0289228272628923
829,1.7740000000000002,1.0289228272628923
830,1.7740000000000002,1.0289228272628923
831,1.7740000000000002,1.0289228272628923
832,1.7740000000000002,1.0289228272628923
833,1.7740000000000002,1.0289228272628923
834,1.7740000000000002,1.0289228272628923
835,1.7740000000000002,1.0289228272628923
836,1.7740000000000002,1.0289228272628923
837,1.7740000000000002,1.0289228272628923
838,1.7740000000000002,1.0289228272628923
839,1.7740000000000002,1.0289228272628923
840,1.7740000000000002,1.0289228272628923
841,1.7740000000000002,1.0289228272628923
842,1.7740000000000002,1.0289228272628923
843,1.7740000000000002,1.0289228272628923
844,1.7740000000000002,1.0289228272628923
845,1.7740000000000002,1.0289228272628923
846,1.7740000000000002,1.0289228272628923
847,1.7740000000000002,1.0289228272628923
848,1.7740000000000002,1.0289228272628923
849,1.7740000000000002,1.0289228272628923
850,1.7740000000000002,1.0289228272628923
851,1.7740000000000002,1.0289228272628923
852,1.7740000000000002,1.0289228272628923
853,1.7740000000000002,1.0289228272628923
854,1.7740000000000002,1.0289228272628923
855,1.7740000000000002,1.0289228272628923
856,1.7740000000000002,1.0289228272628923
857,1.7740000000000002,1.0289228272628923
858,1.7740000000000002,1.0289228272628923
859,1.7740000000000002,1.0289228272628923
860,1.7740000000000002,1.0289228272628923
861,1.7740000000000002,1.0289228272628923
862,1.7740000000000002,1.0289228272628923
863,1.7740000000000002,1.0289228272628923
864,1.7740000000000002,1.0289228272628923
865,1.7740000000000002,1.0289228272628923
866,1.7740000000000002,1.0289228272628923
867,1.7740000000000002,1.0289228272628923
868,1.7740000000000002,1.0289228272628923
869,1.7740000000000002,1.0289228272628923
870,1.7740000000000002,1.0289228272628923
871,1.7740000000000002,1.0289228272628923
872,1.7740000000000002,1.0289228272628923
873,1.7740000000000002,1.0289228272628923
874,1.7740000000000002,1.0289228272628923
875,1.7740000000000002,1.0289228272628923
876,1.7740000000000002,1.0289228272628923
877,1.7740000000000002,1.0289228272628923
878,1.7740000000000002,1.0289228272628923
879,1.7740000000000002,1.0289228272628923
880,1.7740000000000002,1.0289228272628923
881,1.7740000000000002,1.0289228272628923
882,1.7740000000000002,1.0289228272628923
883,1.7740000000000002,1.0289228272628923
884,1.7740000000000002,1.0289228272628923
885,1.7740000000000002,1.0289228272628923
886,1.7740000000000002,1.0289228272628923
887,1.7740000000000002,1.0289228272628923
888,1.7740000000000002,1.0289228272628923
889,1.7740000000000002,1.0289228272628923
890,1.7740000000000002,1.0289228272628923
891,1.7740000000000002,1.0289228272628923
892,1.7740000000000002,1.0289228272628923
893,1.7740000000000002,1.0289228272628923
894,1.7740000000000002,1.0289228272628923
895,1.7740000000000002,1.0289228272628923
896,1.7740000000000002,1.0289228272628923
897,1.7740000000000002,1.0289228272628923
898,1.7740000000000002,1.0289228272628923
899,1.7740000000000002,1.0289228272628923
900,1.7740000000000002,1.0289228272628923
901,1.7740000000000002,1.0289228272628923
902,1.7740000000000002,1.0289228272628923
903,1.7740000000000002,1.0289228272628923
904,1.7740000000000002,1.0289228272628923
905,1.7740000000000002,1.0289228272628923
906,1.7740000000000002,1.0289228272628923
907,1.7740000000000002,1.0289228272628923
908,1.7740000000000002,1.0289228272628923
909,1.7740000000000002,1.0289228272628923
910,1.7740000000000002,1.0289228272628923
911,1.7740000000000002,1.0289228272628923
912,1.7740000000000002,1.0289228272628923
913,1.7740000000000002,1.0289228272628923
914,1.7740000000000002,1.0289228272628923
915,1.7740000000000002,1.0289228272628923
916,1.7740000000000002,1.0289228272628923
917,1.7740000000000002,1.0289228272628923
918,1.7740000000000002,1.0289228272628923
919,1.7740000000000002,1.0289228272628923
920,1.7740000000000002,1.0289228272628923
921,1.7740000000000002,1.0289228272628923
922,1.7740000000000002,1.0289228272628923
923,1.7740000000000002,1.0289228272628923
924,1.7740000000000002,1.0289228272628923
925,1.7740000000000002,1.0289228272628923
926,1.7740000000000002,1.0289228272628923
927,1.7740000000000002,1.0289228272628923
928,1.7740000000000002,1.0289228272628923
929,1.7740000000000002,1.0289228272628923
930,1.7740000000000002,1.0289228272628923
931,1.7740000000000002,1.0289228272628923
932,1.7740000000000002,1.0289228272628923
933,1.7740000000000002,1.0289228272628923
934,1.7740000000000002,1.0289228272628923
935,1.7740000000000002,1.0289228272628923
936,1.7740000000000002,1.0289228272628923
937,1.7740000000000002,1.0289228272628923
938,1.7740000000000002,1.0289228272628923
939,1.7740000000000002,1.0289228272628923
940,1.7740000000000002,1.0289228272628923
941,1.7740000000000002,1.0289228272628923
942,1.7740000000000002,1.0289228272628923
943,1.7740000000000002,1.0289228272628923
944,1.7740000000000002,1.0289228272628923
945,1.7740000000000002,1.0289228272628923
946,1.7740000000000002,1.0289228272628923
947,1.7740000000000002,1.0289228272628923
948,1.7740000000000002,1.0289228272628923
949,1.7740000000000002,1.0289228272628923
950,1.7740000000000002,1.0289228272628923
951,1.7740000000000002,1.0289228272628923
952,1.7740000000000002,1.0289228272628923
953,1.7740000000000002,1.0289228272628923
954,1.7740000000000002,1.0289228272628923
955,1.7740000000000002,1.0289228272628923
956,1.7740000000000002,1.0289228272628923
957,1.7740000000000002,1.0289228272628923
958,1.7740000000000002,1.0289228272628923
959,1.7740000000000002,1.0289228272628923
960,1.7740000000000002,1.0289228272628923
961,1.7740000000000002,1.0289228272628923
962,1.7740000000000002,1.0289228272628923
963,1.7740000000000002,1.0289228272628923
964,1.7740000000000002,1.0289228272628923
965,1.7740000000000002,1.0289228272628923
966,1.7740000000000002,1.0289228272628923
967,1.7740000000000002,1.0289228272628923
968,1.7740000000000002,1.0289228272628923
969,1.7740000000000002,1.0289228272628923
970,1.7740000000000002,1.0289228272628923
971,1.7740000000000002,1.0289228272628923
972,1.7740000000000002,1.0289228272628923
973,1.7740000000000002,1.0289228272628923
974,1.7740000000000002,1.0289228272628923
975,1.7740000000000002,1.0289228272628923
976,1.7740000000000002,1.0289228272628923
977,1.7740000000000002,1.0289228272628923
978,1.7740000000000002,1.0289228272628923
979,1.7740000000000002,1.0289228272628923
980,1.7740000000000002,1.0289228272628923
981,1.7740000000000002,1.0289228272628923
982,1.7740000000000002,1.0289228272628923
983,1.7740000000000002,1.0289228272628923
984,1.7740000000000002,1.0289228272628923
985,1.7740000000000002,1.0289228272628923
986,1.7740000000000002,1.0289228272628923
987,1.7740000000000002,1.0289228272628923
988,1.7740000000000002,1.0289228272628923
989,1.7740000000000002,1.0289228272628923
990,1.7740000000000002,1.0289228272628923
991,1.7740000000000002,1.0289228272628923
992,1.7740000000000002,1.0289228272628923
993,1.7740000000000002,1.0289228272628923
994,1.7740000000000002,1.0289228272628923
995,1.7740000000000002,1.0289228272628923
996,1.7740000000000002,1.0289228272628923
997,1.7740000000000002,1.0289228272628923
998,1.7740000000000002,1.0289228272628923
999,1.7740000000000002,1.0289228272628923
1000,1.7740000000000002,1.0289228272628923
1001,1.7740000000000002,1.0289228272628923
1002,1.7740000000000002,1.0289228272628923
1003,1.7740000000000002,1.0289228272628923
1004,1.7740000000000002,1.0289228272628923
1005,1.7740000000000002,1.0289228272628923
1006,1.7740000000000002,1.0289228272628923
1007,1.7740000000000002,1.0289228272628923
1008,1.7740000000000002,1.0289228272628923
1009,1.7740000000000002,1.0289228272628923
1010,1.7740000000000002,1.0289228272628923
1011,1.7740000000000002,1.0289228272628923
1012,1.7740000000000002,1.0289228272628923
1013,1.7740000000000002,1.0289228272628923
1014,1.7740000000000002,1.0289228272628923
1015,1.7740000000000002,1.0289228272628923
1016,1.7740000000000002,1.0289228272628923
1017,1.7740000000000002,1.0289228272628923
1018,1.7740000000000002,1.0289228272628923
1019,1.7740000000000002,1.0289228272628923
1020,1.7740000000000002,1.0289228272628923
1021,1.7740000000000002,1.0289228272628923
1022,1.7740000000000002,1.0289228272628923
1023,1.7740000000000002,1.0289228272628923
1024,1.7740000000000002,1.0289228272628923
1025,1.7740000000000002,1.0289228272628923
1026,1.7740000000000002,1.0289228272628923
1027,1.7740000000000002,1.0289228272628923
1028,1.7740000000000002,1.0289228272628923
1029,1.7740000000000002,1.0289228272628923
1030,1.7740000000000002,1.0289228272628923
1031,1.7740000000000002,1.0289228272628923
1032,1.7740000000000002,1.0289228272628923
1033,1.7740000000000002,1.0289228272628923
1034,1.7740000000000002,1.0289228272628923
1035,1.7740000000000002,1.0289228272628923
1036,1.7740000000000002,1.0289228272628923
1037,1.7740000000000002,1.0289228272628923
1038,1.7740000000000002,1.0289228272628923
1039,1.7740000000000002,1.0289228272628923
1040,1.7740000000000002,1.0289228272628923
1041,1.7740000000000002,1.0289228272628923
1042,1.7740000000000002,1.0289228272628923
1043,1.7740000000000002,1.0289228272628923
1044,1.7740000000000002,1.0289228272628923
1045,1.7740000000000002,1.0289228272628923
1046,1.7740000000000002,1.0289228272628923
1047,1.7740000000000002,1.0289228272628923
1048,1.7740000000000002,1.0289228272628923
1049,1.7740000000000002,1.0289228272628923
1050,1.7740000000000002,1.0289228272628923
1051,1.7740000000000002,1.0289228272628923
1052,1.7740000000000002,1.0289228272628923
1053,1.7740000000000002,1.0289228272628923
1054,1.7740000000000002,1.0289228272628923
1055,1.7740000000000002,1.0289228272628923
1056,1.7740000000000002,1.0289228272628923
1057,1.7740000000000002,1.0289228272628923
1058,1.7740000000000002,1.0289228272628923
1059,1.6600000000000001,1.0289228272628923
1060,1.6600000000000001,1.0289228272628923
1061,1.6600000000000001,1.0289228272628923
1062,1.6600000000000001,1.0289228272628923
1063,1.6600000000000001,1.0289228272628923
1064,1.6600000000000001,1.0289228272628923
1065,1.6600000000000001,1.0289228272628923
1066,1.6600000000000001,1.0289228272628923
1067,1.6600000000000001,1.0289228272628923
1068,1.6600000000000001,1.0289228272628923
1069,1.6600000000000001,1.0289228272628923
1070,1.6600000000000001,1.0289228272628923
1071,1.6600000000000001,1.0289228272628923
1072,1.6600000000000001,1.0289228272628923
1073,1.6600000000000001,1.0289228272628923
1074,1.6600000000000001,1.0289228272628923
1075,1.6600000000000001,1.0289228272628923
1076,1.6600000000000001,1.0289228272628923
1077,1.6600000000000001,1.0289228272628923
1078,1.6600000000000001,1.0289228272628923
1079,1.6600000000000001,1.0289228272628923
1080,1.6600000000000001,1.0289228272628923
1081,1.6600000000000001,1.0289228272628923
1082,1.6600000000000001,1.0289228272628923
1083,1.6600000000000001,1.0289228272628923
1084,1.6600000000000001,1.0289228272628923
1085,1.6600000000000001,1.0289228272628923
1086,1.6600000000000001,1.0289228272628923
1087,1.6600000000000001,1.0289228272628923
1088,1.6600000000000001,1.0289228272628923
1089,1.6600000000000001,1.0289228272628923
1090,1.6600000000000001,1.0289228272628923
1091,1.6600000000000001,1.0289228272628923
1092,1.6600000000000001,1.0289228272628923
1093,1.6600000000000001,1.0289228272628923
1094,1.6600000000000001,1.0289228272628923
1095,1.6600000000000001,1.0289228272628923
1096,1.6600000000000001,1.0289228272628923
1097,1.6600000000000001,1.0289228272628923
1098,1.6600000000000001,1.0289228272628923
1099,1.6600000000000001,1.0289228272628923
1100,1.6600000000000001,1.0289228272628923
1101,1.6600000000000001,1.0289228272628923
1102,1.6600000000000001,1.0289228272628923
1103,1.6600000000000001,1.0289228272628923
1104,1.6600000000000001,1.0289228272628923
1105,1.6600000000000001,1.0289228272628923
1106,1.6600000000000001,1.0289228272628923
1107,1.6600000000000001,1.0289228272628923
1108,1.6600000000000001,1.0289228272628923
1109,1.6600000000000001,1.0289228272628923
1110,1.6600000000000001,1.0289228272628923
1111,1.6600000000000001,1.0289228272628923
1112,1.6600000000000001,1.0289228272628923
1113,1.6600000000000001,1.0289228272628923
1114,1.6600000000000001,1.0289228272628923
1115,1.6600000000000001,1.0289228272628923
1116,1.6600000000000001,1.0289228272628923
1117,1.6600000000000001,1.0289228272628923
1118,1.6600000000000001,1.0289228272628923
1119,1.6600000000000001,1.0289228272628923
1120,1.6600000000000001,1.0289228272628923
1121,1.6600000000000001,1.0289228272628923
1122,1.6600000000000001,1.0289228272628923
1123,1.6600000000000001,1.0289228272628923
1124,1.6600000000000001,1.0289228272628923
1125,1.6600000000000001,1.0289228272628923
1126,1.6600000000000001,1.0289228272628923
1127,1.6600000000000001,1.0289228272628923
1128,1.6600000000000001,1.0289228272628923
1129,1.6600000000000001,1.0289228272628923
1130,1.6600000000000001,1.0289228272628923
1131,1.6600000000000001,1.0289228272628923
1132,1.6600000000000001,1.0289228272628923
1133,1.6600000000000001,1.0289228272628923
1134,1.6600000000000001,1.0289228272628923
1135,1.6600000000000001,1.0289228272628923
1136,1.6600000000000001,1.0289228272628923
1137,1.6600000000000001,1.0289228272628923
1138,1.6600000000000001,1.0289228272628923
1139,1.6600000000000001,1.0289228272628923
1140,1.6600000000000001,1.0289228272628923
1141,1.6600000000000001,1.0289228272628923
1142,1.6600000000000001,1.0289228272628923
1143,1.6600000000000001,1.0289228272628923
1144,1.6600000000000001,1.0289228272628923
1145,1.6600000000000001,1.0289228272628923
1146,1.6600000000000001,1.0289228272628923
1147,1.6600000000000001,1.0289228272628923
1148,1.6600000000000001,1.0289228272628923
1149,1.6600000000000001,1.0289228272628923
1150,1.6600000000000001,1.0289228272628923
1151,1.6600000000000001,1.0289228272628923
1152,1.6600000000000001,1.0289228272628923
1153,1.6600000000000001,1.0289228272628923
1154,1.6600000000000001,1.0289228272628923
1155,1.6600000000000001,1.0289228272628923
1156,1.6600000000000001,1.0289228272628923
1157,1.6600000000000001,1.0289228272628923
1158,1.6600000000000001,1.0289228272628923
1159,1.6600000000000001,1.0289228272628923
1160,1.6600000000000001,1.0289228272628923
1161,1.6600000000000001,1.0289228272628923
1162,1.6600000000000001,1.0289228272628923
1163,1.6600000000000001,1.0289228272628923
1164,1.6600000000000001,1.0289228272628923
1165,1.6600000000000001,1.0289228272628923
1166,1.6600000000000001,1.0289228272628923
1167,1.6600000000000001,1.0289228272628923
1168,1.6600000000000001,1.0289228272628923
1169,1.6600000000000001,1.0289228272628923
1170,1.6600000000000001,1.0289228272628923
1171,1.6600000000000001,1.0289228272628923
1172,1.6600000000000001,1.0289228272628923
1173,1.6600000000000001,1.0289228272628923
1174,1.6600000000000001,1.0289228272628923
1175,1.6600000000000001,1.0289228272628923
1176,1.6600000000000001,1.0289228272628923
1177,1.6600000000000001,1.0289228272628923
1178,1.6600000000000001,1.0289228272628923
1179,1.6600000000000001,1.0289228272628923
1180,1.6600000000000001,1.0289228272628923
1181,1.6600000000000001,1.0289228272628923
1182,1.6600000000000001,1.0289228272628923
1183,1.6600000000000001,1.0289228272628923
1184,1.6600000000000001,1.0289228272628923
1185,1.6600000000000001,1.0289228272628923
1186,1.6600000000000001,1.0289228272628923
1187,1.6600000000000001,1.0289228272628923
1188,1.6600000000000001,1.0289228272628923
1189,1.6600000000000001,1.0289228272628923
1190,1.6600000000000001,1.0289228272628923
1191,1.6600000000000001,1.0289228272628923
1192,1.6600000000000001,1.0289228272628923
1193,1.6600000000000001,1.0289228272628923
1194,1.6600000000000001,1.0289228272628923
1195,1.6600000000000001,1.0289228272628923
1196,1.6600000000000001,1.0289228272628923
1197,1.6600000000000001,1.0289228272628923
1198,1.6600000000000001,1.0289228272628923
1199,1.6600000000000001,1.0289228272628923
1200,1.6600000000000001,1.0289228272628923
1201,1.6600000000000001,1.0289228272628923
1202,1.6600000000000001,1.0289228272628923
1203,1.6600000000000001,1.0289228272628923
1204,1.6600000000000001,1.0289228272628923
1205,1.6600000000000001,1.0289228272628923
1206,1.6600000000000001,1.0289228272628923
1207,1.6600000000000001,1.0289228272628923
1208,1.6600000000000001,1.0289228272628923
1209,1.6600000000000001,1.0289228272628923
1210,1.6600000000000001,1.0289228272628923
1211,1.6600000000000001,1.0289228272628923
1212,1.6600000000000001,1.0289228272628923
1213,1.6600000000000001,1.0289228272628923
1214,1.6600000000000001,1.0289228272628923
1215,1.6600000000000001,1.0289228272628923
1216,1.6600000000000001,1.0289228272628923
1217,1.6600000000000001,1.0289228272628923
1218,1.6600000000000001,1.0289228272628923
1219,1.6600000000000001,1.0289228272628923
1220,1.6600000000000001,1.0289228272628923
1221,1.6600000000000001,1.0289228272628923
1222,1.6600000000000001,1.0289228272628923
1223,1.6600000000000001,1.0289228272628923
1224,1.6600000000000001,1.0289228272628923
1225,1.6600000000000001,1.0289228272628923
1226,1.6600000000000001,1.0289228272628923
1227,1.6600000000000001,1.0289228272628923
1228,1.6600000000000001,1.0289228272628923
1229,1.6600000000000001,1.0289228272628923
1230,1.6600000000000001,1.0289228272628923
1231,1.6600000000000001,1.0289228272628923
1232,1.6600000000000001,1.0289228272628923
1233,1.6600000000000001,1.0289228272628923
1234,1.6600000000000001,1.0289228272628923
1235,1.6600000000000001,1.0289228272628923
1236,1.6600000000000001,1.0289228272628923
1237,1.6600000000000001,1.0289228272628923
1238,1.6600000000000001,1.0289228272628923
1239,1.6600000000000001,1.0289228272628923
1240,1.6600000000000001,1.0289228272628923
1241,1.6600000000000001,1.0289228272628923
1242,1.6600000000000001,1.0289228272628923
1243,1.6600000000000001,1.0289228272628923
1244,1.6600000000000001,1.0289228272628923
1245,1.6600000000000001,1.0289228272628923
1246,1.6600000000000001,1.0289228272628923
1247,1.6600000000000001,1.0289228272628923
1248,1.6600000000000001,1.0289228272628923
1249,1.6600000000000001,1.0289228272628923
1250,1.6600000000000001,1.0289228272628923
1251,1.6600000000000001,1.0289228272628923
1252,1.6600000000000001,1.0289228272628923
1253,1.6600000000000001,1.0289228272628923
1254,1.6600000000000001,1.0289228272628923
1255,1.6600000000000001,1.0289228272628923
1256,1.6600000000000001,1.0289228272628923
1257,1.6600000000000001,1.0289228272628923
1258,1.6600000000000001,1.0289228272628923
1259,1.6600000000000001,1.0289228272628923
1260,1.6600000000000001,1.0289228272628923
1261,1.6600000000000001,1.0289228272628923
1262,1.6600000000000001,1.0289228272628923
1263,1.6600000000000001,1.0289228272628923
1264,1.6600000000000001,1.0289228272628923
1265,1.6600000000000001,1.0289228272628923
1266,1.6600000000000001,1.0289228272628923
1267,1.6600000000000001,1.0289228272628923
1268,1.6600000000000001,1.0289228272628923
1269,1.6600000000000001,1.0289228272628923
1270,1.6600000000000001,1.0289228272628923
1271,1.6600000000000001,1.0289228272628923
1272,1.6600000000000001,1.0289228272628923
1273,1.6600000000000001,1.0289228272628923
1274,1.6600000000000001,1.0289228272628923
1275,1.6600000000000001,1.0289228272628923
1276,1.6600000000000001,1.0289228272628923
1277,1.6600000000000001,1.0289228272628923
1278,1.6600000000000001,1.0289228272628923
1279,1.6600000000000001,1.0289228272628923
1280,1.6600000000000001,1.0289228272628923
1281,1.6600000000000001,1.0289228272628923
1282,1.6600000000000001,1.0289228272628923
1283,1.6600000000000001,1.0289228272628923
1284,1.6600000000000001,1.0289228272628923
1285,1.6600000000000001,1.0289228272628923
1286,1.6600000000000001,1.0289228272628923
1287,1.6600000000000001,1.0289228272628923
1288,1.6600000000000001,1.0289228272628923
1289,1.6600000000000001,1.0289228272628923
1290,1.6600000000000001,1.0289228272628923
1291,1.6600000000000001,1.0289228272628923
1292,1.6600000000000001,1.0289228272628923
1293,1.6600000000000001,1.0289228272628923
1294,1.6600000000000001,1.0289228272628923
1295,1.6600000000000001,1.0289228272628923
1296,1.6600000000000001,1.0289228272628923
1297,1.6600000000000001,1.0289228272628923
1298,1.6600000000000001,1.0289228272628923
1299,1.6600000000000001,1.0289228272628923
1300,1.6600000000000001,1.0289228272628923
1301,1.6600000000000001,1.0289228272628923
1302,1.6600000000000001,1.0289228272628923
1303,1.6600000000000001,1.0289228272628923
1304,1.6600000000000001,1.0289228272628923
1305,1.6600000000000001,1.0289228272628923
1306,1.6600000000000001,1.0289228272628923
1307,1.6600000000000001,1.0289228272628923
1308,1.6600000000000001,1.0289228272628923
1309,1.6600000000000001,1.0289228272628923
1310,1.6600000000000001,1.0289228272628923
1311,1.6600000000000001,1.0289228272628923
1312,1.6600000000000001,1.0289228272628923
1313,1.6600000000000001,1.0289228272628923
1314,1.6600000000000001,1.0289228272628923
1315,1.6600000000000001,1.0289228272628923
1316,1.6600000000000001,1.0289228272628923
1317,1.6600000000000001,1.0289228272628923
1318,1.6600000000000001,1.0289228272628923
1319,1.6600000000000001,1.0289228272628923
1320,1.6600000000000001,1.0289228272628923
1321,1.6600000000000001,1.0289228272628923
1322,1.6600000000000001,1.0289228272628923
1323,1.6600000000000001,1.0289228272628923
1324,1.6600000000000001,1.0289228272628923
1325,1.6600000000000001,1.0289228272628923
1326,1.6600000000000001,1.0289228272628923
1327,1.6600000000000001,1.0289228272628923
1328,1.6600000000000001,1.0289228272628923
1329,1.6600000000000001,1.0289228272628923
1330,1.6600000000000001,1.0289228272628923
1331,1.6600000000000001,1.0289228272628923
1332,1.6600000000000001,1.0289228272628923
1333,1.6600000000000001,1.0289228272628923
1334,1.6600000000000001,1.0289228272628923
1335,1.6600000000000001,1.0289228272628923
1336,1.6600000000000001,1.0289228272628923
1337,1.6600000000000001,1.0289228272628923
1338,1.6600000000000001,1.0289228272628923
1339,1.6600000000000001,1.0289228272628923
1340,1.6600000000000001,1.0289228272628923
1341,1.6600000000000001,1.0289228272628923
1342,1.6600000000000001,1.0289228272628923
1343,1.6600000000000001,1.0289228272628923
1344,1.6600000000000001,1.0289228272628923
1345,1.6600000000000001,1.0289228272628923
1346,1.6600000000000001,1.0289228272628923
1347,1.6600000000000001,1.0289228272628923
1348,1.6600000000000001,1.0289228272628923
1349,1.6600000000000001,1.0289228272628923
1350,1.6600000000000001,1.0289228272628923
1351,1.6600000000000001,1.0289228272628923
1352,1.6600000000000001,1.0289228272628923
1353,1.6600000000000001,1.0289228272628923
1354,1.6600000000000001,1.0289228272628923
1355,1.6600000000000001,1.0289228272628923
1356,1.6600000000000001,1.0289228272628923
1357,1.6600000000000001,1.0289228272628923
1358,1.6600000000000001,1.0289228272628923
1359,1.6600000000000001,1.0289228272628923
1360,1.6600000000000001,1.0289228272628923
1361,1.6600000000000001,1.0289228272628923
1362,1.6600000000000001,1.0289228272628923
1363,1.6600000000000001,1.0289228272628923
1364,1.6600000000000001,1.0289228272628923
1365,1.6600000000000001,1.0289228272628923
1366,1.6600000000000001,1.0289228272628923
1367,1.6600000000000001,1.0289228272628923
1368,1.6600000000000001,1.0289228272628923
1369,1.6600000000000001,1.0289228272628923
1370,1.6600000000000001,1.0289228272628923
1371,1.6600000000000001,1.0289228272628923
1372,1.6600000000000001,1.0289228272628923
1373,1.6600000000000001,1.0289228272628923
1374,1.6600000000000001,1.0289228272628923
1375,1.6600000000000001,1.0289228272628923
1376,1.6600000000000001,1.0289228272628923
1377,1.6600000000000001,1.0289228272628923
1378,1.6600000000000001,1.0289228272628923
1379,1.6600000000000001,1.0289228272628923
1380,1.6600000000000001,1.0289228272628923
1381,1.6600000000000001,1.0289228272628923
1382,1.6600000000000001,1.0289228272628923
1383,1.6600000000000001,1.0289228272628923
1384,1.6600000000000001,1.0289228272628923
1385,1.6600000000000001,1.0289228272628923
1386,1.6600000000000001,1.0289228272628923
1387,1.6600000000000001,1.0289228272628923
1388,1.6600000000000001,1.0289228272628923
1389,1.6600000000000001,1.0289228272628923
1390,1.6600000000000001,1.0289228272628923
1391,1.6600000000000001,1.0289228272628923
1392,1.6600000000000001,1.0289228272628923
1393,1.6600000000000001,1.0289228272628923
1394,1.6600000000000001,1.0289228272628923
1395,1.6600000000000001,1.0289228272628923
1396,1.6600000000000001,1.0289228272628923
1397,1.6600000000000001,1.0289228272628923
1398,1.6600000000000001,1.0289228272628923
1399,1.6600000000000001,1.0289228272628923
1400,1.6600000000000001,1.0289228272628923
1401,1.6600000000000001,1.0289228272628923
1402,1.6600000000000001,1.0289228272628923
1403,1.6600000000000001,1.0289228272628923
1404,1.6600000000000001,1.0289228272628923
1405,1.6600000000000001,1.0289228272628923
1406,1.6600000000000001,1.0289228272628923
1407,1.6600000000000001,1.0289228272628923
1408,1.6600000000000001,1.0289228272628923
1409,1.6600000000000001,1.0289228272628923
1410,1.6600000000000001,1.0289228272628923
1411,1.6600000000000001,1.0289228272628923
1412,1.6600000000000001,1.0289228272628923
1413,1.6600000000000001,1.0289228272628923
1414,1.6600000000000001,1.0289228272628923
1415,1.6600000000000001,1.0289228272628923
1416,1.6600000000000001,1.0289228272628923
1417,1.6600000000000001,1.0289228272628923
1418,1.6600000000000001,1.0289228272628923
1419,1.6600000000000001,1.0289228272628923
1420,1.6600000000000001,1.0289228272628923
1421,1.6600000000000001,1.0289228272628923
1422,1.6600000000000001,1.0289228272628923
1423,1.6600000000000001,1.0289228272628923
1424,1.6600000000000001,1.0289228272628923
1425,1.6600000000000001,1.0289228272628923
1426,1.6600000000000001,1.0289228272628923
1427,1.6600000000000001,1.0289228272628923
1428,1.6600000000000001,1.0289228272628923
1429,1.6600000000000001,1.0289228272628923
1430,1.6600000000000001,1.0289228272628923
1431,1.6600000000000001,1.0289228272628923
1432,1.6600000000000001,1.0289228272628923
1433,1.6600000000000001,1.0289228272628923
1434,1.6600000000000001,1.0289228272628923
1435,1.6600000000000001,1.0289228272628923
1436,1.6600000000000001,1.0289228272628923
1437,1.6600000000000001,1.0289228272628923
1438,1.6600000000000001,1.0289228272628923
1439,1.6600000000000001,1.0289228272628923
1440,1.6600000000000001,1.0289228272628923
1441,1.6600000000000001,1.0289228272628923
1442,1.6600000000000001,1.0289228272628923
1443,1.6600000000000001,1.0289228272628923
1444,1.6600000000000001,1.0289228272628923
1445,1.6600000000000001,1.0289228272628923
1446,1.6600000000000001,1.0289228272628923
1447,1.6600000000000001,1.0289228272628923
1448,1.6600000000000001,1.0289228272628923
1449,1.6600000000000001,1.0289228272628923
1450,1.6600000000000001,1.0289228272628923
1451,1.6600000000000001,1.0289228272628923
1452,1.6600000000000001,1.0289228272628923
1453,1.6600000000000001,1.0289228272628923
1454,1.6600000000000001,1.0289228272628923
1455,1.6600000000000001,1.0289228272628923
1456,1.6600000000000001,1.0289228272628923
1457,1.6600000000000001,1.0289228272628923
1458,1.6600000000000001,1.0289228272628923
1459,1.6600000000000001,1.0289228272628923
1460,1.6600000000000001,1.0289228272628923
1461,1.6600000000000001,1.0289228272628923
1462,1.6600000000000001,1.0289228272628923
1463,1.6600000000000001,1.0289228272628923
1464,1.6600000000000001,1.0289228272628923
1465,1.6600000000000001,1.0289228272628923
1466,1.6600000000000001,1.0289228272628923
1467,1.6600000000000001,1.0289228272628923
1468,1.6600000000000001,1.0289228272628923
1469,1.6600000000000001,1.0289228272628923
1470,1.6600000000000001,1.0289228272628923
1471,1.6600000000000001,1.0289228272628923
1472,1.6600000000000001,1.0289228272628923
1473,1.6600000000000001,1.0289228272628923
1474,1.6600000000000001,1.0289228272628923
1475,1.6600000000000001,1.0289228272628923
1476,1.6600000000000001,1.0289228272628923
1477,1.6600000000000001,1.0289228272628923
1478,1.6600000000000001,1.0289228272628923
1479,1.6600000000000001,1.0289228272628923
1480,1.6600000000000001,1.0289228272628923
1481,1.6600000000000001,1.0289228272628923
1482,1.6600000000000001,1.0289228272628923
1483,1.6600000000000001,1.0289228272628923
1484,1.6600000000000001,1.0289228272628923
1485,1.6600000000000001,1.0289228272628923
1486,1.6600000000000001,1.0289228272628923
1487,1.6600000000000001,1.0289228272628923
1488,1.6600000000000001,1.0289228272628923
1489,1.6600000000000001,1.0289228272628923
1490,1.6600000000000001,1.0289228272628923
1491,1.6600000000000001,1.0289228272628923
1492,1.6600000000000001,1.0289228272628923
1493,1.6600000000000001,1.0289228272628923
1494,1.6600000000000001,1.0289228272628923
1495,1.6600000000000001,1.0289228272628923
1496,1.6600000000000001,1.0289228272628923
1497,1.6600000000000001,1.0289228272628923
1498,1.6600000000000001,1.0289228272628923
1499,1.6600000000000001,1.0289228272628923
1500,1.6600000000000001,1.0289228272628923
1501,1.6600000000000001,1.0289228272628923
1502,1.6600000000000001,1.0289228272628923
1503,1.6600000000000001,1.0289228272628923
1504,1.6600000000000001,1.0289228272628923
1505,1.6600000000000001,1.0289228272628923
1506,1.6600000000000001,1.0289228272628923
1507,1.6600000000000001,1.0289228272628923
1508,1.6600000000000001,1.0289228272628923
1509,1.6600000000000001,1.0289228272628923
1510,1.6600000000000001,1.0289228272628923
1511,1.6600000000000001,1.0289228272628923
1512,1.6600000000000001,1.0289228272628923
1513,1.6600000000000001,1.0289228272628923
1514,1.6600000000000001,1.0289228272628923
1515,1.6600000000000001,1.0289228272628923
1516,1.6600000000000001,1.0289228272628923
1517,1.6600000000000001,1.0289228272628923
1518,1.6600000000000001,1.0289228272628923
1519,1.6600000000000001,1.0289228272628923
1520,1.6600000000000001,1.0289228272628923
1521,1.6600000000000001,1.0289228272628923
1522,1.6600000000000001,1.0289228272628923
1523,1.6600000000000001,1.0289228272628923
1524,1.6600000000000001,1.0289228272628923
1525,1.6600000000000001,1.0289228272628923
1526,1.6600000000000001,1.0289228272628923
1527,1.6600000000000001,1.0289228272628923
1528,1.6600000000000001,1.0289228272628923
1529,1.6600000000000001,1.0289228272628923
1530,1.6600000000000001,1.0289228272628923
1531,1.6600000000000001,1.0289228272628923
1532,1.6600000000000001,1.0289228272628923
1533,1.6600000000000001,1.0289228272628923
1534,1.6600000000000001,1.0289228272628923
1535,1.6600000000000001,1.0289228272628923
1536,1.6600000000000001,1.0289228272628923
1537,1.6600000000000001,1.0289228272628923
1538,1.6600000000000001,1.0289228272628923
1539,1.6600000000000001,1.0289228272628923
1540,1.6600000000000001,1.0289228272628923
1541,1.6600000000000001,1.0289228272628923
1542,1.6600000000000001,1.0289228272628923
1543,1.6600000000000001,1.0289228272628923
1544,1.6600000000000001,1.0289228272628923
1545,1.6600000000000001,1.0289228272628923
1546,1.6600000000000001,1.0289228272628923
1547,1.6600000000000001,1.0289228272628923
1548,1.6600000000000001,1.0289228272628923
1549,1.6600000000000001,1.0289228272628923
1550,1.6600000000000001,1.0289228272628923
1551,1.6600000000000001,1.0289228272628923
1552,1.6600000000000001,1.0289228272628923
1553,1.6600000000000001,1.0289228272628923
1554,1.6600000000000001,1.0289228272628923
1555,1.6600000000000001,1.0289228272628923
1556,1.6600000000000001,1.0289228272628923
1557,1.6600000000000001,1.0289228272628923
1558,1.6600000000000001,1.0289228272628923
1559,1.6600000000000001,1.0289228272628923
1560,1.6600000000000001,1.0289228272628923
1561,1.6600000000000001,1.0289228272628923
1562,1.6600000000000001,1.0289228272628923
1563,1.6600000000000001,1.0289228272628923
1564,1.6600000000000001,1.0289228272628923
1565,1.6600000000000001,1.0289228272628923
1566,1.6600000000000001,1.0289228272628923
1567,1.6600000000000001,1.0289228272628923
1568,1.6600000000000001,1.0289228272628923
1569,1.6600000000000001,1.0289228272628923
1570,1.6600000000000001,1.0289228272628923
1571,1.6600000000000001,1.0289228272628923
1572,1.6600000000000001,1.0289228272628923
1573,1.6600000000000001,1.0289228272628923
1574,1.6600000000000001,1.0289228272628923
1575,1.6600000000000001,1.0289228272628923
1576,1.6600000000000001,1.0289228272628923
1577,1.6600000000000001,1.0289228272628923
1578,1.6600000000000001,1.0289228272628923
1579,1.6600000000000001,1.0289228272628923
1580,1.6600000000000001,1.0289228272628923
1581,1.6600000000000001,1.0289228272628923
1582,1.6600000000000001,1.0289228272628923
1583,1.6600000000000001,1.0289228272628923
1584,1.6600000000000001,1.0289228272628923
1585,1.6600000000000001,1.0289228272628923
1586,1.6600000000000001,1.0289228272628923
1587,1.6600000000000001,1.0289228272628923
1588,1.6600000000000001,1.0289228272628923
1589,1.6600000000000001,1.0289228272628923
1590,1.6600000000000001,1.0289228272628923
1591,1.6600000000000001,1.0289228272628923
1592,1.6600000000000001,1.0289228272628923
1593,1.6600000000000001,1.0289228272628923
1594,1.6600000000000001,1.0289228272628923
1595,1.6600000000000001,1.0289228272628923
1596,1.6600000000000001,1.0289228272628923
1597,1.6600000000000001,1.0289228272628923
1598,1.6600000000000001,1.0289228272628923
1599,1.6600000000000001,1.0289228272628923
1600,1.6600000000000001,1.0289228272628923
1601,1.6600000000000001,1.0289228272628923
1602,1.6600000000000001,1.0289228272628923
1603,1.6600000000000001,1.0289228272628923
1604,1.6600000000000001,1.0289228272628923
1605,1.6600000000000001,1.0289228272628923
1606,1.6600000000000001,1.0289228272628923
1607,1.6600000000000001,1.0289228272628923
1608,1.6600000000000001,1.0289228272628923
1609,1.6600000000000001,1.0289228272628923
1610,1.6600000000000001,1.0289228272628923
1611,1.6600000000000001,1.0289228272628923
1612,1.6600000000000001,1.0289228272628923
1613,1.6600000000000001,1.0289228272628923
1614,1.6600000000000001,1.0289228272628923
1615,1.6600000000000001,1.0289228272628923
1616,1.6600000000000001,1.0289228272628923
1617,1.6600000000000001,1.0289228272628923
1618,1.6600000000000001,1.0289228272628923
1619,1.6600000000000001,1.0289228272628923
1620,1.6600000000000001,1.0289228272628923
1621,1.6600000000000001,1.0289228272628923
1622,1.6600000000000001,1.0289228272628923
1623,1.6600000000000001,1.0289228272628923
1624,1.6600000000000001,1.0289228272628923
1625,1.6600000000000001,1.0289228272628923
1626,1.6600000000000001,1.0289228272628923
1627,1.6600000000000001,1.0289228272628923
1628,1.6600000000000001,1.0289228272628923
1629,1.6600000000000001,1.0289228272628923
1630,1.6600000000000001,1.0289228272628923
1631,1.6600000000000001,1.0289228272628923
1632,1.6600000000000001,1.0289228272628923
1633,1.6600000000000001,1.0289228272628923
1634,1.6600000000000001,1.0289228272628923
1635,1.6600000000000001,1.0289228272628923
1636,1.6600000000000001,1.0289228272628923
1637,1.6600000000000001,1.0289228272628923
1638,1.6600000000000001,1.0289228272628923
1639,1.6600000000000001,1.0289228272628923
1640,1.6600000000000001,1.0289228272628923
1641,1.6600000000000001,1.0289228272628923
1642,1.6600000000000001,1.0289228272628923
1643,1.6600000000000001,1.0289228272628923
1644,1.6600000000000001,1.0289228272628923
1645,1.6600000000000001,1.0289228272628923
1646,1.6600000000000001,1.0289228272628923
1647,1.6600000000000001,1.0289228272628923
1648,1.6600000000000001,1.0289228272628923
1649,1.6600000000000001,1.0289228272628923
1650,1.6600000000000001,1.0289228272628923
1651,1.6600000000000001,1.0289228272628923
1652,1.6600000000000001,1.0289228272628923
1653,1.6600000000000001,1.0289228272628923
1654,1.6600000000000001,1.0289228272628923
1655,1.6600000000000001,1.0289228272628923
1656,1.6600000000000001,1.0289228272628923
1657,1.6600000000000001,1.0289228272628923
1658,1.6600000000000001,1.0289228272628923
1659,1.6600000000000001,1.0289228272628923
1660,1.6600000000000001,1.0289228272628923
1661,1.6600000000000001,1.0289228272628923
1662,1.6600000000000001,1.0289228272628923
1663,1.6600000000000001,1.0289228272628923
1664,1.6600000000000001,1.0289228272628923
1665,1.6600000000000001,1.0289228272628923
1666,1.6600000000000001,1.0289228272628923
1667,1.6600000000000001,1.0289228272628923
1668,1.6600000000000001,1.0289228272628923
1669,1.6600000000000001,1.0289228272628923
1670,1.6600000000000001,1.0289228272628923
1671,1.6600000000000001,1.0289228272628923
1672,1.6600000000000001,1.0289228272628923
1673,1.6600000000000001,1.0289228272628923
1674,1.6600000000000001,1.0289228272628923
1675,1.6600000000000001,1.0289228272628923
1676,1.6600000000000001,1.0289228272628923
1677,1.6600000000000001,1.0289228272628923
1678,1.6600000000000001,1.0289228272628923
1679,1.6600000000000001,1.0289228272628923
1680,1.6600000000000001,1.0289228272628923
1681,1.6600000000000001,1.0289228272628923
1682,1.6600000000000001,1.0289228272628923
1683,1.6600000000000001,1.0289228272628923
1684,1.6600000000000001,1.0289228272628923
1685,1.6600000000000001,1.0289228272628923
1686,1.6600000000000001,1.0289228272628923
1687,1.6600000000000001,1.0289228272628923
1688,1.6600000000000001,1.0289228272628923
1689,1.6600000000000001,1.0289228272628923
1690,1.6600000000000001,1.0289228272628923
1691,1.6600000000000001,1.0289228272628923
1692,1.6600000000000001,1.0289228272628923
1693,1.6600000000000001,1.0289228272628923
1694,1.6600000000000001,1.0289228272628923
1695,1.6600000000000001,1.0289228272628923
1696,1.6600000000000001,1.0289228272628923
1697,1.6600000000000001,1.0289228272628923
1698,1.6600000000000001,1.0289228272628923
1699,1.6600000000000001,1.0289228272628923
1700,1.6600000000000001,1.0289228272628923
1701,1.6600000000000001,1.0289228272628923
1702,1.6600000000000001,1.0289228272628923
1703,1.6600000000000001,1.0289228272628923
1704,1.6600000000000001,1.0289228272628923
1705,1.6600000000000001,1.0289228272628923
1706,1.6600000000000001,1.0289228272628923
1707,1.6600000000000001,1.0289228272628923
1708,1.6600000000000001,1.0289228272628923
1709,1.6600000000000001,1.0289228272628923
1710,1.6600000000000001,1.0289228272628923
1711,1.6600000000000001,1.0289228272628923
1712,1.6600000000000001,1.0289228272628923
1713,1.6600000000000001,1.0289228272628923
1714,1.6600000000000001,1.0289228272628923
1715,1.6600000000000001,1.0289228272628923
1716,1.6600000000000001,1.0289228272628923
1717,1.6600000000000001,1.0289228272628923
1718,1.6600000000000001,1.0289228272628923
1719,1.6600000000000001,1.0289228272628923
1720,1.6600000000000001,1.0289228272628923
1721,1.6600000000000001,1.0289228272628923
1722,1.6600000000000001,1.0289228272628923
1723,1.6600000000000001,1.0289228272628923
1724,1.6600000000000001,1.0289228272628923
1725,1.6600000000000001,1.0289228272628923
1726,1.6600000000000001,1.0289228272628923
1727,1.6600000000000001,1.0289228272628923
1728,1.6600000000000001,1.0289228272628923
1729,1.6600000000000001,1.0289228272628923
1730,1.6600000000000001,1.0289228272628923
1731,1.6600000000000001,1.0289228272628923
1732,1.6600000000000001,1.0289228272628923
1733,1.6600000000000001,1.0289228272628923
1734,1.6600000000000001,1.0289228272628923
1735,1.6600000000000001,1.0289228272628923
1736,1.6600000000000001,1.0289228272628923
1737,1.6600000000000001,1.0289228272628923
1738,1.6600000000000001,1.0289228272628923
1739,1.6600000000000001,1.0289228272628923
1740,1.6600000000000001,1.0289228272628923
1741,1.6600000000000001,1.0289228272628923
1742,1.6600000000000001,1.0289228272628923
1743,1.6600000000000001,1.0289228272628923
1744,1.6600000000000001,1.0289228272628923
1745,1.6600000000000001,1.0289228272628923
1746,1.6600000000000001,1.0289228272628923
1747,1.6600000000000001,1.0289228272628923
1748,1.6600000000000001,1.0289228272628923
1749,1.6600000000000001,1.0289228272628923
1750,1.6600000000000001,1.0289228272628923
1751,1.6600000000000001,1.0289228272628923
1752,1.6600000000000001,1.0289228272628923
1753,1.6600000000000001,1.0289228272628923
1754,1.6600000000000001,1.0289228272628923
1755,1.6600000000000001,1.0289228272628923
1756,1.6600000000000001,1.0289228272628923
1757,1.6600000000000001,1.0289228272628923
1758,1.6600000000000001,1.0289228272628923
1759,1.6600000000000001,1.0289228272628923
1760,1.6600000000000001,1.0289228272628923
1761,1.6600000000000001,1.0289228272628923
1762,1.6600000000000001,1.0289228272628923
1763,1.6600000000000001,1.0289228272628923
1764,1.6600000000000001,1.0289228272628923
1765,1.6600000000000001,1.0289228272628923
1766,1.6600000000000001,1.0289228272628923
1767,1.6600000000000001,1.0289228272628923
1768,1.6600000000000001,1.0289228272628923
1769,1.6600000000000001,1.0289228272628923
1770,1.6600000000000001,1.0289228272628923
1771,1.6600000000000001,1.0289228272628923
1772,1.6600000000000001,1.0289228272628923
1773,1.6600000000000001,1.0289228272628923
1774,1.6600000000000001,1.0289228272628923
1775,1.6600000000000001,1.0289228272628923
1776,1.6600000000000001,1.0289228272628923
1777,1.6600000000000001,1.0289228272628923
1778,1.6600000000000001,1.0289228272628923
1779,1.6600000000000001,1.0289228272628923
1780,1.6600000000000001,1.0289228272628923
1781,1.6600000000000001,1.0289228272628923
1782,1.6600000000000001,1.0289228272628923
1783,1.6600000000000001,1.0289228272628923
1784,1.6600000000000001,1.0289228272628923
1785,1.6600000000000001,1.0289228272628923
1786,1.6600000000000001,1.0289228272628923
1787,1.6600000000000001,1.0289228272628923
1788,1.6600000000000001,1.0289228272628923
1789,1.6600000000000001,1.0289228272628923
1790,1.6600000000000001,1.0289228272628923
1791,1.6600000000000001,1.0289228272628923
1792,1.6600000000000001,1.0289228272628923
1793,1.6600000000000001,1.0289228272628923
1794,1.6600000000000001,1.0289228272628923
1795,1.6600000000000001,1.0289228272628923
1796,1.6600000000000001,1.0289228272628923
1797,1.6600000000000001,1.0289228272628923
1798,1.6600000000000001,1.0289228272628923
1799,1.6600000000000001,1.0289228272628923
1800,1.6600000000000001,1.0289228272628923
1801,1.6600000000000001,1.0289228272628923
1802,1.6600000000000001,1.0289228272628923
1803,1.6600000000000001,1.0289228272628923
1804,1.6600000000000001,1.0289228272628923
1805,1.6600000000000001,1.0289228272628923
1806,1.6600000000000001,1.0289228272628923
1807,1.6600000000000001,1.0289228272628923
1808,1.6600000000000001,1.0289228272628923
1809,1.6600000000000001,1.0289228272628923
1810,1.6600000000000001,1.0289228272628923
1811,1.6600000000000001,1.0289228272628923
1812,1.6600000000000001,1.0289228272628923
1813,1.6600000000000001,1.0289228272628923
1814,1.6600000000000001,1.0289228272628923
1815,1.6600000000000001,1.0289228272628923
1816,1.6600000000000001,1.0289228272628923
1817,1.6600000000000001,1.0289228272628923
1818,1.6600000000000001,1.0289228272628923
1819,1.6600000000000001,1.0289228272628923
1820,1.6600000000000001,1.0289228272628923
1821,1.6600000000000001,1.0289228272628923
1822,1.6600000000000001,1.0289228272628923
1823,1.6600000000000001,1.0289228272628923
1824,1.6600000000000001,1.0289228272628923
1825,1.6600000000000001,1.0289228272628923
1826,1.6600000000000001,1.0289228272628923
1827,1.6600000000000001,1.0289228272628923
1828,1.6600000000000001,1.0289228272628923
1829,1.6600000000000001,1.0289228272628923
1830,1.6600000000000001,1.0289228272628923
1831,1.6600000000000001,1.0289228272628923
1832,1.6600000000000001,1.0289228272628923
1833,1.6600000000000001,1.0289228272628923
1834,1.6600000000000001,1.0289228272628923
1835,1.6600000000000001,1.0289228272628923
1836,1.6600000000000001,1.0289228272628923
1837,1.6600000000000001,1.0289228272628923
1838,1.6600000000000001,1.0289228272628923
1839,1.6600000000000001,1.0289228272628923
1840,1.6600000000000001,1.0289228272628923
1841,1.6600000000000001,1.0289228272628923
1842,1.6600000000000001,1.0289228272628923
1843,1.6600000000000001,1.0289228272628923
1844,1.6600000000000001,1.0289228272628923
1845,1.6600000000000001,1.0289228272628923
1846,1.6600000000000001,1.0289228272628923
1847,1.6600000000000001,1.0289228272628923
1848,1.6600000000000001,1.0289228272628923
1849,1.6600000000000001,1.0289228272628923
1850,1.6600000000000001,1.0289228272628923
1851,1.6600000000000001,1.0289228272628923
1852,1.6600000000000001,1.0289228272628923
1853,1.6600000000000001,1.0289228272628923
1854,1.6600000000000001,1.0289228272628923
1855,1.6600000000000001,1.0289228272628923
1856,1.6600000000000001,1.0289228272628923
1857,1.6600000000000001,1.0289228272628923
1858,1.6600000000000001,1.0289228272628923
1859,1.6600000000000001,1.0289228272628923
1860,1.6600000000000001,1.0289228272628923
1861,1.6600000000000001,1.0289228272628923
1862,1.6600000000000001,1.0289228272628923
1863,1.6600000000000001,1.0289228272628923
1864,1.6600000000000001,1.0289228272628923
1865,1.6600000000000001,1.0289228272628923
1866,1.6600000000000001,1.0289228272628923
1867,1.6600000000000001,1.0289228272628923
1868,1.6600000000000001,1.0289228272628923
1869,1.6600000000000001,1.0289228272628923
1870,1.6600000000000001,1.0289228272628923
1871,1.6600000000000001,1.0289228272628923
1872,1.6600000000000001,1.0289228272628923
1873,1.6600000000000001,1.0289228272628923
1874,1.6600000000000001,1.0289228272628923
1875,1.6600000000000001,1.0289228272628923
1876,1.6600000000000001,1.0289228272628923
1877,1.6600000000000001,1.0289228272628923
1878,1.6600000000000001,1.0289228272628923
1879,1.6600000000000001,1.0289228272628923
1880,1.6600000000000001,1.0289228272628923
1881,1.6600000000000001,1.0289228272628923
1882,1.6600000000000001,1.0289228272628923
1883,1.6600000000000001,1.0289228272628923
1884,1.6600000000000001,1.0289228272628923
1885,1.639,1.0289228272628923
1886,1.5250000000000001,1.0289228272628923
1887,1.5250000000000001,1.0289228272628923
1888,1.5250000000000001,1.0289228272628923
1889,1.5250000000000001,1.0289228272628923
1890,1.5250000000000001,1.0289228272628923
1891,1.5250000000000001,1.0289228272628923
1892,1.5250000000000001,1.0289228272628923
1893,1.5250000000000001,1.0289228272628923
1894,1.5250000000000001,1.0289228272628923
1895,1.5250000000000001,1.0289228272628923
1896,1.5250000000000001,1.0289228272628923
1897,1.5250000000000001,1.0289228272628923
1898,1.5250000000000001,1.0289228272628923
1899,1.5250000000000001,1.0289228272628923
1900,1.5250000000000001,1.0289228272628923
1901,1.5250000000000001,1.0289228272628923
1902,1.5250000000000001,1.0289228272628923
1903,1.5250000000000001,1.0289228272628923
1904,1.5250000000000001,1.0289228272628923
1905,1.5250000000000001,1.0289228272628923
1906,1.5250000000000001,1.0289228272628923
1907,1.5250000000000001,1.0289228272628923
1908,1.5250000000000001,1.0289228272628923
1909,1.5250000000000001,1.0289228272628923
1910,1.5250000000000001,1.0289228272628923
1911,1.5250000000000001,1.0289228272628923
1912,1.5250000000000001,1.0289228272628923
1913,1.5250000000000001,1.0289228272628923
1914,1.5250000000000001,1.0289228272628923
1915,1.5250000000000001,1.0289228272628923
1916,1.5250000000000001,1.0289228272628923
1917,1.5250000000000001,1.0289228272628923
1918,1.5250000000000001,1.0289228272628923
1919,1.5250000000000001,1.0289228272628923
1920,1.5250000000000001,1.0289228272628923
1921,1.5250000000000001,1.0289228272628923
1922,1.5250000000000001,1.0289228272628923
1923,1.5250000000000001,1.0289228272628923
1924,1.5250000000000001,1.0289228272628923
1925,1.5250000000000001,1.0289228272628923
1926,1.5250000000000001,1.0289228272628923
1927,1.5250000000000001,1.0289228272628923
1928,1.5250000000000001,1.0289228272628923
1929,1.5250000000000001,1.0289228272628923
1930,1.5250000000000001,1.0289228272628923
1931,1.5250000000000001,1.0289228272628923
1932,1.5250000000000001,1.0289228272628923
1933,1.5250000000000001,1.0289228272628923
1934,1.5250000000000001,1.0289228272628923
1935,1.5250000000000001,1.0289228272628923
1936,1.5250000000000001,1.0289228272628923
1937,1.5250000000000001,1.0289228272628923
1938,1.5250000000000001,1.0289228272628923
1939,1.5250000000000001,1.0289228272628923
1940,1.5250000000000001,1.0289228272628923
1941,1.5250000000000001,1.0289228272628923
1942,1.5250000000000001,1.0289228272628923
1943,1.5250000000000001,1.0289228272628923
1944,1.5250000000000001,1.0289228272628923
1945,1.5250000000000001,1.0289228272628923
1946,1.5250000000000001,1.0289228272628923
1947,1.5250000000000001,1.0289228272628923
1948,1.5250000000000001,1.0289228272628923
1949,1.5250000000000001,1.0289228272628923
1950,1.5250000000000001,1.0289228272628923
1951,1.5250000000000001,1.0289228272628923
1952,1.5250000000000001,1.0289228272628923
1953,1.5250000000000001,1.0289228272628923
1954,1.5250000000000001,1.0289228272628923
1955,1.5250000000000001,1.0289228272628923
1956,1.5250000000000001,1.0289228272628923
1957,1.5250000000000001,1.0289228272628923
1958,1.5250000000000001,1.0289228272628923
1959,1.5250000000000001,1.0289228272628923
1960,1.5250000000000001,1.0289228272628923
1961,1.5250000000000001,1.0289228272628923
1962,1.5250000000000001,1.0289228272628923
1963,1.5250000000000001,1.0289228272628923
1964,1.5250000000000001,1.0289228272628923
1965,1.5250000000000001,1.0289228272628923
1966,1.5250000000000001,1.0289228272628923
1967,1.5250000000000001,1.0289228272628923
1968,1.5250000000000001,1.0289228272628923
1969,1.5250000000000001,1.0289228272628923
1970,1.5250000000000001,1.0289228272628923
1971,1.5250000000000001,1.0289228272628923
1972,1.5250000000000001,1.0289228272628923
1973,1.5250000000000001,1.0289228272628923
1974,1.5250000000000001,1.0289228272628923
1975,1.5250000000000001,1.0289228272628923
1976,1.5250000000000001,1.0289228272628923
1977,1.5250000000000001,1.0289228272628923
1978,1.5250000000000001,1.0289228272628923
1979,1.5250000000000001,1.0289228272628923
1980,1.5250000000000001,1.0289228272628923
1981,1.5250000000000001,1.0289228272628923
1982,1.5250000000000001,1.0289228272628923
1983,1.5250000000000001,1.0289228272628923
1984,1.5250000000000001,1.0289228272628923
1985,1.5250000000000001,1.0289228272628923
1986,1.5250000000000001,1.0289228272628923
1987,1.5250000000000001,1.0289228272628923
1988,1.5250000000000001,1.0289228272628923
1989,1.5250000000000001,1.0289228272628923
1990,1.5250000000000001,1.0289228272628923
1991,1.5250000000000001,1.0289228272628923
1992,1.5250000000000001,1.0289228272628923
1993,1.5250000000000001,1.0289228272628923
1994,1.5250000000000001,1.0289228272628923
1995,1.5250000000000001,1.0289228272628923
1996,1.5250000000000001,1.0289228272628923
1997,1.5250000000000001,1.0289228272628923
1998,1.5250000000000001,1.0289228272628923
1999,1.5250000000000001,1.0289228272628923
2000,1.5250000000000001,1.0289228272628923
2001,1.5250000000000001,1.0289228272628923
2002,1.5250000000000001,1.0289228272628923
2003,1.5250000000000001,1.0289228272628923
2004,1.5250000000000001,1.0289228272628923
2005,1.5250000000000001,1.0289228272628923
2006,1.5250000000000001,1.0289228272628923
2007,1.5250000000000001,1.0289228272628923
2008,1.5250000000000001,1.0289228272628923
2009,1.5250000000000001,1.0289228272628923
2010,1.5250000000000001,1.0289228272628923
2011,1.5250000000000001,1.0289228272628923
2012,1.5250000000000001,1.0289228272628923
2013,1.5250000000000001,1.0289228272628923
2014,1.5250000000000001,1.0289228272628923
2015,1.5250000000000001,1.0289228272628923
2016,1.5250000000000001,1.0289228272628923
2017,1.5250000000000001,1.0289228272628923
2018,1.5250000000000001,1.0289228272628923
2019,1.5250000000000001,1.0289228272628923
2020,1.5250000000000001,1.0289228272628923
2021,1.5250000000000001,1.0289228272628923
2022,1.5250000000000001,1.0289228272628923
2023,1.5250000000000001,1.0289228272628923
2024,1.5250000000000001,1.0289228272628923
2025,1.5250000000000001,1.0289228272628923
2026,1.5250000000000001,1.0289228272628923
2027,1.5250000000000001,1.0289228272628923
2028,1.5250000000000001,1.0289228272628923
2029,1.5250000000000001,1.0289228272628923
2030,1.5250000000000001,1.0289228272628923
2031,1.5250000000000001,1.0289228272628923
2032,1.5250000000000001,1.0289228272628923
2033,1.5250000000000001,1.0289228272628923
2034,1.5250000000000001,1.0289228272628923
2035,1.5250000000000001,1.0289228272628923
2036,1.5250000000000001,1.0289228272628923
2037,1.5250000000000001,1.0289228272628923
2038,1.5250000000000001,1.0289228272628923
2039,1.5250000000000001,1.0289228272628923
2040,1.5250000000000001,1.0289228272628923
2041,1.5250000000000001,1.0289228272628923
2042,1.5250000000000001,1.0289228272628923
2043,1.5250000000000001,1.0289228272628923
2044,1.5250000000000001,1.0289228272628923
2045,1.5250000000000001,1.0289228272628923
2046,1.5250000000000001,1.0289228272628923
2047,1.5250000000000001,1.0289228272628923
2048,1.5250000000000001,1.0289228272628923
2049,1.5250000000000001,1.0289228272628923
2050,1.5250000000000001,1.0289228272628923
2051,1.5250000000000001,1.0289228272628923
2052,1.5250000000000001,1.0289228272628923
2053,1.5250000000000001,1.0289228272628923
2054,1.5250000000000001,1.0289228272628923
2055,1.5250000000000001,1.0289228272628923
2056,1.5250000000000001,1.0289228272628923
2057,1.5250000000000001,1.0289228272628923
2058,1.5250000000000001,1.0289228272628923
2059,1.5250000000000001,1.0289228272628923
2060,1.5250000000000001,1.0289228272628923
2061,1.5250000000000001,1.0289228272628923
2062,1.5250000000000001,1.0289228272628923
2063,1.5250000000000001,1.0289228272628923
2064,1.5250000000000001,1.0289228272628923
2065,1.5250000000000001,1.0289228272628923
2066,1.5250000000000001,1.0289228272628923
2067,1.5250000000000001,1.0289228272628923
2068,1.5250000000000001,1.0289228272628923
2069,1.5250000000000001,1.0289228272628923
2070,1.5250000000000001,1.0289228272628923
2071,1.5250000000000001,1.0289228272628923
2072,1.5250000000000001,1.0289228272628923
2073,1.5250000000000001,1.0289228272628923
2074,1.5250000000000001,1.0289228272628923
2075,1.5250000000000001,1.0289228272628923
2076,1.5250000000000001,1.0289228272628923
2077,1.5250000000000001,1.0289228272628923
2078,1.5250000000000001,1.0289228272628923
2079,1.5250000000000001,1.0289228272628923
2080,1.5250000000000001,1.0289228272628923
2081,1.5250000000000001,1.0289228272628923
2082,1.5250000000000001,1.0289228272628923
2083,1.5250000000000001,1.0289228272628923
2084,1.5250000000000001,1.0289228272628923
2085,1.5250000000000001,1.0289228272628923
2086,1.5250000000000001,1.0289228272628923
2087,1.5040000000000002,1.0289228272628923
2088,1.3900000000000001,1.0289228272628923
2089,1.3900000000000001,1.0289228272628923
2090,1.3900000000000001,1.0289228272628923
2091,1.3900000000000001,1.0289228272628923
2092,1.3900000000000001,1.0289228272628923
2093,1.3900000000000001,1.0289228272628923
2094,1.3900000000000001,1.0289228272628923
2095,1.3900000000000001,1.0289228272628923
2096,1.3900000000000001,1.0289228272628923
2097,1.3900000000000001,1.0289228272628923
2098,1.3900000000000001,1.0289228272628923
2099,1.3900000000000001,1.0289228272628923
2100,1.3900000000000001,1.0289228272628923
2101,1.3900000000000001,1.0289228272628923
2102,1.3900000000000001,1.0289228272628923
2103,1.3900000000000001,1.0289228272628923
2104,1.3900000000000001,1.0289228272628923
2105,1.3900000000000001,1.0289228272628923
2106,1.3900000000000001,1.0289228272628923
2107,1.3900000000000001,1.0289228272628923
2108,1.3900000000000001,1.0289228272628923
2109,1.3900000000000001,1.0289228272628923
2110,1.3900000000000001,1.0289228272628923
2111,1.3900000000000001,1.0289228272628923
2112,1.3900000000000001,1.0289228272628923
2113,1.3900000000000001,1.0289228272628923
2114,1.3900000000000001,1.0289228272628923
2115,1.3900000000000001,1.0289228272628923
2116,1.3900000000000001,1.0289228272628923
2117,1.3900000000000001,1.0289228272628923
2118,1.3900000000000001,1.0289228272628923
2119,1.3900000000000001,1.0289228272628923
2120,1.3900000000000001,1.0289228272628923
2121,1.3900000000000001,1.0289228272628923
2122,1.3900000000000001,1.0289228272628923
2123,1.3900000000000001,1.0289228272628923
2124,1.3900000000000001,1.0289228272628923
2125,1.3900000000000001,1.0289228272628923
2126,1.3900000000000001,1.0289228272628923
2127,1.3900000000000001,1.0289228272628923
2128,1.3900000000000001,1.0289228272628923
2129,1.3900000000000001,1.0289228272628923
2130,1.3900000000000001,1.0289228272628923
2131,1.3900000000000001,1.0289228272628923
2132,1.3900000000000001,1.0289228272628923
2133,1.3900000000000001,1.0289228272628923
2134,1.3900000000000001,1.0289228272628923
2135,1.3900000000000001,1.0289228272628923
2136,1.3900000000000001,1.0289228272628923
2137,1.3900000000000001,1.0289228272628923
2138,1.3900000000000001,1.0289228272628923
2139,1.3900000000000001,1.0289228272628923
2140,1.3900000000000001,1.0289228272628923
2141,1.3900000000000001,1.0289228272628923
2142,1.3900000000000001,1.0289228272628923
2143,1.3900000000000001,1.0289228272628923
2144,1.3900000000000001,1.0289228272628923
2145,1.3900000000000001,1.0289228272628923
2146,1.3900000000000001,1.0289228272628923
2147,1.3900000000000001,1.0289228272628923
2148,1.3900000000000001,1.0289228272628923
2149,1.3900000000000001,1.0289228272628923
2150,1.3900000000000001,1.0289228272628923
2151,1.3900000000000001,1.0289228272628923
2152,1.3900000000000001,1.0289228272628923
2153,1.3900000000000001,1.0289228272628923
2154,1.3900000000000001,1.0289228272628923
2155,1.3900000000000001,1.0289228272628923
2156,1.3900000000000001,1.0289228272628923
2157,1.3900000000000001,1.0289228272628923
2158,1.3900000000000001,1.0289228272628923
2159,1.3900000000000001,1.0289228272628923
2160,1.3900000000000001,1.0289228272628923
2161,1.3900000000000001,1.0289228272628923
2162,1.3900000000000001,1.0289228272628923
2163,1.3900000000000001,1.0289228272628923
2164,1.3900000000000001,1.0289228272628923
2165,1.3900000000000001,1.0289228272628923
2166,1.3900000000000001,1.0289228272628923
2167,1.3900000000000001,1.0289228272628923
2168,1.3900000000000001,1.0289228272628923
2169,1.3900000000000001,1.0289228272628923
2170,1.3900000000000001,1.0289228272628923
2171,1.3900000000000001,1.0289228272628923
2172,1.3900000000000001,1.0289228272628923
2173,1.3900000000000001,1.0289228272628923
2174,1.3900000000000001,1.0289228272628923
2175,1.3900000000000001,1.0289228272628923
2176,1.3900000000000001,1.0289228272628923
2177,1.3900000000000001,1.0289228272628923
2178,1.3900000000000001,1.0289228272628923
2179,1.3900000000000001,1.0289228272628923
2180,1.3900000000000001,1.0289228272628923
2181,1.3900000000000001,1.0289228272628923
2182,1.3900000000000001,1.0289228272628923
2183,1.3900000000000001,1.0289228272628923
2184,1.3900000000000001,1.0289228272628923
2185,1.3900000000000001,1.0289228272628923
2186,1.3900000000000001,1.0289228272628923
2187,1.3900000000000001,1.0289228272628923
2188,1.3900000000000001,1.0289228272628923
2189,1.3900000000000001,1.0289228272628923
2190,1.3900000000000001,1.0289228272628923
2191,1.3900000000000001,1.0289228272628923
2192,1.3900000000000001,1.0289228272628923
2193,1.3900000000000001,1.0289228272628923
2194,1.3900000000000001,1.0289228272628923
2195,1.3900000000000001,1.0289228272628923
2196,1.3900000000000001,1.0289228272628923
2197,1.3900000000000001,1.0289228272628923
2198,1.3900000000000001,1.0289228272628923
2199,1.3900000000000001,1.0289228272628923
2200,1.3900000000000001,1.0289228272628923
2201,1.3900000000000001,1.0289228272628923
2202,1.3900000000000001,1.0289228272628923
2203,1.3900000000000001,1.0289228272628923
2204,1.3900000000000001,1.0289228272628923
2205,1.3900000000000001,1.0289228272628923
2206,1.3900000000000001,1.0289228272628923
2207,1.3900000000000001,1.0289228272628923
2208,1.3900000000000001,1.0289228272628923
2209,1.3900000000000001,1.0289228272628923
2210,1.3900000000000001,1.0289228272628923
2211,1.3900000000000001,1.0289228272628923
2212,1.3900000000000001,1.0289228272628923
2213,1.3900000000000001,1.0289228272628923
2214,1.3900000000000001,1.0289228272628923
2215,1.3900000000000001,1.0289228272628923
2216,1.3900000000000001,1.0289228272628923
2217,1.3900000000000001,1.0289228272628923
2218,1.3900000000000001,1.0289228272628923
2219,1.3900000000000001,1.0289228272628923
2220,1.3900000000000001,1.0289228272628923
2221,1.3900000000000001,1.0289228272628923
2222,1.3900000000000001,1.0289228272628923
2223,1.3900000000000001,1.0289228272628923
2224,1.3900000000000001,1.0289228272628923
2225,1.3900000000000001,1.0289228272628923
2226,1.3900000000000001,1.0289228272628923
2227,1.3900000000000001,1.0289228272628923
2228,1.3900000000000001,1.0289228272628923
2229,1.3900000000000001,1.0289228272628923
2230,1.3900000000000001,1.0289228272628923
2231,1.3900000000000001,1.0289228272628923
2232,1.3900000000000001,1.0289228272628923
2233,1.3900000000000001,1.0289228272628923
2234,1.3900000000000001,1.0289228272628923
2235,1.3900000000000001,1.0289228272628923
2236,1.3900000000000001,1.0289228272628923
2237,1.3900000000000001,1.0289228272628923
2238,1.3900000000000001,1.0289228272628923
2239,1.3900000000000001,1.0289228272628923
2240,1.3900000000000001,1.0289228272628923
2241,1.3900000000000001,1.0289228272628923
2242,1.3900000000000001,1.0289228272628923
2243,1.3900000000000001,1.0289228272628923
2244,1.3900000000000001,1.0289228272628923
2245,1.3900000000000001,1.0289228272628923
2246,1.3900000000000001,1.0289228272628923
2247,1.3900000000000001,1.0289228272628923
2248,1.3900000000000001,1.0289228272628923
2249,1.3900000000000001,1.0289228272628923
2250,1.3900000000000001,1.0289228272628923
2251,1.3900000000000001,1.0289228272628923
2252,1.3900000000000001,1.0289228272628923
2253,1.3900000000000001,1.0289228272628923
2254,1.3900000000000001,1.0289228272628923
2255,1.3900000000000001,1.0289228272628923
2256,1.3900000000000001,1.0289228272628923
2257,1.3900000000000001,1.0289228272628923
2258,1.3900000000000001,1.0289228272628923
2259,1.3900000000000001,1.0289228272628923
2260,1.3900000000000001,1.0289228272628923
2261,1.3900000000000001,1.0289228272628923
2262,1.3900000000000001,1.0289228272628923
2263,1.3900000000000001,1.0289228272628923
2264,1.3900000000000001,1.0289228272628923
2265,1.3900000000000001,1.0289228272628923
2266,1.3900000000000001,1.0289228272628923
2267,1.3900000000000001,1.0289228272628923
2268,1.3900000000000001,1.0289228272628923
2269,1.3900000000000001,1.0289228272628923
2270,1.3900000000000001,1.0289228272628923
2271,1.3900000000000001,1.0289228272628923
2272,1.3900000000000001,1.0289228272628923
2273,1.3900000000000001,1.0289228272628923
2274,1.3900000000000001,1.0289228272628923
2275,1.3900000000000001,1.0289228272628923
2276,1.3900000000000001,1.0289228272628923
2277,1.3900000000000001,1.0289228272628923
2278,1.3900000000000001,1.0289228272628923
2279,1.3900000000000001,1.0289228272628923
2280,1.3900000000000001,1.0289228272628923
2281,1.3900000000000001,1.0289228272628923
2282,1.3900000000000001,1.0289228272628923
2283,1.3900000000000001,1.0289228272628923
2284,1.3900000000000001,1.0289228272628923
2285,1.3900000000000001,1.0289228272628923
2286,1.3900000000000001,1.0289228272628923
2287,1.3900000000000001,1.0289228272628923
2288,1.3900000000000001,1.0289228272628923
2289,1.3900000000000001,1.0289228272628923
2290,1.3900000000000001,1.0289228272628923
2291,1.3900000000000001,1.0289228272628923
2292,1.3900000000000001,1.0289228272628923
2293,1.3900000000000001,1.0289228272628923
2294,1.3900000000000001,1.0289228272628923
2295,1.3900000000000001,1.0289228272628923
2296,1.3900000000000001,1.0289228272628923
2297,1.3900000000000001,1.0289228272628923
2298,1.3900000000000001,1.0289228272628923
2299,1.3900000000000001,1.0289228272628923
2300,1.3900000000000001,1.0289228272628923
2301,1.3900000000000001,1.0289228272628923
2302,1.3900000000000001,1.0289228272628923
2303,1.3900000000000001,1.0289228272628923
2304,1.3900000000000001,1.0289228272628923
2305,1.3900000000000001,1.0289228272628923
2306,1.3900000000000001,1.0289228272628923
2307,1.3900000000000001,1.0289228272628923
2308,1.3900000000000001,1.0289228272628923
2309,1.3900000000000001,1.0289228272628923
2310,1.3900000000000001,1.0289228272628923
2311,1.3900000000000001,1.0289228272628923
2312,1.3900000000000001,1.0289228272628923
2313,1.3900000000000001,1.0289228272628923
2314,1.3900000000000001,1.0289228272628923
2315,1.3900000000000001,1.0289228272628923
2316,1.3900000000000001,1.0289228272628923
2317,1.3900000000000001,1.0289228272628923
2318,1.3900000000000001,1.0289228272628923
2319,1.3900000000000001,1.0289228272628923
2320,1.3900000000000001,1.0289228272628923
2321,1.3900000000000001,1.0289228272628923
2322,1.3900000000000001,1.0289228272628923
2323,1.3900000000000001,1.0289228272628923
2324,1.3900000000000001,1.0289228272628923
2325,1.3900000000000001,1.0289228272628923
2326,1.3900000000000001,1.0289228272628923
2327,1.3900000000000001,1.0289228272628923
2328,1.3900000000000001,1.0289228272628923
2329,1.3900000000000001,1.0289228272628923
2330,1.3900000000000001,1.0289228272628923
2331,1.3900000000000001,1.0289228272628923
2332,1.3900000000000001,1.0289228272628923
2333,1.3900000000000001,1.0289228272628923
2334,1.3900000000000001,1.0289228272628923
2335,1.3900000000000001,1.0289228272628923
2336,1.3900000000000001,1.0289228272628923
2337,1.3900000000000001,1.0289228272628923
2338,1.3900000000000001,1.0289228272628923
2339,1.3900000000000001,1.0289228272628923
2340,1.3900000000000001,1.0289228272628923
2341,1.3900000000000001,1.0289228272628923
2342,1.3900000000000001,1.0289228272628923
2343,1.3900000000000001,1.0289228272628923
2344,1.3900000000000001,1.0289228272628923
2345,1.3900000000000001,1.0289228272628923
2346,1.3900000000000001,1.0289228272628923
2347,1.3900000000000001,1.0289228272628923
2348,1.3900000000000001,1.0289228272628923
2349,1.3900000000000001,1.0289228272628923
2350,1.3900000000000001,1.0289228272628923
2351,1.3900000000000001,1.0289228272628923
2352,1.3900000000000001,1.0289228272628923
2353,1.3900000000000001,1.0289228272628923
2354,1.3900000000000001,1.0289228272628923
2355,1.3900000000000001,1.0289228272628923
2356,1.3900000000000001,1.0289228272628923
2357,1.3900000000000001,1.0289228272628923
2358,1.3900000000000001,1.0289228272628923
2359,1.3900000000000001,1.0289228272628923
2360,1.3900000000000001,1.0289228272628923
2361,1.3900000000000001,1.0289228272628923
2362,1.3900000000000001,1.0289228272628923
2363,1.3900000000000001,1.0289228272628923
2364,1.3900000000000001,1.0289228272628923
2365,1.3900000000000001,1.0289228272628923
2366,1.3900000000000001,1.0289228272628923
2367,1.3900000000000001,1.0289228272628923
2368,1.3900000000000001,1.0289228272628923
2369,1.3900000000000001,1.0289228272628923
2370,1.3900000000000001,1.0289228272628923
2371,1.3900000000000001,1.0289228272628923
2372,1.3900000000000001,1.0289228272628923
2373,1.3900000000000001,1.0289228272628923
2374,1.3900000000000001,1.0289228272628923
2375,1.3900000000000001,1.0289228272628923
2376,1.3900000000000001,1.0289228272628923
2377,1.3900000000000001,1.0289228272628923
2378,1.3900000000000001,1.0289228272628923
2379,1.3900000000000001,1.0289228272628923
2380,1.369,1.0289228272628923
2381,1.2550000000000001,1.0289228272628923
2382,1.2550000000000001,1.0289228272628923
2383,1.2550000000000001,1.0289228272628923
2384,1.2550000000000001,1.0289228272628923
2385,1.2550000000000001,1.0289228272628923
2386,1.2550000000000001,1.0289228272628923
2387,1.2550000000000001,1.0289228272628923
2388,1.2550000000000001,1.0289228272628923
2389,1.2550000000000001,1.0289228272628923
2390,1.2550000000000001,1.0289228272628923
2391,1.2550000000000001,1.0289228272628923
2392,1.2550000000000001,1.0289228272628923
2393,1.2550000000000001,1.0289228272628923
2394,1.2550000000000001,1.0289228272628923
2395,1.2550000000000001,1.0289228272628923
2396,1.2550000000000001,1.0289228272628923
2397,1.2550000000000001,1.0289228272628923
2398,1.2550000000000001,1.0289228272628923
2399,1.2550000000000001,1.0289228272628923
2400,1.2550000000000001,1.0289228272628923
2401,1.2550000000000001,1.0289228272628923
2402,1.2550000000000001,1.0289228272628923
2403,1.2550000000000001,1.0289228272628923
2404,1.2550000000000001,1.0289228272628923
2405,1.2550000000000001,1.0289228272628923
2406,1.2550000000000001,1.0289228272628923
2407,1.2550000000000001,1.0289228272628923
2408,1.2550000000000001,1.0289228272628923
2409,1.2550000000000001,1.0289228272628923
2410,1.2550000000000001,1.0289228272628923
2411,1.2550000000000001,1.0289228272628923
2412,1.2550000000000001,1.0289228272628923
2413,1.2550000000000001,1.0289228272628923
2414,1.2550000000000001,1.0289228272628923
2415,1.2550000000000001,1.0289228272628923
2416,1.2550000000000001,1.0289228272628923
2417,1.2550000000000001,1.0289228272628923
2418,1.2550000000000001,1.0289228272628923
2419,1.2550000000000001,1.0289228272628923
2420,1.2550000000000001,1.0289228272628923
2421,1.2550000000000001,1.0289228272628923
2422,1.2550000000000001,1.0289228272628923
2423,1.2550000000000001,1.0289228272628923
2424,1.2550000000000001,1.0289228272628923
2425,1.2550000000000001,1.0289228272628923
2426,1.2550000000000001,1.0289228272628923
2427,1.2550000000000001,1.0289228272628923
2428,1.2550000000000001,1.0289228272628923
2429,1.2550000000000001,1.0289228272628923
2430,1.2550000000000001,1.0289228272628923
2431,1.2550000000000001,1.0289228272628923
2432,1.2550000000000001,1.0289228272628923
2433,1.2550000000000001,1.0289228272628923
2434,1.2550000000000001,1.0289228272628923
2435,1.2550000000000001,1.0289228272628923
2436,1.2550000000000001,1.0289228272628923
2437,1.2550000000000001,1.0289228272628923
2438,1.2550000000000001,1.0289228272628923
2439,1.2550000000000001,1.0289228272628923
2440,1.2550000000000001,1.0289228272628923
2441,1.2550000000000001,1.0289228272628923
2442,1.2550000000000001,1.0289228272628923
2443,1.2550000000000001,1.0289228272628923
2444,1.2550000000000001,1.0289228272628923
2445,1.2550000000000001,1.0289228272628923
2446,1.2550000000000001,1.0289228272628923
2447,1.2550000000000001,1.0289228272628923
2448,1.2550000000000001,1.0289228272628923
2449,1.2550000000000001,1.0289228272628923
2450,1.2550000000000001,1.0289228272628923
2451,1.2550000000000001,1.0289228272628923
2452,1.2550000000000001,1.0289228272628923
2453,1.2550000000000001,1.0289228272628923
2454,1.2550000000000001,1.0289228272628923
2455,1.2550000000000001,1.0289228272628923
2456,1.2550000000000001,1.0289228272628923
2457,1.2550000000000001,1.0289228272628923
2458,1.2550000000000001,1.0289228272628923
2459,1.2550000000000001,1.0289228272628923
2460,1.2550000000000001,1.0289228272628923
2461,1.2550000000000001,1.0289228272628923
2462,1.2550000000000001,1.0289228272628923
2463,1.2550000000000001,1.0289228272628923
2464,1.2550000000000001,1.0289228272628923
2465,1.2550000000000001,1.0289228272628923
2466,1.2550000000000001,1.0289228272628923
2467,1.2550000000000001,1.0289228272628923
2468,1.2550000000000001,1.0289228272628923
2469,1.2550000000000001,1.0289228272628923
2470,1.2550000000000001,1.0289228272628923
2471,1.2550000000000001,1.0289228272628923
2472,1.2550000000000001,1.0289228272628923
2473,1.2550000000000001,1.0289228272628923
2474,1.2550000000000001,1.0289228272628923
2475,1.2550000000000001,1.0289228272628923
2476,1.2550000000000001,1.0289228272628923
2477,1.2550000000000001,1.0289228272628923
2478,1.2550000000000001,1.0289228272628923
2479,1.2550000000000001,1.0289228272628923
2480,1.2550000000000001,1.0289228272628923
2481,1.2550000000000001,1.0289228272628923
2482,1.2550000000000001,1.0289228272628923
2483,1.2550000000000001,1.0289228272628923
2484,1.2550000000000001,1.0289228272628923
2485,1.2550000000000001,1.0289228272628923
2486,1.2550000000000001,1.0289228272628923
2487,1.2550000000000001,1.0289228272628923
2488,1.2550000000000001,1.0289228272628923
2489,1.2550000000000001,1.0289228272628923
2490,1.2550000000000001,1.0289228272628923
2491,1.2550000000000001,1.0289228272628923
2492,1.2550000000000001,1.0289228272628923
2493,1.2550000000000001,1.0289228272628923
2494,1.2550000000000001,1.0289228272628923
2495,1.2550000000000001,1.0289228272628923
2496,1.2550000000000001,1.0289228272628923
2497,1.2550000000000001,1.0289228272628923
2498,1.2550000000000001,1.0289228272628923
2499,1.2550000000000001,1.0289228272628923
2500,1.2550000000000001,1.0289228272628923
2501,1.2550000000000001,1.0289228272628923
2502,1.2550000000000001,1.0289228272628923
2503,1.2550000000000001,1.0289228272628923
2504,1.2550000000000001,1.0289228272628923
2505,1.2550000000000001,1.0289228272628923
2506,1.2550000000000001,1.0289228272628923
2507,1.2550000000000001,1.0289228272628923
2508,1.2550000000000001,1.0289228272628923
2509,1.2550000000000001,1.0289228272628923
2510,1.2550000000000001,1.0289228272628923
2511,1.2550000000000001,1.0289228272628923
2512,1.2550000000000001,1.0289228272628923
2513,1.2550000000000001,1.0289228272628923
2514,1.2550000000000001,1.0289228272628923
2515,1.2550000000000001,1.0289228272628923
2516,1.2550000000000001,1.0289228272628923
2517,1.2550000000000001,1.0289228272628923
2518,1.2550000000000001,1.0289228272628923
2519,1.2550000000000001,1.0289228272628923
2520,1.2550000000000001,1.0289228272628923
2521,1.2550000000000001,1.0289228272628923
2522,1.2550000000000001,1.0289228272628923
2523,1.2550000000000001,1.0289228272628923
2524,1.2550000000000001,1.0289228272628923
2525,1.2550000000000001,1.0289228272628923
2526,1.2550000000000001,1.0289228272628923
2527,1.2550000000000001,1.0289228272628923
2528,1.2550000000000001,1.0289228272628923
2529,1.2550000000000001,1.0289228272628923
2530,1.2550000000000001,1.0289228272628923
2531,1.2550000000000001,1.0289228272628923
2532,1.2550000000000001,1.0289228272628923
2533,1.2550000000000001,1.0289228272628923
2534,1.2550000000000001,1.0289228272628923
2535,1.2550000000000001,1.0289228272628923
2536,1.2550000000000001,1.0289228272628923
2537,1.2550000000000001,1.0289228272628923
2538,1.2550000000000001,1.0289228272628923
2539,1.2550000000000001,1.0289228272628923
2540,1.2550000000000001,1.0289228272628923
2541,1.2550000000000001,1.0289228272628923
2542,1.2550000000000001,1.0289228272628923
2543,1.2550000000000001,1.0289228272628923
2544,1.2550000000000001,1.0289228272628923
2545,1.2550000000000001,1.0289228272628923
2546,1.2550000000000001,1.0289228272628923
2547,1.2550000000000001,1.0289228272628923
2548,1.2550000000000001,1.0289228272628923
2549,1.2550000000000001,1.0289228272628923
2550,1.2550000000000001,1.0289228272628923
2551,1.2550000000000001,1.0289228272628923
2552,1.2550000000000001,1.0289228272628923
2553,1.2550000000000001,1.0289228272628923
2554,1.2550000000000001,1.0289228272628923
2555,1.2550000000000001,1.0289228272628923
2556,1.2550000000000001,1.0289228272628923
2557,1.2550000000000001,1.0289228272628923
2558,1.2550000000000001,1.0289228272628923
2559,1.2550000000000001,1.0289228272628923
2560,1.2550000000000001,1.0289228272628923
2561,1.2550000000000001,1.0289228272628923
2562,1.2550000000000001,1.0289228272628923
2563,1.2550000000000001,1.0289228272628923
2564,1.2550000000000001,1.0289228272628923
2565,1.2550000000000001,1.0289228272628923
2566,1.2550000000000001,1.0289228272628923
2567,1.2550000000000001,1.0289228272628923
2568,1.2550000000000001,1.0289228272628923
2569,1.2550000000000001,1.0289228272628923
2570,1.2550000000000001,1.0289228272628923
2571,1.2550000000000001,1.0289228272628923
2572,1.2550000000000001,1.0289228272628923
2573,1.2550000000000001,1.0289228272628923
2574,1.2550000000000001,1.0289228272628923
2575,1.2550000000000001,1.0289228272628923
2576,1.2550000000000001,1.0289228272628923
2577,1.2550000000000001,1.0289228272628923
2578,1.2550000000000001,1.0289228272628923
2579,1.2550000000000001,1.0289228272628923
2580,1.2550000000000001,1.0289228272628923
2581,1.2550000000000001,1.0289228272628923
2582,1.2550000000000001,1.0289228272628923
2583,1.2550000000000001,1.0289228272628923
2584,1.2550000000000001,1.0289228272628923
2585,1.2550000000000001,1.0289228272628923
2586,1.2550000000000001,1.0289228272628923
2587,1.2550000000000001,1.0289228272628923
2588,1.2550000000000001,1.0289228272628923
2589,1.2550000000000001,1.0289228272628923
2590,1.2550000000000001,1.0289228272628923
2591,1.2550000000000001,1.0289228272628923
2592,1.2550000000000001,1.0289228272628923
2593,1.2550000000000001,1.0289228272628923
2594,1.2550000000000001,1.0289228272628923
2595,1.2550000000000001,1.0289228272628923
2596,1.2550000000000001,1.0289228272628923
2597,1.2550000000000001,1.0289228272628923
2598,1.2550000000000001,1.0289228272628923
2599,1.2550000000000001,1.0289228272628923
2600,1.2550000000000001,1.0289228272628923
2601,1.2550000000000001,1.0289228272628923
2602,1.2550000000000001,1.0289228272628923
2603,1.2550000000000001,1.0289228272628923
2604,1.2550000000000001,1.0289228272628923
2605,1.2550000000000001,1.0289228272628923
2606,1.2550000000000001,1.0289228272628923
2607,1.2550000000000001,1.0289228272628923
2608,1.2550000000000001,1.0289228272628923
2609,1.2550000000000001,1.0289228272628923
2610,1.2550000000000001,1.0289228272628923
2611,1.2550000000000001,1.0289228272628923
2612,1.2550000000000001,1.0289228272628923
2613,1.2550000000000001,1.0289228272628923
2614,1.2550000000000001,1.0289228272628923
2615,1.2550000000000001,1.0289228272628923
2616,1.2550000000000001,1.0289228272628923
2617,1.2550000000000001,1.0289228272628923
2618,1.2550000000000001,1.0289228272628923
2619,1.2550000000000001,1.0289228272628923
2620,1.2550000000000001,1.0289228272628923
2621,1.2550000000000001,1.0289228272628923
2622,1.2550000000000001,1.0289228272628923
2623,1.2550000000000001,1.0289228272628923
2624,1.2550000000000001,1.0289228272628923
2625,1.2550000000000001,1.0289228272628923
2626,1.2550000000000001,1.0289228272628923
2627,1.2550000000000001,1.0289228272628923
2628,1.2550000000000001,1.0289228272628923
2629,1.2550000000000001,1.0289228272628923
2630,1.2550000000000001,1.0289228272628923
2631,1.2550000000000001,1.0289228272628923
2632,1.2550000000000001,1.0289228272628923
2633,1.2550000000000001,1.0289228272628923
2634,1.2550000000000001,1.0289228272628923
2635,1.2550000000000001,1.0289228272628923
2636,1.2550000000000001,1.0289228272628923
2637,1.2550000000000001,1.0289228272628923
2638,1.2550000000000001,1.0289228272628923
2639,1.2550000000000001,1.0289228272628923
2640,1.2550000000000001,1.0289228272628923
2641,1.2550000000000001,1.0289228272628923
2642,1.2550000000000001,1.0289228272628923
2643,1.2550000000000001,1.0289228272628923
2644,1.2550000000000001,1.0289228272628923
2645,1.2550000000000001,1.0289228272628923
2646,1.2550000000000001,1.0289228272628923
2647,1.2550000000000001,1.0289228272628923
2648,1.2550000000000001,1.0289228272628923
2649,1.2550000000000001,1.0289228272628923
2650,1.2550000000000001,1.0289228272628923
2651,1.2550000000000001,1.0289228272628923
2652,1.2550000000000001,1.0289228272628923
2653,1.2550000000000001,1.0289228272628923
2654,1.2550000000000001,1.0289228272628923
2655,1.2550000000000001,1.0289228272628923
2656,1.2550000000000001,1.0289228272628923
2657,1.2550000000000001,1.0289228272628923
2658,1.2550000000000001,1.0289228272628923
2659,1.2550000000000001,1.0289228272628923
2660,1.2550000000000001,1.0289228272628923
2661,1.2550000000000001,1.0289228272628923
2662,1.2550000000000001,1.0289228272628923
2663,1.2550000000000001,1.0289228272628923
2664,1.2550000000000001,1.0289228272628923
2665,1.2550000000000001,1.0289228272628923
2666,1.2550000000000001,1.0289228272628923
2667,1.2550000000000001,1.0289228272628923
2668,1.2550000000000001,1.0289228272628923
2669,1.2550000000000001,1.0289228272628923
2670,1.2550000000000001,1.0289228272628923
2671,1.2550000000000001,1.0289228272628923
2672,1.2550000000000001,1.0289228272628923
2673,1.2550000000000001,1.0289228272628923
2674,1.2550000000000001,1.0289228272628923
2675,1.2550000000000001,1.0289228272628923
2676,1.2550000000000001,1.0289228272628923
2677,1.2550000000000001,1.0289228272628923
2678,1.2550000000000001,1.0289228272628923
2679,1.2550000000000001,1.0289228272628923
2680,1.2550000000000001,1.0289228272628923
2681,1.2550000000000001,1.0289228272628923
2682,1.2550000000000001,1.0289228272628923
2683,1.2550000000000001,1.0289228272628923
2684,1.2550000000000001,1.0289228272628923
2685,1.2550000000000001,1.0289228272628923
2686,1.2550000000000001,1.0289228272628923
2687,1.2550000000000001,1.0289228272628923
2688,1.2550000000000001,1.0289228272628923
2689,1.2550000000000001,1.0289228272628923
2690,1.2550000000000001,1.0289228272628923
2691,1.2550000000000001,1.0289228272628923
2692,1.2550000000000001,1.0289228272628923
2693,1.2550000000000001,1.0289228272628923
2694,1.2550000000000001,1.0289228272628923
2695,1.2550000000000001,1.0289228272628923
2696,1.2550000000000001,1.0289228272628923
2697,1.2550000000000001,1.0289228272628923
2698,1.2550000000000001,1.0289228272628923
2699,1.2550000000000001,1.0289228272628923
2700,1.2550000000000001,1.0289228272628923
2701,1.2550000000000001,1.0289228272628923
2702,1.2550000000000001,1.0289228272628923
2703,1.2550000000000001,1.0289228272628923
2704,1.2550000000000001,1.0289228272628923
2705,1.2550000000000001,1.0289228272628923
2706,1.2550000000000001,1.0289228272628923
2707,1.2550000000000001,1.0289228272628923
2708,1.2550000000000001,1.0289228272628923
2709,1.2550000000000001,1.0289228272628923
2710,1.2550000000000001,1.0289228272628923
2711,1.2550000000000001,1.0289228272628923
2712,1.2550000000000001,1.0289228272628923
2713,1.2550000000000001,1.0289228272628923
2714,1.2550000000000001,1.0289228272628923
2715,1.2550000000000001,1.0289228272628923
2716,1.2550000000000001,1.0289228272628923
2717,1.2550000000000001,1.0289228272628923
2718,1.2550000000000001,1.0289228272628923
2719,1.2550000000000001,1.0289228272628923
2720,1.2550000000000001,1.0289228272628923
2721,1.2550000000000001,1.0289228272628923
2722,1.2550000000000001,1.0289228272628923
2723,1.2550000000000001,1.0289228272628923
2724,1.2550000000000001,1.0289228272628923
2725,1.2550000000000001,1.0289228272628923
2726,1.2550000000000001,1.0289228272628923
2727,1.2550000000000001,1.0289228272628923
2728,1.2550000000000001,1.0289228272628923
2729,1.2550000000000001,1.0289228272628923
2730,1.2550000000000001,1.0289228272628923
2731,1.2550000000000001,1.0289228272628923
2732,1.2550000000000001,1.0289228272628923
2733,1.2550000000000001,1.0289228272628923
2734,1.2550000000000001,1.0289228272628923
2735,1.2550000000000001,1.0289228272628923
2736,1.2550000000000001,1.0289228272628923
2737,1.2550000000000001,1.0289228272628923
2738,1.2550000000000001,1.0289228272628923
2739,1.2550000000000001,1.0289228272628923
2740,1.2550000000000001,1.0289228272628923
2741,1.2550000000000001,1.0289228272628923
2742,1.2550000000000001,1.0289228272628923
2743,1.2550000000000001,1.0289228272628923
2744,1.2550000000000001,1.0289228272628923
2745,1.2550000000000001,1.0289228272628923
2746,1.2550000000000001,1.0289228272628923
2747,1.2550000000000001,1.0289228272628923
2748,1.2550000000000001,1.0289228272628923
2749,1.2550000000000001,1.0289228272628923
2750,1.2550000000000001,1.0289228272628923
2751,1.2550000000000001,1.0289228272628923
2752,1.2550000000000001,1.0289228272628923
2753,1.2550000000000001,1.0289228272628923
2754,1.2550000000000001,1.0289228272628923
2755,1.2550000000000001,1.0289228272628923
2756,1.2550000000000001,1.0289228272628923
2757,1.2550000000000001,1.0289228272628923
2758,1.2550000000000001,1.0289228272628923
2759,1.2550000000000001,1.0289228272628923
2760,1.2550000000000001,1.0289228272628923
2761,1.2550000000000001,1.0289228272628923
2762,1.2550000000000001,1.0289228272628923
2763,1.2550000000000001,1.0289228272628923
2764,1.2550000000000001,1.0289228272628923
2765,1.2550000000000001,1.0289228272628923
2766,1.2550000000000001,1.0289228272628923
2767,1.2550000000000001,1.0289228272628923
2768,1.2550000000000001,1.0289228272628923
2769,1.2550000000000001,1.0289228272628923
2770,1.2550000000000001,1.0289228272628923
2771,1.2550000000000001,1.0289228272628923
2772,1.2550000000000001,1.0289228272628923
2773,1.2550000000000001,1.0289228272628923
2774,1.2550000000000001,1.0289228272628923
2775,1.2550000000000001,1.0289228272628923
2776,1.2550000000000001,1.0289228272628923
2777,1.2550000000000001,1.0289228272628923
2778,1.2550000000000001,1.0289228272628923
2779,1.2550000000000001,1.0289228272628923
2780,1.2550000000000001,1.0289228272628923
2781,1.2550000000000001,1.0289228272628923
2782,1.2550000000000001,1.0289228272628923
2783,1.2550000000000001,1.0289228272628923
2784,1.2550000000000001,1.0289228272628923
2785,1.2550000000000001,1.0289228272628923
2786,1.2550000000000001,1.0289228272628923
2787,1.2550000000000001,1.0289228272628923
2788,1.2550000000000001,1.0289228272628923
2789,1.2550000000000001,1.0289228272628923
2790,1.2550000000000001,1.0289228272628923
2791,1.2550000000000001,1.0289228272628923
2792,1.2550000000000001,1.0289228272628923
2793,1.2550000000000001,1.0289228272628923
2794,1.2550000000000001,1.0289228272628923
2795,1.2550000000000001,1.0289228272628923
2796,1.2550000000000001,1.0289228272628923
2797,1.2550000000000001,1.0289228272628923
2798,1.2550000000000001,1.0289228272628923
2799,1.2550000000000001,1.0289228272628923
2800,1.2550000000000001,1.0289228272628923
2801,1.2550000000000001,1.0289228272628923
2802,1.2550000000000001,1.0289228272628923
2803,1.2550000000000001,1.0289228272628923
2804,1.2550000000000001,1.0289228272628923
2805,1.2550000000000001,1.0289228272628923
2806,1.2550000000000001,1.0289228272628923
2807,1.2550000000000001,1.0289228272628923
2808,1.2550000000000001,1.0289228272628923
2809,1.2550000000000001,1.0289228272628923
2810,1.2550000000000001,1.0289228272628923
2811,1.2550000000000001,1.0289228272628923
2812,1.2550000000000001,1.0289228272628923
2813,1.2550000000000001,1.0289228272628923
2814,1.2550000000000001,1.0289228272628923
2815,1.2550000000000001,1.0289228272628923
2816,1.2550000000000001,1.0289228272628923
2817,1.2550000000000001,1.0289228272628923
2818,1.2550000000000001,1.0289228272628923
2819,1.2550000000000001,1.0289228272628923
2820,1.2550000000000001,1.0289228272628923
2821,1.2550000000000001,1.0289228272628923
2822,1.2550000000000001,1.0289228272628923
2823,1.2550000000000001,1.0289228272628923
2824,1.2550000000000001,1.0289228272628923
2825,1.2550000000000001,1.0289228272628923
2826,1.2550000000000001,1.0289228272628923
2827,1.2550000000000001,1.0289228272628923
2828,1.2550000000000001,1.0289228272628923
2829,1.2550000000000001,1.0289228272628923
2830,1.2550000000000001,1.0289228272628923
2831,1.2550000000000001,1.0289228272628923
2832,1.2550000000000001,1.0289228272628923
2833,1.2550000000000001,1.0289228272628923
2834,1.2550000000000001,1.0289228272628923
2835,1.2550000000000001,1.0289228272628923
2836,1.2550000000000001,1.0289228272628923
2837,1.2550000000000001,1.0289228272628923
2838,1.2550000000000001,1.0289228272628923
2839,1.2550000000000001,1.0289228272628923
2840,1.2550000000000001,1.0289228272628923
2841,1.2550000000000001,1.0289228272628923
2842,1.2550000000000001,1.0289228272628923
2843,1.2550000000000001,1.0289228272628923
2844,1.2550000000000001,1.0289228272628923
2845,1.2550000000000001,1.0289228272628923
2846,1.2550000000000001,1.0289228272628923
2847,1.2550000000000001,1.0289228272628923
2848,1.2550000000000001,1.0289228272628923
2849,1.2550000000000001,1.0289228272628923
2850,1.2550000000000001,1.0289228272628923
2851,1.2550000000000001,1.0289228272628923
2852,1.2550000000000001,1.0289228272628923
2853,1.2550000000000001,1.0289228272628923
2854,1.2550000000000001,1.0289228272628923
2855,1.2550000000000001,1.0289228272628923
2856,1.2550000000000001,1.0289228272628923
2857,1.2550000000000001,1.0289228272628923
2858,1.2550000000000001,1.0289228272628923
2859,1.2550000000000001,1.0289228272628923
2860,1.2550000000000001,1.0289228272628923
2861,1.2550000000000001,1.0289228272628923
2862,1.2550000000000001,1.0289228272628923
2863,1.2550000000000001,1.0289228272628923
2864,1.2550000000000001,1.0289228272628923
2865,1.2550000000000001,1.0289228272628923
2866,1.2550000000000001,1.0289228272628923
2867,1.2550000000000001,1.0289228272628923
2868,1.2550000000000001,1.0289228272628923
2869,1.2550000000000001,1.0289228272628923
2870,1.2550000000000001,1.0289228272628923
2871,1.2550000000000001,1.0289228272628923
2872,1.2550000000000001,1.0289228272628923
2873,1.2550000000000001,1.0289228272628923
2874,1.2550000000000001,1.0289228272628923
2875,1.12,1.0289228272628923
2876,1.12,1.0289228272628923
2877,1.12,1.0289228272628923
2878,1.12,1.0289228272628923
2879,1.12,1.0289228272628923
2880,1.12,1.0289228272628923
2881,1.12,1.0289228272628923
2882,1.12,1.0289228272628923
2883,1.12,1.0289228272628923
2884,1.12,1.0289228272628923
2885,1.12,1.0289228272628923
2886,1.12,1.0289228272628923
2887,1.12,1.0289228272628923
2888,1.12,1.0289228272628923
2889,1.12,1.0289228272628923
2890,1.12,1.0289228272628923
2891,1.12,1.0289228272628923
2892,1.12,1.0289228272628923
2893,1.12,1.0289228272628923
2894,1.12,1.0289228272628923
2895,1.12,1.0289228272628923
2896,1.12,1.0289228272628923
2897,1.12,1.0289228272628923
2898,1.12,1.0289228272628923
2899,1.12,1.0289228272628923
2900,1.12,1.0289228272628923
2901,1.12,1.0289228272628923
2902,1.12,1.0289228272628923
2903,1.12,1.0289228272628923
2904,1.12,1.0289228272628923
2905,1.12,1.0289228272628923
2906,1.12,1.0289228272628923
2907,1.12,1.0289228272628923
2908,1.12,1.0289228272628923
2909,1.12,1.0289228272628923
2910,1.12,1.0289228272628923
2911,1.12,1.0289228272628923
2912,1.12,1.0289228272628923
2913,1.12,1.0289228272628923
2914,1.12,1.0289228272628923
2915,1.12,1.0289228272628923
2916,1.12,1.0289228272628923
2917,1.12,1.0289228272628923
2918,1.12,1.0289228272628923
2919,1.12,1.0289228272628923
2920,1.12,1.0289228272628923
2921,1.12,1.0289228272628923
2922,1.12,1.0289228272628923
2923,1.12,1.0289228272628923
2924,1.12,1.0289228272628923
2925,1.12,1.0289228272628923
2926,1.12,1.0289228272628923
2927,1.12,1.0289228272628923
2928,1.12,1.0289228272628923
2929,1.12,1.0289228272628923
2930,1.12,1.0289228272628923
2931,1.12,1.0289228272628923
2932,1.12,1.0289228272628923
2933,1.12,1.0289228272628923
2934,1.12,1.0289228272628923
2935,1.12,1.0289228272628923
2936,1.12,1.0289228272628923
2937,1.12,1.0289228272628923
2938,1.12,1.0289228272628923
2939,1.12,1.0289228272628923
2940,1.12,1.0289228272628923
2941,1.12,1.0289228272628923
2942,1.12,1.0289228272628923
2943,1.12,1.0289228272628923
2944,1.12,1.0289228272628923
2945,1.12,1.0289228272628923
2946,1.12,1.0289228272628923
2947,1.12,1.0289228272628923
2948,1.12,1.0289228272628923
2949,1.12,1.0289228272628923
2950,1.12,1.0289228272628923
2951,1.12,1.0289228272628923
2952,1.12,1.0289228272628923
2953,1.12,1.0289228272628923
2954,1.12,1.0289228272628923
2955,1.12,1.0289228272628923
2956,1.12,1.0289228272628923
2957,1.12,1.0289228272628923
2958,1.12,1.0289228272628923
2959,1.12,1.0289228272628923
2960,1.12,1.0289228272628923
2961,1.12,1.0289228272628923
2962,1.12,1.0289228272628923
2963,1.12,1.0289228272628923
2964,1.12,1.0289228272628923
2965,1.12,1.0289228272628923
2966,1.12,1.0289228272628923
2967,1.12,1.0289228272628923
2968,1.12,1.0289228272628923
2969,1.12,1.0289228272628923
2970,1.12,1.0289228272628923
2971,1.12,1.0289228272628923
2972,1.12,1.0289228272628923
2973,1.12,1.0289228272628923
2974,1.12,1.0289228272628923
2975,1.12,1.0289228272628923
2976,1.12,1.0289228272628923
2977,1.12,1.0289228272628923
2978,1.12,1.0289228272628923
2979,1.12,1.0289228272628923
2980,1.12,1.0289228272628923
2981,1.12,1.0289228272628923
2982,1.12,1.0289228272628923
2983,1.12,1.0289228272628923
2984,1.12,1.0289228272628923
2985,1.12,1.0289228272628923
2986,1.12,1.0289228272628923
2987,1.12,1.0289228272628923
2988,1.12,1.0289228272628923
2989,1.12,1.0289228272628923
2990,1.12,1.0289228272628923
2991,1.12,1.0289228272628923
2992,1.12,1.0289228272628923
2993,1.12,1.0289228272628923
2994,1.12,1.0289228272628923
2995,1.12,1.0289228272628923
2996,1.12,1.0289228272628923
2997,1.12,1.0289228272628923
2998,1.12,1.0289228272628923
2999,1.12,1.0289228272628923
3000,1.12,1.0289228272628923
3001,1.12,1.0289228272628923
3002,1.12,1.0289228272628923
3003,1.12,1.0289228272628923
3004,1.12,1.0289228272628923
3005,1.12,1.0289228272628923
3006,1.12,1.0289228272628923
3007,1.12,1.0289228272628923
3008,1.12,1.0289228272628923
3009,1.12,1.0289228272628923
3010,1.12,1.0289228272628923
3011,1.12,1.0289228272628923
3012,1.12,1.0289228272628923
3013,1.12,1.0289228272628923
3014,1.12,1.0289228272628923
3015,1.12,1.0289228272628923
3016,1.12,1.0289228272628923
3017,1.12,1.0289228272628923
3018,1.12,1.0289228272628923
3019,1.12,1.0289228272628923
3020,1.12,1.0289228272628923
3021,1.12,1.0289228272628923
3022,1.12,1.0289228272628923
3023,1.12,1.0289228272628923
3024,1.12,1.0289228272628923
3025,1.12,1.0289228272628923
3026,1.12,1.0289228272628923
3027,1.12,1.0289228272628923
3028,1.12,1.0289228272628923
3029,1.12,1.0289228272628923
3030,1.12,1.0289228272628923
3031,1.12,1.0289228272628923
3032,1.12,1.0289228272628923
3033,1.12,1.0289228272628923
3034,1.12,1.0289228272628923
3035,1.12,1.0289228272628923
3036,1.12,1.0289228272628923
3037,1.12,1.0289228272628923
3038,1.12,1.0289228272628923
3039,1.12,1.0289228272628923
3040,1.12,1.0289228272628923
3041,1.12,1.0289228272628923
3042,1.12,1.0289228272628923
3043,1.12,1.0289228272628923
3044,1.12,1.0289228272628923
3045,1.12,1.0289228272628923
3046,1.12,1.0289228272628923
3047,1.12,1.0289228272628923
3048,1.12,1.0289228272628923
3049,1.12,1.0289228272628923
3050,1.12,1.0289228272628923
3051,1.12,1.0289228272628923
3052,1.12,1.0289228272628923
3053,1.12,1.0289228272628923
3054,1.12,1.0289228272628923
3055,1.12,1.0289228272628923
3056,1.12,1.0289228272628923
3057,1.12,1.0289228272628923
3058,1.12,1.0289228272628923
3059,1.12,1.0289228272628923
3060,1.12,1.0289228272628923
3061,1.12,1.0289228272628923
3062,1.12,1.0289228272628923
3063,1.12,1.0289228272628923
3064,1.12,1.0289228272628923
3065,1.12,1.0289228272628923
3066,1.12,1.0289228272628923
3067,1.12,1.0289228272628923
3068,1.12,1.0289228272628923
3069,1.12,1.0289228272628923
3070,1.12,1.0289228272628923
3071,1.12,1.0289228272628923
3072,1.12,1.0289228272628923
3073,0.9850000000000001,1.0289228272628923
3074,0.9850000000000001,1.0289228272628923
3075,0.9850000000000001,1.0289228272628923
3076,0.9850000000000001,1.0289228272628923
3077,0.9850000000000001,1.0289228272628923
3078,0.9850000000000001,1.0289228272628923
3079,0.9850000000000001,1.0289228272628923
3080,0.9850000000000001,1.0289228272628923
3081,0.9850000000000001,1.0289228272628923
3082,0.9850000000000001,1.0289228272628923
3083,0.9850000000000001,1.0289228272628923
3084,0.9850000000000001,1.0289228272628923
3085,0.9850000000000001,1.0289228272628923
3086,0.9850000000000001,1.0289228272628923
3087,0.9850000000000001,1.0289228272628923
3088,0.9850000000000001,1.0289228272628923
3089,0.9850000000000001,1.0289228272628923
3090,0.9850000000000001,1.0289228272628923
3091,0.9850000000000001,1.0289228272628923
3092,0.9850000000000001,1.0289228272628923
3093,0.9850000000000001,1.0289228272628923
3094,0.9850000000000001,1.0289228272628923
3095,0.9850000000000001,1.0289228272628923
3096,0.9850000000000001,1.0289228272628923
3097,0.9850000000000001,1.0289228272628923
3098,0.9850000000000001,1.0289228272628923
3099,0.9850000000000001,1.0289228272628923
3100,0.9850000000000001,1.0289228272628923
3101,0.9850000000000001,1.0289228272628923
3102,0.9850000000000001,1.0289228272628923
3103,0.9850000000000001,1.0289228272628923
3104,0.9850000000000001,1.0289228272628923
3105,0.9850000000000001,1.0289228272628923
3106,0.9850000000000001,1.0289228272628923
3107,0.9850000000000001,1.0289228272628923
3108,0.9850000000000001,1.0289228272628923
3109,0.9850000000000001,1.0289228272628923
3110,0.9850000000000001,1.0289228272628923
3111,0.9850000000000001,1.0289228272628923
3112,0.9850000000000001,1.0289228272628923
3113,0.9850000000000001,1.0289228272628923
3114,0.9850000000000001,1.0289228272628923
3115,0.9850000000000001,1.0289228272628923
3116,0.9850000000000001,1.0289228272628923
3117,0.9850000000000001,1.0289228272628923
3118,0.9850000000000001,1.0289228272628923
3119,0.9850000000000001,1.0289228272628923
3120,0.9850000000000001,1.0289228272628923
3121,0.9850000000000001,1.0289228272628923
3122,0.9850000000000001,1.0289228272628923
3123,0.9850000000000001,1.0289228272628923
3124,0.9850000000000001,1.0289228272628923
3125,0.9850000000000001,1.0289228272628923
3126,0.9850000000000001,1.0289228272628923
3127,0.9850000000000001,1.0289228272628923
3128,0.9850000000000001,1.0289228272628923
3129,0.9850000000000001,1.0289228272628923
3130,0.9850000000000001,1.0289228272628923
3131,0.9850000000000001,1.0289228272628923
3132,0.9850000000000001,1.0289228272628923
3133,0.9850000000000001,1.0289228272628923
3134,0.9850000000000001,1.0289228272628923
3135,0.9850000000000001,1.0289228272628923
3136,0.9850000000000001,1.0289228272628923
3137,0.9850000000000001,1.0289228272628923
3138,0.9850000000000001,1.0289228272628923
3139,0.9850000000000001,1.0289228272628923
3140,0.9850000000000001,1.0289228272628923
3141,0.9850000000000001,1.0289228272628923
3142,0.9850000000000001,1.0289228272628923
3143,0.9850000000000001,1.0289228272628923
3144,0.9850000000000001,1.0289228272628923
3145,0.9850000000000001,1.0289228272628923
3146,0.9850000000000001,1.0289228272628923
3147,0.9850000000000001,1.0289228272628923
3148,0.9850000000000001,1.0289228272628923
3149,0.9850000000000001,1.0289228272628923
3150,0.9850000000000001,1.0289228272628923
3151,0.9850000000000001,1.0289228272628923
3152,0.9850000000000001,1.0289228272628923
3153,0.9850000000000001,1.0289228272628923
3154,0.9850000000000001,1.0289228272628923
3155,0.9850000000000001,1.0289228272628923
3156,0.9850000000000001,1.0289228272628923
3157,0.9850000000000001,1.0289228272628923
3158,0.9850000000000001,1.0289228272628923
3159,0.9850000000000001,1.0289228272628923
3160,0.9850000000000001,1.0289228272628923
3161,0.9850000000000001,1.0289228272628923
3162,0.9850000000000001,1.0289228272628923
3163,0.9850000000000001,1.0289228272628923
3164,0.9850000000000001,1.0289228272628923
3165,0.9850000000000001,1.0289228272628923
3166,0.9850000000000001,1.0289228272628923
3167,0.9850000000000001,1.0289228272628923
3168,0.9850000000000001,1.0289228272628923
3169,0.9850000000000001,1.0289228272628923
3170,0.9850000000000001,1.0289228272628923
3171,0.9850000000000001,1.0289228272628923
3172,0.8500000000000001,1.0289228272628923
3173,0.8500000000000001,1.0289228272628923
3174,0.8500000000000001,1.0289228272628923
3175,0.8500000000000001,1.0289228272628923
3176,0.8500000000000001,1.0289228272628923
3177,0.8500000000000001,1.0289228272628923
3178,0.8500000000000001,1.0289228272628923
3179,0.8500000000000001,1.0289228272628923
3180,0.8500000000000001,1.0289228272628923
3181,0.8500000000000001,1.0289228272628923
3182,0.8500000000000001,1.0289228272628923
3183,0.8500000000000001,1.0289228272628923
3184,0.8500000000000001,1.0289228272628923
3185,0.8500000000000001,1.0289228272628923
3186,0.8500000000000001,1.0289228272628923
3187,0.8500000000000001,1.0289228272628923
3188,0.8500000000000001,1.0289228272628923
3189,0.8500000000000001,1.0289228272628923
3190,0.8500000000000001,1.0289228272628923
3191,0.8500000000000001,1.0289228272628923
3192,0.8500000000000001,1.0289228272628923
3193,0.8500000000000001,1.0289228272628923
3194,0.8500000000000001,1.0289228272628923
3195,0.8500000000000001,1.0289228272628923
3196,0.8500000000000001,1.0289228272628923
3197,0.8500000000000001,1.0289228272628923
3198,0.8500000000000001,1.0289228272628923
3199,0.8500000000000001,1.0289228272628923
3200,0.8500000000000001,1.0289228272628923
3201,0.8500000000000001,1.0289228272628923
3202,0.8500000000000001,1.0289228272628923
3203,0.8500000000000001,1.0289228272628923
3204,0.8500000000000001,1.0289228272628923
3205,0.8500000000000001,1.0289228272628923
3206,0.8500000000000001,1.0289228272628923
3207,0.8500000000000001,1.0289228272628923
3208,0.8500000000000001,1.0289228272628923
3209,0.8500000000000001,1.0289228272628923
3210,0.8500000000000001,1.0289228272628923
3211,0.8500000000000001,1.0289228272628923
3212,0.8500000000000001,1.0289228272628923
3213,0.8500000000000001,1.0289228272628923
3214,0.8500000000000001,1.0289228272628923
3215,0.8500000000000001,1.0289228272628923
3216,0.8500000000000001,1.0289228272628923
3217,0.8500000000000001,1.0289228272628923
3218,0.8500000000000001,1.0289228272628923
3219,0.8500000000000001,1.0289228272628923
3220,0.8500000000000001,1.0289228272628923
3221,0.8500000000000001,1.0289228272628923
3222,0.8500000000000001,1.0289228272628923
3223,0.8500000000000001,1.0289228272628923
3224,0.8500000000000001,1.0289228272628923
3225,0.8500000000000001,1.0289228272628923
3226,0.8500000000000001,1.0289228272628923
3227,0.8500000000000001,1.0289228272628923
3228,0.8500000000000001,1.0289228272628923
3229,0.8500000000000001,1.0289228272628923
3230,0.8500000000000001,1.0289228272628923
3231,0.8500000000000001,1.0289228272628923
3232,0.8500000000000001,1.0289228272628923
3233,0.8500000000000001,1.0289228272628923
3234,0.8500000000000001,1.0289228272628923
3235,0.8500000000000001,1.0289228272628923
3236,0.8500000000000001,1.0289228272628923
3237,0.8500000000000001,1.0289228272628923
3238,0.8500000000000001,1.0289228272628923
3239,0.8500000000000001,1.0289228272628923
3240,0.8500000000000001,1.0289228272628923
3241,0.8500000000000001,1.0289228272628923
3242,0.8500000000000001,1.0289228272628923
3243,0.8500000000000001,1.0289228272628923
3244,0.8500000000000001,1.0289228272628923
3245,0.8500000000000001,1.0289228272628923
3246,0.8500000000000001,1.0289228272628923
3247,0.8500000000000001,1.0289228272628923
3248,0.8500000000000001,1.0289228272628923
3249,0.8500000000000001,1.0289228272628923
3250,0.8500000000000001,1.0289228272628923
3251,0.8500000000000001,1.0289228272628923
3252,0.8500000000000001,1.0289228272628923
3253,0.8500000000000001,1.0289228272628923
3254,0.8500000000000001,1.0289228272628923
3255,0.8500000000000001,1.0289228272628923
3256,0.8500000000000001,1.0289228272628923
3257,0.8500000000000001,1.0289228272628923
3258,0.8500000000000001,1.0289228272628923
3259,0.8500000000000001,1.0289228272628923
3260,0.8500000000000001,1.0289228272628923
3261,0.8500000000000001,1.0289228272628923
3262,0.8500000000000001,1.0289228272628923
3263,0.8500000000000001,1.0289228272628923
3264,0.8500000000000001,1.0289228272628923
3265,0.8500000000000001,1.0289228272628923
3266,0.8500000000000001,1.0289228272628923
3267,0.8500000000000001,1.0289228272628923
3268,0.8500000000000001,1.0289228272628923
3269,0.8500000000000001,1.0289228272628923
3270,0.58,1.0289228272628923
3271,0.58,1.0289228272628923
3272,0.58,1.0289228272628923
3273,0.58,1.0289228272628923
3274,0.58,1.0289228272628923
3275,0.58,1.0289228272628923
3276,0.58,1.0289228272628923
3277,0.58,1.0289228272628923
3278,0.58,1.0289228272628923
3279,0.58,1.0289228272628923
3280,0.58,1.0289228272628923
3281,0.58,1.0289228272628923
3282,0.58,1.0289228272628923
3283,0.58,1.0289228272628923
3284,0.58,1.0289228272628923
3285,0.58,1.0289228272628923
3286,0.58,1.0289228272628923
3287,0.58,1.0289228272628923
3288,0.58,1.0289228272628923
3289,0.58,1.0289228272628923
3290,0.58,1.0289228272628923
3291,0.58,1.0289228272628923
3292,0.58,1.0289228272628923
3293,0.58,1.0289228272628923
3294,0.58,1.0289228272628923
3295,0.58,1.0289228272628923
3296,0.58,1.0289228272628923
3297,0.58,1.0289228272628923
3298,0.58,1.0289228272628923
3299,0.58,1.0289228272628923
3300,0.58,1.0289228272628923
3301,0.58,1.0289228272628923
3302,0.58,1.0289228272628923
3303,0.58,1.0289228272628923
3304,0.58,1.0289228272628923
3305,0.58,1.0289228272628923
3306,0.58,1.0289228272628923
3307,0.58,1.0289228272628923
3308,0.58,1.0289228272628923
3309,0.58,1.0289228272628923
3310,0.58,1.0289228272628923
3311,0.58,1.0289228272628923
3312,0.58,1.0289228272628923
3313,0.58,1.0289228272628923
3314,0.58,1.0289228272628923
3315,0.58,1.0289228272628923
3316,0.58,1.0289228272628923
3317,0.58,1.0289228272628923
3318,0.58,1.0289228272628923
3319,0.58,1.0289228272628923
3320,0.58,1.0289228272628923
3321,0.58,1.0289228272628923
3322,0.58,1.0289228272628923
3323,0.58,1.0289228272628923
3324,0.58,1.0289228272628923
3325,0.58,1.0289228272628923
3326,0.58,1.0289228272628923
3327,0.58,1.0289228272628923
3328,0.58,1.0289228272628923
3329,0.58,1.0289228272628923
3330,0.58,1.0289228272628923
3331,0.58,1.0289228272628923
3332,0.58,1.0289228272628923
3333,0.58,1.0289228272628923
3334,0.58,1.0289228272628923
3335,0.58,1.0289228272628923
3336,0.58,1.0289228272628923
3337,0.58,1.0289228272628923
3338,0.58,1.0289228272628923
3339,0.58,1.0289228272628923
3340,0.58,1.0289228272628923
3341,0.58,1.0289228272628923
3342,0.58,1.0289228272628923
3343,0.58,1.0289228272628923
3344,0.58,1.0289228272628923
3345,0.58,1.0289228272628923
3346,0.58,1.0289228272628923
3347,0.58,1.0289228272628923
3348,0.58,1.0289228272628923
3349,0.58,1.0289228272628923
3350,0.58,1.0289228272628923
3351,0.58,1.0289228272628923
3352,0.58,1.0289228272628923
3353,0.58,1.0289228272628923
3354,0.58,1.0289228272628923
3355,0.58,1.0289228272628923
3356,0.58,1.0289228272628923
3357,0.58,1.0289228272628923
3358,0.58,1.0289228272628923
3359,0.58,1.0289228272628923
3360,0.58,1.0289228272628923
3361,0.58,1.0289228272628923
3362,0.58,1.0289228272628923
3363,0.58,1.0289228272628923
3364,0.58,1.0289228272628923
3365,0.58,1.0289228272628923
3366,0.58,1.0289228272628923
3367,0.58,1.0289228272628923
3368,0.57,1.0289228272628923
3369,0.43499999999999994,1.0289228272628923
3370,0.43499999999999994,1.0289228272628923
3371,0.43499999999999994,1.0289228272628923
3372,0.43499999999999994,1.0289228272628923
3373,0.43499999999999994,1.0289228272628923
3374,0.43499999999999994,1.0289228272628923
3375,0.43499999999999994,1.0289228272628923
3376,0.43499999999999994,1.0289228272628923
3377,0.43499999999999994,1.0289228272628923
3378,0.43499999999999994,1.0289228272628923
3379,0.43499999999999994,1.0289228272628923
3380,0.43499999999999994,1.0289228272628923
3381,0.43499999999999994,1.0289228272628923
3382,0.43499999999999994,1.0289228272628923
3383,0.43499999999999994,1.0289228272628923
3384,0.43499999999999994,1.0289228272628923
3385,0.43499999999999994,1.0289228272628923
3386,0.43499999999999994,1.0289228272628923
3387,0.43499999999999994,1.0289228272628923
3388,0.43499999999999994,1.0289228272628923
3389,0.43499999999999994,1.0289228272628923
3390,0.43499999999999994,1.0289228272628923
3391,0.43499999999999994,1.0289228272628923
3392,0.43499999999999994,1.0289228272628923
3393,0.43499999999999994,1.0289228272628923
3394,0.43499999999999994,1.0289228272628923
3395,0.43499999999999994,1.0289228272628923
3396,0.43499999999999994,1.0289228272628923
3397,0.43499999999999994,1.0289228272628923
3398,0.43499999999999994,1.0289228272628923
3399,0.43499999999999994,1.0289228272628923
3400,0.43499999999999994,1.0289228272628923
3401,0.43499999999999994,1.0289228272628923
3402,0.43499999999999994,1.0289228272628923
3403,0.43499999999999994,1.0289228272628923
3404,0.43499999999999994,1.0289228272628923
3405,0.43499999999999994,1.0289228272628923
3406,0.43499999999999994,1.0289228272628923
3407,0.43499999999999994,1.0289228272628923
3408,0.43499999999999994,1.0289228272628923
3409,0.43499999999999994,1.0289228272628923
3410,0.43499999999999994,1.0289228272628923
3411,0.43499999999999994,1.0289228272628923
3412,0.43499999999999994,1.0289228272628923
3413,0.43499999999999994,1.0289228272628923
3414,0.43499999999999994,1.0289228272628923
3415,0.43499999999999994,1.0289228272628923
3416,0.43499999999999994,1.0289228272628923
3417,0.43499999999999994,1.0289228272628923
3418,0.43499999999999994,1.0289228272628923
3419,0.43499999999999994,1.0289228272628923
3420,0.43499999999999994,1.0289228272628923
3421,0.43499999999999994,1.0289228272628923
3422,0.43499999999999994,1.0289228272628923
3423,0.43499999999999994,1.0289228272628923
3424,0.43499999999999994,1.0289228272628923
3425,0.43499999999999994,1.0289228272628923
3426,0.43499999999999994,1.0289228272628923
3427,0.43499999999999994,1.0289228272628923
3428,0.43499999999999994,1.0289228272628923
3429,0.43499999999999994,1.0289228272628923
3430,0.43499999999999994,1.0289228272628923
3431,0.43499999999999994,1.0289228272628923
3432,0.43499999999999994,1.0289228272628923
3433,0.43499999999999994,1.0289228272628923
3434,0.43499999999999994,1.0289228272628923
3435,0.43499999999999994,1.0289228272628923
3436,0.43499999999999994,1.0289228272628923
3437,0.43499999999999994,1.0289228272628923
3438,0.43499999999999994,1.0289228272628923
3439,0.43499999999999994,1.0289228272628923
3440,0.43499999999999994,1.0289228272628923
3441,0.43499999999999994,1.0289228272628923
3442,0.43499999999999994,1.0289228272628923
3443,0.43499999999999994,1.0289228272628923
3444,0.43499999999999994,1.0289228272628923
3445,0.43499999999999994,1.0289228272628923
3446,0.43499999999999994,1.0289228272628923
3447,0.43499999999999994,1.0289228272628923
3448,0.43499999999999994,1.0289228272628923
3449,0.43499999999999994,1.0289228272628923
3450,0.43499999999999994,1.0289228272628923
3451,0.43499999999999994,1.0289228272628923
3452,0.43499999999999994,1.0289228272628923
3453,0.43499999999999994,1.0289228272628923
3454,0.43499999999999994,1.0289228272628923
3455,0.43499999999999994,1.0289228272628923
3456,0.43499999999999994,1.0289228272628923
3457,0.43499999999999994,1.0289228272628923
3458,0.43499999999999994,1.0289228272628923
3459,0.43499999999999994,1.0289228272628923
3460,0.43499999999999994,1.0289228272628923
3461,0.43499999999999994,1.0289228272628923
3462,0.43499999999999994,1.0289228272628923
3463,0.43499999999999994,1.0289228272628923
3464,0.43499999999999994,1.0289228272628923
3465,0.43499999999999994,1.0289228272628923
3466,0.43499999999999994,1.0289228272628923
3467,0.43499999999999994,1.0289228272628923
3468,0.43499999999999994,1.0289228272628923
3469,0.43499999999999994,1.0289228272628923
3470,0.43499999999999994,1.0289228272628923
3471,0.43499999999999994,1.0289228272628923
3472,0.43499999999999994,1.0289228272628923
3473,0.43499999999999994,1.0289228272628923
3474,0.43499999999999994,1.0289228272628923
3475,0.43499999999999994,1.0289228272628923
3476,0.43499999999999994,1.0289228272628923
3477,0.43499999999999994,1.0289228272628923
3478,0.43499999999999994,1.0289228272628923
3479,0.43499999999999994,1.0289228272628923
3480,0.43499999999999994,1.0289228272628923
3481,0.43499999999999994,1.0289228272628923
3482,0.43499999999999994,1.0289228272628923
3483,0.43499999999999994,1.0289228272628923
3484,0.43499999999999994,1.0289228272628923
3485,0.43499999999999994,1.0289228272628923
3486,0.43499999999999994,1.0289228272628923
3487,0.43499999999999994,1.0289228272628923
3488,0.43499999999999994,1.0289228272628923
3489,0.43499999999999994,1.0289228272628923
3490,0.43499999999999994,1.0289228272628923
3491,0.43499999999999994,1.0289228272628923
3492,0.43499999999999994,1.0289228272628923
3493,0.43499999999999994,1.0289228272628923
3494,0.43499999999999994,1.0289228272628923
3495,0.43499999999999994,1.0289228272628923
3496,0.43499999999999994,1.0289228272628923
3497,0.43499999999999994,1.0289228272628923
3498,0.43499999999999994,1.0289228272628923
3499,0.43499999999999994,1.0289228272628923
3500,0.43499999999999994,1.0289228272628923
3501,0.43499999999999994,1.0289228272628923
3502,0.43499999999999994,1.0289228272628923
3503,0.43499999999999994,1.0289228272628923
3504,0.43499999999999994,1.0289228272628923
3505,0.43499999999999994,1.0289228272628923
3506,0.43499999999999994,1.0289228272628923
3507,0.43499999999999994,1.0289228272628923
3508,0.43499999999999994,1.0289228272628923
3509,0.43499999999999994,1.0289228272628923
3510,0.43499999999999994,1.0289228272628923
3511,0.43499999999999994,1.0289228272628923
3512,0.43499999999999994,1.0289228272628923
3513,0.43499999999999994,1.0289228272628923
3514,0.43499999999999994,1.0289228272628923
3515,0.43499999999999994,1.0289228272628923
3516,0.43499999999999994,1.0289228272628923
3517,0.43499999999999994,1.0289228272628923
3518,0.43499999999999994,1.0289228272628923
3519,0.43499999999999994,1.0289228272628923
3520,0.43499999999999994,1.0289228272628923
3521,0.43499999999999994,1.0289228272628923
3522,0.43499999999999994,1.0289228272628923
3523,0.43499999999999994,1.0289228272628923
3524,0.43499999999999994,1.0289228272628923
3525,0.43499999999999994,1.0289228272628923
3526,0.43499999999999994,1.0289228272628923
3527,0.43499999999999994,1.0289228272628923
3528,0.43499999999999994,1.0289228272628923
3529,0.43499999999999994,1.0289228272628923
3530,0.43499999999999994,1.0289228272628923
3531,0.43499999999999994,1.0289228272628923
3532,0.43499999999999994,1.0289228272628923
3533,0.43499999999999994,1.0289228272628923
3534,0.43499999999999994,1.0289228272628923
3535,0.43499999999999994,1.0289228272628923
3536,0.43499999999999994,1.0289228272628923
3537,0.43499999999999994,1.0289228272628923
3538,0.43499999999999994,1.0289228272628923
3539,0.43499999999999994,1.0289228272628923
3540,0.43499999999999994,1.0289228272628923
3541,0.43499999999999994,1.0289228272628923
3542,0.43499999999999994,1.0289228272628923
3543,0.43499999999999994,1.0289228272628923
3544,0.43499999999999994,1.0289228272628923
3545,0.43499999999999994,1.0289228272628923
3546,0.43499999999999994,1.0289228272628923
3547,0.43499999999999994,1.0289228272628923
3548,0.43499999999999994,1.0289228272628923
3549,0.43499999999999994,1.0289228272628923
3550,0.43499999999999994,1.0289228272628923
3551,0.43499999999999994,1.0289228272628923
3552,0.43499999999999994,1.0289228272628923
3553,0.43499999999999994,1.0289228272628923
3554,0.43499999999999994,1.0289228272628923
3555,0.43499999999999994,1.0289228272628923
3556,0.43499999999999994,1.0289228272628923
3557,0.43499999999999994,1.0289228272628923
3558,0.43499999999999994,1.0289228272628923
3559,0.43499999999999994,1.0289228272628923
3560,0.43499999999999994,1.0289228272628923
3561,0.43499999999999994,1.0289228272628923
3562,0.43499999999999994,1.0289228272628923
3563,0.43499999999999994,1.0289228272628923
3564,0.43499999999999994,1.0289228272628923
3565,0.43499999999999994,1.0289228272628923
3566,0.43499999999999994,1.0289228272628923
3567,0.43499999999999994,1.0289228272628923
3568,0.43499999999999994,1.0289228272628923
3569,0.43499999999999994,1.0289228272628923
3570,0.43499999999999994,1.0289228272628923
3571,0.43499999999999994,1.0289228272628923
3572,0.43499999999999994,1.0289228272628923
3573,0.43499999999999994,1.0289228272628923
3574,0.43499999999999994,1.0289228272628923
3575,0.43499999999999994,1.0289228272628923
3576,0.43499999999999994,1.0289228272628923
3577,0.43499999999999994,1.0289228272628923
3578,0.43499999999999994,1.0289228272628923
3579,0.43499999999999994,1.0289228272628923
3580,0.43499999999999994,1.0289228272628923
3581,0.43499999999999994,1.0289228272628923
3582,0.43499999999999994,1.0289228272628923
3583,0.43499999999999994,1.0289228272628923
3584,0.43499999999999994,1.0289228272628923
3585,0.43499999999999994,1.0289228272628923
3586,0.43499999999999994,1.0289228272628923
3587,0.43499999999999994,1.0289228272628923
3588,0.43499999999999994,1.0289228272628923
3589,0.43499999999999994,1.0289228272628923
3590,0.43499999999999994,1.0289228272628923
3591,0.43499999999999994,1.0289228272628923
3592,0.43499999999999994,1.0289228272628923
3593,0.43499999999999994,1.0289228272628923
3594,0.43499999999999994,1.0289228272628923
3595,0.43499999999999994,1.0289228272628923
3596,0.43499999999999994,1.0289228272628923
3597,0.43499999999999994,1.0289228272628923
3598,0.43499999999999994,1.0289228272628923
3599,0.43499999999999994,1.0289228272628923
3600,0.43499999999999994,1.0289228272628923
3601,0.43499999999999994,1.0289228272628923
3602,0.43499999999999994,1.0289228272628923
3603,0.43499999999999994,1.0289228272628923
3604,0.43499999999999994,1.0289228272628923
3605,0.43499999999999994,1.0289228272628923
3606,0.43499999999999994,1.0289228272628923
3607,0.43499999999999994,1.0289228272628923
3608,0.43499999999999994,1.0289228272628923
3609,0.43499999999999994,1.0289228272628923
3610,0.43499999999999994,1.0289228272628923
3611,0.43499999999999994,1.0289228272628923
3612,0.43499999999999994,1.0289228272628923
3613,0.43499999999999994,1.0289228272628923
3614,0.43499999999999994,1.0289228272628923
3615,0.43499999999999994,1.0289228272628923
3616,0.43499999999999994,1.0289228272628923
3617,0.43499999999999994,1.0289228272628923
3618,0.43499999999999994,1.0289228272628923
3619,0.43499999999999994,1.0289228272628923
3620,0.43499999999999994,1.0289228272628923
3621,0.43499999999999994,1.0289228272628923
3622,0.43499999999999994,1.0289228272628923
3623,0.43499999999999994,1.0289228272628923
3624,0.43499999999999994,1.0289228272628923
3625,0.43499999999999994,1.0289228272628923
3626,0.43499999999999994,1.0289228272628923
3627,0.43499999999999994,1.0289228272628923
3628,0.43499999999999994,1.0289228272628923
3629,0.43499999999999994,1.0289228272628923
3630,0.43499999999999994,1.0289228272628923
3631,0.43499999999999994,1.0289228272628923
3632,0.43499999999999994,1.0289228272628923
3633,0.43499999999999994,1.0289228272628923
3634,0.43499999999999994,1.0289228272628923
3635,0.43499999999999994,1.0289228272628923
3636,0.43499999999999994,1.0289228272628923
3637,0.43499999999999994,1.0289228272628923
3638,0.43499999999999994,1.0289228272628923
3639,0.43499999999999994,1.0289228272628923
3640,0.43499999999999994,1.0289228272628923
3641,0.43499999999999994,1.0289228272628923
3642,0.43499999999999994,1.0289228272628923
3643,0.43499999999999994,1.0289228272628923
3644,0.43499999999999994,1.0289228272628923
3645,0.43499999999999994,1.0289228272628923
3646,0.43499999999999994,1.0289228272628923
3647,0.43499999999999994,1.0289228272628923
3648,0.43499999999999994,1.0289228272628923
3649,0.43499999999999994,1.0289228272628923
3650,0.43499999999999994,1.0289228272628923
3651,0.43499999999999994,1.0289228272628923
3652,0.43499999999999994,1.0289228272628923
3653,0.43499999999999994,1.0289228272628923
3654,0.43499999999999994,1.0289228272628923
3655,0.43499999999999994,1.0289228272628923
3656,0.43499999999999994,1.0289228272628923
3657,0.43499999999999994,1.0289228272628923
3658,0.43499999999999994,1.0289228272628923
3659,0.43499999999999994,1.0289228272628923
3660,0.43499999999999994,1.0289228272628923
3661,0.43499999999999994,1.0289228272628923
3662,0.43499999999999994,1.0289228272628923
3663,0.43499999999999994,1.0289228272628923
3664,0.43499999999999994,1.0289228272628923
3665,0.43499999999999994,1.0289228272628923
3666,0.43499999999999994,1.0289228272628923
3667,0.43499999999999994,1.0289228272628923
3668,0.43499999999999994,1.0289228272628923
3669,0.43499999999999994,1.0289228272628923
3670,0.43499999999999994,1.0289228272628923
3671,0.43499999999999994,1.0289228272628923
3672,0.43499999999999994,1.0289228272628923
3673,0.43499999999999994,1.0289228272628923
3674,0.43499999999999994,1.0289228272628923
3675,0.43499999999999994,1.0289228272628923
3676,0.43499999999999994,1.0289228272628923
3677,0.43499999999999994,1.0289228272628923
3678,0.43499999999999994,1.0289228272628923
3679,0.43499999999999994,1.0289228272628923
3680,0.43499999999999994,1.0289228272628923
3681,0.43499999999999994,1.0289228272628923
3682,0.43499999999999994,1.0289228272628923
3683,0.43499999999999994,1.0289228272628923
3684,0.43499999999999994,1.0289228272628923
3685,0.43499999999999994,1.0289228272628923
3686,0.43499999999999994,1.0289228272628923
3687,0.43499999999999994,1.0289228272628923
3688,0.43499999999999994,1.0289228272628923
3689,0.43499999999999994,1.0289228272628923
3690,0.43499999999999994,1.0289228272628923
3691,0.43499999999999994,1.0289228272628923
3692,0.43499999999999994,1.0289228272628923
3693,0.43499999999999994,1.0289228272628923
3694,0.43499999999999994,1.0289228272628923
3695,0.43499999999999994,1.0289228272628923
3696,0.43499999999999994,1.0289228272628923
3697,0.43499999999999994,1.0289228272628923
3698,0.43499999999999994,1.0289228272628923
3699,0.43499999999999994,1.0289228272628923
3700,0.43499999999999994,1.0289228272628923
3701,0.43499999999999994,1.0289228272628923
3702,0.43499999999999994,1.0289228272628923
3703,0.43499999999999994,1.0289228272628923
3704,0.43499999999999994,1.0289228272628923
3705,0.43499999999999994,1.0289228272628923
3706,0.43499999999999994,1.0289228272628923
3707,0.43499999999999994,1.0289228272628923
3708,0.43499999999999994,1.0289228272628923
3709,0.43499999999999994,1.0289228272628923
3710,0.43499999999999994,1.0289228272628923
3711,0.43499999999999994,1.0289228272628923
3712,0.43499999999999994,1.0289228272628923
3713,0.43499999999999994,1.0289228272628923
3714,0.43499999999999994,1.0289228272628923
3715,0.43499999999999994,1.0289228272628923
3716,0.43499999999999994,1.0289228272628923
3717,0.43499999999999994,1.0289228272628923
3718,0.43499999999999994,1.0289228272628923
3719,0.43499999999999994,1.0289228272628923
3720,0.43499999999999994,1.0289228272628923
3721,0.43499999999999994,1.0289228272628923
3722,0.43499999999999994,1.0289228272628923
3723,0.43499999999999994,1.0289228272628923
3724,0.43499999999999994,1.0289228272628923
3725,0.43499999999999994,1.0289228272628923
3726,0.43499999999999994,1.0289228272628923
3727,0.43499999999999994,1.0289228272628923
3728,0.43499999999999994,1.0289228272628923
3729,0.43499999999999994,1.0289228272628923
3730,0.43499999999999994,1.0289228272628923
3731,0.43499999999999994,1.0289228272628923
3732,0.43499999999999994,1.0289228272628923
3733,0.43499999999999994,1.0289228272628923
3734,0.43499999999999994,1.0289228272628923
3735,0.43499999999999994,1.0289228272628923
3736,0.43499999999999994,1.0289228272628923
3737,0.43499999999999994,1.0289228272628923
3738,0.43499999999999994,1.0289228272628923
3739,0.43499999999999994,1.0289228272628923
3740,0.43499999999999994,1.0289228272628923
3741,0.43499999999999994,1.0289228272628923
3742,0.43499999999999994,1.0289228272628923
3743,0.43499999999999994,1.0289228272628923
3744,0.43499999999999994,1.0289228272628923
3745,0.43499999999999994,1.0289228272628923
3746,0.43499999999999994,1.0289228272628923
3747,0.43499999999999994,1.0289228272628923
3748,0.43499999999999994,1.0289228272628923
3749,0.43499999999999994,1.0289228272628923
3750,0.43499999999999994,1.0289228272628923
3751,0.43499999999999994,1.0289228272628923
3752,0.43499999999999994,1.0289228272628923
3753,0.43499999999999994,1.0289228272628923
3754,0.43499999999999994,1.0289228272628923
3755,0.43499999999999994,1.0289228272628923
3756,0.43499999999999994,1.0289228272628923
3757,0.43499999999999994,1.0289228272628923
3758,0.43499999999999994,1.0289228272628923
3759,0.43499999999999994,1.0289228272628923
3760,0.43499999999999994,1.0289228272628923
3761,0.43499999999999994,1.0289228272628923
3762,0.43499999999999994,1.0289228272628923
3763,0.43499999999999994,1.0289228272628923
3764,0.43499999999999994,1.0289228272628923
3765,0.43499999999999994,1.0289228272628923
3766,0.43499999999999994,1.0289228272628923
3767,0.43499999999999994,1.0289228272628923
3768,0.43499999999999994,1.0289228272628923
3769,0.43499999999999994,1.0289228272628923
3770,0.43499999999999994,1.0289228272628923
3771,0.43499999999999994,1.0289228272628923
3772,0.43499999999999994,1.0289228272628923
3773,0.43499999999999994,1.0289228272628923
3774,0.43499999999999994,1.0289228272628923
3775,0.43499999999999994,1.0289228272628923
3776,0.43499999999999994,1.0289228272628923
3777,0.43499999999999994,1.0289228272628923
3778,0.43499999999999994,1.0289228272628923
3779,0.43499999999999994,1.0289228272628923
3780,0.43499999999999994,1.0289228272628923
3781,0.43499999999999994,1.0289228272628923
3782,0.43499999999999994,1.0289228272628923
3783,0.43499999999999994,1.0289228272628923
3784,0.43499999999999994,1.0289228272628923
3785,0.43499999999999994,1.0289228272628923
3786,0.43499999999999994,1.0289228272628923
3787,0.43499999999999994,1.0289228272628923
3788,0.43499999999999994,1.0289228272628923
3789,0.43499999999999994,1.0289228272628923
3790,0.43499999999999994,1.0289228272628923
3791,0.43499999999999994,1.0289228272628923
3792,0.43499999999999994,1.0289228272628923
3793,0.43499999999999994,1.0289228272628923
3794,0.43499999999999994,1.0289228272628923
3795,0.43499999999999994,1.0289228272628923
3796,0.43499999999999994,1.0289228272628923
3797,0.43499999999999994,1.0289228272628923
3798,0.43499999999999994,1.0289228272628923
3799,0.43499999999999994,1.0289228272628923
3800,0.43499999999999994,1.0289228272628923
3801,0.43499999999999994,1.0289228272628923
3802,0.43499999999999994,1.0289228272628923
3803,0.43499999999999994,1.0289228272628923
3804,0.43499999999999994,1.0289228272628923
3805,0.43499999999999994,1.0289228272628923
3806,0.43499999999999994,1.0289228272628923
3807,0.43499999999999994,1.0289228272628923
3808,0.43499999999999994,1.0289228272628923
3809,0.43499999999999994,1.0289228272628923
3810,0.43499999999999994,1.0289228272628923
3811,0.43499999999999994,1.0289228272628923
3812,0.43499999999999994,1.0289228272628923
3813,0.43499999999999994,1.0289228272628923
3814,0.43499999999999994,1.0289228272628923
3815,0.43499999999999994,1.0289228272628923
3816,0.43499999999999994,1.0289228272628923
3817,0.43499999999999994,1.0289228272628923
3818,0.43499999999999994,1.0289228272628923
3819,0.43499999999999994,1.0289228272628923
3820,0.43499999999999994,1.0289228272628923
3821,0.43499999999999994,1.0289228272628923
3822,0.43499999999999994,1.0289228272628923
3823,0.43499999999999994,1.0289228272628923
3824,0.43499999999999994,1.0289228272628923
3825,0.43499999999999994,1.0289228272628923
3826,0.43499999999999994,1.0289228272628923
3827,0.43499999999999994,1.0289228272628923
3828,0.43499999999999994,1.0289228272628923
3829,0.43499999999999994,1.0289228272628923
3830,0.43499999999999994,1.0289228272628923
3831,0.43499999999999994,1.0289228272628923
3832,0.43499999999999994,1.0289228272628923
3833,0.43499999999999994,1.0289228272628923
3834,0.43499999999999994,1.0289228272628923
3835,0.43499999999999994,1.0289228272628923
3836,0.43499999999999994,1.0289228272628923
3837,0.43499999999999994,1.0289228272628923
3838,0.43499999999999994,1.0289228272628923
3839,0.43499999999999994,1.0289228272628923
3840,0.43499999999999994,1.0289228272628923
3841,0.43499999999999994,1.0289228272628923
3842,0.43499999999999994,1.0289228272628923
3843,0.43499999999999994,1.0289228272628923
3844,0.43499999999999994,1.0289228272628923
3845,0.43499999999999994,1.0289228272628923
3846,0.43499999999999994,1.0289228272628923
3847,0.43499999999999994,1.0289228272628923
3848,0.43499999999999994,1.0289228272628923
3849,0.43499999999999994,1.0289228272628923
3850,0.43499999999999994,1.0289228272628923
3851,0.43499999999999994,1.0289228272628923
3852,0.43499999999999994,1.0289228272628923
3853,0.43499999999999994,1.0289228272628923
3854,0.43499999999999994,1.0289228272628923
3855,0.43499999999999994,1.0289228272628923
3856,0.43499999999999994,1.0289228272628923
3857,0.43499999999999994,1.0289228272628923
3858,0.43499999999999994,1.0289228272628923
3859,0.43499999999999994,1.0289228272628923
3860,0.43499999999999994,1.0289228272628923
3861,0.43499999999999994,1.0289228272628923
3862,0.43499999999999994,1.0289228272628923
3863,0.43499999999999994,1.0289228272628923
3864,0.43499999999999994,1.0289228272628923
3865,0.43499999999999994,1.0289228272628923
3866,0.43499999999999994,1.0289228272628923
3867,0.43499999999999994,1.0289228272628923
3868,0.43499999999999994,1.0289228272628923
3869,0.43499999999999994,1.0289228272628923
3870,0.43499999999999994,1.0289228272628923
3871,0.43499999999999994,1.0289228272628923
3872,0.43499999999999994,1.0289228272628923
3873,0.43499999999999994,1.0289228272628923
3874,0.43499999999999994,1.0289228272628923
3875,0.43499999999999994,1.0289228272628923
3876,0.43499999999999994,1.0289228272628923
3877,0.43499999999999994,1.0289228272628923
3878,0.43499999999999994,1.0289228272628923
3879,0.43499999999999994,1.0289228272628923
3880,0.43499999999999994,1.0289228272628923
3881,0.43499999999999994,1.0289228272628923
3882,0.43499999999999994,1.0289228272628923
3883,0.43499999999999994,1.0289228272628923
3884,0.43499999999999994,1.0289228272628923
3885,0.43499999999999994,1.0289228272628923
3886,0.43499999999999994,1.0289228272628923
3887,0.43499999999999994,1.0289228272628923
3888,0.43499999999999994,1.0289228272628923
3889,0.43499999999999994,1.0289228272628923
3890,0.43499999999999994,1.0289228272628923
3891,0.43499999999999994,1.0289228272628923
3892,0.43499999999999994,1.0289228272628923
3893,0.43499999999999994,1.0289228272628923
3894,0.43499999999999994,1.0289228272628923
3895,0.43499999999999994,1.0289228272628923
3896,0.43499999999999994,1.0289228272628923
3897,0.43499999999999994,1.0289228272628923
3898,0.43499999999999994,1.0289228272628923
3899,0.43499999999999994,1.0289228272628923
3900,0.43499999999999994,1.0289228272628923
3901,0.43499999999999994,1.0289228272628923
3902,0.43499999999999994,1.0289228272628923
3903,0.43499999999999994,1.0289228272628923
3904,0.43499999999999994,1.0289228272628923
3905,0.43499999999999994,1.0289228272628923
3906,0.43499999999999994,1.0289228272628923
3907,0.43499999999999994,1.0289228272628923
3908,0.43499999999999994,1.0289228272628923
3909,0.43499999999999994,1.0289228272628923
3910,0.43499999999999994,1.0289228272628923
3911,0.43499999999999994,1.0289228272628923
3912,0.43499999999999994,1.0289228272628923
3913,0.43499999999999994,1.0289228272628923
3914,0.43499999999999994,1.0289228272628923
3915,0.43499999999999994,1.0289228272628923
3916,0.43499999999999994,1.0289228272628923
3917,0.43499999999999994,1.0289228272628923
3918,0.43499999999999994,1.0289228272628923
3919,0.43499999999999994,1.0289228272628923
3920,0.43499999999999994,1.0289228272628923
3921,0.43499999999999994,1.0289228272628923
3922,0.43499999999999994,1.0289228272628923
3923,0.43499999999999994,1.0289228272628923
3924,0.43499999999999994,1.0289228272628923
3925,0.43499999999999994,1.0289228272628923
3926,0.43499999999999994,1.0289228272628923
3927,0.43499999999999994,1.0289228272628923
3928,0.43499999999999994,1.0289228272628923
3929,0.43499999999999994,1.0289228272628923
3930,0.43499999999999994,1.0289228272628923
3931,0.43499999999999994,1.0289228272628923
3932,0.43499999999999994,1.0289228272628923
3933,0.43499999999999994,1.0289228272628923
3934,0.43499999999999994,1.0289228272628923
3935,0.43499999999999994,1.0289228272628923
3936,0.43499999999999994,1.0289228272628923
3937,0.43499999999999994,1.0289228272628923
3938,0.43499999999999994,1.0289228272628923
3939,0.43499999999999994,1.0289228272628923
3940,0.43499999999999994,1.0289228272628923
3941,0.43499999999999994,1.0289228272628923
3942,0.43499999999999994,1.0289228272628923
3943,0.43499999999999994,1.0289228272628923
3944,0.43499999999999994,1.0289228272628923
3945,0.43499999999999994,1.0289228272628923
3946,0.43499999999999994,1.0289228272628923
3947,0.43499999999999994,1.0289228272628923
3948,0.43499999999999994,1.0289228272628923
3949,0.43499999999999994,1.0289228272628923
3950,0.43499999999999994,1.0289228272628923
3951,0.43499999999999994,1.0289228272628923
3952,0.43499999999999994,1.0289228272628923
3953,0.43499999999999994,1.0289228272628923
3954,0.43499999999999994,1.0289228272628923
3955,0.43499999999999994,1.0289228272628923
3956,0.43499999999999994,1.0289228272628923
3957,0.43499999999999994,1.0289228272628923
3958,0.43499999999999994,1.0289228272628923
3959,0.43499999999999994,1.0289228272628923
3960,0.43499999999999994,1.0289228272628923
3961,0.43499999999999994,1.0289228272628923
3962,0.43499999999999994,1.0289228272628923
3963,0.43499999999999994,1.0289228272628923
3964,0.43499999999999994,1.0289228272628923
3965,0.43499999999999994,1.0289228272628923
3966,0.43499999999999994,1.0289228272628923
3967,0.43499999999999994,1.0289228272628923
3968,0.43499999999999994,1.0289228272628923
3969,0.43499999999999994,1.0289228272628923
3970,0.43499999999999994,1.0289228272628923
3971,0.43499999999999994,1.0289228272628923
3972,0.43499999999999994,1.0289228272628923
3973,0.43499999999999994,1.0289228272628923
3974,0.43499999999999994,1.0289228272628923
3975,0.43499999999999994,1.0289228272628923
3976,0.43499999999999994,1.0289228272628923
3977,0.43499999999999994,1.0289228272628923
3978,0.43499999999999994,1.0289228272628923
3979,0.43499999999999994,1.0289228272628923
3980,0.43499999999999994,1.0289228272628923
3981,0.43499999999999994,1.0289228272628923
3982,0.43499999999999994,1.0289228272628923
3983,0.43499999999999994,1.0289228272628923
3984,0.43499999999999994,1.0289228272628923
3985,0.43499999999999994,1.0289228272628923
3986,0.43499999999999994,1.0289228272628923
3987,0.43499999999999994,1.0289228272628923
3988,0.43499999999999994,1.0289228272628923
3989,0.43499999999999994,1.0289228272628923
3990,0.43499999999999994,1.0289228272628923
3991,0.43499999999999994,1.0289228272628923
3992,0.43499999999999994,1.0289228272628923
3993,0.43499999999999994,1.0289228272628923
3994,0.43499999999999994,1.0289228272628923
3995,0.43499999999999994,1.0289228272628923
3996,0.43499999999999994,1.0289228272628923
3997,0.43499999999999994,1.0289228272628923
3998,0.43499999999999994,1.0289228272628923
3999,0.43499999999999994,1.0289228272628923
4000,0.43499999999999994,1.0289228272628923
4001,0.43499999999999994,1.0289228272628923
4002,0.43499999999999994,1.0289228272628923
4003,0.43499999999999994,1.0289228272628923
4004,0.43499999999999994,1.0289228272628923
4005,0.43499999999999994,1.0289228272628923
4006,0.43499999999999994,1.0289228272628923
4007,0.43499999999999994,1.0289228272628923
4008,0.43499999999999994,1.0289228272628923
4009,0.43499999999999994,1.0289228272628923
4010,0.43499999999999994,1.0289228272628923
4011,0.43499999999999994,1.0289228272628923
4012,0.43499999999999994,1.0289228272628923
4013,0.43499999999999994,1.0289228272628923
4014,0.43499999999999994,1.0289228272628923
4015,0.43499999999999994,1.0289228272628923
4016,0.43499999999999994,1.0289228272628923
4017,0.43499999999999994,1.0289228272628923
4018,0.43499999999999994,1.0289228272628923
4019,0.43499999999999994,1.0289228272628923
4020,0.43499999999999994,1.0289228272628923
4021,0.43499999999999994,1.0289228272628923
4022,0.43499999999999994,1.0289228272628923
4023,0.43499999999999994,1.0289228272628923
4024,0.43499999999999994,1.0289228272628923
4025,0.43499999999999994,1.0289228272628923
4026,0.43499999999999994,1.0289228272628923
4027,0.43499999999999994,1.0289228272628923
4028,0.43499999999999994,1.0289228272628923
4029,0.43499999999999994,1.0289228272628923
4030,0.43499999999999994,1.0289228272628923
4031,0.43499999999999994,1.0289228272628923
4032,0.43499999999999994,1.0289228272628923
4033,0.43499999999999994,1.0289228272628923
4034,0.43499999999999994,1.0289228272628923
4035,0.43499999999999994,1.0289228272628923
4036,0.43499999999999994,1.0289228272628923
4037,0.43499999999999994,1.0289228272628923
4038,0.43499999999999994,1.0289228272628923
4039,0.43499999999999994,1.0289228272628923
4040,0.43499999999999994,1.0289228272628923
4041,0.43499999999999994,1.0289228272628923
4042,0.43499999999999994,1.0289228272628923
4043,0.43499999999999994,1.0289228272628923
4044,0.43499999999999994,1.0289228272628923
4045,0.43499999999999994,1.0289228272628923
4046,0.43499999999999994,1.0289228272628923
4047,0.43499999999999994,1.0289228272628923
4048,0.43499999999999994,1.0289228272628923
4049,0.43499999999999994,1.0289228272628923
4050,0.43499999999999994,1.0289228272628923
4051,0.43499999999999994,1.0289228272628923
4052,0.43499999999999994,1.0289228272628923
4053,0.43499999999999994,1.0289228272628923
4054,0.43499999999999994,1.0289228272628923
4055,0.43499999999999994,1.0289228272628923
4056,0.43499999999999994,1.0289228272628923
4057,0.43499999999999994,1.0289228272628923
4058,0.43499999999999994,1.0289228272628923
4059,0.43499999999999994,1.0289228272628923
4060,0.43499999999999994,1.0289228272628923
4061,0.43499999999999994,1.0289228272628923
4062,0.43499999999999994,1.0289228272628923
4063,0.43499999999999994,1.0289228272628923
4064,0.43499999999999994,1.0289228272628923
4065,0.43499999999999994,1.0289228272628923
4066,0.43499999999999994,1.0289228272628923
4067,0.43499999999999994,1.0289228272628923
4068,0.43499999999999994,1.0289228272628923
4069,0.43499999999999994,1.0289228272628923
4070,0.43499999999999994,1.0289228272628923
4071,0.43499999999999994,1.0289228272628923
4072,0.43499999999999994,1.0289228272628923
4073,0.43499999999999994,1.0289228272628923
4074,0.43499999999999994,1.0289228272628923
4075,0.43499999999999994,1.0289228272628923
4076,0.43499999999999994,1.0289228272628923
4077,0.43499999999999994,1.0289228272628923
4078,0.43499999999999994,1.0289228272628923
4079,0.43499999999999994,1.0289228272628923
4080,0.43499999999999994,1.0289228272628923
4081,0.43499999999999994,1.0289228272628923
4082,0.43499999999999994,1.0289228272628923
4083,0.43499999999999994,1.0289228272628923
4084,0.43499999999999994,1.0289228272628923
4085,0.43499999999999994,1.0289228272628923
4086,0.43499999999999994,1.0289228272628923
4087,0.43499999999999994,1.0289228272628923
4088,0.43499999999999994,1.0289228272628923
4089,0.43499999999999994,1.0289228272628923
4090,0.43499999999999994,1.0289228272628923
4091,0.43499999999999994,1.0289228272628923
4092,0.43499999999999994,1.0289228272628923
4093,0.43499999999999994,1.0289228272628923
4094,0.43499999999999994,1.0289228272628923
4095,0.43499999999999994,1.0289228272628923
4096,0.43499999999999994,1.0289228272628923
4097,0.43499999999999994,1.0289228272628923
4098,0.43499999999999994,1.0289228272628923
4099,0.43499999999999994,1.0289228272628923
4100,0.43499999999999994,1.0289228272628923
4101,0.43499999999999994,1.0289228272628923
4102,0.43499999999999994,1.0289228272628923
4103,0.43499999999999994,1.0289228272628923
4104,0.43499999999999994,1.0289228272628923
4105,0.43499999999999994,1.0289228272628923
4106,0.43499999999999994,1.0289228272628923
4107,0.43499999999999994,1.0289228272628923
4108,0.43499999999999994,1.0289228272628923
4109,0.43499999999999994,1.0289228272628923
4110,0.43499999999999994,1.0289228272628923
4111,0.43499999999999994,1.0289228272628923
4112,0.43499999999999994,1.0289228272628923
4113,0.43499999999999994,1.0289228272628923
4114,0.43499999999999994,1.0289228272628923
4115,0.43499999999999994,1.0289228272628923
4116,0.43499999999999994,1.0289228272628923
4117,0.43499999999999994,1.0289228272628923
4118,0.43499999999999994,1.0289228272628923
4119,0.43499999999999994,1.0289228272628923
4120,0.43499999999999994,1.0289228272628923
4121,0.43499999999999994,1.0289228272628923
4122,0.43499999999999994,1.0289228272628923
4123,0.43499999999999994,1.0289228272628923
4124,0.43499999999999994,1.0289228272628923
4125,0.43499999999999994,1.0289228272628923
4126,0.43499999999999994,1.0289228272628923
4127,0.43499999999999994,1.0289228272628923
4128,0.43499999999999994,1.0289228272628923
4129,0.43499999999999994,1.0289228272628923
4130,0.43499999999999994,1.0289228272628923
4131,0.43499999999999994,1.0289228272628923
4132,0.43499999999999994,1.0289228272628923
4133,0.43499999999999994,1.0289228272628923
4134,0.43499999999999994,1.0289228272628923
4135,0.43499999999999994,1.0289228272628923
4136,0.43499999999999994,1.0289228272628923
4137,0.43499999999999994,1.0289228272628923
4138,0.43499999999999994,1.0289228272628923
4139,0.43499999999999994,1.0289228272628923
4140,0.43499999999999994,1.0289228272628923
4141,0.43499999999999994,1.0289228272628923
4142,0.43499999999999994,1.0289228272628923
4143,0.43499999999999994,1.0289228272628923
4144,0.43499999999999994,1.0289228272628923
4145,0.43499999999999994,1.0289228272628923
4146,0.43499999999999994,1.0289228272628923
4147,0.43499999999999994,1.0289228272628923
4148,0.43499999999999994,1.0289228272628923
4149,0.43499999999999994,1.0289228272628923
4150,0.43499999999999994,1.0289228272628923
4151,0.43499999999999994,1.0289228272628923
4152,0.43499999999999994,1.0289228272628923
4153,0.43499999999999994,1.0289228272628923
4154,0.43499999999999994,1.0289228272628923
4155,0.43499999999999994,1.0289228272628923
4156,0.43499999999999994,1.0289228272628923
4157,0.43499999999999994,1.0289228272628923
4158,0.43499999999999994,1.0289228272628923
4159,0.43499999999999994,1.0289228272628923
4160,0.42500000000000004,1.0289228272628923
4161,0.29,1.0289228272628923
4162,0.29,1.0289228272628923
4163,0.29,1.0289228272628923
4164,0.29,1.0289228272628923
4165,0.29,1.0289228272628923
4166,0.29,1.0289228272628923
4167,0.29,1.0289228272628923
4168,0.29,1.0289228272628923
4169,0.29,1.0289228272628923
4170,0.29,1.0289228272628923
4171,0.29,1.0289228272628923
4172,0.29,1.0289228272628923
4173,0.29,1.0289228272628923
4174,0.29,1.0289228272628923
4175,0.29,1.0289228272628923
4176,0.29,1.0289228272628923
4177,0.29,1.0289228272628923
4178,0.29,1.0289228272628923
4179,0.29,1.0289228272628923
4180,0.29,1.0289228272628923
4181,0.29,1.0289228272628923
4182,0.29,1.0289228272628923
4183,0.29,1.0289228272628923
4184,0.29,1.0289228272628923
4185,0.29,1.0289228272628923
4186,0.29,1.0289228272628923
4187,0.29,1.0289228272628923
4188,0.29,1.0289228272628923
4189,0.29,1.0289228272628923
4190,0.29,1.0289228272628923
4191,0.29,1.0289228272628923
4192,0.29,1.0289228272628923
4193,0.29,1.0289228272628923
4194,0.29,1.0289228272628923
4195,0.29,1.0289228272628923
4196,0.29,1.0289228272628923
4197,0.29,1.0289228272628923
4198,0.29,1.0289228272628923
4199,0.29,1.0289228272628923
4200,0.29,1.0289228272628923
4201,0.29,1.0289228272628923
4202,0.29,1.0289228272628923
4203,0.29,1.0289228272628923
4204,0.29,1.0289228272628923
4205,0.29,1.0289228272628923
4206,0.29,1.0289228272628923
4207,0.29,1.0289228272628923
4208,0.29,1.0289228272628923
4209,0.29,1.0289228272628923
4210,0.29,1.0289228272628923
4211,0.29,1.0289228272628923
4212,0.29,1.0289228272628923
4213,0.29,1.0289228272628923
4214,0.29,1.0289228272628923
4215,0.29,1.0289228272628923
4216,0.29,1.0289228272628923
4217,0.29,1.0289228272628923
4218,0.29,1.0289228272628923
4219,0.29,1.0289228272628923
4220,0.29,1.0289228272628923
4221,0.29,1.0289228272628923
4222,0.29,1.0289228272628923
4223,0.29,1.0289228272628923
4224,0.29,1.0289228272628923
4225,0.29,1.0289228272628923
4226,0.29,1.0289228272628923
4227,0.29,1.0289228272628923
4228,0.29,1.0289228272628923
4229,0.29,1.0289228272628923
4230,0.29,1.0289228272628923
4231,0.29,1.0289228272628923
4232,0.29,1.0289228272628923
4233,0.29,1.0289228272628923
4234,0.29,1.0289228272628923
4235,0.29,1.0289228272628923
4236,0.29,1.0289228272628923
4237,0.29,1.0289228272628923
4238,0.29,1.0289228272628923
4239,0.29,1.0289228272628923
4240,0.29,1.0289228272628923
4241,0.29,1.0289228272628923
4242,0.29,1.0289228272628923
4243,0.29,1.0289228272628923
4244,0.29,1.0289228272628923
4245,0.29,1.0289228272628923
4246,0.29,1.0289228272628923
4247,0.29,1.0289228272628923
4248,0.29,1.0289228272628923
4249,0.29,1.0289228272628923
4250,0.29,1.0289228272628923
4251,0.29,1.0289228272628923
4252,0.29,1.0289228272628923
4253,0.29,1.0289228272628923
4254,0.29,1.0289228272628923
4255,0.29,1.0289228272628923
4256,0.29,1.0289228272628923
4257,0.29,1.0289228272628923
4258,0.29,1.0289228272628923
4259,0.29,1.0289228272628923
4260,0.29,1.0289228272628923
4261,0.29,1.0289228272628923
4262,0.29,1.0289228272628923
4263,0.29,1.0289228272628923
4264,0.29,1.0289228272628923
4265,0.29,1.0289228272628923
4266,0.29,1.0289228272628923
4267,0.29,1.0289228272628923
4268,0.29,1.0289228272628923
4269,0.29,1.0289228272628923
4270,0.29,1.0289228272628923
4271,0.29,1.0289228272628923
4272,0.29,1.0289228272628923
4273,0.29,1.0289228272628923
4274,0.29,1.0289228272628923
4275,0.29,1.0289228272628923
4276,0.29,1.0289228272628923
4277,0.29,1.0289228272628923
4278,0.29,1.0289228272628923
4279,0.29,1.0289228272628923
4280,0.29,1.0289228272628923
4281,0.29,1.0289228272628923
4282,0.29,1.0289228272628923
4283,0.29,1.0289228272628923
4284,0.29,1.0289228272628923
4285,0.29,1.0289228272628923
4286,0.29,1.0289228272628923
4287,0.29,1.0289228272628923
4288,0.29,1.0289228272628923
4289,0.29,1.0289228272628923
4290,0.29,1.0289228272628923
4291,0.29,1.0289228272628923
4292,0.29,1.0289228272628923
4293,0.29,1.0289228272628923
4294,0.29,1.0289228272628923
4295,0.29,1.0289228272628923
4296,0.29,1.0289228272628923
4297,0.29,1.0289228272628923
4298,0.29,1.0289228272628923
4299,0.29,1.0289228272628923
4300,0.29,1.0289228272628923
4301,0.29,1.0289228272628923
4302,0.29,1.0289228272628923
4303,0.29,1.0289228272628923
4304,0.29,1.0289228272628923
4305,0.29,1.0289228272628923
4306,0.29,1.0289228272628923
4307,0.29,1.0289228272628923
4308,0.29,1.0289228272628923
4309,0.29,1.0289228272628923
4310,0.29,1.0289228272628923
4311,0.29,1.0289228272628923
4312,0.29,1.0289228272628923
4313,0.29,1.0289228272628923
4314,0.29,1.0289228272628923
4315,0.29,1.0289228272628923
4316,0.29,1.0289228272628923
4317,0.29,1.0289228272628923
4318,0.29,1.0289228272628923
4319,0.29,1.0289228272628923
4320,0.29,1.0289228272628923
4321,0.29,1.0289228272628923
4322,0.29,1.0289228272628923
4323,0.29,1.0289228272628923
4324,0.29,1.0289228272628923
4325,0.29,1.0289228272628923
4326,0.29,1.0289228272628923
4327,0.29,1.0289228272628923
4328,0.29,1.0289228272628923
4329,0.29,1.0289228272628923
4330,0.29,1.0289228272628923
4331,0.29,1.0289228272628923
4332,0.29,1.0289228272628923
4333,0.29,1.0289228272628923
4334,0.29,1.0289228272628923
4335,0.29,1.0289228272628923
4336,0.29,1.0289228272628923
4337,0.29,1.0289228272628923
4338,0.29,1.0289228272628923
4339,0.29,1.0289228272628923
4340,0.29,1.0289228272628923
4341,0.29,1.0289228272628923
4342,0.29,1.0289228272628923
4343,0.29,1.0289228272628923
4344,0.29,1.0289228272628923
4345,0.29,1.0289228272628923
4346,0.29,1.0289228272628923
4347,0.29,1.0289228272628923
4348,0.29,1.0289228272628923
4349,0.29,1.0289228272628923
4350,0.29,1.0289228272628923
4351,0.29,1.0289228272628923
4352,0.29,1.0289228272628923
4353,0.29,1.0289228272628923
4354,0.29,1.0289228272628923
4355,0.29,1.0289228272628923
4356,0.29,1.0289228272628923
4357,0.29,1.0289228272628923
4358,0.29,1.0289228272628923
4359,0.29,1.0289228272628923
4360,0.29,1.0289228272628923
4361,0.29,1.0289228272628923
4362,0.29,1.0289228272628923
4363,0.29,1.0289228272628923
4364,0.29,1.0289228272628923
4365,0.29,1.0289228272628923
4366,0.29,1.0289228272628923
4367,0.29,1.0289228272628923
4368,0.29,1.0289228272628923
4369,0.29,1.0289228272628923
4370,0.29,1.0289228272628923
4371,0.29,1.0289228272628923
4372,0.29,1.0289228272628923
4373,0.29,1.0289228272628923
4374,0.29,1.0289228272628923
4375,0.29,1.0289228272628923
4376,0.29,1.0289228272628923
4377,0.29,1.0289228272628923
4378,0.29,1.0289228272628923
4379,0.29,1.0289228272628923
4380,0.29,1.0289228272628923
4381,0.29,1.0289228272628923
4382,0.29,1.0289228272628923
4383,0.29,1.0289228272628923
4384,0.29,1.0289228272628923
4385,0.29,1.0289228272628923
4386,0.29,1.0289228272628923
4387,0.29,1.0289228272628923
4388,0.29,1.0289228272628923
4389,0.29,1.0289228272628923
4390,0.29,1.0289228272628923
4391,0.29,1.0289228272628923
4392,0.29,1.0289228272628923
4393,0.29,1.0289228272628923
4394,0.29,1.0289228272628923
4395,0.29,1.0289228272628923
4396,0.29,1.0289228272628923
4397,0.29,1.0289228272628923
4398,0.29,1.0289228272628923
4399,0.29,1.0289228272628923
4400,0.29,1.0289228272628923
4401,0.29,1.0289228272628923
4402,0.29,1.0289228272628923
4403,0.29,1.0289228272628923
4404,0.29,1.0289228272628923
4405,0.29,1.0289228272628923
4406,0.29,1.0289228272628923
4407,0.29,1.0289228272628923
4408,0.29,1.0289228272628923
4409,0.29,1.0289228272628923
4410,0.29,1.0289228272628923
4411,0.29,1.0289228272628923
4412,0.29,1.0289228272628923
4413,0.29,1.0289228272628923
4414,0.29,1.0289228272628923
4415,0.29,1.0289228272628923
4416,0.29,1.0289228272628923
4417,0.29,1.0289228272628923
4418,0.29,1.0289228272628923
4419,0.29,1.0289228272628923
4420,0.29,1.0289228272628923
4421,0.29,1.0289228272628923
4422,0.29,1.0289228272628923
4423,0.29,1.0289228272628923
4424,0.29,1.0289228272628923
4425,0.29,1.0289228272628923
4426,0.29,1.0289228272628923
4427,0.29,1.0289228272628923
4428,0.29,1.0289228272628923
4429,0.29,1.0289228272628923
4430,0.29,1.0289228272628923
4431,0.29,1.0289228272628923
4432,0.29,1.0289228272628923
4433,0.29,1.0289228272628923
4434,0.29,1.0289228272628923
4435,0.29,1.0289228272628923
4436,0.29,1.0289228272628923
4437,0.29,1.0289228272628923
4438,0.29,1.0289228272628923
4439,0.29,1.0289228272628923
4440,0.29,1.0289228272628923
4441,0.29,1.0289228272628923
4442,0.29,1.0289228272628923
4443,0.29,1.0289228272628923
4444,0.29,1.0289228272628923
4445,0.29,1.0289228272628923
4446,0.29,1.0289228272628923
4447,0.29,1.0289228272628923
4448,0.29,1.0289228272628923
4449,0.29,1.0289228272628923
4450,0.29,1.0289228272628923
4451,0.29,1.0289228272628923
4452,0.29,1.0289228272628923
4453,0.29,1.0289228272628923
4454,0.29,1.0289228272628923
4455,0.29,1.0289228272628923
4456,0.29,1.0289228272628923
4457,0.29,1.0289228272628923
4458,0.29,1.0289228272628923
4459,0.29,1.0289228272628923
4460,0.29,1.0289228272628923
4461,0.29,1.0289228272628923
4462,0.29,1.0289228272628923
4463,0.29,1.0289228272628923
4464,0.29,1.0289228272628923
4465,0.29,1.0289228272628923
4466,0.29,1.0289228272628923
4467,0.29,1.0289228272628923
4468,0.29,1.0289228272628923
4469,0.29,1.0289228272628923
4470,0.29,1.0289228272628923
4471,0.29,1.0289228272628923
4472,0.29,1.0289228272628923
4473,0.29,1.0289228272628923
4474,0.29,1.0289228272628923
4475,0.29,1.0289228272628923
4476,0.29,1.0289228272628923
4477,0.29,1.0289228272628923
4478,0.29,1.0289228272628923
4479,0.29,1.0289228272628923
4480,0.29,1.0289228272628923
4481,0.29,1.0289228272628923
4482,0.29,1.0289228272628923
4483,0.29,1.0289228272628923
4484,0.29,1.0289228272628923
4485,0.29,1.0289228272628923
4486,0.29,1.0289228272628923
4487,0.29,1.0289228272628923
4488,0.29,1.0289228272628923
4489,0.29,1.0289228272628923
4490,0.29,1.0289228272628923
4491,0.29,1.0289228272628923
4492,0.29,1.0289228272628923
4493,0.29,1.0289228272628923
4494,0.29,1.0289228272628923
4495,0.29,1.0289228272628923
4496,0.29,1.0289228272628923
4497,0.29,1.0289228272628923
4498,0.29,1.0289228272628923
4499,0.29,1.0289228272628923
4500,0.29,1.0289228272628923
4501,0.29,1.0289228272628923
4502,0.29,1.0289228272628923
4503,0.29,1.0289228272628923
4504,0.29,1.0289228272628923
4505,0.29,1.0289228272628923
4506,0.29,1.0289228272628923
4507,0.29,1.0289228272628923
4508,0.29,1.0289228272628923
4509,0.29,1.0289228272628923
4510,0.29,1.0289228272628923
4511,0.29,1.0289228272628923
4512,0.29,1.0289228272628923
4513,0.29,1.0289228272628923
4514,0.29,1.0289228272628923
4515,0.29,1.0289228272628923
4516,0.29,1.0289228272628923
4517,0.29,1.0289228272628923
4518,0.29,1.0289228272628923
4519,0.29,1.0289228272628923
4520,0.29,1.0289228272628923
4521,0.29,1.0289228272628923
4522,0.29,1.0289228272628923
4523,0.29,1.0289228272628923
4524,0.29,1.0289228272628923
4525,0.29,1.0289228272628923
4526,0.29,1.0289228272628923
4527,0.29,1.0289228272628923
4528,0.29,1.0289228272628923
4529,0.29,1.0289228272628923
4530,0.29,1.0289228272628923
4531,0.29,1.0289228272628923
4532,0.29,1.0289228272628923
4533,0.29,1.0289228272628923
4534,0.29,1.0289228272628923
4535,0.29,1.0289228272628923
4536,0.29,1.0289228272628923
4537,0.29,1.0289228272628923
4538,0.29,1.0289228272628923
4539,0.29,1.0289228272628923
4540,0.29,1.0289228272628923
4541,0.29,1.0289228272628923
4542,0.29,1.0289228272628923
4543,0.29,1.0289228272628923
4544,0.29,1.0289228272628923
4545,0.29,1.0289228272628923
4546,0.29,1.0289228272628923
4547,0.29,1.0289228272628923
4548,0.29,1.0289228272628923
4549,0.29,1.0289228272628923
4550,0.29,1.0289228272628923
4551,0.29,1.0289228272628923
4552,0.29,1.0289228272628923
4553,0.29,1.0289228272628923
4554,0.29,1.0289228272628923
4555,0.29,1.0289228272628923
4556,0.29,1.0289228272628923
4557,0.29,1.0289228272628923
4558,0.29,1.0289228272628923
4559,0.29,1.0289228272628923
4560,0.29,1.0289228272628923
4561,0.29,1.0289228272628923
4562,0.29,1.0289228272628923
4563,0.29,1.0289228272628923
4564,0.29,1.0289228272628923
4565,0.29,1.0289228272628923
4566,0.29,1.0289228272628923
4567,0.29,1.0289228272628923
4568,0.29,1.0289228272628923
4569,0.29,1.0289228272628923
4570,0.29,1.0289228272628923
4571,0.29,1.0289228272628923
4572,0.29,1.0289228272628923
4573,0.29,1.0289228272628923
4574,0.29,1.0289228272628923
4575,0.29,1.0289228272628923
4576,0.29,1.0289228272628923
4577,0.29,1.0289228272628923
4578,0.29,1.0289228272628923
4579,0.29,1.0289228272628923
4580,0.29,1.0289228272628923
4581,0.29,1.0289228272628923
4582,0.29,1.0289228272628923
4583,0.29,1.0289228272628923
4584,0.29,1.0289228272628923
4585,0.29,1.0289228272628923
4586,0.29,1.0289228272628923
4587,0.29,1.0289228272628923
4588,0.29,1.0289228272628923
4589,0.29,1.0289228272628923
4590,0.29,1.0289228272628923
4591,0.29,1.0289228272628923
4592,0.29,1.0289228272628923
4593,0.29,1.0289228272628923
4594,0.29,1.0289228272628923
4595,0.29,1.0289228272628923
4596,0.29,1.0289228272628923
4597,0.29,1.0289228272628923
4598,0.29,1.0289228272628923
4599,0.29,1.0289228272628923
4600,0.29,1.0289228272628923
4601,0.29,1.0289228272628923
4602,0.29,1.0289228272628923
4603,0.29,1.0289228272628923
4604,0.29,1.0289228272628923
4605,0.29,1.0289228272628923
4606,0.29,1.0289228272628923
4607,0.29,1.0289228272628923
4608,0.29,1.0289228272628923
4609,0.29,1.0289228272628923
4610,0.29,1.0289228272628923
4611,0.29,1.0289228272628923
4612,0.29,1.0289228272628923
4613,0.29,1.0289228272628923
4614,0.29,1.0289228272628923
4615,0.29,1.0289228272628923
4616,0.29,1.0289228272628923
4617,0.29,1.0289228272628923
4618,0.29,1.0289228272628923
4619,0.29,1.0289228272628923
4620,0.29,1.0289228272628923
4621,0.29,1.0289228272628923
4622,0.29,1.0289228272628923
4623,0.29,1.0289228272628923
4624,0.29,1.0289228272628923
4625,0.29,1.0289228272628923
4626,0.29,1.0289228272628923
4627,0.29,1.0289228272628923
4628,0.29,1.0289228272628923
4629,0.29,1.0289228272628923
4630,0.29,1.0289228272628923
4631,0.29,1.0289228272628923
4632,0.29,1.0289228272628923
4633,0.29,1.0289228272628923
4634,0.29,1.0289228272628923
4635,0.29,1.0289228272628923
4636,0.29,1.0289228272628923
4637,0.29,1.0289228272628923
4638,0.29,1.0289228272628923
4639,0.29,1.0289228272628923
4640,0.29,1.0289228272628923
4641,0.29,1.0289228272628923
4642,0.29,1.0289228272628923
4643,0.29,1.0289228272628923
4644,0.29,1.0289228272628923
4645,0.29,1.0289228272628923
4646,0.29,1.0289228272628923
4647,0.29,1.0289228272628923
4648,0.29,1.0289228272628923
4649,0.29,1.0289228272628923
4650,0.29,1.0289228272628923
4651,0.29,1.0289228272628923
4652,0.29,1.0289228272628923
4653,0.29,1.0289228272628923
4654,0.29,1.0289228272628923
4655,0.29,1.0289228272628923
4656,0.29,1.0289228272628923
4657,0.29,1.0289228272628923
4658,0.29,1.0289228272628923
4659,0.29,1.0289228272628923
4660,0.29,1.0289228272628923
4661,0.29,1.0289228272628923
4662,0.29,1.0289228272628923
4663,0.29,1.0289228272628923
4664,0.29,1.0289228272628923
4665,0.29,1.0289228272628923
4666,0.29,1.0289228272628923
4667,0.29,1.0289228272628923
4668,0.29,1.0289228272628923
4669,0.29,1.0289228272628923
4670,0.29,1.0289228272628923
4671,0.29,1.0289228272628923
4672,0.29,1.0289228272628923
4673,0.29,1.0289228272628923
4674,0.29,1.0289228272628923
4675,0.29,1.0289228272628923
4676,0.29,1.0289228272628923
4677,0.29,1.0289228272628923
4678,0.29,1.0289228272628923
4679,0.29,1.0289228272628923
4680,0.29,1.0289228272628923
4681,0.29,1.0289228272628923
4682,0.29,1.0289228272628923
4683,0.29,1.0289228272628923
4684,0.29,1.0289228272628923
4685,0.29,1.0289228272628923
4686,0.29,1.0289228272628923
4687,0.29,1.0289228272628923
4688,0.29,1.0289228272628923
4689,0.29,1.0289228272628923
4690,0.29,1.0289228272628923
4691,0.29,1.0289228272628923
4692,0.29,1.0289228272628923
4693,0.29,1.0289228272628923
4694,0.29,1.0289228272628923
4695,0.29,1.0289228272628923
4696,0.29,1.0289228272628923
4697,0.29,1.0289228272628923
4698,0.29,1.0289228272628923
4699,0.29,1.0289228272628923
4700,0.29,1.0289228272628923
4701,0.29,1.0289228272628923
4702,0.29,1.0289228272628923
4703,0.29,1.0289228272628923
4704,0.29,1.0289228272628923
4705,0.29,1.0289228272628923
4706,0.29,1.0289228272628923
4707,0.29,1.0289228272628923
4708,0.29,1.0289228272628923
4709,0.29,1.0289228272628923
4710,0.29,1.0289228272628923
4711,0.29,1.0289228272628923
4712,0.29,1.0289228272628923
4713,0.29,1.0289228272628923
4714,0.29,1.0289228272628923
4715,0.29,1.0289228272628923
4716,0.29,1.0289228272628923
4717,0.29,1.0289228272628923
4718,0.29,1.0289228272628923
4719,0.29,1.0289228272628923
4720,0.29,1.0289228272628923
4721,0.29,1.0289228272628923
4722,0.29,1.0289228272628923
4723,0.29,1.0289228272628923
4724,0.29,1.0289228272628923
4725,0.29,1.0289228272628923
4726,0.29,1.0289228272628923
4727,0.29,1.0289228272628923
4728,0.29,1.0289228272628923
4729,0.29,1.0289228272628923
4730,0.29,1.0289228272628923
4731,0.29,1.0289228272628923
4732,0.29,1.0289228272628923
4733,0.29,1.0289228272628923
4734,0.29,1.0289228272628923
4735,0.29,1.0289228272628923
4736,0.29,1.0289228272628923
4737,0.29,1.0289228272628923
4738,0.29,1.0289228272628923
4739,0.29,1.0289228272628923
4740,0.29,1.0289228272628923
4741,0.29,1.0289228272628923
4742,0.29,1.0289228272628923
4743,0.29,1.0289228272628923
4744,0.29,1.0289228272628923
4745,0.29,1.0289228272628923
4746,0.29,1.0289228272628923
4747,0.29,1.0289228272628923
4748,0.29,1.0289228272628923
4749,0.29,1.0289228272628923
4750,0.29,1.0289228272628923
4751,0.29,1.0289228272628923
4752,0.29,1.0289228272628923
4753,0.29,1.0289228272628923
4754,0.29,1.0289228272628923
4755,0.29,1.0289228272628923
4756,0.29,1.0289228272628923
4757,0.29,1.0289228272628923
4758,0.29,1.0289228272628923
4759,0.29,1.0289228272628923
4760,0.29,1.0289228272628923
4761,0.29,1.0289228272628923
4762,0.29,1.0289228272628923
4763,0.29,1.0289228272628923
4764,0.29,1.0289228272628923
4765,0.29,1.0289228272628923
4766,0.29,1.0289228272628923
4767,0.29,1.0289228272628923
4768,0.29,1.0289228272628923
4769,0.29,1.0289228272628923
4770,0.29,1.0289228272628923
4771,0.29,1.0289228272628923
4772,0.29,1.0289228272628923
4773,0.29,1.0289228272628923
4774,0.29,1.0289228272628923
4775,0.29,1.0289228272628923
4776,0.29,1.0289228272628923
4777,0.29,1.0289228272628923
4778,0.29,1.0289228272628923
4779,0.29,1.0289228272628923
4780,0.29,1.0289228272628923
4781,0.29,1.0289228272628923
4782,0.29,1.0289228272628923
4783,0.29,1.0289228272628923
4784,0.29,1.0289228272628923
4785,0.29,1.0289228272628923
4786,0.29,1.0289228272628923
4787,0.29,1.0289228272628923
4788,0.29,1.0289228272628923
4789,0.29,1.0289228272628923
4790,0.29,1.0289228272628923
4791,0.29,1.0289228272628923
4792,0.29,1.0289228272628923
4793,0.29,1.0289228272628923
4794,0.29,1.0289228272628923
4795,0.29,1.0289228272628923
4796,0.29,1.0289228272628923
4797,0.29,1.0289228272628923
4798,0.29,1.0289228272628923
4799,0.29,1.0289228272628923
4800,0.29,1.0289228272628923
4801,0.29,1.0289228272628923
4802,0.29,1.0289228272628923
4803,0.29,1.0289228272628923
4804,0.29,1.0289228272628923
4805,0.29,1.0289228272628923
4806,0.29,1.0289228272628923
4807,0.29,1.0289228272628923
4808,0.29,1.0289228272628923
4809,0.29,1.0289228272628923
4810,0.29,1.0289228272628923
4811,0.29,1.0289228272628923
4812,0.29,1.0289228272628923
4813,0.29,1.0289228272628923
4814,0.29,1.0289228272628923
4815,0.29,1.0289228272628923
4816,0.29,1.0289228272628923
4817,0.29,1.0289228272628923
4818,0.29,1.0289228272628923
4819,0.29,1.0289228272628923
4820,0.29,1.0289228272628923
4821,0.29,1.0289228272628923
4822,0.29,1.0289228272628923
4823,0.29,1.0289228272628923
4824,0.29,1.0289228272628923
4825,0.29,1.0289228272628923
4826,0.29,1.0289228272628923
4827,0.29,1.0289228272628923
4828,0.29,1.0289228272628923
4829,0.29,1.0289228272628923
4830,0.29,1.0289228272628923
4831,0.29,1.0289228272628923
4832,0.29,1.0289228272628923
4833,0.29,1.0289228272628923
4834,0.29,1.0289228272628923
4835,0.29,1.0289228272628923
4836,0.29,1.0289228272628923
4837,0.29,1.0289228272628923
4838,0.29,1.0289228272628923
4839,0.29,1.0289228272628923
4840,0.29,1.0289228272628923
4841,0.29,1.0289228272628923
4842,0.29,1.0289228272628923
4843,0.29,1.0289228272628923
4844,0.29,1.0289228272628923
4845,0.29,1.0289228272628923
4846,0.29,1.0289228272628923
4847,0.29,1.0289228272628923
4848,0.29,1.0289228272628923
4849,0.29,1.0289228272628923
4850,0.29,1.0289228272628923
4851,0.29,1.0289228272628923
4852,0.29,1.0289228272628923
4853,0.29,1.0289228272628923
4854,0.29,1.0289228272628923
4855,0.29,1.0289228272628923
4856,0.29,1.0289228272628923
4857,0.29,1.0289228272628923
4858,0.29,1.0289228272628923
4859,0.29,1.0289228272628923
4860,0.29,1.0289228272628923
4861,0.29,1.0289228272628923
4862,0.29,1.0289228272628923
4863,0.29,1.0289228272628923
4864,0.29,1.0289228272628923
4865,0.29,1.0289228272628923
4866,0.29,1.0289228272628923
4867,0.29,1.0289228272628923
4868,0.29,1.0289228272628923
4869,0.29,1.0289228272628923
4870,0.29,1.0289228272628923
4871,0.29,1.0289228272628923
4872,0.29,1.0289228272628923
4873,0.29,1.0289228272628923
4874,0.29,1.0289228272628923
4875,0.29,1.0289228272628923
4876,0.29,1.0289228272628923
4877,0.29,1.0289228272628923
4878,0.29,1.0289228272628923
4879,0.29,1.0289228272628923
4880,0.29,1.0289228272628923
4881,0.29,1.0289228272628923
4882,0.29,1.0289228272628923
4883,0.29,1.0289228272628923
4884,0.29,1.0289228272628923
4885,0.29,1.0289228272628923
4886,0.29,1.0289228272628923
4887,0.29,1.0289228272628923
4888,0.29,1.0289228272628923
4889,0.29,1.0289228272628923
4890,0.29,1.0289228272628923
4891,0.29,1.0289228272628923
4892,0.29,1.0289228272628923
4893,0.29,1.0289228272628923
4894,0.29,1.0289228272628923
4895,0.29,1.0289228272628923
4896,0.29,1.0289228272628923
4897,0.29,1.0289228272628923
4898,0.29,1.0289228272628923
4899,0.29,1.0289228272628923
4900,0.29,1.0289228272628923
4901,0.29,1.0289228272628923
4902,0.29,1.0289228272628923
4903,0.29,1.0289228272628923
4904,0.29,1.0289228272628923
4905,0.29,1.0289228272628923
4906,0.29,1.0289228272628923
4907,0.29,1.0289228272628923
4908,0.29,1.0289228272628923
4909,0.29,1.0289228272628923
4910,0.29,1.0289228272628923
4911,0.29,1.0289228272628923
4912,0.29,1.0289228272628923
4913,0.29,1.0289228272628923
4914,0.29,1.0289228272628923
4915,0.29,1.0289228272628923
4916,0.29,1.0289228272628923
4917,0.29,1.0289228272628923
4918,0.29,1.0289228272628923
4919,0.29,1.0289228272628923
4920,0.29,1.0289228272628923
4921,0.29,1.0289228272628923
4922,0.29,1.0289228272628923
4923,0.29,1.0289228272628923
4924,0.29,1.0289228272628923
4925,0.29,1.0289228272628923
4926,0.29,1.0289228272628923
4927,0.29,1.0289228272628923
4928,0.29,1.0289228272628923
4929,0.29,1.0289228272628923
4930,0.29,1.0289228272628923
4931,0.29,1.0289228272628923
4932,0.29,1.0289228272628923
4933,0.29,1.0289228272628923
4934,0.29,1.0289228272628923
4935,0.29,1.0289228272628923
4936,0.29,1.0289228272628923
4937,0.29,1.0289228272628923
4938,0.29,1.0289228272628923
4939,0.29,1.0289228272628923
4940,0.29,1.0289228272628923
4941,0.29,1.0289228272628923
4942,0.29,1.0289228272628923
4943,0.29,1.0289228272628923
4944,0.29,1.0289228272628923
4945,0.29,1.0289228272628923
4946,0.29,1.0289228272628923
4947,0.29,1.0289228272628923
4948,0.29,1.0289228272628923
4949,0.29,1.0289228272628923
4950,0.29,1.0289228272628923
4951,0.28,1.0289228272628923
4952,0.145,1.0289228272628923
4953,0.145,1.0289228272628923
4954,0.145,1.0289228272628923
4955,0.145,1.0289228272628923
4956,0.145,1.0289228272628923
4957,0.145,1.0289228272628923
4958,0.145,1.0289228272628923
4959,0.145,1.0289228272628923
4960,0.145,1.0289228272628923
4961,0.145,1.0289228272628923
4962,0.145,1.0289228272628923
4963,0.145,1.0289228272628923
4964,0.145,1.0289228272628923
4965,0.145,1.0289228272628923
4966,0.145,1.0289228272628923
4967,0.145,1.0289228272628923
4968,0.145,1.0289228272628923
4969,0.145,1.0289228272628923
4970,0.145,1.0289228272628923
4971,0.145,1.0289228272628923
4972,0.145,1.0289228272628923
4973,0.145,1.0289228272628923
4974,0.145,1.0289228272628923
4975,0.145,1.0289228272628923
4976,0.145,1.0289228272628923
4977,0.145,1.0289228272628923
4978,0.145,1.0289228272628923
4979,0.145,1.0289228272628923
4980,0.145,1.0289228272628923
4981,0.145,1.0289228272628923
4982,0.145,1.0289228272628923
4983,0.145,1.0289228272628923
4984,0.145,1.0289228272628923
4985,0.145,1.0289228272628923
4986,0.145,1.0289228272628923
4987,0.145,1.0289228272628923
4988,0.145,1.0289228272628923
4989,0.145,1.0289228272628923
4990,0.145,1.0289228272628923
4991,0.145,1.0289228272628923
4992,0.145,1.0289228272628923
4993,0.145,1.0289228272628923
4994,0.145,1.0289228272628923
4995,0.145,1.0289228272628923
4996,0.145,1.0289228272628923
4997,0.145,1.0289228272628923
4998,0.145,1.0289228272628923
4999,0.145,1.0289228272628923
5000,0.145,1.0289228272628923
5001,0.145,1.0289228272628923
5002,0.145,1.0289228272628923
5003,0.145,1.0289228272628923
5004,0.145,1.0289228272628923
5005,0.145,1.0289228272628923
5006,0.145,1.0289228272628923
5007,0.145,1.0289228272628923
5008,0.145,1.0289228272628923
5009,0.145,1.0289228272628923
5010,0.145,1.0289228272628923
5011,0.145,1.0289228272628923
5012,0.145,1.0289228272628923
5013,0.145,1.0289228272628923
5014,0.145,1.0289228272628923
5015,0.145,1.0289228272628923
5016,0.145,1.0289228272628923
5017,0.145,1.0289228272628923
5018,0.145,1.0289228272628923
5019,0.145,1.0289228272628923
5020,0.145,1.0289228272628923
5021,0.145,1.0289228272628923
5022,0.145,1.0289228272628923
5023,0.145,1.0289228272628923
5024,0.145,1.0289228272628923
5025,0.145,1.0289228272628923
5026,0.145,1.0289228272628923
5027,0.145,1.0289228272628923
5028,0.145,1.0289228272628923
5029,0.145,1.0289228272628923
5030,0.145,1.0289228272628923
5031,0.145,1.0289228272628923
5032,0.145,1.0289228272628923
5033,0.145,1.0289228272628923
5034,0.145,1.0289228272628923
5035,0.145,1.0289228272628923
5036,0.145,1.0289228272628923
5037,0.145,1.0289228272628923
5038,0.145,1.0289228272628923
5039,0.145,1.0289228272628923
5040,0.145,1.0289228272628923
5041,0.145,1.0289228272628923
5042,0.145,1.0289228272628923
5043,0.145,1.0289228272628923
5044,0.145,1.0289228272628923
5045,0.145,1.0289228272628923
5046,0.145,1.0289228272628923
5047,0.145,1.0289228272628923
5048,0.145,1.0289228272628923
5049,0.145,1.0289228272628923
5050,0.145,1.0289228272628923
5051,0.145,1.0289228272628923
5052,0.145,1.0289228272628923
5053,0.145,1.0289228272628923
5054,0.145,1.0289228272628923
5055,0.145,1.0289228272628923
5056,0.145,1.0289228272628923
5057,0.145,1.0289228272628923
5058,0.145,1.0289228272628923
5059,0.145,1.0289228272628923
5060,0.145,1.0289228272628923
5061,0.145,1.0289228272628923
5062,0.145,1.0289228272628923
5063,0.145,1.0289228272628923
5064,0.145,1.0289228272628923
5065,0.145,1.0289228272628923
5066,0.145,1.0289228272628923
5067,0.145,1.0289228272628923
5068,0.145,1.0289228272628923
5069,0.145,1.0289228272628923
5070,0.145,1.0289228272628923
5071,0.145,1.0289228272628923
5072,0.145,1.0289228272628923
5073,0.145,1.0289228272628923
5074,0.145,1.0289228272628923
5075,0.145,1.0289228272628923
5076,0.145,1.0289228272628923
5077,0.145,1.0289228272628923
5078,0.145,1.0289228272628923
5079,0.145,1.0289228272628923
5080,0.145,1.0289228272628923
5081,0.145,1.0289228272628923
5082,0.145,1.0289228272628923
5083,0.145,1.0289228272628923
5084,0.145,1.0289228272628923
5085,0.145,1.0289228272628923
5086,0.145,1.0289228272628923
5087,0.145,1.0289228272628923
5088,0.145,1.0289228272628923
5089,0.145,1.0289228272628923
5090,0.145,1.0289228272628923
5091,0.145,1.0289228272628923
5092,0.145,1.0289228272628923
5093,0.145,1.0289228272628923
5094,0.145,1.0289228272628923
5095,0.145,1.0289228272628923
5096,0.145,1.0289228272628923
5097,0.145,1.0289228272628923
5098,0.145,1.0289228272628923
5099,0.145,1.0289228272628923
5100,0.145,1.0289228272628923
5101,0.145,1.0289228272628923
5102,0.145,1.0289228272628923
5103,0.145,1.0289228272628923
5104,0.145,1.0289228272628923
5105,0.145,1.0289228272628923
5106,0.145,1.0289228272628923
5107,0.145,1.0289228272628923
5108,0.145,1.0289228272628923
5109,0.145,1.0289228272628923
5110,0.145,1.0289228272628923
5111,0.145,1.0289228272628923
5112,0.145,1.0289228272628923
5113,0.145,1.0289228272628923
5114,0.145,1.0289228272628923
5115,0.145,1.0289228272628923
5116,0.145,1.0289228272628923
5117,0.145,1.0289228272628923
5118,0.145,1.0289228272628923
5119,0.145,1.0289228272628923
5120,0.145,1.0289228272628923
5121,0.145,1.0289228272628923
5122,0.145,1.0289228272628923
5123,0.145,1.0289228272628923
5124,0.145,1.0289228272628923
5125,0.145,1.0289228272628923
5126,0.145,1.0289228272628923
5127,0.145,1.0289228272628923
5128,0.145,1.0289228272628923
5129,0.145,1.0289228272628923
5130,0.145,1.0289228272628923
5131,0.145,1.0289228272628923
5132,0.145,1.0289228272628923
5133,0.145,1.0289228272628923
5134,0.145,1.0289228272628923
5135,0.145,1.0289228272628923
5136,0.145,1.0289228272628923
5137,0.145,1.0289228272628923
5138,0.145,1.0289228272628923
5139,0.145,1.0289228272628923
5140,0.145,1.0289228272628923
5141,0.145,1.0289228272628923
5142,0.145,1.0289228272628923
5143,0.145,1.0289228272628923
5144,0.145,1.0289228272628923
5145,0.145,1.0289228272628923
5146,0.145,1.0289228272628923
5147,0.145,1.0289228272628923
5148,0.145,1.0289228272628923
5149,0.145,1.0289228272628923
5150,0.145,1.0289228272628923
5151,0.145,1.0289228272628923
5152,0.145,1.0289228272628923
5153,0.145,1.0289228272628923
5154,0.145,1.0289228272628923
5155,0.145,1.0289228272628923
5156,0.145,1.0289228272628923
5157,0.145,1.0289228272628923
5158,0.145,1.0289228272628923
5159,0.145,1.0289228272628923
5160,0.145,1.0289228272628923
5161,0.145,1.0289228272628923
5162,0.145,1.0289228272628923
5163,0.145,1.0289228272628923
5164,0.145,1.0289228272628923
5165,0.145,1.0289228272628923
5166,0.145,1.0289228272628923
5167,0.145,1.0289228272628923
5168,0.145,1.0289228272628923
5169,0.145,1.0289228272628923
5170,0.145,1.0289228272628923
5171,0.145,1.0289228272628923
5172,0.145,1.0289228272628923
5173,0.145,1.0289228272628923
5174,0.145,1.0289228272628923
5175,0.145,1.0289228272628923
5176,0.145,1.0289228272628923
5177,0.145,1.0289228272628923
5178,0.145,1.0289228272628923
5179,0.145,1.0289228272628923
5180,0.145,1.0289228272628923
5181,0.145,1.0289228272628923
5182,0.145,1.0289228272628923
5183,0.145,1.0289228272628923
5184,0.145,1.0289228272628923
5185,0.145,1.0289228272628923
5186,0.145,1.0289228272628923
5187,0.145,1.0289228272628923
5188,0.145,1.0289228272628923
5189,0.145,1.0289228272628923
5190,0.145,1.0289228272628923
5191,0.145,1.0289228272628923
5192,0.145,1.0289228272628923
5193,0.145,1.0289228272628923
5194,0.145,1.0289228272628923
5195,0.145,1.0289228272628923
5196,0.145,1.0289228272628923
5197,0.145,1.0289228272628923
5198,0.145,1.0289228272628923
5199,0.145,1.0289228272628923
5200,0.145,1.0289228272628923
5201,0.145,1.0289228272628923
5202,0.145,1.0289228272628923
5203,0.145,1.0289228272628923
5204,0.145,1.0289228272628923
5205,0.145,1.0289228272628923
5206,0.145,1.0289228272628923
5207,0.145,1.0289228272628923
5208,0.145,1.0289228272628923
5209,0.145,1.0289228272628923
5210,0.145,1.0289228272628923
5211,0.145,1.0289228272628923
5212,0.145,1.0289228272628923
5213,0.145,1.0289228272628923
5214,0.145,1.0289228272628923
5215,0.145,1.0289228272628923
5216,0.145,1.0289228272628923
5217,0.145,1.0289228272628923
5218,0.145,1.0289228272628923
5219,0.145,1.0289228272628923
5220,0.145,1.0289228272628923
5221,0.145,1.0289228272628923
5222,0.145,1.0289228272628923
5223,0.145,1.0289228272628923
5224,0.145,1.0289228272628923
5225,0.145,1.0289228272628923
5226,0.145,1.0289228272628923
5227,0.145,1.0289228272628923
5228,0.145,1.0289228272628923
5229,0.145,1.0289228272628923
5230,0.145,1.0289228272628923
5231,0.145,1.0289228272628923
5232,0.145,1.0289228272628923
5233,0.145,1.0289228272628923
5234,0.145,1.0289228272628923
5235,0.145,1.0289228272628923
5236,0.145,1.0289228272628923
5237,0.145,1.0289228272628923
5238,0.145,1.0289228272628923
5239,0.145,1.0289228272628923
5240,0.145,1.0289228272628923
5241,0.145,1.0289228272628923
5242,0.145,1.0289228272628923
5243,0.145,1.0289228272628923
5244,0.145,1.0289228272628923
5245,0.145,1.0289228272628923
5246,0.145,1.0289228272628923
5247,0.145,1.0289228272628923
5248,0.145,1.0289228272628923
5249,0.145,1.0289228272628923
5250,0.145,1.0289228272628923
5251,0.145,1.0289228272628923
5252,0.145,1.0289228272628923
5253,0.145,1.0289228272628923
5254,0.145,1.0289228272628923
5255,0.145,1.0289228272628923
5256,0.145,1.0289228272628923
5257,0.145,1.0289228272628923
5258,0.145,1.0289228272628923
5259,0.145,1.0289228272628923
5260,0.145,1.0289228272628923
5261,0.145,1.0289228272628923
5262,0.145,1.0289228272628923
5263,0.145,1.0289228272628923
5264,0.145,1.0289228272628923
5265,0.145,1.0289228272628923
5266,0.145,1.0289228272628923
5267,0.145,1.0289228272628923
5268,0.145,1.0289228272628923
5269,0.145,1.0289228272628923
5270,0.145,1.0289228272628923
5271,0.145,1.0289228272628923
5272,0.145,1.0289228272628923
5273,0.145,1.0289228272628923
5274,0.145,1.0289228272628923
5275,0.145,1.0289228272628923
5276,0.145,1.0289228272628923
5277,0.145,1.0289228272628923
5278,0.145,1.0289228272628923
5279,0.145,1.0289228272628923
5280,0.145,1.0289228272628923
5281,0.145,1.0289228272628923
5282,0.145,1.0289228272628923
5283,0.145,1.0289228272628923
5284,0.145,1.0289228272628923
5285,0.145,1.0289228272628923
5286,0.145,1.0289228272628923
5287,0.145,1.0289228272628923
5288,0.145,1.0289228272628923
5289,0.145,1.0289228272628923
5290,0.145,1.0289228272628923
5291,0.145,1.0289228272628923
5292,0.145,1.0289228272628923
5293,0.145,1.0289228272628923
5294,0.145,1.0289228272628923
5295,0.145,1.0289228272628923
5296,0.145,1.0289228272628923
5297,0.145,1.0289228272628923
5298,0.145,1.0289228272628923
5299,0.145,1.0289228272628923
5300,0.145,1.0289228272628923
5301,0.145,1.0289228272628923
5302,0.145,1.0289228272628923
5303,0.145,1.0289228272628923
5304,0.145,1.0289228272628923
5305,0.145,1.0289228272628923
5306,0.145,1.0289228272628923
5307,0.145,1.0289228272628923
5308,0.145,1.0289228272628923
5309,0.145,1.0289228272628923
5310,0.145,1.0289228272628923
5311,0.145,1.0289228272628923
5312,0.145,1.0289228272628923
5313,0.145,1.0289228272628923
5314,0.145,1.0289228272628923
5315,0.145,1.0289228272628923
5316,0.145,1.0289228272628923
5317,0.145,1.0289228272628923
5318,0.145,1.0289228272628923
5319,0.145,1.0289228272628923
5320,0.145,1.0289228272628923
5321,0.145,1.0289228272628923
5322,0.145,1.0289228272628923
5323,0.145,1.0289228272628923
5324,0.145,1.0289228272628923
5325,0.145,1.0289228272628923
5326,0.145,1.0289228272628923
5327,0.145,1.0289228272628923
5328,0.145,1.0289228272628923
5329,0.145,1.0289228272628923
5330,0.145,1.0289228272628923
5331,0.145,1.0289228272628923
5332,0.145,1.0289228272628923
5333,0.145,1.0289228272628923
5334,0.145,1.0289228272628923
5335,0.145,1.0289228272628923
5336,0.145,1.0289228272628923
5337,0.145,1.0289228272628923
5338,0.145,1.0289228272628923
5339,0.145,1.0289228272628923
5340,0.145,1.0289228272628923
5341,0.145,1.0289228272628923
5342,0.145,1.0289228272628923
5343,0.145,1.0289228272628923
5344,0.145,1.0289228272628923
5345,0.145,1.0289228272628923
5346,0.145,1.0289228272628923
5347,0.145,1.0289228272628923
5348,0.145,1.0289228272628923
5349,0.145,1.0289228272628923
5350,0.145,1.0289228272628923
5351,0.145,1.0289228272628923
5352,0.145,1.0289228272628923
5353,0.145,1.0289228272628923
5354,0.145,1.0289228272628923
5355,0.145,1.0289228272628923
5356,0.145,1.0289228272628923
5357,0.145,1.0289228272628923
5358,0.145,1.0289228272628923
5359,0.145,1.0289228272628923
5360,0.145,1.0289228272628923
5361,0.145,1.0289228272628923
5362,0.145,1.0289228272628923
5363,0.145,1.0289228272628923
5364,0.145,1.0289228272628923
5365,0.145,1.0289228272628923
5366,0.145,1.0289228272628923
5367,0.145,1.0289228272628923
5368,0.145,1.0289228272628923
5369,0.145,1.0289228272628923
5370,0.145,1.0289228272628923
5371,0.145,1.0289228272628923
5372,0.145,1.0289228272628923
5373,0.145,1.0289228272628923
5374,0.145,1.0289228272628923
5375,0.145,1.0289228272628923
5376,0.145,1.0289228272628923
5377,0.145,1.0289228272628923
5378,0.145,1.0289228272628923
5379,0.145,1.0289228272628923
5380,0.145,1.0289228272628923
5381,0.145,1.0289228272628923
5382,0.145,1.0289228272628923
5383,0.145,1.0289228272628923
5384,0.145,1.0289228272628923
5385,0.145,1.0289228272628923
5386,0.145,1.0289228272628923
5387,0.145,1.0289228272628923
5388,0.145,1.0289228272628923
5389,0.145,1.0289228272628923
5390,0.145,1.0289228272628923
5391,0.145,1.0289228272628923
5392,0.145,1.0289228272628923
5393,0.145,1.0289228272628923
5394,0.145,1.0289228272628923
5395,0.145,1.0289228272628923
5396,0.145,1.0289228272628923
5397,0.145,1.0289228272628923
5398,0.145,1.0289228272628923
5399,0.145,1.0289228272628923
5400,0.145,1.0289228272628923
5401,0.145,1.0289228272628923
5402,0.145,1.0289228272628923
5403,0.145,1.0289228272628923
5404,0.145,1.0289228272628923
5405,0.145,1.0289228272628923
5406,0.145,1.0289228272628923
5407,0.145,1.0289228272628923
5408,0.145,1.0289228272628923
5409,0.145,1.0289228272628923
5410,0.145,1.0289228272628923
5411,0.145,1.0289228272628923
5412,0.145,1.0289228272628923
5413,0.145,1.0289228272628923
5414,0.145,1.0289228272628923
5415,0.145,1.0289228272628923
5416,0.145,1.0289228272628923
5417,0.145,1.0289228272628923
5418,0.145,1.0289228272628923
5419,0.145,1.0289228272628923
5420,0.145,1.0289228272628923
5421,0.145,1.0289228272628923
5422,0.145,1.0289228272628923
5423,0.145,1.0289228272628923
5424,0.145,1.0289228272628923
5425,0.145,1.0289228272628923
5426,0.145,1.0289228272628923
5427,0.145,1.0289228272628923
5428,0.145,1.0289228272628923
5429,0.145,1.0289228272628923
5430,0.145,1.0289228272628923
5431,0.145,1.0289228272628923
5432,0.145,1.0289228272628923
5433,0.145,1.0289228272628923
5434,0.145,1.0289228272628923
5435,0.145,1.0289228272628923
5436,0.145,1.0289228272628923
5437,0.145,1.0289228272628923
5438,0.145,1.0289228272628923
5439,0.145,1.0289228272628923
5440,0.145,1.0289228272628923
5441,0.145,1.0289228272628923
5442,0.145,1.0289228272628923
5443,0.145,1.0289228272628923
5444,0.145,1.0289228272628923
5445,0.145,1.0289228272628923
5446,0.145,1.0289228272628923
5447,0.145,1.0289228272628923
5448,0.145,1.0289228272628923
5449,0.145,1.0289228272628923
5450,0.145,1.0289228272628923
5451,0.145,1.0289228272628923
5452,0.145,1.0289228272628923
5453,0.145,1.0289228272628923
5454,0.145,1.0289228272628923
5455,0.145,1.0289228272628923
5456,0.145,1.0289228272628923
5457,0.145,1.0289228272628923
5458,0.145,1.0289228272628923
5459,0.145,1.0289228272628923
5460,0.145,1.0289228272628923
5461,0.145,1.0289228272628923
5462,0.145,1.0289228272628923
5463,0.145,1.0289228272628923
5464,0.145,1.0289228272628923
5465,0.145,1.0289228272628923
5466,0.145,1.0289228272628923
5467,0.145,1.0289228272628923
5468,0.145,1.0289228272628923
5469,0.145,1.0289228272628923
5470,0.145,1.0289228272628923
5471,0.145,1.0289228272628923
5472,0.145,1.0289228272628923
5473,0.145,1.0289228272628923
5474,0.145,1.0289228272628923
5475,0.145,1.0289228272628923
5476,0.145,1.0289228272628923
5477,0.145,1.0289228272628923
5478,0.145,1.0289228272628923
5479,0.145,1.0289228272628923
5480,0.145,1.0289228272628923
5481,0.145,1.0289228272628923
5482,0.145,1.0289228272628923
5483,0.145,1.0289228272628923
5484,0.145,1.0289228272628923
5485,0.145,1.0289228272628923
5486,0.145,1.0289228272628923
5487,0.145,1.0289228272628923
5488,0.145,1.0289228272628923
5489,0.145,1.0289228272628923
5490,0.145,1.0289228272628923
5491,0.145,1.0289228272628923
5492,0.145,1.0289228272628923
5493,0.145,1.0289228272628923
5494,0.145,1.0289228272628923
5495,0.145,1.0289228272628923
5496,0.145,1.0289228272628923
5497,0.145,1.0289228272628923
5498,0.145,1.0289228272628923
5499,0.145,1.0289228272628923
5500,0.145,1.0289228272628923
5501,0.145,1.0289228272628923
5502,0.145,1.0289228272628923
5503,0.145,1.0289228272628923
5504,0.145,1.0289228272628923
5505,0.145,1.0289228272628923
5506,0.145,1.0289228272628923
5507,0.145,1.0289228272628923
5508,0.145,1.0289228272628923
5509,0.145,1.0289228272628923
5510,0.145,1.0289228272628923
5511,0.145,1.0289228272628923
5512,0.145,1.0289228272628923
5513,0.145,1.0289228272628923
5514,0.145,1.0289228272628923
5515,0.145,1.0289228272628923
5516,0.145,1.0289228272628923
5517,0.145,1.0289228272628923
5518,0.145,1.0289228272628923
5519,0.145,1.0289228272628923
5520,0.145,1.0289228272628923
5521,0.145,1.0289228272628923
5522,0.145,1.0289228272628923
5523,0.145,1.0289228272628923
5524,0.145,1.0289228272628923
5525,0.145,1.0289228272628923
5526,0.145,1.0289228272628923
5527,0.145,1.0289228272628923
5528,0.145,1.0289228272628923
5529,0.145,1.0289228272628923
5530,0.145,1.0289228272628923
5531,0.145,1.0289228272628923
5532,0.145,1.0289228272628923
5533,0.145,1.0289228272628923
5534,0.145,1.0289228272628923
5535,0.145,1.0289228272628923
5536,0.145,1.0289228272628923
5537,0.145,1.0289228272628923
5538,0.145,1.0289228272628923
5539,0.145,1.0289228272628923
5540,0.145,1.0289228272628923
5541,0.145,1.0289228272628923
5542,0.145,1.0289228272628923
5543,0.145,1.0289228272628923
5544,0.145,1.0289228272628923
5545,0.135,1.0289228272628923
