Tick,TotalEnergy(kWh),AverageEnergy(kWh)
0,1.4820000000000004,1.0114048869143781
1,1.7540000000000002,1.0114048869143781
2,1.7540000000000002,1.0114048869143781
3,1.7540000000000002,1.0114048869143781
4,1.7540000000000002,1.0114048869143781
5,1.7540000000000002,1.0114048869143781
6,1.7540000000000002,1.0114048869143781
7,1.7540000000000002,1.0114048869143781
8,1.7540000000000002,1.0114048869143781
9,1.7540000000000002,1.0114048869143781
10,1.7540000000000002,1.0114048869143781
11,1.7540000000000002,1.0114048869143781
12,1.7540000000000002,1.0114048869143781
13,1.7540000000000002,1.0114048869143781
14,1.7540000000000002,1.0114048869143781
15,1.7540000000000002,1.0114048869143781
16,1.7540000000000002,1.0114048869143781
17,1.7540000000000002,1.0114048869143781
18,1.7540000000000002,1.0114048869143781
19,1.7540000000000002,1.0114048869143781
20,1.7540000000000002,1.0114048869143781
21,1.7540000000000002,1.0114048869143781
22,1.7540000000000002,1.0114048869143781
23,1.7540000000000002,1.0114048869143781
24,1.7540000000000002,1.0114048869143781
25,1.7540000000000002,1.0114048869143781
26,1.7540000000000002,1.0114048869143781
27,1.7540000000000002,1.0114048869143781
28,1.7540000000000002,1.0114048869143781
29,1.7540000000000002,1.0114048869143781
30,1.7540000000000002,1.0114048869143781
31,1.7540000000000002,1.0114048869143781
32,1.7540000000000002,1.0114048869143781
33,1.7540000000000002,1.0114048869143781
34,1.7540000000000002,1.0114048869143781
35,1.7540000000000002,1.0114048869143781
36,1.7540000000000002,1.0114048869143781
37,1.7540000000000002,1.0114048869143781
38,1.7540000000000002,1.0114048869143781
39,1.7540000000000002,1.0114048869143781
40,1.7540000000000002,1.0114048869143781
41,1.7540000000000002,1.0114048869143781
42,1.7540000000000002,1.0114048869143781
43,1.7540000000000002,1.0114048869143781
44,1.7540000000000002,1.0114048869143781
45,1.7540000000000002,1.0114048869143781
46,1.7540000000000002,1.0114048869143781
47,1.7540000000000002,1.0114048869143781
48,1.7540000000000002,1.0114048869143781
49,1.7540000000000002,1.0114048869143781
50,1.7540000000000002,1.0114048869143781
51,1.7540000000000002,1.0114048869143781
52,1.7540000000000002,1.0114048869143781
53,1.7540000000000002,1.0114048869143781
54,1.7540000000000002,1.0114048869143781
55,1.7540000000000002,1.0114048869143781
56,1.7540000000000002,1.0114048869143781
57,1.7540000000000002,1.0114048869143781
58,1.7540000000000002,1.0114048869143781
59,1.7540000000000002,1.0114048869143781
60,1.7540000000000002,1.0114048869143781
61,1.7540000000000002,1.0114048869143781
62,1.7540000000000002,1.0114048869143781
63,1.7540000000000002,1.0114048869143781
64,1.7540000000000002,1.0114048869143781
65,1.7540000000000002,1.0114048869143781
66,1.7540000000000002,1.0114048869143781
67,1.7540000000000002,1.0114048869143781
68,1.7540000000000002,1.0114048869143781
69,1.7540000000000002,1.0114048869143781
70,1.7540000000000002,1.0114048869143781
71,1.7540000000000002,1.0114048869143781
72,1.7540000000000002,1.0114048869143781
73,1.7540000000000002,1.0114048869143781
74,1.7540000000000002,1.0114048869143781
75,1.7540000000000002,1.0114048869143781
76,1.7540000000000002,1.0114048869143781
77,1.7540000000000002,1.0114048869143781
78,1.7540000000000002,1.0114048869143781
79,1.7540000000000002,1.0114048869143781
80,1.7540000000000002,1.0114048869143781
81,1.7540000000000002,1.0114048869143781
82,1.7540000000000002,1.0114048869143781
83,1.7540000000000002,1.0114048869143781
84,1.7540000000000002,1.0114048869143781
85,1.7540000000000002,1.0114048869143781
86,1.7540000000000002,1.0114048869143781
87,1.7540000000000002,1.0114048869143781
88,1.7540000000000002,1.0114048869143781
89,1.7540000000000002,1.0114048869143781
90,1.7540000000000002,1.0114048869143781
91,1.7540000000000002,1.0114048869143781
92,1.7540000000000002,1.0114048869143781
93,1.7540000000000002,1.0114048869143781
94,1.7540000000000002,1.0114048869143781
95,1.7540000000000002,1.0114048869143781
96,1.7540000000000002,1.0114048869143781
97,1.7540000000000002,1.0114048869143781
98,1.7540000000000002,1.0114048869143781
99,1.7540000000000002,1.0114048869143781
100,1.7540000000000002,1.0114048869143781
101,1.7540000000000002,1.0114048869143781
102,1.7540000000000002,1.0114048869143781
103,1.7540000000000002,1.0114048869143781
104,1.7540000000000002,1.0114048869143781
105,1.7540000000000002,1.0114048869143781
106,1.7540000000000002,1.0114048869143781
107,1.7540000000000002,1.0114048869143781
108,1.7540000000000002,1.0114048869143781
109,1.7540000000000002,1.0114048869143781
110,1.7540000000000002,1.0114048869143781
111,1.7540000000000002,1.0114048869143781
112,1.7540000000000002,1.0114048869143781
113,1.7540000000000002,1.0114048869143781
114,1.7540000000000002,1.0114048869143781
115,1.7540000000000002,1.0114048869143781
116,1.7540000000000002,1.0114048869143781
117,1.7540000000000002,1.0114048869143781
118,1.7540000000000002,1.0114048869143781
119,1.7540000000000002,1.0114048869143781
120,1.7540000000000002,1.0114048869143781
121,1.7540000000000002,1.0114048869143781
122,1.7540000000000002,1.0114048869143781
123,1.7540000000000002,1.0114048869143781
124,1.7540000000000002,1.0114048869143781
125,1.7540000000000002,1.0114048869143781
126,1.7540000000000002,1.0114048869143781
127,1.7540000000000002,1.0114048869143781
128,1.7540000000000002,1.0114048869143781
129,1.7540000000000002,1.0114048869143781
130,1.7540000000000002,1.0114048869143781
131,1.7540000000000002,1.0114048869143781
132,1.7540000000000002,1.0114048869143781
133,1.7540000000000002,1.0114048869143781
134,1.7540000000000002,1.0114048869143781
135,1.7540000000000002,1.0114048869143781
136,1.7540000000000002,1.0114048869143781
137,1.7540000000000002,1.0114048869143781
138,1.7540000000000002,1.0114048869143781
139,1.7540000000000002,1.0114048869143781
140,1.7540000000000002,1.0114048869143781
141,1.7540000000000002,1.0114048869143781
142,1.7540000000000002,1.0114048869143781
143,1.7540000000000002,1.0114048869143781
144,1.7540000000000002,1.0114048869143781
145,1.7540000000000002,1.0114048869143781
146,1.7540000000000002,1.0114048869143781
147,1.7540000000000002,1.0114048869143781
148,1.7540000000000002,1.0114048869143781
149,1.7540000000000002,1.0114048869143781
150,1.7540000000000002,1.0114048869143781
151,1.7540000000000002,1.0114048869143781
152,1.7540000000000002,1.0114048869143781
153,1.7540000000000002,1.0114048869143781
154,1.7540000000000002,1.0114048869143781
155,1.7540000000000002,1.0114048869143781
156,1.7540000000000002,1.0114048869143781
157,1.7540000000000002,1.0114048869143781
158,1.7540000000000002,1.0114048869143781
159,1.7540000000000002,1.0114048869143781
160,1.7540000000000002,1.0114048869143781
161,1.7540000000000002,1.0114048869143781
162,1.7540000000000002,1.0114048869143781
163,1.7540000000000002,1.0114048869143781
164,1.7540000000000002,1.0114048869143781
165,1.7540000000000002,1.0114048869143781
166,1.7540000000000002,1.0114048869143781
167,1.7540000000000002,1.0114048869143781
168,1.7540000000000002,1.0114048869143781
169,1.7540000000000002,1.0114048869143781
170,1.7540000000000002,1.0114048869143781
171,1.7540000000000002,1.0114048869143781
172,1.7540000000000002,1.0114048869143781
173,1.7540000000000002,1.0114048869143781
174,1.7540000000000002,1.0114048869143781
175,1.7540000000000002,1.0114048869143781
176,1.7540000000000002,1.0114048869143781
177,1.7540000000000002,1.0114048869143781
178,1.7540000000000002,1.0114048869143781
179,1.7540000000000002,1.0114048869143781
180,1.7540000000000002,1.0114048869143781
181,1.7540000000000002,1.0114048869143781
182,1.7540000000000002,1.0114048869143781
183,1.7540000000000002,1.0114048869143781
184,1.7540000000000002,1.0114048869143781
185,1.7540000000000002,1.0114048869143781
186,1.7540000000000002,1.0114048869143781
187,1.7540000000000002,1.0114048869143781
188,1.7540000000000002,1.0114048869143781
189,1.7540000000000002,1.0114048869143781
190,1.7540000000000002,1.0114048869143781
191,1.7540000000000002,1.0114048869143781
192,1.7540000000000002,1.0114048869143781
193,1.7540000000000002,1.0114048869143781
194,1.7540000000000002,1.0114048869143781
195,1.7540000000000002,1.0114048869143781
196,1.7540000000000002,1.0114048869143781
197,1.7540000000000002,1.0114048869143781
198,1.7540000000000002,1.0114048869143781
199,1.7540000000000002,1.0114048869143781
200,1.7540000000000002,1.0114048869143781
201,1.7540000000000002,1.0114048869143781
202,1.7540000000000002,1.0114048869143781
203,1.7540000000000002,1.0114048869143781
204,1.7540000000000002,1.0114048869143781
205,1.7540000000000002,1.0114048869143781
206,1.7540000000000002,1.0114048869143781
207,1.7540000000000002,1.0114048869143781
208,1.7540000000000002,1.0114048869143781
209,1.7540000000000002,1.0114048869143781
210,1.7540000000000002,1.0114048869143781
211,1.7540000000000002,1.0114048869143781
212,1.7540000000000002,1.0114048869143781
213,1.7540000000000002,1.0114048869143781
214,1.7540000000000002,1.0114048869143781
215,1.7540000000000002,1.0114048869143781
216,1.7540000000000002,1.0114048869143781
217,1.7540000000000002,1.0114048869143781
218,1.7540000000000002,1.0114048869143781
219,1.7540000000000002,1.0114048869143781
220,1.7540000000000002,1.0114048869143781
221,1.7540000000000002,1.0114048869143781
222,1.7540000000000002,1.0114048869143781
223,1.7540000000000002,1.0114048869143781
224,1.7540000000000002,1.0114048869143781
225,1.7540000000000002,1.0114048869143781
226,1.7540000000000002,1.0114048869143781
227,1.7540000000000002,1.0114048869143781
228,1.7540000000000002,1.0114048869143781
229,1.7540000000000002,1.0114048869143781
230,1.7540000000000002,1.0114048869143781
231,1.7540000000000002,1.0114048869143781
232,1.7540000000000002,1.0114048869143781
233,1.7540000000000002,1.0114048869143781
234,1.7540000000000002,1.0114048869143781
235,1.7540000000000002,1.0114048869143781
236,1.7540000000000002,1.0114048869143781
237,1.7540000000000002,1.0114048869143781
238,1.7540000000000002,1.0114048869143781
239,1.7540000000000002,1.0114048869143781
240,1.7540000000000002,1.0114048869143781
241,1.7540000000000002,1.0114048869143781
242,1.7540000000000002,1.0114048869143781
243,1.7540000000000002,1.0114048869143781
244,1.7540000000000002,1.0114048869143781
245,1.7540000000000002,1.0114048869143781
246,1.7540000000000002,1.0114048869143781
247,1.7540000000000002,1.0114048869143781
248,1.7540000000000002,1.0114048869143781
249,1.7540000000000002,1.0114048869143781
250,1.7540000000000002,1.0114048869143781
251,1.7540000000000002,1.0114048869143781
252,1.7540000000000002,1.0114048869143781
253,1.7540000000000002,1.0114048869143781
254,1.7540000000000002,1.0114048869143781
255,1.7540000000000002,1.0114048869143781
256,1.7540000000000002,1.0114048869143781
257,1.7540000000000002,1.0114048869143781
258,1.7540000000000002,1.0114048869143781
259,1.7540000000000002,1.0114048869143781
260,1.7540000000000002,1.0114048869143781
261,1.7540000000000002,1.0114048869143781
262,1.7540000000000002,1.0114048869143781
263,1.7540000000000002,1.0114048869143781
264,1.7540000000000002,1.0114048869143781
265,1.7540000000000002,1.0114048869143781
266,1.7540000000000002,1.0114048869143781
267,1.7540000000000002,1.0114048869143781
268,1.7540000000000002,1.0114048869143781
269,1.7540000000000002,1.0114048869143781
270,1.7540000000000002,1.0114048869143781
271,1.7540000000000002,1.0114048869143781
272,1.7540000000000002,1.0114048869143781
273,1.7540000000000002,1.0114048869143781
274,1.7540000000000002,1.0114048869143781
275,1.7540000000000002,1.0114048869143781
276,1.7540000000000002,1.0114048869143781
277,1.7540000000000002,1.0114048869143781
278,1.7540000000000002,1.0114048869143781
279,1.7540000000000002,1.0114048869143781
280,1.7540000000000002,1.0114048869143781
281,1.7540000000000002,1.0114048869143781
282,1.7540000000000002,1.0114048869143781
283,1.7540000000000002,1.0114048869143781
284,1.7540000000000002,1.0114048869143781
285,1.7540000000000002,1.0114048869143781
286,1.7540000000000002,1.0114048869143781
287,1.7540000000000002,1.0114048869143781
288,1.7540000000000002,1.0114048869143781
289,1.7540000000000002,1.0114048869143781
290,1.7540000000000002,1.0114048869143781
291,1.7540000000000002,1.0114048869143781
292,1.7540000000000002,1.0114048869143781
293,1.7540000000000002,1.0114048869143781
294,1.7540000000000002,1.0114048869143781
295,1.7540000000000002,1.0114048869143781
296,1.7540000000000002,1.0114048869143781
297,1.7540000000000002,1.0114048869143781
298,1.7540000000000002,1.0114048869143781
299,1.7540000000000002,1.0114048869143781
300,1.7540000000000002,1.0114048869143781
301,1.7540000000000002,1.0114048869143781
302,1.7540000000000002,1.0114048869143781
303,1.7540000000000002,1.0114048869143781
304,1.7540000000000002,1.0114048869143781
305,1.7540000000000002,1.0114048869143781
306,1.7540000000000002,1.0114048869143781
307,1.7540000000000002,1.0114048869143781
308,1.7540000000000002,1.0114048869143781
309,1.7540000000000002,1.0114048869143781
310,1.7540000000000002,1.0114048869143781
311,1.7540000000000002,1.0114048869143781
312,1.7540000000000002,1.0114048869143781
313,1.7540000000000002,1.0114048869143781
314,1.7540000000000002,1.0114048869143781
315,1.7540000000000002,1.0114048869143781
316,1.7540000000000002,1.0114048869143781
317,1.7540000000000002,1.0114048869143781
318,1.7540000000000002,1.0114048869143781
319,1.7540000000000002,1.0114048869143781
320,1.7540000000000002,1.0114048869143781
321,1.7540000000000002,1.0114048869143781
322,1.7540000000000002,1.0114048869143781
323,1.7540000000000002,1.0114048869143781
324,1.7540000000000002,1.0114048869143781
325,1.7540000000000002,1.0114048869143781
326,1.7540000000000002,1.0114048869143781
327,1.7540000000000002,1.0114048869143781
328,1.7540000000000002,1.0114048869143781
329,1.7540000000000002,1.0114048869143781
330,1.7540000000000002,1.0114048869143781
331,1.7540000000000002,1.0114048869143781
332,1.7540000000000002,1.0114048869143781
333,1.7540000000000002,1.0114048869143781
334,1.7540000000000002,1.0114048869143781
335,1.7540000000000002,1.0114048869143781
336,1.7540000000000002,1.0114048869143781
337,1.7540000000000002,1.0114048869143781
338,1.7540000000000002,1.0114048869143781
339,1.7540000000000002,1.0114048869143781
340,1.7540000000000002,1.0114048869143781
341,1.7540000000000002,1.0114048869143781
342,1.7540000000000002,1.0114048869143781
343,1.7540000000000002,1.0114048869143781
344,1.7540000000000002,1.0114048869143781
345,1.7540000000000002,1.0114048869143781
346,1.7540000000000002,1.0114048869143781
347,1.7540000000000002,1.0114048869143781
348,1.7540000000000002,1.0114048869143781
349,1.7540000000000002,1.0114048869143781
350,1.7540000000000002,1.0114048869143781
351,1.7540000000000002,1.0114048869143781
352,1.7540000000000002,1.0114048869143781
353,1.7540000000000002,1.0114048869143781
354,1.7540000000000002,1.0114048869143781
355,1.7540000000000002,1.0114048869143781
356,1.7540000000000002,1.0114048869143781
357,1.7540000000000002,1.0114048869143781
358,1.7540000000000002,1.0114048869143781
359,1.7540000000000002,1.0114048869143781
360,1.7540000000000002,1.0114048869143781
361,1.7540000000000002,1.0114048869143781
362,1.7540000000000002,1.0114048869143781
363,1.7540000000000002,1.0114048869143781
364,1.7540000000000002,1.0114048869143781
365,1.7540000000000002,1.0114048869143781
366,1.7540000000000002,1.0114048869143781
367,1.7540000000000002,1.0114048869143781
368,1.7540000000000002,1.0114048869143781
369,1.7540000000000002,1.0114048869143781
370,1.7540000000000002,1.0114048869143781
371,1.7540000000000002,1.0114048869143781
372,1.7540000000000002,1.0114048869143781
373,1.7540000000000002,1.0114048869143781
374,1.7540000000000002,1.0114048869143781
375,1.7540000000000002,1.0114048869143781
376,1.7540000000000002,1.0114048869143781
377,1.7540000000000002,1.0114048869143781
378,1.7540000000000002,1.0114048869143781
379,1.7540000000000002,1.0114048869143781
380,1.7540000000000002,1.0114048869143781
381,1.7540000000000002,1.0114048869143781
382,1.7540000000000002,1.0114048869143781
383,1.7540000000000002,1.0114048869143781
384,1.7540000000000002,1.0114048869143781
385,1.7540000000000002,1.0114048869143781
386,1.7540000000000002,1.0114048869143781
387,1.7540000000000002,1.0114048869143781
388,1.7540000000000002,1.0114048869143781
389,1.7540000000000002,1.0114048869143781
390,1.7540000000000002,1.0114048869143781
391,1.7540000000000002,1.0114048869143781
392,1.7540000000000002,1.0114048869143781
393,1.7540000000000002,1.0114048869143781
394,1.7540000000000002,1.0114048869143781
395,1.7540000000000002,1.0114048869143781
396,1.7540000000000002,1.0114048869143781
397,1.7540000000000002,1.0114048869143781
398,1.7540000000000002,1.0114048869143781
399,1.7540000000000002,1.0114048869143781
400,1.7540000000000002,1.0114048869143781
401,1.7540000000000002,1.0114048869143781
402,1.7540000000000002,1.0114048869143781
403,1.7540000000000002,1.0114048869143781
404,1.7540000000000002,1.0114048869143781
405,1.7540000000000002,1.0114048869143781
406,1.7540000000000002,1.0114048869143781
407,1.7540000000000002,1.0114048869143781
408,1.7540000000000002,1.0114048869143781
409,1.7540000000000002,1.0114048869143781
410,1.7540000000000002,1.0114048869143781
411,1.7540000000000002,1.0114048869143781
412,1.7540000000000002,1.0114048869143781
413,1.7540000000000002,1.0114048869143781
414,1.7540000000000002,1.0114048869143781
415,1.7540000000000002,1.0114048869143781
416,1.7540000000000002,1.0114048869143781
417,1.7540000000000002,1.0114048869143781
418,1.7540000000000002,1.0114048869143781
419,1.7540000000000002,1.0114048869143781
420,1.7540000000000002,1.0114048869143781
421,1.7540000000000002,1.0114048869143781
422,1.7540000000000002,1.0114048869143781
423,1.7540000000000002,1.0114048869143781
424,1.7540000000000002,1.0114048869143781
425,1.7540000000000002,1.0114048869143781
426,1.7540000000000002,1.0114048869143781
427,1.7540000000000002,1.0114048869143781
428,1.7540000000000002,1.0114048869143781
429,1.7540000000000002,1.0114048869143781
430,1.7540000000000002,1.0114048869143781
431,1.7540000000000002,1.0114048869143781
432,1.7540000000000002,1.0114048869143781
433,1.7540000000000002,1.0114048869143781
434,1.7540000000000002,1.0114048869143781
435,1.7540000000000002,1.0114048869143781
436,1.7540000000000002,1.0114048869143781
437,1.7540000000000002,1.0114048869143781
438,1.7540000000000002,1.0114048869143781
439,1.7540000000000002,1.0114048869143781
440,1.7540000000000002,1.0114048869143781
441,1.7540000000000002,1.0114048869143781
442,1.7540000000000002,1.0114048869143781
443,1.7540000000000002,1.0114048869143781
444,1.7540000000000002,1.0114048869143781
445,1.7540000000000002,1.0114048869143781
446,1.7540000000000002,1.0114048869143781
447,1.7540000000000002,1.0114048869143781
448,1.7540000000000002,1.0114048869143781
449,1.7540000000000002,1.0114048869143781
450,1.7540000000000002,1.0114048869143781
451,1.7540000000000002,1.0114048869143781
452,1.7540000000000002,1.0114048869143781
453,1.7540000000000002,1.0114048869143781
454,1.7540000000000002,1.0114048869143781
455,1.7540000000000002,1.0114048869143781
456,1.7540000000000002,1.0114048869143781
457,1.7540000000000002,1.0114048869143781
458,1.7540000000000002,1.0114048869143781
459,1.7540000000000002,1.0114048869143781
460,1.7540000000000002,1.0114048869143781
461,1.7540000000000002,1.0114048869143781
462,1.7540000000000002,1.0114048869143781
463,1.7540000000000002,1.0114048869143781
464,1.7540000000000002,1.0114048869143781
465,1.7540000000000002,1.0114048869143781
466,1.7540000000000002,1.0114048869143781
467,1.7540000000000002,1.0114048869143781
468,1.7540000000000002,1.0114048869143781
469,1.7540000000000002,1.0114048869143781
470,1.7540000000000002,1.0114048869143781
471,1.7540000000000002,1.0114048869143781
472,1.7540000000000002,1.0114048869143781
473,1.7540000000000002,1.0114048869143781
474,1.7540000000000002,1.0114048869143781
475,1.7540000000000002,1.0114048869143781
476,1.7540000000000002,1.0114048869143781
477,1.7540000000000002,1.0114048869143781
478,1.7540000000000002,1.0114048869143781
479,1.7540000000000002,1.0114048869143781
480,1.7540000000000002,1.0114048869143781
481,1.7540000000000002,1.0114048869143781
482,1.7540000000000002,1.0114048869143781
483,1.7540000000000002,1.0114048869143781
484,1.7540000000000002,1.0114048869143781
485,1.7540000000000002,1.0114048869143781
486,1.7540000000000002,1.0114048869143781
487,1.7540000000000002,1.0114048869143781
488,1.7540000000000002,1.0114048869143781
489,1.7540000000000002,1.0114048869143781
490,1.7540000000000002,1.0114048869143781
491,1.7540000000000002,1.0114048869143781
492,1.7540000000000002,1.0114048869143781
493,1.7540000000000002,1.0114048869143781
494,1.7540000000000002,1.0114048869143781
495,1.7540000000000002,1.0114048869143781
496,1.7540000000000002,1.0114048869143781
497,1.7540000000000002,1.0114048869143781
498,1.7540000000000002,1.0114048869143781
499,1.7540000000000002,1.0114048869143781
500,1.7540000000000002,1.0114048869143781
501,1.7540000000000002,1.0114048869143781
502,1.7540000000000002,1.0114048869143781
503,1.7540000000000002,1.0114048869143781
504,1.7540000000000002,1.0114048869143781
505,1.7540000000000002,1.0114048869143781
506,1.7540000000000002,1.0114048869143781
507,1.7540000000000002,1.0114048869143781
508,1.7540000000000002,1.0114048869143781
509,1.7540000000000002,1.0114048869143781
510,1.7540000000000002,1.0114048869143781
511,1.7540000000000002,1.0114048869143781
512,1.7540000000000002,1.0114048869143781
513,1.7540000000000002,1.0114048869143781
514,1.7540000000000002,1.0114048869143781
515,1.7540000000000002,1.0114048869143781
516,1.7540000000000002,1.0114048869143781
517,1.7540000000000002,1.0114048869143781
518,1.7540000000000002,1.0114048869143781
519,1.7540000000000002,1.0114048869143781
520,1.7540000000000002,1.0114048869143781
521,1.7540000000000002,1.0114048869143781
522,1.7540000000000002,1.0114048869143781
523,1.7540000000000002,1.0114048869143781
524,1.7540000000000002,1.0114048869143781
525,1.7540000000000002,1.0114048869143781
526,1.7540000000000002,1.0114048869143781
527,1.7540000000000002,1.0114048869143781
528,1.7540000000000002,1.0114048869143781
529,1.7540000000000002,1.0114048869143781
530,1.7540000000000002,1.0114048869143781
531,1.7540000000000002,1.0114048869143781
532,1.7540000000000002,1.0114048869143781
533,1.7540000000000002,1.0114048869143781
534,1.7540000000000002,1.0114048869143781
535,1.7540000000000002,1.0114048869143781
536,1.7540000000000002,1.0114048869143781
537,1.7540000000000002,1.0114048869143781
538,1.7540000000000002,1.0114048869143781
539,1.7540000000000002,1.0114048869143781
540,1.7540000000000002,1.0114048869143781
541,1.7540000000000002,1.0114048869143781
542,1.7540000000000002,1.0114048869143781
543,1.7540000000000002,1.0114048869143781
544,1.7540000000000002,1.0114048869143781
545,1.7540000000000002,1.0114048869143781
546,1.7540000000000002,1.0114048869143781
547,1.7540000000000002,1.0114048869143781
548,1.7540000000000002,1.0114048869143781
549,1.7540000000000002,1.0114048869143781
550,1.7540000000000002,1.0114048869143781
551,1.7540000000000002,1.0114048869143781
552,1.7540000000000002,1.0114048869143781
553,1.7540000000000002,1.0114048869143781
554,1.7540000000000002,1.0114048869143781
555,1.7540000000000002,1.0114048869143781
556,1.7540000000000002,1.0114048869143781
557,1.7540000000000002,1.0114048869143781
558,1.7540000000000002,1.0114048869143781
559,1.7540000000000002,1.0114048869143781
560,1.7540000000000002,1.0114048869143781
561,1.7540000000000002,1.0114048869143781
562,1.7540000000000002,1.0114048869143781
563,1.7540000000000002,1.0114048869143781
564,1.7540000000000002,1.0114048869143781
565,1.7540000000000002,1.0114048869143781
566,1.7540000000000002,1.0114048869143781
567,1.7540000000000002,1.0114048869143781
568,1.7540000000000002,1.0114048869143781
569,1.7540000000000002,1.0114048869143781
570,1.7540000000000002,1.0114048869143781
571,1.7540000000000002,1.0114048869143781
572,1.7540000000000002,1.0114048869143781
573,1.7540000000000002,1.0114048869143781
574,1.7540000000000002,1.0114048869143781
575,1.7540000000000002,1.0114048869143781
576,1.7540000000000002,1.0114048869143781
577,1.7540000000000002,1.0114048869143781
578,1.7540000000000002,1.0114048869143781
579,1.7540000000000002,1.0114048869143781
580,1.7540000000000002,1.0114048869143781
581,1.7540000000000002,1.0114048869143781
582,1.7540000000000002,1.0114048869143781
583,1.7540000000000002,1.0114048869143781
584,1.7540000000000002,1.0114048869143781
585,1.7540000000000002,1.0114048869143781
586,1.7540000000000002,1.0114048869143781
587,1.7540000000000002,1.0114048869143781
588,1.7540000000000002,1.0114048869143781
589,1.7540000000000002,1.0114048869143781
590,1.7540000000000002,1.0114048869143781
591,1.7540000000000002,1.0114048869143781
592,1.7540000000000002,1.0114048869143781
593,1.7540000000000002,1.0114048869143781
594,1.7540000000000002,1.0114048869143781
595,1.7540000000000002,1.0114048869143781
596,1.7540000000000002,1.0114048869143781
597,1.7540000000000002,1.0114048869143781
598,1.7540000000000002,1.0114048869143781
599,1.7540000000000002,1.0114048869143781
600,1.7540000000000002,1.0114048869143781
601,1.7540000000000002,1.0114048869143781
602,1.7540000000000002,1.0114048869143781
603,1.7540000000000002,1.0114048869143781
604,1.7540000000000002,1.0114048869143781
605,1.7540000000000002,1.0114048869143781
606,1.7540000000000002,1.0114048869143781
607,1.7540000000000002,1.0114048869143781
608,1.7540000000000002,1.0114048869143781
609,1.7540000000000002,1.0114048869143781
610,1.7540000000000002,1.0114048869143781
611,1.7540000000000002,1.0114048869143781
612,1.7540000000000002,1.0114048869143781
613,1.7540000000000002,1.0114048869143781
614,1.7540000000000002,1.0114048869143781
615,1.7540000000000002,1.0114048869143781
616,1.7540000000000002,1.0114048869143781
617,1.7540000000000002,1.0114048869143781
618,1.7540000000000002,1.0114048869143781
619,1.7540000000000002,1.0114048869143781
620,1.7540000000000002,1.0114048869143781
621,1.7540000000000002,1.0114048869143781
622,1.7540000000000002,1.0114048869143781
623,1.7540000000000002,1.0114048869143781
624,1.7540000000000002,1.0114048869143781
625,1.7540000000000002,1.0114048869143781
626,1.7540000000000002,1.0114048869143781
627,1.7540000000000002,1.0114048869143781
628,1.7540000000000002,1.0114048869143781
629,1.7540000000000002,1.0114048869143781
630,1.7540000000000002,1.0114048869143781
631,1.7540000000000002,1.0114048869143781
632,1.7540000000000002,1.0114048869143781
633,1.7540000000000002,1.0114048869143781
634,1.7540000000000002,1.0114048869143781
635,1.7540000000000002,1.0114048869143781
636,1.7540000000000002,1.0114048869143781
637,1.7540000000000002,1.0114048869143781
638,1.7540000000000002,1.0114048869143781
639,1.7540000000000002,1.0114048869143781
640,1.7540000000000002,1.0114048869143781
641,1.7540000000000002,1.0114048869143781
642,1.7540000000000002,1.0114048869143781
643,1.7540000000000002,1.0114048869143781
644,1.7540000000000002,1.0114048869143781
645,1.7540000000000002,1.0114048869143781
646,1.7540000000000002,1.0114048869143781
647,1.7540000000000002,1.0114048869143781
648,1.7540000000000002,1.0114048869143781
649,1.7540000000000002,1.0114048869143781
650,1.7540000000000002,1.0114048869143781
651,1.7540000000000002,1.0114048869143781
652,1.7540000000000002,1.0114048869143781
653,1.7540000000000002,1.0114048869143781
654,1.7540000000000002,1.0114048869143781
655,1.7540000000000002,1.0114048869143781
656,1.7540000000000002,1.0114048869143781
657,1.7540000000000002,1.0114048869143781
658,1.7540000000000002,1.0114048869143781
659,1.7540000000000002,1.0114048869143781
660,1.7540000000000002,1.0114048869143781
661,1.7540000000000002,1.0114048869143781
662,1.7540000000000002,1.0114048869143781
663,1.7540000000000002,1.0114048869143781
664,1.7540000000000002,1.0114048869143781
665,1.7540000000000002,1.0114048869143781
666,1.7540000000000002,1.0114048869143781
667,1.7540000000000002,1.0114048869143781
668,1.7540000000000002,1.0114048869143781
669,1.7540000000000002,1.0114048869143781
670,1.7540000000000002,1.0114048869143781
671,1.7540000000000002,1.0114048869143781
672,1.7540000000000002,1.0114048869143781
673,1.7540000000000002,1.0114048869143781
674,1.7540000000000002,1.0114048869143781
675,1.7540000000000002,1.0114048869143781
676,1.7540000000000002,1.0114048869143781
677,1.7540000000000002,1.0114048869143781
678,1.7540000000000002,1.0114048869143781
679,1.7540000000000002,1.0114048869143781
680,1.7540000000000002,1.0114048869143781
681,1.7540000000000002,1.0114048869143781
682,1.7540000000000002,1.0114048869143781
683,1.7540000000000002,1.0114048869143781
684,1.7540000000000002,1.0114048869143781
685,1.7540000000000002,1.0114048869143781
686,1.7540000000000002,1.0114048869143781
687,1.7540000000000002,1.0114048869143781
688,1.7540000000000002,1.0114048869143781
689,1.7540000000000002,1.0114048869143781
690,1.7540000000000002,1.0114048869143781
691,1.7540000000000002,1.0114048869143781
692,1.7540000000000002,1.0114048869143781
693,1.7540000000000002,1.0114048869143781
694,1.7540000000000002,1.0114048869143781
695,1.7540000000000002,1.0114048869143781
696,1.7540000000000002,1.0114048869143781
697,1.7540000000000002,1.0114048869143781
698,1.7540000000000002,1.0114048869143781
699,1.7540000000000002,1.0114048869143781
700,1.7540000000000002,1.0114048869143781
701,1.7540000000000002,1.0114048869143781
702,1.7540000000000002,1.0114048869143781
703,1.7540000000000002,1.0114048869143781
704,1.7540000000000002,1.0114048869143781
705,1.7540000000000002,1.0114048869143781
706,1.7540000000000002,1.0114048869143781
707,1.7540000000000002,1.0114048869143781
708,1.7540000000000002,1.0114048869143781
709,1.7540000000000002,1.0114048869143781
710,1.7540000000000002,1.0114048869143781
711,1.7540000000000002,1.0114048869143781
712,1.7540000000000002,1.0114048869143781
713,1.7540000000000002,1.0114048869143781
714,1.7540000000000002,1.0114048869143781
715,1.7540000000000002,1.0114048869143781
716,1.7540000000000002,1.0114048869143781
717,1.7540000000000002,1.0114048869143781
718,1.7540000000000002,1.0114048869143781
719,1.7540000000000002,1.0114048869143781
720,1.7540000000000002,1.0114048869143781
721,1.7540000000000002,1.0114048869143781
722,1.7540000000000002,1.0114048869143781
723,1.7540000000000002,1.0114048869143781
724,1.7540000000000002,1.0114048869143781
725,1.7540000000000002,1.0114048869143781
726,1.7540000000000002,1.0114048869143781
727,1.7540000000000002,1.0114048869143781
728,1.7540000000000002,1.0114048869143781
729,1.7540000000000002,1.0114048869143781
730,1.7540000000000002,1.0114048869143781
731,1.7540000000000002,1.0114048869143781
732,1.7540000000000002,1.0114048869143781
733,1.7540000000000002,1.0114048869143781
734,1.7540000000000002,1.0114048869143781
735,1.7540000000000002,1.0114048869143781
736,1.7540000000000002,1.0114048869143781
737,1.7540000000000002,1.0114048869143781
738,1.7540000000000002,1.0114048869143781
739,1.7540000000000002,1.0114048869143781
740,1.7540000000000002,1.0114048869143781
741,1.7540000000000002,1.0114048869143781
742,1.7540000000000002,1.0114048869143781
743,1.7540000000000002,1.0114048869143781
744,1.7540000000000002,1.0114048869143781
745,1.7540000000000002,1.0114048869143781
746,1.7540000000000002,1.0114048869143781
747,1.7540000000000002,1.0114048869143781
748,1.7540000000000002,1.0114048869143781
749,1.7540000000000002,1.0114048869143781
750,1.7540000000000002,1.0114048869143781
751,1.7540000000000002,1.0114048869143781
752,1.7540000000000002,1.0114048869143781
753,1.7540000000000002,1.0114048869143781
754,1.7540000000000002,1.0114048869143781
755,1.7540000000000002,1.0114048869143781
756,1.7540000000000002,1.0114048869143781
757,1.7540000000000002,1.0114048869143781
758,1.7540000000000002,1.0114048869143781
759,1.7540000000000002,1.0114048869143781
760,1.7540000000000002,1.0114048869143781
761,1.7540000000000002,1.0114048869143781
762,1.7540000000000002,1.0114048869143781
763,1.7540000000000002,1.0114048869143781
764,1.7540000000000002,1.0114048869143781
765,1.7540000000000002,1.0114048869143781
766,1.7540000000000002,1.0114048869143781
767,1.7540000000000002,1.0114048869143781
768,1.7540000000000002,1.0114048869143781
769,1.7540000000000002,1.0114048869143781
770,1.7540000000000002,1.0114048869143781
771,1.7540000000000002,1.0114048869143781
772,1.7540000000000002,1.0114048869143781
773,1.7540000000000002,1.0114048869143781
774,1.7540000000000002,1.0114048869143781
775,1.7540000000000002,1.0114048869143781
776,1.7540000000000002,1.0114048869143781
777,1.7540000000000002,1.0114048869143781
778,1.7540000000000002,1.0114048869143781
779,1.7540000000000002,1.0114048869143781
780,1.7540000000000002,1.0114048869143781
781,1.7540000000000002,1.0114048869143781
782,1.7540000000000002,1.0114048869143781
783,1.7540000000000002,1.0114048869143781
784,1.7540000000000002,1.0114048869143781
785,1.7540000000000002,1.0114048869143781
786,1.7540000000000002,1.0114048869143781
787,1.7540000000000002,1.0114048869143781
788,1.7540000000000002,1.0114048869143781
789,1.7540000000000002,1.0114048869143781
790,1.7540000000000002,1.0114048869143781
791,1.7540000000000002,1.0114048869143781
792,1.7540000000000002,1.0114048869143781
793,1.7540000000000002,1.0114048869143781
794,1.7540000000000002,1.0114048869143781
795,1.7540000000000002,1.0114048869143781
796,1.7540000000000002,1.0114048869143781
797,1.7540000000000002,1.0114048869143781
798,1.7540000000000002,1.0114048869143781
799,1.7540000000000002,1.0114048869143781
800,1.7540000000000002,1.0114048869143781
801,1.7540000000000002,1.0114048869143781
802,1.7540000000000002,1.0114048869143781
803,1.7540000000000002,1.0114048869143781
804,1.7540000000000002,1.0114048869143781
805,1.7540000000000002,1.0114048869143781
806,1.7540000000000002,1.0114048869143781
807,1.7540000000000002,1.0114048869143781
808,1.7540000000000002,1.0114048869143781
809,1.7540000000000002,1.0114048869143781
810,1.7540000000000002,1.0114048869143781
811,1.7540000000000002,1.0114048869143781
812,1.7540000000000002,1.0114048869143781
813,1.7540000000000002,1.0114048869143781
814,1.7540000000000002,1.0114048869143781
815,1.7540000000000002,1.0114048869143781
816,1.7540000000000002,1.0114048869143781
817,1.7540000000000002,1.0114048869143781
818,1.7540000000000002,1.0114048869143781
819,1.7540000000000002,1.0114048869143781
820,1.7540000000000002,1.0114048869143781
821,1.7540000000000002,1.0114048869143781
822,1.7540000000000002,1.0114048869143781
823,1.7540000000000002,1.0114048869143781
824,1.7540000000000002,1.0114048869143781
825,1.7540000000000002,1.0114048869143781
826,1.7540000000000002,1.0114048869143781
827,1.7540000000000002,1.0114048869143781
828,1.7540000000000002,1.0114048869143781
829,1.7540000000000002,1.0114048869143781
830,1.7540000000000002,1.0114048869143781
831,1.7540000000000002,1.0114048869143781
832,1.7540000000000002,1.0114048869143781
833,1.7540000000000002,1.0114048869143781
834,1.7540000000000002,1.0114048869143781
835,1.7540000000000002,1.0114048869143781
836,1.7540000000000002,1.0114048869143781
837,1.7540000000000002,1.0114048869143781
838,1.7540000000000002,1.0114048869143781
839,1.7540000000000002,1.0114048869143781
840,1.7540000000000002,1.0114048869143781
841,1.7540000000000002,1.0114048869143781
842,1.7540000000000002,1.0114048869143781
843,1.7540000000000002,1.0114048869143781
844,1.7540000000000002,1.0114048869143781
845,1.7540000000000002,1.0114048869143781
846,1.7540000000000002,1.0114048869143781
847,1.7540000000000002,1.0114048869143781
848,1.7540000000000002,1.0114048869143781
849,1.7540000000000002,1.0114048869143781
850,1.7540000000000002,1.0114048869143781
851,1.7540000000000002,1.0114048869143781
852,1.7540000000000002,1.0114048869143781
853,1.7540000000000002,1.0114048869143781
854,1.7540000000000002,1.0114048869143781
855,1.7540000000000002,1.0114048869143781
856,1.7540000000000002,1.0114048869143781
857,1.7540000000000002,1.0114048869143781
858,1.7540000000000002,1.0114048869143781
859,1.7540000000000002,1.0114048869143781
860,1.7540000000000002,1.0114048869143781
861,1.7540000000000002,1.0114048869143781
862,1.7540000000000002,1.0114048869143781
863,1.7540000000000002,1.0114048869143781
864,1.7540000000000002,1.0114048869143781
865,1.7540000000000002,1.0114048869143781
866,1.7540000000000002,1.0114048869143781
867,1.7540000000000002,1.0114048869143781
868,1.7540000000000002,1.0114048869143781
869,1.7540000000000002,1.0114048869143781
870,1.7540000000000002,1.0114048869143781
871,1.7540000000000002,1.0114048869143781
872,1.7540000000000002,1.0114048869143781
873,1.7540000000000002,1.0114048869143781
874,1.7540000000000002,1.0114048869143781
875,1.7540000000000002,1.0114048869143781
876,1.7540000000000002,1.0114048869143781
877,1.7540000000000002,1.0114048869143781
878,1.7540000000000002,1.0114048869143781
879,1.7540000000000002,1.0114048869143781
880,1.7540000000000002,1.0114048869143781
881,1.7540000000000002,1.0114048869143781
882,1.7540000000000002,1.0114048869143781
883,1.7540000000000002,1.0114048869143781
884,1.7540000000000002,1.0114048869143781
885,1.7540000000000002,1.0114048869143781
886,1.7540000000000002,1.0114048869143781
887,1.7540000000000002,1.0114048869143781
888,1.7540000000000002,1.0114048869143781
889,1.7540000000000002,1.0114048869143781
890,1.7540000000000002,1.0114048869143781
891,1.7540000000000002,1.0114048869143781
892,1.7540000000000002,1.0114048869143781
893,1.7540000000000002,1.0114048869143781
894,1.7540000000000002,1.0114048869143781
895,1.7540000000000002,1.0114048869143781
896,1.7540000000000002,1.0114048869143781
897,1.7540000000000002,1.0114048869143781
898,1.7540000000000002,1.0114048869143781
899,1.7540000000000002,1.0114048869143781
900,1.7540000000000002,1.0114048869143781
901,1.7540000000000002,1.0114048869143781
902,1.7540000000000002,1.0114048869143781
903,1.7540000000000002,1.0114048869143781
904,1.7540000000000002,1.0114048869143781
905,1.7540000000000002,1.0114048869143781
906,1.7540000000000002,1.0114048869143781
907,1.7540000000000002,1.0114048869143781
908,1.7540000000000002,1.0114048869143781
909,1.7540000000000002,1.0114048869143781
910,1.7540000000000002,1.0114048869143781
911,1.7540000000000002,1.0114048869143781
912,1.7540000000000002,1.0114048869143781
913,1.7540000000000002,1.0114048869143781
914,1.7540000000000002,1.0114048869143781
915,1.7540000000000002,1.0114048869143781
916,1.7540000000000002,1.0114048869143781
917,1.7540000000000002,1.0114048869143781
918,1.7540000000000002,1.0114048869143781
919,1.7540000000000002,1.0114048869143781
920,1.7540000000000002,1.0114048869143781
921,1.7540000000000002,1.0114048869143781
922,1.7540000000000002,1.0114048869143781
923,1.7540000000000002,1.0114048869143781
924,1.7540000000000002,1.0114048869143781
925,1.7540000000000002,1.0114048869143781
926,1.7540000000000002,1.0114048869143781
927,1.7540000000000002,1.0114048869143781
928,1.7540000000000002,1.0114048869143781
929,1.7540000000000002,1.0114048869143781
930,1.7540000000000002,1.0114048869143781
931,1.7540000000000002,1.0114048869143781
932,1.7540000000000002,1.0114048869143781
933,1.7540000000000002,1.0114048869143781
934,1.7540000000000002,1.0114048869143781
935,1.7540000000000002,1.0114048869143781
936,1.7540000000000002,1.0114048869143781
937,1.7540000000000002,1.0114048869143781
938,1.7540000000000002,1.0114048869143781
939,1.7540000000000002,1.0114048869143781
940,1.7540000000000002,1.0114048869143781
941,1.7540000000000002,1.0114048869143781
942,1.7540000000000002,1.0114048869143781
943,1.7540000000000002,1.0114048869143781
944,1.7540000000000002,1.0114048869143781
945,1.7540000000000002,1.0114048869143781
946,1.7540000000000002,1.0114048869143781
947,1.7540000000000002,1.0114048869143781
948,1.7540000000000002,1.0114048869143781
949,1.7540000000000002,1.0114048869143781
950,1.7540000000000002,1.0114048869143781
951,1.7540000000000002,1.0114048869143781
952,1.7540000000000002,1.0114048869143781
953,1.7540000000000002,1.0114048869143781
954,1.7540000000000002,1.0114048869143781
955,1.7540000000000002,1.0114048869143781
956,1.7540000000000002,1.0114048869143781
957,1.7540000000000002,1.0114048869143781
958,1.7540000000000002,1.0114048869143781
959,1.7540000000000002,1.0114048869143781
960,1.7540000000000002,1.0114048869143781
961,1.7540000000000002,1.0114048869143781
962,1.7540000000000002,1.0114048869143781
963,1.7540000000000002,1.0114048869143781
964,1.7540000000000002,1.0114048869143781
965,1.7540000000000002,1.0114048869143781
966,1.7540000000000002,1.0114048869143781
967,1.7540000000000002,1.0114048869143781
968,1.7540000000000002,1.0114048869143781
969,1.7540000000000002,1.0114048869143781
970,1.7540000000000002,1.0114048869143781
971,1.7540000000000002,1.0114048869143781
972,1.7540000000000002,1.0114048869143781
973,1.7540000000000002,1.0114048869143781
974,1.7540000000000002,1.0114048869143781
975,1.7540000000000002,1.0114048869143781
976,1.7540000000000002,1.0114048869143781
977,1.7540000000000002,1.0114048869143781
978,1.7540000000000002,1.0114048869143781
979,1.7540000000000002,1.0114048869143781
980,1.7540000000000002,1.0114048869143781
981,1.7540000000000002,1.0114048869143781
982,1.7540000000000002,1.0114048869143781
983,1.7540000000000002,1.0114048869143781
984,1.7540000000000002,1.0114048869143781
985,1.7540000000000002,1.0114048869143781
986,1.7540000000000002,1.0114048869143781
987,1.7540000000000002,1.0114048869143781
988,1.7540000000000002,1.0114048869143781
989,1.7540000000000002,1.0114048869143781
990,1.7540000000000002,1.0114048869143781
991,1.7540000000000002,1.0114048869143781
992,1.7540000000000002,1.0114048869143781
993,1.7540000000000002,1.0114048869143781
994,1.7540000000000002,1.0114048869143781
995,1.7540000000000002,1.0114048869143781
996,1.7540000000000002,1.0114048869143781
997,1.7540000000000002,1.0114048869143781
998,1.7540000000000002,1.0114048869143781
999,1.7540000000000002,1.0114048869143781
1000,1.7540000000000002,1.0114048869143781
1001,1.7540000000000002,1.0114048869143781
1002,1.7540000000000002,1.0114048869143781
1003,1.7540000000000002,1.0114048869143781
1004,1.7540000000000002,1.0114048869143781
1005,1.7540000000000002,1.0114048869143781
1006,1.7540000000000002,1.0114048869143781
1007,1.7540000000000002,1.0114048869143781
1008,1.7540000000000002,1.0114048869143781
1009,1.7540000000000002,1.0114048869143781
1010,1.7540000000000002,1.0114048869143781
1011,1.7540000000000002,1.0114048869143781
1012,1.7540000000000002,1.0114048869143781
1013,1.7540000000000002,1.0114048869143781
1014,1.7540000000000002,1.0114048869143781
1015,1.7540000000000002,1.0114048869143781
1016,1.7540000000000002,1.0114048869143781
1017,1.7540000000000002,1.0114048869143781
1018,1.7540000000000002,1.0114048869143781
1019,1.7540000000000002,1.0114048869143781
1020,1.7540000000000002,1.0114048869143781
1021,1.7540000000000002,1.0114048869143781
1022,1.7540000000000002,1.0114048869143781
1023,1.7540000000000002,1.0114048869143781
1024,1.7540000000000002,1.0114048869143781
1025,1.7540000000000002,1.0114048869143781
1026,1.7540000000000002,1.0114048869143781
1027,1.7540000000000002,1.0114048869143781
1028,1.6400000000000001,1.0114048869143781
1029,1.6400000000000001,1.0114048869143781
1030,1.6400000000000001,1.0114048869143781
1031,1.6400000000000001,1.0114048869143781
1032,1.6400000000000001,1.0114048869143781
1033,1.6400000000000001,1.0114048869143781
1034,1.6400000000000001,1.0114048869143781
1035,1.6400000000000001,1.0114048869143781
1036,1.6400000000000001,1.0114048869143781
1037,1.6400000000000001,1.0114048869143781
1038,1.6400000000000001,1.0114048869143781
1039,1.6400000000000001,1.0114048869143781
1040,1.6400000000000001,1.0114048869143781
1041,1.6400000000000001,1.0114048869143781
1042,1.6400000000000001,1.0114048869143781
1043,1.6400000000000001,1.0114048869143781
1044,1.6400000000000001,1.0114048869143781
1045,1.6400000000000001,1.0114048869143781
1046,1.6400000000000001,1.0114048869143781
1047,1.6400000000000001,1.0114048869143781
1048,1.6400000000000001,1.0114048869143781
1049,1.6400000000000001,1.0114048869143781
1050,1.6400000000000001,1.0114048869143781
1051,1.6400000000000001,1.0114048869143781
1052,1.6400000000000001,1.0114048869143781
1053,1.6400000000000001,1.0114048869143781
1054,1.6400000000000001,1.0114048869143781
1055,1.6400000000000001,1.0114048869143781
1056,1.6400000000000001,1.0114048869143781
1057,1.6400000000000001,1.0114048869143781
1058,1.6400000000000001,1.0114048869143781
1059,1.6400000000000001,1.0114048869143781
1060,1.6400000000000001,1.0114048869143781
1061,1.6400000000000001,1.0114048869143781
1062,1.6400000000000001,1.0114048869143781
1063,1.6400000000000001,1.0114048869143781
1064,1.6400000000000001,1.0114048869143781
1065,1.6400000000000001,1.0114048869143781
1066,1.6400000000000001,1.0114048869143781
1067,1.6400000000000001,1.0114048869143781
1068,1.6400000000000001,1.0114048869143781
1069,1.6400000000000001,1.0114048869143781
1070,1.6400000000000001,1.0114048869143781
1071,1.6400000000000001,1.0114048869143781
1072,1.6400000000000001,1.0114048869143781
1073,1.6400000000000001,1.0114048869143781
1074,1.6400000000000001,1.0114048869143781
1075,1.6400000000000001,1.0114048869143781
1076,1.6400000000000001,1.0114048869143781
1077,1.6400000000000001,1.0114048869143781
1078,1.6400000000000001,1.0114048869143781
1079,1.6400000000000001,1.0114048869143781
1080,1.6400000000000001,1.0114048869143781
1081,1.6400000000000001,1.0114048869143781
1082,1.6400000000000001,1.0114048869143781
1083,1.6400000000000001,1.0114048869143781
1084,1.6400000000000001,1.0114048869143781
1085,1.6400000000000001,1.0114048869143781
1086,1.6400000000000001,1.0114048869143781
1087,1.6400000000000001,1.0114048869143781
1088,1.6400000000000001,1.0114048869143781
1089,1.6400000000000001,1.0114048869143781
1090,1.6400000000000001,1.0114048869143781
1091,1.6400000000000001,1.0114048869143781
1092,1.6400000000000001,1.0114048869143781
1093,1.6400000000000001,1.0114048869143781
1094,1.6400000000000001,1.0114048869143781
1095,1.6400000000000001,1.0114048869143781
1096,1.6400000000000001,1.0114048869143781
1097,1.6400000000000001,1.0114048869143781
1098,1.6400000000000001,1.0114048869143781
1099,1.6400000000000001,1.0114048869143781
1100,1.6400000000000001,1.0114048869143781
1101,1.6400000000000001,1.0114048869143781
1102,1.6400000000000001,1.0114048869143781
1103,1.6400000000000001,1.0114048869143781
1104,1.6400000000000001,1.0114048869143781
1105,1.6400000000000001,1.0114048869143781
1106,1.6400000000000001,1.0114048869143781
1107,1.6400000000000001,1.0114048869143781
1108,1.6400000000000001,1.0114048869143781
1109,1.6400000000000001,1.0114048869143781
1110,1.6400000000000001,1.0114048869143781
1111,1.6400000000000001,1.0114048869143781
1112,1.6400000000000001,1.0114048869143781
1113,1.6400000000000001,1.0114048869143781
1114,1.6400000000000001,1.0114048869143781
1115,1.6400000000000001,1.0114048869143781
1116,1.6400000000000001,1.0114048869143781
1117,1.6400000000000001,1.0114048869143781
1118,1.6400000000000001,1.0114048869143781
1119,1.6400000000000001,1.0114048869143781
1120,1.6400000000000001,1.0114048869143781
1121,1.6400000000000001,1.0114048869143781
1122,1.6400000000000001,1.0114048869143781
1123,1.6400000000000001,1.0114048869143781
1124,1.6400000000000001,1.0114048869143781
1125,1.6400000000000001,1.0114048869143781
1126,1.6400000000000001,1.0114048869143781
1127,1.6400000000000001,1.0114048869143781
1128,1.6400000000000001,1.0114048869143781
1129,1.6400000000000001,1.0114048869143781
1130,1.6400000000000001,1.0114048869143781
1131,1.6400000000000001,1.0114048869143781
1132,1.6400000000000001,1.0114048869143781
1133,1.6400000000000001,1.0114048869143781
1134,1.6400000000000001,1.0114048869143781
1135,1.6400000000000001,1.0114048869143781
1136,1.6400000000000001,1.0114048869143781
1137,1.6400000000000001,1.0114048869143781
1138,1.6400000000000001,1.0114048869143781
1139,1.6400000000000001,1.0114048869143781
1140,1.6400000000000001,1.0114048869143781
1141,1.6400000000000001,1.0114048869143781
1142,1.6400000000000001,1.0114048869143781
1143,1.6400000000000001,1.0114048869143781
1144,1.6400000000000001,1.0114048869143781
1145,1.6400000000000001,1.0114048869143781
1146,1.6400000000000001,1.0114048869143781
1147,1.6400000000000001,1.0114048869143781
1148,1.6400000000000001,1.0114048869143781
1149,1.6400000000000001,1.0114048869143781
1150,1.6400000000000001,1.0114048869143781
1151,1.6400000000000001,1.0114048869143781
1152,1.6400000000000001,1.0114048869143781
1153,1.6400000000000001,1.0114048869143781
1154,1.6400000000000001,1.0114048869143781
1155,1.6400000000000001,1.0114048869143781
1156,1.6400000000000001,1.0114048869143781
1157,1.6400000000000001,1.0114048869143781
1158,1.6400000000000001,1.0114048869143781
1159,1.6400000000000001,1.0114048869143781
1160,1.6400000000000001,1.0114048869143781
1161,1.6400000000000001,1.0114048869143781
1162,1.6400000000000001,1.0114048869143781
1163,1.6400000000000001,1.0114048869143781
1164,1.6400000000000001,1.0114048869143781
1165,1.6400000000000001,1.0114048869143781
1166,1.6400000000000001,1.0114048869143781
1167,1.6400000000000001,1.0114048869143781
1168,1.6400000000000001,1.0114048869143781
1169,1.6400000000000001,1.0114048869143781
1170,1.6400000000000001,1.0114048869143781
1171,1.6400000000000001,1.0114048869143781
1172,1.6400000000000001,1.0114048869143781
1173,1.6400000000000001,1.0114048869143781
1174,1.6400000000000001,1.0114048869143781
1175,1.6400000000000001,1.0114048869143781
1176,1.6400000000000001,1.0114048869143781
1177,1.6400000000000001,1.0114048869143781
1178,1.6400000000000001,1.0114048869143781
1179,1.6400000000000001,1.0114048869143781
1180,1.6400000000000001,1.0114048869143781
1181,1.6400000000000001,1.0114048869143781
1182,1.6400000000000001,1.0114048869143781
1183,1.6400000000000001,1.0114048869143781
1184,1.6400000000000001,1.0114048869143781
1185,1.6400000000000001,1.0114048869143781
1186,1.6400000000000001,1.0114048869143781
1187,1.6400000000000001,1.0114048869143781
1188,1.6400000000000001,1.0114048869143781
1189,1.6400000000000001,1.0114048869143781
1190,1.6400000000000001,1.0114048869143781
1191,1.6400000000000001,1.0114048869143781
1192,1.6400000000000001,1.0114048869143781
1193,1.6400000000000001,1.0114048869143781
1194,1.6400000000000001,1.0114048869143781
1195,1.6400000000000001,1.0114048869143781
1196,1.6400000000000001,1.0114048869143781
1197,1.6400000000000001,1.0114048869143781
1198,1.6400000000000001,1.0114048869143781
1199,1.6400000000000001,1.0114048869143781
1200,1.6400000000000001,1.0114048869143781
1201,1.6400000000000001,1.0114048869143781
1202,1.6400000000000001,1.0114048869143781
1203,1.6400000000000001,1.0114048869143781
1204,1.6400000000000001,1.0114048869143781
1205,1.6400000000000001,1.0114048869143781
1206,1.6400000000000001,1.0114048869143781
1207,1.6400000000000001,1.0114048869143781
1208,1.6400000000000001,1.0114048869143781
1209,1.6400000000000001,1.0114048869143781
1210,1.6400000000000001,1.0114048869143781
1211,1.6400000000000001,1.0114048869143781
1212,1.6400000000000001,1.0114048869143781
1213,1.6400000000000001,1.0114048869143781
1214,1.6400000000000001,1.0114048869143781
1215,1.6400000000000001,1.0114048869143781
1216,1.6400000000000001,1.0114048869143781
1217,1.6400000000000001,1.0114048869143781
1218,1.6400000000000001,1.0114048869143781
1219,1.6400000000000001,1.0114048869143781
1220,1.6400000000000001,1.0114048869143781
1221,1.6400000000000001,1.0114048869143781
1222,1.6400000000000001,1.0114048869143781
1223,1.6400000000000001,1.0114048869143781
1224,1.6400000000000001,1.0114048869143781
1225,1.6400000000000001,1.0114048869143781
1226,1.6400000000000001,1.0114048869143781
1227,1.6400000000000001,1.0114048869143781
1228,1.6400000000000001,1.0114048869143781
1229,1.6400000000000001,1.0114048869143781
1230,1.6400000000000001,1.0114048869143781
1231,1.6400000000000001,1.0114048869143781
1232,1.6400000000000001,1.0114048869143781
1233,1.6400000000000001,1.0114048869143781
1234,1.6400000000000001,1.0114048869143781
1235,1.6400000000000001,1.0114048869143781
1236,1.6400000000000001,1.0114048869143781
1237,1.6400000000000001,1.0114048869143781
1238,1.6400000000000001,1.0114048869143781
1239,1.6400000000000001,1.0114048869143781
1240,1.6400000000000001,1.0114048869143781
1241,1.6400000000000001,1.0114048869143781
1242,1.6400000000000001,1.0114048869143781
1243,1.6400000000000001,1.0114048869143781
1244,1.6400000000000001,1.0114048869143781
1245,1.6400000000000001,1.0114048869143781
1246,1.6400000000000001,1.0114048869143781
1247,1.6400000000000001,1.0114048869143781
1248,1.6400000000000001,1.0114048869143781
1249,1.6400000000000001,1.0114048869143781
1250,1.6400000000000001,1.0114048869143781
1251,1.6400000000000001,1.0114048869143781
1252,1.6400000000000001,1.0114048869143781
1253,1.6400000000000001,1.0114048869143781
1254,1.6400000000000001,1.0114048869143781
1255,1.6400000000000001,1.0114048869143781
1256,1.6400000000000001,1.0114048869143781
1257,1.6400000000000001,1.0114048869143781
1258,1.6400000000000001,1.0114048869143781
1259,1.6400000000000001,1.0114048869143781
1260,1.6400000000000001,1.0114048869143781
1261,1.6400000000000001,1.0114048869143781
1262,1.6400000000000001,1.0114048869143781
1263,1.6400000000000001,1.0114048869143781
1264,1.6400000000000001,1.0114048869143781
1265,1.6400000000000001,1.0114048869143781
1266,1.6400000000000001,1.0114048869143781
1267,1.6400000000000001,1.0114048869143781
1268,1.6400000000000001,1.0114048869143781
1269,1.6400000000000001,1.0114048869143781
1270,1.6400000000000001,1.0114048869143781
1271,1.6400000000000001,1.0114048869143781
1272,1.6400000000000001,1.0114048869143781
1273,1.6400000000000001,1.0114048869143781
1274,1.6400000000000001,1.0114048869143781
1275,1.6400000000000001,1.0114048869143781
1276,1.6400000000000001,1.0114048869143781
1277,1.6400000000000001,1.0114048869143781
1278,1.6400000000000001,1.0114048869143781
1279,1.6400000000000001,1.0114048869143781
1280,1.6400000000000001,1.0114048869143781
1281,1.6400000000000001,1.0114048869143781
1282,1.6400000000000001,1.0114048869143781
1283,1.6400000000000001,1.0114048869143781
1284,1.6400000000000001,1.0114048869143781
1285,1.6400000000000001,1.0114048869143781
1286,1.6400000000000001,1.0114048869143781
1287,1.6400000000000001,1.0114048869143781
1288,1.6400000000000001,1.0114048869143781
1289,1.6400000000000001,1.0114048869143781
1290,1.6400000000000001,1.0114048869143781
1291,1.6400000000000001,1.0114048869143781
1292,1.6400000000000001,1.0114048869143781
1293,1.6400000000000001,1.0114048869143781
1294,1.6400000000000001,1.0114048869143781
1295,1.6400000000000001,1.0114048869143781
1296,1.6400000000000001,1.0114048869143781
1297,1.6400000000000001,1.0114048869143781
1298,1.6400000000000001,1.0114048869143781
1299,1.6400000000000001,1.0114048869143781
1300,1.6400000000000001,1.0114048869143781
1301,1.6400000000000001,1.0114048869143781
1302,1.6400000000000001,1.0114048869143781
1303,1.6400000000000001,1.0114048869143781
1304,1.6400000000000001,1.0114048869143781
1305,1.6400000000000001,1.0114048869143781
1306,1.6400000000000001,1.0114048869143781
1307,1.6400000000000001,1.0114048869143781
1308,1.6400000000000001,1.0114048869143781
1309,1.6400000000000001,1.0114048869143781
1310,1.6400000000000001,1.0114048869143781
1311,1.6400000000000001,1.0114048869143781
1312,1.6400000000000001,1.0114048869143781
1313,1.6400000000000001,1.0114048869143781
1314,1.6400000000000001,1.0114048869143781
1315,1.6400000000000001,1.0114048869143781
1316,1.6400000000000001,1.0114048869143781
1317,1.6400000000000001,1.0114048869143781
1318,1.6400000000000001,1.0114048869143781
1319,1.6400000000000001,1.0114048869143781
1320,1.6400000000000001,1.0114048869143781
1321,1.6400000000000001,1.0114048869143781
1322,1.6400000000000001,1.0114048869143781
1323,1.6400000000000001,1.0114048869143781
1324,1.6400000000000001,1.0114048869143781
1325,1.6400000000000001,1.0114048869143781
1326,1.6400000000000001,1.0114048869143781
1327,1.6400000000000001,1.0114048869143781
1328,1.6400000000000001,1.0114048869143781
1329,1.6400000000000001,1.0114048869143781
1330,1.6400000000000001,1.0114048869143781
1331,1.6400000000000001,1.0114048869143781
1332,1.6400000000000001,1.0114048869143781
1333,1.6400000000000001,1.0114048869143781
1334,1.6400000000000001,1.0114048869143781
1335,1.6400000000000001,1.0114048869143781
1336,1.6400000000000001,1.0114048869143781
1337,1.6400000000000001,1.0114048869143781
1338,1.6400000000000001,1.0114048869143781
1339,1.6400000000000001,1.0114048869143781
1340,1.6400000000000001,1.0114048869143781
1341,1.6400000000000001,1.0114048869143781
1342,1.6400000000000001,1.0114048869143781
1343,1.6400000000000001,1.0114048869143781
1344,1.6400000000000001,1.0114048869143781
1345,1.6400000000000001,1.0114048869143781
1346,1.6400000000000001,1.0114048869143781
1347,1.6400000000000001,1.0114048869143781
1348,1.6400000000000001,1.0114048869143781
1349,1.6400000000000001,1.0114048869143781
1350,1.6400000000000001,1.0114048869143781
1351,1.6400000000000001,1.0114048869143781
1352,1.6400000000000001,1.0114048869143781
1353,1.6400000000000001,1.0114048869143781
1354,1.6400000000000001,1.0114048869143781
1355,1.6400000000000001,1.0114048869143781
1356,1.6400000000000001,1.0114048869143781
1357,1.6400000000000001,1.0114048869143781
1358,1.6400000000000001,1.0114048869143781
1359,1.6400000000000001,1.0114048869143781
1360,1.6400000000000001,1.0114048869143781
1361,1.6400000000000001,1.0114048869143781
1362,1.6400000000000001,1.0114048869143781
1363,1.6400000000000001,1.0114048869143781
1364,1.6400000000000001,1.0114048869143781
1365,1.6400000000000001,1.0114048869143781
1366,1.6400000000000001,1.0114048869143781
1367,1.6400000000000001,1.0114048869143781
1368,1.6400000000000001,1.0114048869143781
1369,1.6400000000000001,1.0114048869143781
1370,1.6400000000000001,1.0114048869143781
1371,1.6400000000000001,1.0114048869143781
1372,1.6400000000000001,1.0114048869143781
1373,1.6400000000000001,1.0114048869143781
1374,1.6400000000000001,1.0114048869143781
1375,1.6400000000000001,1.0114048869143781
1376,1.6400000000000001,1.0114048869143781
1377,1.6400000000000001,1.0114048869143781
1378,1.6400000000000001,1.0114048869143781
1379,1.6400000000000001,1.0114048869143781
1380,1.6400000000000001,1.0114048869143781
1381,1.6400000000000001,1.0114048869143781
1382,1.6400000000000001,1.0114048869143781
1383,1.6400000000000001,1.0114048869143781
1384,1.6400000000000001,1.0114048869143781
1385,1.6400000000000001,1.0114048869143781
1386,1.6400000000000001,1.0114048869143781
1387,1.6400000000000001,1.0114048869143781
1388,1.6400000000000001,1.0114048869143781
1389,1.6400000000000001,1.0114048869143781
1390,1.6400000000000001,1.0114048869143781
1391,1.6400000000000001,1.0114048869143781
1392,1.6400000000000001,1.0114048869143781
1393,1.6400000000000001,1.0114048869143781
1394,1.6400000000000001,1.0114048869143781
1395,1.6400000000000001,1.0114048869143781
1396,1.6400000000000001,1.0114048869143781
1397,1.6400000000000001,1.0114048869143781
1398,1.6400000000000001,1.0114048869143781
1399,1.6400000000000001,1.0114048869143781
1400,1.6400000000000001,1.0114048869143781
1401,1.6400000000000001,1.0114048869143781
1402,1.6400000000000001,1.0114048869143781
1403,1.6400000000000001,1.0114048869143781
1404,1.6400000000000001,1.0114048869143781
1405,1.6400000000000001,1.0114048869143781
1406,1.6400000000000001,1.0114048869143781
1407,1.6400000000000001,1.0114048869143781
1408,1.6400000000000001,1.0114048869143781
1409,1.6400000000000001,1.0114048869143781
1410,1.6400000000000001,1.0114048869143781
1411,1.6400000000000001,1.0114048869143781
1412,1.6400000000000001,1.0114048869143781
1413,1.6400000000000001,1.0114048869143781
1414,1.6400000000000001,1.0114048869143781
1415,1.6400000000000001,1.0114048869143781
1416,1.6400000000000001,1.0114048869143781
1417,1.6400000000000001,1.0114048869143781
1418,1.6400000000000001,1.0114048869143781
1419,1.6400000000000001,1.0114048869143781
1420,1.6400000000000001,1.0114048869143781
1421,1.6400000000000001,1.0114048869143781
1422,1.6400000000000001,1.0114048869143781
1423,1.6400000000000001,1.0114048869143781
1424,1.6400000000000001,1.0114048869143781
1425,1.6400000000000001,1.0114048869143781
1426,1.6400000000000001,1.0114048869143781
1427,1.6400000000000001,1.0114048869143781
1428,1.6400000000000001,1.0114048869143781
1429,1.6400000000000001,1.0114048869143781
1430,1.6400000000000001,1.0114048869143781
1431,1.6400000000000001,1.0114048869143781
1432,1.6400000000000001,1.0114048869143781
1433,1.6400000000000001,1.0114048869143781
1434,1.6400000000000001,1.0114048869143781
1435,1.6400000000000001,1.0114048869143781
1436,1.6400000000000001,1.0114048869143781
1437,1.6400000000000001,1.0114048869143781
1438,1.6400000000000001,1.0114048869143781
1439,1.6400000000000001,1.0114048869143781
1440,1.6400000000000001,1.0114048869143781
1441,1.6400000000000001,1.0114048869143781
1442,1.6400000000000001,1.0114048869143781
1443,1.6400000000000001,1.0114048869143781
1444,1.6400000000000001,1.0114048869143781
1445,1.6400000000000001,1.0114048869143781
1446,1.6400000000000001,1.0114048869143781
1447,1.6400000000000001,1.0114048869143781
1448,1.6400000000000001,1.0114048869143781
1449,1.6400000000000001,1.0114048869143781
1450,1.6400000000000001,1.0114048869143781
1451,1.6400000000000001,1.0114048869143781
1452,1.6400000000000001,1.0114048869143781
1453,1.6400000000000001,1.0114048869143781
1454,1.6400000000000001,1.0114048869143781
1455,1.6400000000000001,1.0114048869143781
1456,1.6400000000000001,1.0114048869143781
1457,1.6400000000000001,1.0114048869143781
1458,1.6400000000000001,1.0114048869143781
1459,1.6400000000000001,1.0114048869143781
1460,1.6400000000000001,1.0114048869143781
1461,1.6400000000000001,1.0114048869143781
1462,1.6400000000000001,1.0114048869143781
1463,1.6400000000000001,1.0114048869143781
1464,1.6400000000000001,1.0114048869143781
1465,1.6400000000000001,1.0114048869143781
1466,1.6400000000000001,1.0114048869143781
1467,1.6400000000000001,1.0114048869143781
1468,1.6400000000000001,1.0114048869143781
1469,1.6400000000000001,1.0114048869143781
1470,1.6400000000000001,1.0114048869143781
1471,1.6400000000000001,1.0114048869143781
1472,1.6400000000000001,1.0114048869143781
1473,1.6400000000000001,1.0114048869143781
1474,1.6400000000000001,1.0114048869143781
1475,1.6400000000000001,1.0114048869143781
1476,1.6400000000000001,1.0114048869143781
1477,1.6400000000000001,1.0114048869143781
1478,1.6400000000000001,1.0114048869143781
1479,1.6400000000000001,1.0114048869143781
1480,1.6400000000000001,1.0114048869143781
1481,1.6400000000000001,1.0114048869143781
1482,1.6400000000000001,1.0114048869143781
1483,1.6400000000000001,1.0114048869143781
1484,1.6400000000000001,1.0114048869143781
1485,1.6400000000000001,1.0114048869143781
1486,1.6400000000000001,1.0114048869143781
1487,1.6400000000000001,1.0114048869143781
1488,1.6400000000000001,1.0114048869143781
1489,1.6400000000000001,1.0114048869143781
1490,1.6400000000000001,1.0114048869143781
1491,1.6400000000000001,1.0114048869143781
1492,1.6400000000000001,1.0114048869143781
1493,1.6400000000000001,1.0114048869143781
1494,1.6400000000000001,1.0114048869143781
1495,1.6400000000000001,1.0114048869143781
1496,1.6400000000000001,1.0114048869143781
1497,1.6400000000000001,1.0114048869143781
1498,1.6400000000000001,1.0114048869143781
1499,1.6400000000000001,1.0114048869143781
1500,1.6400000000000001,1.0114048869143781
1501,1.6400000000000001,1.0114048869143781
1502,1.6400000000000001,1.0114048869143781
1503,1.6400000000000001,1.0114048869143781
1504,1.6400000000000001,1.0114048869143781
1505,1.6400000000000001,1.0114048869143781
1506,1.6400000000000001,1.0114048869143781
1507,1.6400000000000001,1.0114048869143781
1508,1.6400000000000001,1.0114048869143781
1509,1.6400000000000001,1.0114048869143781
1510,1.6400000000000001,1.0114048869143781
1511,1.6400000000000001,1.0114048869143781
1512,1.6400000000000001,1.0114048869143781
1513,1.6400000000000001,1.0114048869143781
1514,1.6400000000000001,1.0114048869143781
1515,1.6400000000000001,1.0114048869143781
1516,1.6400000000000001,1.0114048869143781
1517,1.6400000000000001,1.0114048869143781
1518,1.6400000000000001,1.0114048869143781
1519,1.6400000000000001,1.0114048869143781
1520,1.6400000000000001,1.0114048869143781
1521,1.6400000000000001,1.0114048869143781
1522,1.6400000000000001,1.0114048869143781
1523,1.6400000000000001,1.0114048869143781
1524,1.6400000000000001,1.0114048869143781
1525,1.6400000000000001,1.0114048869143781
1526,1.6400000000000001,1.0114048869143781
1527,1.6400000000000001,1.0114048869143781
1528,1.6400000000000001,1.0114048869143781
1529,1.6400000000000001,1.0114048869143781
1530,1.6400000000000001,1.0114048869143781
1531,1.6400000000000001,1.0114048869143781
1532,1.6400000000000001,1.0114048869143781
1533,1.6400000000000001,1.0114048869143781
1534,1.6400000000000001,1.0114048869143781
1535,1.6400000000000001,1.0114048869143781
1536,1.6400000000000001,1.0114048869143781
1537,1.6400000000000001,1.0114048869143781
1538,1.6400000000000001,1.0114048869143781
1539,1.6400000000000001,1.0114048869143781
1540,1.6400000000000001,1.0114048869143781
1541,1.6400000000000001,1.0114048869143781
1542,1.6400000000000001,1.0114048869143781
1543,1.6400000000000001,1.0114048869143781
1544,1.6400000000000001,1.0114048869143781
1545,1.6400000000000001,1.0114048869143781
1546,1.6400000000000001,1.0114048869143781
1547,1.6400000000000001,1.0114048869143781
1548,1.6400000000000001,1.0114048869143781
1549,1.6400000000000001,1.0114048869143781
1550,1.6400000000000001,1.0114048869143781
1551,1.6400000000000001,1.0114048869143781
1552,1.6400000000000001,1.0114048869143781
1553,1.6400000000000001,1.0114048869143781
1554,1.6400000000000001,1.0114048869143781
1555,1.6400000000000001,1.0114048869143781
1556,1.6400000000000001,1.0114048869143781
1557,1.6400000000000001,1.0114048869143781
1558,1.6400000000000001,1.0114048869143781
1559,1.6400000000000001,1.0114048869143781
1560,1.6400000000000001,1.0114048869143781
1561,1.6400000000000001,1.0114048869143781
1562,1.6400000000000001,1.0114048869143781
1563,1.6400000000000001,1.0114048869143781
1564,1.6400000000000001,1.0114048869143781
1565,1.6400000000000001,1.0114048869143781
1566,1.6400000000000001,1.0114048869143781
1567,1.6400000000000001,1.0114048869143781
1568,1.6400000000000001,1.0114048869143781
1569,1.6400000000000001,1.0114048869143781
1570,1.6400000000000001,1.0114048869143781
1571,1.6400000000000001,1.0114048869143781
1572,1.6400000000000001,1.0114048869143781
1573,1.6400000000000001,1.0114048869143781
1574,1.6400000000000001,1.0114048869143781
1575,1.6400000000000001,1.0114048869143781
1576,1.6400000000000001,1.0114048869143781
1577,1.6400000000000001,1.0114048869143781
1578,1.6400000000000001,1.0114048869143781
1579,1.6400000000000001,1.0114048869143781
1580,1.6400000000000001,1.0114048869143781
1581,1.6400000000000001,1.0114048869143781
1582,1.6400000000000001,1.0114048869143781
1583,1.6400000000000001,1.0114048869143781
1584,1.6400000000000001,1.0114048869143781
1585,1.6400000000000001,1.0114048869143781
1586,1.6400000000000001,1.0114048869143781
1587,1.6400000000000001,1.0114048869143781
1588,1.6400000000000001,1.0114048869143781
1589,1.6400000000000001,1.0114048869143781
1590,1.6400000000000001,1.0114048869143781
1591,1.6400000000000001,1.0114048869143781
1592,1.6400000000000001,1.0114048869143781
1593,1.6400000000000001,1.0114048869143781
1594,1.6400000000000001,1.0114048869143781
1595,1.6400000000000001,1.0114048869143781
1596,1.6400000000000001,1.0114048869143781
1597,1.6400000000000001,1.0114048869143781
1598,1.6400000000000001,1.0114048869143781
1599,1.6400000000000001,1.0114048869143781
1600,1.6400000000000001,1.0114048869143781
1601,1.6400000000000001,1.0114048869143781
1602,1.6400000000000001,1.0114048869143781
1603,1.6400000000000001,1.0114048869143781
1604,1.6400000000000001,1.0114048869143781
1605,1.6400000000000001,1.0114048869143781
1606,1.6400000000000001,1.0114048869143781
1607,1.6400000000000001,1.0114048869143781
1608,1.6400000000000001,1.0114048869143781
1609,1.6400000000000001,1.0114048869143781
1610,1.6400000000000001,1.0114048869143781
1611,1.6400000000000001,1.0114048869143781
1612,1.6400000000000001,1.0114048869143781
1613,1.6400000000000001,1.0114048869143781
1614,1.6400000000000001,1.0114048869143781
1615,1.6400000000000001,1.0114048869143781
1616,1.6400000000000001,1.0114048869143781
1617,1.6400000000000001,1.0114048869143781
1618,1.6400000000000001,1.0114048869143781
1619,1.6400000000000001,1.0114048869143781
1620,1.6400000000000001,1.0114048869143781
1621,1.6400000000000001,1.0114048869143781
1622,1.6400000000000001,1.0114048869143781
1623,1.6400000000000001,1.0114048869143781
1624,1.6400000000000001,1.0114048869143781
1625,1.6400000000000001,1.0114048869143781
1626,1.6400000000000001,1.0114048869143781
1627,1.6400000000000001,1.0114048869143781
1628,1.6400000000000001,1.0114048869143781
1629,1.6400000000000001,1.0114048869143781
1630,1.6400000000000001,1.0114048869143781
1631,1.6400000000000001,1.0114048869143781
1632,1.6400000000000001,1.0114048869143781
1633,1.6400000000000001,1.0114048869143781
1634,1.6400000000000001,1.0114048869143781
1635,1.6400000000000001,1.0114048869143781
1636,1.6400000000000001,1.0114048869143781
1637,1.6400000000000001,1.0114048869143781
1638,1.6400000000000001,1.0114048869143781
1639,1.6400000000000001,1.0114048869143781
1640,1.6400000000000001,1.0114048869143781
1641,1.6400000000000001,1.0114048869143781
1642,1.6400000000000001,1.0114048869143781
1643,1.6400000000000001,1.0114048869143781
1644,1.6400000000000001,1.0114048869143781
1645,1.6400000000000001,1.0114048869143781
1646,1.6400000000000001,1.0114048869143781
1647,1.6400000000000001,1.0114048869143781
1648,1.6400000000000001,1.0114048869143781
1649,1.6400000000000001,1.0114048869143781
1650,1.6400000000000001,1.0114048869143781
1651,1.6400000000000001,1.0114048869143781
1652,1.6400000000000001,1.0114048869143781
1653,1.6400000000000001,1.0114048869143781
1654,1.6400000000000001,1.0114048869143781
1655,1.6400000000000001,1.0114048869143781
1656,1.6400000000000001,1.0114048869143781
1657,1.6400000000000001,1.0114048869143781
1658,1.6400000000000001,1.0114048869143781
1659,1.6400000000000001,1.0114048869143781
1660,1.6400000000000001,1.0114048869143781
1661,1.6400000000000001,1.0114048869143781
1662,1.6400000000000001,1.0114048869143781
1663,1.6400000000000001,1.0114048869143781
1664,1.6400000000000001,1.0114048869143781
1665,1.6400000000000001,1.0114048869143781
1666,1.6400000000000001,1.0114048869143781
1667,1.6400000000000001,1.0114048869143781
1668,1.6400000000000001,1.0114048869143781
1669,1.6400000000000001,1.0114048869143781
1670,1.6400000000000001,1.0114048869143781
1671,1.6400000000000001,1.0114048869143781
1672,1.6400000000000001,1.0114048869143781
1673,1.6400000000000001,1.0114048869143781
1674,1.6400000000000001,1.0114048869143781
1675,1.6400000000000001,1.0114048869143781
1676,1.6400000000000001,1.0114048869143781
1677,1.6400000000000001,1.0114048869143781
1678,1.6400000000000001,1.0114048869143781
1679,1.6400000000000001,1.0114048869143781
1680,1.6400000000000001,1.0114048869143781
1681,1.6400000000000001,1.0114048869143781
1682,1.6400000000000001,1.0114048869143781
1683,1.6400000000000001,1.0114048869143781
1684,1.6400000000000001,1.0114048869143781
1685,1.6400000000000001,1.0114048869143781
1686,1.6400000000000001,1.0114048869143781
1687,1.6190000000000002,1.0114048869143781
1688,1.5050000000000001,1.0114048869143781
1689,1.5050000000000001,1.0114048869143781
1690,1.5050000000000001,1.0114048869143781
1691,1.5050000000000001,1.0114048869143781
1692,1.5050000000000001,1.0114048869143781
1693,1.5050000000000001,1.0114048869143781
1694,1.5050000000000001,1.0114048869143781
1695,1.5050000000000001,1.0114048869143781
1696,1.5050000000000001,1.0114048869143781
1697,1.5050000000000001,1.0114048869143781
1698,1.5050000000000001,1.0114048869143781
1699,1.5050000000000001,1.0114048869143781
1700,1.5050000000000001,1.0114048869143781
1701,1.5050000000000001,1.0114048869143781
1702,1.5050000000000001,1.0114048869143781
1703,1.5050000000000001,1.0114048869143781
1704,1.5050000000000001,1.0114048869143781
1705,1.5050000000000001,1.0114048869143781
1706,1.5050000000000001,1.0114048869143781
1707,1.5050000000000001,1.0114048869143781
1708,1.5050000000000001,1.0114048869143781
1709,1.5050000000000001,1.0114048869143781
1710,1.5050000000000001,1.0114048869143781
1711,1.5050000000000001,1.0114048869143781
1712,1.5050000000000001,1.0114048869143781
1713,1.5050000000000001,1.0114048869143781
1714,1.5050000000000001,1.0114048869143781
1715,1.5050000000000001,1.0114048869143781
1716,1.5050000000000001,1.0114048869143781
1717,1.5050000000000001,1.0114048869143781
1718,1.5050000000000001,1.0114048869143781
1719,1.5050000000000001,1.0114048869143781
1720,1.5050000000000001,1.0114048869143781
1721,1.5050000000000001,1.0114048869143781
1722,1.5050000000000001,1.0114048869143781
1723,1.5050000000000001,1.0114048869143781
1724,1.5050000000000001,1.0114048869143781
1725,1.5050000000000001,1.0114048869143781
1726,1.5050000000000001,1.0114048869143781
1727,1.5050000000000001,1.0114048869143781
1728,1.5050000000000001,1.0114048869143781
1729,1.5050000000000001,1.0114048869143781
1730,1.5050000000000001,1.0114048869143781
1731,1.5050000000000001,1.0114048869143781
1732,1.5050000000000001,1.0114048869143781
1733,1.5050000000000001,1.0114048869143781
1734,1.5050000000000001,1.0114048869143781
1735,1.5050000000000001,1.0114048869143781
1736,1.5050000000000001,1.0114048869143781
1737,1.5050000000000001,1.0114048869143781
1738,1.5050000000000001,1.0114048869143781
1739,1.5050000000000001,1.0114048869143781
1740,1.5050000000000001,1.0114048869143781
1741,1.5050000000000001,1.0114048869143781
1742,1.5050000000000001,1.0114048869143781
1743,1.5050000000000001,1.0114048869143781
1744,1.5050000000000001,1.0114048869143781
1745,1.5050000000000001,1.0114048869143781
1746,1.5050000000000001,1.0114048869143781
1747,1.5050000000000001,1.0114048869143781
1748,1.5050000000000001,1.0114048869143781
1749,1.5050000000000001,1.0114048869143781
1750,1.5050000000000001,1.0114048869143781
1751,1.5050000000000001,1.0114048869143781
1752,1.5050000000000001,1.0114048869143781
1753,1.5050000000000001,1.0114048869143781
1754,1.5050000000000001,1.0114048869143781
1755,1.5050000000000001,1.0114048869143781
1756,1.5050000000000001,1.0114048869143781
1757,1.5050000000000001,1.0114048869143781
1758,1.5050000000000001,1.0114048869143781
1759,1.5050000000000001,1.0114048869143781
1760,1.5050000000000001,1.0114048869143781
1761,1.5050000000000001,1.0114048869143781
1762,1.5050000000000001,1.0114048869143781
1763,1.5050000000000001,1.0114048869143781
1764,1.5050000000000001,1.0114048869143781
1765,1.5050000000000001,1.0114048869143781
1766,1.5050000000000001,1.0114048869143781
1767,1.5050000000000001,1.0114048869143781
1768,1.5050000000000001,1.0114048869143781
1769,1.5050000000000001,1.0114048869143781
1770,1.5050000000000001,1.0114048869143781
1771,1.5050000000000001,1.0114048869143781
1772,1.5050000000000001,1.0114048869143781
1773,1.5050000000000001,1.0114048869143781
1774,1.5050000000000001,1.0114048869143781
1775,1.5050000000000001,1.0114048869143781
1776,1.5050000000000001,1.0114048869143781
1777,1.5050000000000001,1.0114048869143781
1778,1.5050000000000001,1.0114048869143781
1779,1.5050000000000001,1.0114048869143781
1780,1.5050000000000001,1.0114048869143781
1781,1.5050000000000001,1.0114048869143781
1782,1.5050000000000001,1.0114048869143781
1783,1.5050000000000001,1.0114048869143781
1784,1.5050000000000001,1.0114048869143781
1785,1.5050000000000001,1.0114048869143781
1786,1.5050000000000001,1.0114048869143781
1787,1.5050000000000001,1.0114048869143781
1788,1.5050000000000001,1.0114048869143781
1789,1.5050000000000001,1.0114048869143781
1790,1.5050000000000001,1.0114048869143781
1791,1.5050000000000001,1.0114048869143781
1792,1.5050000000000001,1.0114048869143781
1793,1.5050000000000001,1.0114048869143781
1794,1.5050000000000001,1.0114048869143781
1795,1.5050000000000001,1.0114048869143781
1796,1.5050000000000001,1.0114048869143781
1797,1.5050000000000001,1.0114048869143781
1798,1.5050000000000001,1.0114048869143781
1799,1.5050000000000001,1.0114048869143781
1800,1.5050000000000001,1.0114048869143781
1801,1.5050000000000001,1.0114048869143781
1802,1.5050000000000001,1.0114048869143781
1803,1.5050000000000001,1.0114048869143781
1804,1.5050000000000001,1.0114048869143781
1805,1.5050000000000001,1.0114048869143781
1806,1.5050000000000001,1.0114048869143781
1807,1.5050000000000001,1.0114048869143781
1808,1.5050000000000001,1.0114048869143781
1809,1.5050000000000001,1.0114048869143781
1810,1.5050000000000001,1.0114048869143781
1811,1.5050000000000001,1.0114048869143781
1812,1.5050000000000001,1.0114048869143781
1813,1.5050000000000001,1.0114048869143781
1814,1.5050000000000001,1.0114048869143781
1815,1.5050000000000001,1.0114048869143781
1816,1.5050000000000001,1.0114048869143781
1817,1.5050000000000001,1.0114048869143781
1818,1.5050000000000001,1.0114048869143781
1819,1.5050000000000001,1.0114048869143781
1820,1.5050000000000001,1.0114048869143781
1821,1.5050000000000001,1.0114048869143781
1822,1.5050000000000001,1.0114048869143781
1823,1.5050000000000001,1.0114048869143781
1824,1.5050000000000001,1.0114048869143781
1825,1.5050000000000001,1.0114048869143781
1826,1.5050000000000001,1.0114048869143781
1827,1.5050000000000001,1.0114048869143781
1828,1.5050000000000001,1.0114048869143781
1829,1.5050000000000001,1.0114048869143781
1830,1.5050000000000001,1.0114048869143781
1831,1.5050000000000001,1.0114048869143781
1832,1.5050000000000001,1.0114048869143781
1833,1.5050000000000001,1.0114048869143781
1834,1.5050000000000001,1.0114048869143781
1835,1.5050000000000001,1.0114048869143781
1836,1.5050000000000001,1.0114048869143781
1837,1.5050000000000001,1.0114048869143781
1838,1.5050000000000001,1.0114048869143781
1839,1.5050000000000001,1.0114048869143781
1840,1.5050000000000001,1.0114048869143781
1841,1.5050000000000001,1.0114048869143781
1842,1.5050000000000001,1.0114048869143781
1843,1.5050000000000001,1.0114048869143781
1844,1.5050000000000001,1.0114048869143781
1845,1.5050000000000001,1.0114048869143781
1846,1.5050000000000001,1.0114048869143781
1847,1.5050000000000001,1.0114048869143781
1848,1.5050000000000001,1.0114048869143781
1849,1.5050000000000001,1.0114048869143781
1850,1.5050000000000001,1.0114048869143781
1851,1.5050000000000001,1.0114048869143781
1852,1.5050000000000001,1.0114048869143781
1853,1.5050000000000001,1.0114048869143781
1854,1.5050000000000001,1.0114048869143781
1855,1.5050000000000001,1.0114048869143781
1856,1.5050000000000001,1.0114048869143781
1857,1.5050000000000001,1.0114048869143781
1858,1.5050000000000001,1.0114048869143781
1859,1.5050000000000001,1.0114048869143781
1860,1.5050000000000001,1.0114048869143781
1861,1.5050000000000001,1.0114048869143781
1862,1.5050000000000001,1.0114048869143781
1863,1.5050000000000001,1.0114048869143781
1864,1.5050000000000001,1.0114048869143781
1865,1.5050000000000001,1.0114048869143781
1866,1.5050000000000001,1.0114048869143781
1867,1.5050000000000001,1.0114048869143781
1868,1.5050000000000001,1.0114048869143781
1869,1.5050000000000001,1.0114048869143781
1870,1.5050000000000001,1.0114048869143781
1871,1.5050000000000001,1.0114048869143781
1872,1.5050000000000001,1.0114048869143781
1873,1.5050000000000001,1.0114048869143781
1874,1.5050000000000001,1.0114048869143781
1875,1.5050000000000001,1.0114048869143781
1876,1.5050000000000001,1.0114048869143781
1877,1.5050000000000001,1.0114048869143781
1878,1.5050000000000001,1.0114048869143781
1879,1.5050000000000001,1.0114048869143781
1880,1.5050000000000001,1.0114048869143781
1881,1.5050000000000001,1.0114048869143781
1882,1.5050000000000001,1.0114048869143781
1883,1.5050000000000001,1.0114048869143781
1884,1.5050000000000001,1.0114048869143781
1885,1.5050000000000001,1.0114048869143781
1886,1.5050000000000001,1.0114048869143781
1887,1.5050000000000001,1.0114048869143781
1888,1.5050000000000001,1.0114048869143781
1889,1.5050000000000001,1.0114048869143781
1890,1.5050000000000001,1.0114048869143781
1891,1.4840000000000002,1.0114048869143781
1892,1.37,1.0114048869143781
1893,1.37,1.0114048869143781
1894,1.37,1.0114048869143781
1895,1.37,1.0114048869143781
1896,1.37,1.0114048869143781
1897,1.37,1.0114048869143781
1898,1.37,1.0114048869143781
1899,1.37,1.0114048869143781
1900,1.37,1.0114048869143781
1901,1.37,1.0114048869143781
1902,1.37,1.0114048869143781
1903,1.37,1.0114048869143781
1904,1.37,1.0114048869143781
1905,1.37,1.0114048869143781
1906,1.37,1.0114048869143781
1907,1.37,1.0114048869143781
1908,1.37,1.0114048869143781
1909,1.37,1.0114048869143781
1910,1.37,1.0114048869143781
1911,1.37,1.0114048869143781
1912,1.37,1.0114048869143781
1913,1.37,1.0114048869143781
1914,1.37,1.0114048869143781
1915,1.37,1.0114048869143781
1916,1.37,1.0114048869143781
1917,1.37,1.0114048869143781
1918,1.37,1.0114048869143781
1919,1.37,1.0114048869143781
1920,1.37,1.0114048869143781
1921,1.37,1.0114048869143781
1922,1.37,1.0114048869143781
1923,1.37,1.0114048869143781
1924,1.37,1.0114048869143781
1925,1.37,1.0114048869143781
1926,1.37,1.0114048869143781
1927,1.37,1.0114048869143781
1928,1.37,1.0114048869143781
1929,1.37,1.0114048869143781
1930,1.37,1.0114048869143781
1931,1.37,1.0114048869143781
1932,1.37,1.0114048869143781
1933,1.37,1.0114048869143781
1934,1.37,1.0114048869143781
1935,1.37,1.0114048869143781
1936,1.37,1.0114048869143781
1937,1.37,1.0114048869143781
1938,1.37,1.0114048869143781
1939,1.37,1.0114048869143781
1940,1.37,1.0114048869143781
1941,1.37,1.0114048869143781
1942,1.37,1.0114048869143781
1943,1.37,1.0114048869143781
1944,1.37,1.0114048869143781
1945,1.37,1.0114048869143781
1946,1.37,1.0114048869143781
1947,1.37,1.0114048869143781
1948,1.37,1.0114048869143781
1949,1.37,1.0114048869143781
1950,1.37,1.0114048869143781
1951,1.37,1.0114048869143781
1952,1.37,1.0114048869143781
1953,1.37,1.0114048869143781
1954,1.37,1.0114048869143781
1955,1.37,1.0114048869143781
1956,1.37,1.0114048869143781
1957,1.37,1.0114048869143781
1958,1.37,1.0114048869143781
1959,1.37,1.0114048869143781
1960,1.37,1.0114048869143781
1961,1.37,1.0114048869143781
1962,1.37,1.0114048869143781
1963,1.37,1.0114048869143781
1964,1.37,1.0114048869143781
1965,1.37,1.0114048869143781
1966,1.37,1.0114048869143781
1967,1.37,1.0114048869143781
1968,1.37,1.0114048869143781
1969,1.37,1.0114048869143781
1970,1.37,1.0114048869143781
1971,1.37,1.0114048869143781
1972,1.37,1.0114048869143781
1973,1.37,1.0114048869143781
1974,1.37,1.0114048869143781
1975,1.37,1.0114048869143781
1976,1.37,1.0114048869143781
1977,1.37,1.0114048869143781
1978,1.37,1.0114048869143781
1979,1.37,1.0114048869143781
1980,1.37,1.0114048869143781
1981,1.37,1.0114048869143781
1982,1.37,1.0114048869143781
1983,1.37,1.0114048869143781
1984,1.37,1.0114048869143781
1985,1.37,1.0114048869143781
1986,1.37,1.0114048869143781
1987,1.37,1.0114048869143781
1988,1.37,1.0114048869143781
1989,1.37,1.0114048869143781
1990,1.37,1.0114048869143781
1991,1.37,1.0114048869143781
1992,1.37,1.0114048869143781
1993,1.37,1.0114048869143781
1994,1.37,1.0114048869143781
1995,1.37,1.0114048869143781
1996,1.37,1.0114048869143781
1997,1.37,1.0114048869143781
1998,1.37,1.0114048869143781
1999,1.37,1.0114048869143781
2000,1.37,1.0114048869143781
2001,1.37,1.0114048869143781
2002,1.37,1.0114048869143781
2003,1.37,1.0114048869143781
2004,1.37,1.0114048869143781
2005,1.37,1.0114048869143781
2006,1.37,1.0114048869143781
2007,1.37,1.0114048869143781
2008,1.37,1.0114048869143781
2009,1.37,1.0114048869143781
2010,1.37,1.0114048869143781
2011,1.37,1.0114048869143781
2012,1.37,1.0114048869143781
2013,1.37,1.0114048869143781
2014,1.37,1.0114048869143781
2015,1.37,1.0114048869143781
2016,1.37,1.0114048869143781
2017,1.37,1.0114048869143781
2018,1.37,1.0114048869143781
2019,1.37,1.0114048869143781
2020,1.37,1.0114048869143781
2021,1.37,1.0114048869143781
2022,1.37,1.0114048869143781
2023,1.37,1.0114048869143781
2024,1.37,1.0114048869143781
2025,1.37,1.0114048869143781
2026,1.37,1.0114048869143781
2027,1.37,1.0114048869143781
2028,1.37,1.0114048869143781
2029,1.37,1.0114048869143781
2030,1.37,1.0114048869143781
2031,1.37,1.0114048869143781
2032,1.37,1.0114048869143781
2033,1.37,1.0114048869143781
2034,1.37,1.0114048869143781
2035,1.37,1.0114048869143781
2036,1.37,1.0114048869143781
2037,1.37,1.0114048869143781
2038,1.37,1.0114048869143781
2039,1.37,1.0114048869143781
2040,1.37,1.0114048869143781
2041,1.37,1.0114048869143781
2042,1.37,1.0114048869143781
2043,1.37,1.0114048869143781
2044,1.37,1.0114048869143781
2045,1.37,1.0114048869143781
2046,1.37,1.0114048869143781
2047,1.37,1.0114048869143781
2048,1.37,1.0114048869143781
2049,1.37,1.0114048869143781
2050,1.37,1.0114048869143781
2051,1.37,1.0114048869143781
2052,1.37,1.0114048869143781
2053,1.37,1.0114048869143781
2054,1.37,1.0114048869143781
2055,1.37,1.0114048869143781
2056,1.37,1.0114048869143781
2057,1.37,1.0114048869143781
2058,1.37,1.0114048869143781
2059,1.37,1.0114048869143781
2060,1.37,1.0114048869143781
2061,1.37,1.0114048869143781
2062,1.37,1.0114048869143781
2063,1.37,1.0114048869143781
2064,1.37,1.0114048869143781
2065,1.37,1.0114048869143781
2066,1.37,1.0114048869143781
2067,1.37,1.0114048869143781
2068,1.37,1.0114048869143781
2069,1.37,1.0114048869143781
2070,1.37,1.0114048869143781
2071,1.37,1.0114048869143781
2072,1.37,1.0114048869143781
2073,1.37,1.0114048869143781
2074,1.37,1.0114048869143781
2075,1.37,1.0114048869143781
2076,1.37,1.0114048869143781
2077,1.37,1.0114048869143781
2078,1.37,1.0114048869143781
2079,1.37,1.0114048869143781
2080,1.37,1.0114048869143781
2081,1.37,1.0114048869143781
2082,1.37,1.0114048869143781
2083,1.37,1.0114048869143781
2084,1.37,1.0114048869143781
2085,1.3490000000000002,1.0114048869143781
2086,1.235,1.0114048869143781
2087,1.235,1.0114048869143781
2088,1.235,1.0114048869143781
2089,1.235,1.0114048869143781
2090,1.235,1.0114048869143781
2091,1.235,1.0114048869143781
2092,1.235,1.0114048869143781
2093,1.235,1.0114048869143781
2094,1.235,1.0114048869143781
2095,1.235,1.0114048869143781
2096,1.235,1.0114048869143781
2097,1.235,1.0114048869143781
2098,1.235,1.0114048869143781
2099,1.235,1.0114048869143781
2100,1.235,1.0114048869143781
2101,1.235,1.0114048869143781
2102,1.235,1.0114048869143781
2103,1.235,1.0114048869143781
2104,1.235,1.0114048869143781
2105,1.235,1.0114048869143781
2106,1.235,1.0114048869143781
2107,1.235,1.0114048869143781
2108,1.235,1.0114048869143781
2109,1.235,1.0114048869143781
2110,1.235,1.0114048869143781
2111,1.235,1.0114048869143781
2112,1.235,1.0114048869143781
2113,1.235,1.0114048869143781
2114,1.235,1.0114048869143781
2115,1.235,1.0114048869143781
2116,1.235,1.0114048869143781
2117,1.235,1.0114048869143781
2118,1.235,1.0114048869143781
2119,1.235,1.0114048869143781
2120,1.235,1.0114048869143781
2121,1.235,1.0114048869143781
2122,1.235,1.0114048869143781
2123,1.235,1.0114048869143781
2124,1.235,1.0114048869143781
2125,1.235,1.0114048869143781
2126,1.235,1.0114048869143781
2127,1.235,1.0114048869143781
2128,1.235,1.0114048869143781
2129,1.235,1.0114048869143781
2130,1.235,1.0114048869143781
2131,1.235,1.0114048869143781
2132,1.235,1.0114048869143781
2133,1.235,1.0114048869143781
2134,1.235,1.0114048869143781
2135,1.235,1.0114048869143781
2136,1.235,1.0114048869143781
2137,1.235,1.0114048869143781
2138,1.235,1.0114048869143781
2139,1.235,1.0114048869143781
2140,1.235,1.0114048869143781
2141,1.235,1.0114048869143781
2142,1.235,1.0114048869143781
2143,1.235,1.0114048869143781
2144,1.235,1.0114048869143781
2145,1.235,1.0114048869143781
2146,1.235,1.0114048869143781
2147,1.235,1.0114048869143781
2148,1.235,1.0114048869143781
2149,1.235,1.0114048869143781
2150,1.235,1.0114048869143781
2151,1.235,1.0114048869143781
2152,1.235,1.0114048869143781
2153,1.235,1.0114048869143781
2154,1.235,1.0114048869143781
2155,1.235,1.0114048869143781
2156,1.235,1.0114048869143781
2157,1.235,1.0114048869143781
2158,1.235,1.0114048869143781
2159,1.235,1.0114048869143781
2160,1.235,1.0114048869143781
2161,1.235,1.0114048869143781
2162,1.235,1.0114048869143781
2163,1.235,1.0114048869143781
2164,1.235,1.0114048869143781
2165,1.235,1.0114048869143781
2166,1.235,1.0114048869143781
2167,1.235,1.0114048869143781
2168,1.235,1.0114048869143781
2169,1.235,1.0114048869143781
2170,1.235,1.0114048869143781
2171,1.235,1.0114048869143781
2172,1.235,1.0114048869143781
2173,1.235,1.0114048869143781
2174,1.235,1.0114048869143781
2175,1.235,1.0114048869143781
2176,1.235,1.0114048869143781
2177,1.235,1.0114048869143781
2178,1.235,1.0114048869143781
2179,1.235,1.0114048869143781
2180,1.235,1.0114048869143781
2181,1.235,1.0114048869143781
2182,1.235,1.0114048869143781
2183,1.235,1.0114048869143781
2184,1.235,1.0114048869143781
2185,1.235,1.0114048869143781
2186,1.235,1.0114048869143781
2187,1.235,1.0114048869143781
2188,1.235,1.0114048869143781
2189,1.235,1.0114048869143781
2190,1.235,1.0114048869143781
2191,1.235,1.0114048869143781
2192,1.235,1.0114048869143781
2193,1.235,1.0114048869143781
2194,1.235,1.0114048869143781
2195,1.235,1.0114048869143781
2196,1.235,1.0114048869143781
2197,1.235,1.0114048869143781
2198,1.235,1.0114048869143781
2199,1.235,1.0114048869143781
2200,1.235,1.0114048869143781
2201,1.235,1.0114048869143781
2202,1.235,1.0114048869143781
2203,1.235,1.0114048869143781
2204,1.235,1.0114048869143781
2205,1.235,1.0114048869143781
2206,1.235,1.0114048869143781
2207,1.235,1.0114048869143781
2208,1.235,1.0114048869143781
2209,1.235,1.0114048869143781
2210,1.235,1.0114048869143781
2211,1.235,1.0114048869143781
2212,1.235,1.0114048869143781
2213,1.235,1.0114048869143781
2214,1.235,1.0114048869143781
2215,1.235,1.0114048869143781
2216,1.235,1.0114048869143781
2217,1.235,1.0114048869143781
2218,1.235,1.0114048869143781
2219,1.235,1.0114048869143781
2220,1.235,1.0114048869143781
2221,1.235,1.0114048869143781
2222,1.235,1.0114048869143781
2223,1.235,1.0114048869143781
2224,1.235,1.0114048869143781
2225,1.235,1.0114048869143781
2226,1.235,1.0114048869143781
2227,1.235,1.0114048869143781
2228,1.235,1.0114048869143781
2229,1.235,1.0114048869143781
2230,1.235,1.0114048869143781
2231,1.235,1.0114048869143781
2232,1.235,1.0114048869143781
2233,1.235,1.0114048869143781
2234,1.235,1.0114048869143781
2235,1.235,1.0114048869143781
2236,1.235,1.0114048869143781
2237,1.235,1.0114048869143781
2238,1.235,1.0114048869143781
2239,1.235,1.0114048869143781
2240,1.235,1.0114048869143781
2241,1.235,1.0114048869143781
2242,1.235,1.0114048869143781
2243,1.235,1.0114048869143781
2244,1.235,1.0114048869143781
2245,1.235,1.0114048869143781
2246,1.235,1.0114048869143781
2247,1.235,1.0114048869143781
2248,1.235,1.0114048869143781
2249,1.235,1.0114048869143781
2250,1.235,1.0114048869143781
2251,1.235,1.0114048869143781
2252,1.235,1.0114048869143781
2253,1.235,1.0114048869143781
2254,1.235,1.0114048869143781
2255,1.235,1.0114048869143781
2256,1.235,1.0114048869143781
2257,1.235,1.0114048869143781
2258,1.235,1.0114048869143781
2259,1.235,1.0114048869143781
2260,1.235,1.0114048869143781
2261,1.235,1.0114048869143781
2262,1.235,1.0114048869143781
2263,1.235,1.0114048869143781
2264,1.235,1.0114048869143781
2265,1.235,1.0114048869143781
2266,1.235,1.0114048869143781
2267,1.235,1.0114048869143781
2268,1.235,1.0114048869143781
2269,1.235,1.0114048869143781
2270,1.235,1.0114048869143781
2271,1.235,1.0114048869143781
2272,1.235,1.0114048869143781
2273,1.235,1.0114048869143781
2274,1.235,1.0114048869143781
2275,1.235,1.0114048869143781
2276,1.235,1.0114048869143781
2277,1.235,1.0114048869143781
2278,1.235,1.0114048869143781
2279,1.235,1.0114048869143781
2280,1.235,1.0114048869143781
2281,1.235,1.0114048869143781
2282,1.235,1.0114048869143781
2283,1.235,1.0114048869143781
2284,1.235,1.0114048869143781
2285,1.235,1.0114048869143781
2286,1.235,1.0114048869143781
2287,1.235,1.0114048869143781
2288,1.235,1.0114048869143781
2289,1.235,1.0114048869143781
2290,1.235,1.0114048869143781
2291,1.235,1.0114048869143781
2292,1.235,1.0114048869143781
2293,1.235,1.0114048869143781
2294,1.235,1.0114048869143781
2295,1.235,1.0114048869143781
2296,1.235,1.0114048869143781
2297,1.235,1.0114048869143781
2298,1.235,1.0114048869143781
2299,1.235,1.0114048869143781
2300,1.235,1.0114048869143781
2301,1.235,1.0114048869143781
2302,1.235,1.0114048869143781
2303,1.235,1.0114048869143781
2304,1.235,1.0114048869143781
2305,1.235,1.0114048869143781
2306,1.235,1.0114048869143781
2307,1.235,1.0114048869143781
2308,1.235,1.0114048869143781
2309,1.235,1.0114048869143781
2310,1.235,1.0114048869143781
2311,1.235,1.0114048869143781
2312,1.235,1.0114048869143781
2313,1.235,1.0114048869143781
2314,1.235,1.0114048869143781
2315,1.235,1.0114048869143781
2316,1.235,1.0114048869143781
2317,1.235,1.0114048869143781
2318,1.235,1.0114048869143781
2319,1.235,1.0114048869143781
2320,1.235,1.0114048869143781
2321,1.235,1.0114048869143781
2322,1.235,1.0114048869143781
2323,1.235,1.0114048869143781
2324,1.235,1.0114048869143781
2325,1.235,1.0114048869143781
2326,1.235,1.0114048869143781
2327,1.235,1.0114048869143781
2328,1.235,1.0114048869143781
2329,1.235,1.0114048869143781
2330,1.235,1.0114048869143781
2331,1.235,1.0114048869143781
2332,1.235,1.0114048869143781
2333,1.235,1.0114048869143781
2334,1.235,1.0114048869143781
2335,1.235,1.0114048869143781
2336,1.235,1.0114048869143781
2337,1.235,1.0114048869143781
2338,1.235,1.0114048869143781
2339,1.235,1.0114048869143781
2340,1.235,1.0114048869143781
2341,1.235,1.0114048869143781
2342,1.235,1.0114048869143781
2343,1.235,1.0114048869143781
2344,1.235,1.0114048869143781
2345,1.235,1.0114048869143781
2346,1.235,1.0114048869143781
2347,1.235,1.0114048869143781
2348,1.235,1.0114048869143781
2349,1.235,1.0114048869143781
2350,1.235,1.0114048869143781
2351,1.235,1.0114048869143781
2352,1.235,1.0114048869143781
2353,1.235,1.0114048869143781
2354,1.235,1.0114048869143781
2355,1.235,1.0114048869143781
2356,1.235,1.0114048869143781
2357,1.235,1.0114048869143781
2358,1.235,1.0114048869143781
2359,1.235,1.0114048869143781
2360,1.235,1.0114048869143781
2361,1.235,1.0114048869143781
2362,1.235,1.0114048869143781
2363,1.235,1.0114048869143781
2364,1.235,1.0114048869143781
2365,1.235,1.0114048869143781
2366,1.235,1.0114048869143781
2367,1.235,1.0114048869143781
2368,1.235,1.0114048869143781
2369,1.235,1.0114048869143781
2370,1.235,1.0114048869143781
2371,1.235,1.0114048869143781
2372,1.235,1.0114048869143781
2373,1.235,1.0114048869143781
2374,1.235,1.0114048869143781
2375,1.235,1.0114048869143781
2376,1.235,1.0114048869143781
2377,1.235,1.0114048869143781
2378,1.235,1.0114048869143781
2379,1.235,1.0114048869143781
2380,1.235,1.0114048869143781
2381,1.235,1.0114048869143781
2382,1.235,1.0114048869143781
2383,1.235,1.0114048869143781
2384,1.235,1.0114048869143781
2385,1.235,1.0114048869143781
2386,1.235,1.0114048869143781
2387,1.235,1.0114048869143781
2388,1.235,1.0114048869143781
2389,1.235,1.0114048869143781
2390,1.235,1.0114048869143781
2391,1.235,1.0114048869143781
2392,1.235,1.0114048869143781
2393,1.235,1.0114048869143781
2394,1.235,1.0114048869143781
2395,1.235,1.0114048869143781
2396,1.235,1.0114048869143781
2397,1.235,1.0114048869143781
2398,1.235,1.0114048869143781
2399,1.235,1.0114048869143781
2400,1.235,1.0114048869143781
2401,1.235,1.0114048869143781
2402,1.235,1.0114048869143781
2403,1.235,1.0114048869143781
2404,1.235,1.0114048869143781
2405,1.235,1.0114048869143781
2406,1.235,1.0114048869143781
2407,1.235,1.0114048869143781
2408,1.235,1.0114048869143781
2409,1.235,1.0114048869143781
2410,1.235,1.0114048869143781
2411,1.235,1.0114048869143781
2412,1.235,1.0114048869143781
2413,1.235,1.0114048869143781
2414,1.235,1.0114048869143781
2415,1.235,1.0114048869143781
2416,1.235,1.0114048869143781
2417,1.235,1.0114048869143781
2418,1.235,1.0114048869143781
2419,1.235,1.0114048869143781
2420,1.235,1.0114048869143781
2421,1.235,1.0114048869143781
2422,1.235,1.0114048869143781
2423,1.235,1.0114048869143781
2424,1.235,1.0114048869143781
2425,1.235,1.0114048869143781
2426,1.235,1.0114048869143781
2427,1.235,1.0114048869143781
2428,1.235,1.0114048869143781
2429,1.235,1.0114048869143781
2430,1.235,1.0114048869143781
2431,1.235,1.0114048869143781
2432,1.235,1.0114048869143781
2433,1.235,1.0114048869143781
2434,1.235,1.0114048869143781
2435,1.235,1.0114048869143781
2436,1.235,1.0114048869143781
2437,1.235,1.0114048869143781
2438,1.235,1.0114048869143781
2439,1.235,1.0114048869143781
2440,1.235,1.0114048869143781
2441,1.235,1.0114048869143781
2442,1.235,1.0114048869143781
2443,1.235,1.0114048869143781
2444,1.235,1.0114048869143781
2445,1.235,1.0114048869143781
2446,1.235,1.0114048869143781
2447,1.235,1.0114048869143781
2448,1.235,1.0114048869143781
2449,1.235,1.0114048869143781
2450,1.235,1.0114048869143781
2451,1.235,1.0114048869143781
2452,1.235,1.0114048869143781
2453,1.235,1.0114048869143781
2454,1.235,1.0114048869143781
2455,1.235,1.0114048869143781
2456,1.235,1.0114048869143781
2457,1.235,1.0114048869143781
2458,1.235,1.0114048869143781
2459,1.235,1.0114048869143781
2460,1.235,1.0114048869143781
2461,1.235,1.0114048869143781
2462,1.235,1.0114048869143781
2463,1.235,1.0114048869143781
2464,1.235,1.0114048869143781
2465,1.235,1.0114048869143781
2466,1.235,1.0114048869143781
2467,1.235,1.0114048869143781
2468,1.235,1.0114048869143781
2469,1.235,1.0114048869143781
2470,1.235,1.0114048869143781
2471,1.235,1.0114048869143781
2472,1.235,1.0114048869143781
2473,1.235,1.0114048869143781
2474,1.235,1.0114048869143781
2475,1.235,1.0114048869143781
2476,1.235,1.0114048869143781
2477,1.235,1.0114048869143781
2478,1.235,1.0114048869143781
2479,1.235,1.0114048869143781
2480,1.1,1.0114048869143781
2481,1.1,1.0114048869143781
2482,1.1,1.0114048869143781
2483,1.1,1.0114048869143781
2484,1.1,1.0114048869143781
2485,1.1,1.0114048869143781
2486,1.1,1.0114048869143781
2487,1.1,1.0114048869143781
2488,1.1,1.0114048869143781
2489,1.1,1.0114048869143781
2490,1.1,1.0114048869143781
2491,1.1,1.0114048869143781
2492,1.1,1.0114048869143781
2493,1.1,1.0114048869143781
2494,1.1,1.0114048869143781
2495,1.1,1.0114048869143781
2496,1.1,1.0114048869143781
2497,1.1,1.0114048869143781
2498,1.1,1.0114048869143781
2499,1.1,1.0114048869143781
2500,1.1,1.0114048869143781
2501,1.1,1.0114048869143781
2502,1.1,1.0114048869143781
2503,1.1,1.0114048869143781
2504,1.1,1.0114048869143781
2505,1.1,1.0114048869143781
2506,1.1,1.0114048869143781
2507,1.1,1.0114048869143781
2508,1.1,1.0114048869143781
2509,1.1,1.0114048869143781
2510,1.1,1.0114048869143781
2511,1.1,1.0114048869143781
2512,1.1,1.0114048869143781
2513,1.1,1.0114048869143781
2514,1.1,1.0114048869143781
2515,1.1,1.0114048869143781
2516,1.1,1.0114048869143781
2517,1.1,1.0114048869143781
2518,1.1,1.0114048869143781
2519,1.1,1.0114048869143781
2520,1.1,1.0114048869143781
2521,1.1,1.0114048869143781
2522,1.1,1.0114048869143781
2523,1.1,1.0114048869143781
2524,1.1,1.0114048869143781
2525,1.1,1.0114048869143781
2526,1.1,1.0114048869143781
2527,1.1,1.0114048869143781
2528,1.1,1.0114048869143781
2529,1.1,1.0114048869143781
2530,1.1,1.0114048869143781
2531,1.1,1.0114048869143781
2532,1.1,1.0114048869143781
2533,1.1,1.0114048869143781
2534,1.1,1.0114048869143781
2535,1.1,1.0114048869143781
2536,1.1,1.0114048869143781
2537,1.1,1.0114048869143781
2538,1.1,1.0114048869143781
2539,1.1,1.0114048869143781
2540,1.1,1.0114048869143781
2541,1.1,1.0114048869143781
2542,1.1,1.0114048869143781
2543,1.1,1.0114048869143781
2544,1.1,1.0114048869143781
2545,1.1,1.0114048869143781
2546,1.1,1.0114048869143781
2547,1.1,1.0114048869143781
2548,1.1,1.0114048869143781
2549,1.1,1.0114048869143781
2550,1.1,1.0114048869143781
2551,1.1,1.0114048869143781
2552,1.1,1.0114048869143781
2553,1.1,1.0114048869143781
2554,1.1,1.0114048869143781
2555,1.1,1.0114048869143781
2556,1.1,1.0114048869143781
2557,1.1,1.0114048869143781
2558,1.1,1.0114048869143781
2559,1.1,1.0114048869143781
2560,1.1,1.0114048869143781
2561,1.1,1.0114048869143781
2562,1.1,1.0114048869143781
2563,1.1,1.0114048869143781
2564,1.1,1.0114048869143781
2565,1.1,1.0114048869143781
2566,1.1,1.0114048869143781
2567,1.1,1.0114048869143781
2568,1.1,1.0114048869143781
2569,1.1,1.0114048869143781
2570,1.1,1.0114048869143781
2571,1.1,1.0114048869143781
2572,1.1,1.0114048869143781
2573,1.1,1.0114048869143781
2574,1.1,1.0114048869143781
2575,1.1,1.0114048869143781
2576,1.1,1.0114048869143781
2577,1.1,1.0114048869143781
2578,1.1,1.0114048869143781
2579,1.1,1.0114048869143781
2580,1.1,1.0114048869143781
2581,1.1,1.0114048869143781
2582,1.1,1.0114048869143781
2583,1.1,1.0114048869143781
2584,1.1,1.0114048869143781
2585,1.1,1.0114048869143781
2586,1.1,1.0114048869143781
2587,1.1,1.0114048869143781
2588,1.1,1.0114048869143781
2589,1.1,1.0114048869143781
2590,1.1,1.0114048869143781
2591,1.1,1.0114048869143781
2592,1.1,1.0114048869143781
2593,1.1,1.0114048869143781
2594,1.1,1.0114048869143781
2595,1.1,1.0114048869143781
2596,1.1,1.0114048869143781
2597,1.1,1.0114048869143781
2598,1.1,1.0114048869143781
2599,1.1,1.0114048869143781
2600,1.1,1.0114048869143781
2601,1.1,1.0114048869143781
2602,1.1,1.0114048869143781
2603,1.1,1.0114048869143781
2604,1.1,1.0114048869143781
2605,1.1,1.0114048869143781
2606,1.1,1.0114048869143781
2607,1.1,1.0114048869143781
2608,1.1,1.0114048869143781
2609,1.1,1.0114048869143781
2610,1.1,1.0114048869143781
2611,1.1,1.0114048869143781
2612,1.1,1.0114048869143781
2613,1.1,1.0114048869143781
2614,1.1,1.0114048869143781
2615,1.1,1.0114048869143781
2616,1.1,1.0114048869143781
2617,1.1,1.0114048869143781
2618,1.1,1.0114048869143781
2619,1.1,1.0114048869143781
2620,1.1,1.0114048869143781
2621,1.1,1.0114048869143781
2622,1.1,1.0114048869143781
2623,1.1,1.0114048869143781
2624,1.1,1.0114048869143781
2625,1.1,1.0114048869143781
2626,1.1,1.0114048869143781
2627,1.1,1.0114048869143781
2628,1.1,1.0114048869143781
2629,1.1,1.0114048869143781
2630,1.1,1.0114048869143781
2631,1.1,1.0114048869143781
2632,1.1,1.0114048869143781
2633,1.1,1.0114048869143781
2634,1.1,1.0114048869143781
2635,1.1,1.0114048869143781
2636,1.1,1.0114048869143781
2637,1.1,1.0114048869143781
2638,1.1,1.0114048869143781
2639,1.1,1.0114048869143781
2640,1.1,1.0114048869143781
2641,1.1,1.0114048869143781
2642,1.1,1.0114048869143781
2643,1.1,1.0114048869143781
2644,1.1,1.0114048869143781
2645,1.1,1.0114048869143781
2646,1.1,1.0114048869143781
2647,1.1,1.0114048869143781
2648,1.1,1.0114048869143781
2649,1.1,1.0114048869143781
2650,1.1,1.0114048869143781
2651,1.1,1.0114048869143781
2652,1.1,1.0114048869143781
2653,1.1,1.0114048869143781
2654,1.1,1.0114048869143781
2655,1.1,1.0114048869143781
2656,1.1,1.0114048869143781
2657,1.1,1.0114048869143781
2658,1.1,1.0114048869143781
2659,1.1,1.0114048869143781
2660,1.1,1.0114048869143781
2661,1.1,1.0114048869143781
2662,1.1,1.0114048869143781
2663,1.1,1.0114048869143781
2664,1.1,1.0114048869143781
2665,1.1,1.0114048869143781
2666,1.1,1.0114048869143781
2667,1.1,1.0114048869143781
2668,1.1,1.0114048869143781
2669,1.1,1.0114048869143781
2670,1.1,1.0114048869143781
2671,1.1,1.0114048869143781
2672,1.1,1.0114048869143781
2673,1.1,1.0114048869143781
2674,1.1,1.0114048869143781
2675,1.1,1.0114048869143781
2676,1.1,1.0114048869143781
2677,1.1,1.0114048869143781
2678,1.1,1.0114048869143781
2679,1.1,1.0114048869143781
2680,1.1,1.0114048869143781
2681,1.1,1.0114048869143781
2682,1.1,1.0114048869143781
2683,1.1,1.0114048869143781
2684,1.1,1.0114048869143781
2685,1.1,1.0114048869143781
2686,1.1,1.0114048869143781
2687,1.1,1.0114048869143781
2688,1.1,1.0114048869143781
2689,1.1,1.0114048869143781
2690,1.1,1.0114048869143781
2691,1.1,1.0114048869143781
2692,1.1,1.0114048869143781
2693,1.1,1.0114048869143781
2694,1.1,1.0114048869143781
2695,1.1,1.0114048869143781
2696,1.1,1.0114048869143781
2697,1.1,1.0114048869143781
2698,1.1,1.0114048869143781
2699,1.1,1.0114048869143781
2700,1.1,1.0114048869143781
2701,1.1,1.0114048869143781
2702,1.1,1.0114048869143781
2703,1.1,1.0114048869143781
2704,1.1,1.0114048869143781
2705,1.1,1.0114048869143781
2706,1.1,1.0114048869143781
2707,1.1,1.0114048869143781
2708,1.1,1.0114048869143781
2709,1.1,1.0114048869143781
2710,1.1,1.0114048869143781
2711,1.1,1.0114048869143781
2712,1.1,1.0114048869143781
2713,1.1,1.0114048869143781
2714,1.1,1.0114048869143781
2715,1.1,1.0114048869143781
2716,1.1,1.0114048869143781
2717,1.1,1.0114048869143781
2718,1.1,1.0114048869143781
2719,1.1,1.0114048869143781
2720,1.1,1.0114048869143781
2721,1.1,1.0114048869143781
2722,1.1,1.0114048869143781
2723,1.1,1.0114048869143781
2724,1.1,1.0114048869143781
2725,1.1,1.0114048869143781
2726,1.1,1.0114048869143781
2727,1.1,1.0114048869143781
2728,1.1,1.0114048869143781
2729,1.1,1.0114048869143781
2730,1.1,1.0114048869143781
2731,1.1,1.0114048869143781
2732,1.1,1.0114048869143781
2733,1.1,1.0114048869143781
2734,1.1,1.0114048869143781
2735,1.1,1.0114048869143781
2736,1.1,1.0114048869143781
2737,1.1,1.0114048869143781
2738,1.1,1.0114048869143781
2739,1.1,1.0114048869143781
2740,1.1,1.0114048869143781
2741,1.1,1.0114048869143781
2742,1.1,1.0114048869143781
2743,1.1,1.0114048869143781
2744,1.1,1.0114048869143781
2745,1.1,1.0114048869143781
2746,1.1,1.0114048869143781
2747,1.1,1.0114048869143781
2748,1.1,1.0114048869143781
2749,1.1,1.0114048869143781
2750,1.1,1.0114048869143781
2751,1.1,1.0114048869143781
2752,1.1,1.0114048869143781
2753,1.1,1.0114048869143781
2754,1.1,1.0114048869143781
2755,1.1,1.0114048869143781
2756,1.1,1.0114048869143781
2757,1.1,1.0114048869143781
2758,1.1,1.0114048869143781
2759,1.1,1.0114048869143781
2760,1.1,1.0114048869143781
2761,1.1,1.0114048869143781
2762,1.1,1.0114048869143781
2763,1.1,1.0114048869143781
2764,1.1,1.0114048869143781
2765,1.1,1.0114048869143781
2766,1.1,1.0114048869143781
2767,1.1,1.0114048869143781
2768,1.1,1.0114048869143781
2769,1.1,1.0114048869143781
2770,1.1,1.0114048869143781
2771,1.1,1.0114048869143781
2772,1.1,1.0114048869143781
2773,1.1,1.0114048869143781
2774,1.1,1.0114048869143781
2775,1.1,1.0114048869143781
2776,0.8300000000000001,1.0114048869143781
2777,0.8300000000000001,1.0114048869143781
2778,0.8300000000000001,1.0114048869143781
2779,0.8300000000000001,1.0114048869143781
2780,0.8300000000000001,1.0114048869143781
2781,0.8300000000000001,1.0114048869143781
2782,0.8300000000000001,1.0114048869143781
2783,0.8300000000000001,1.0114048869143781
2784,0.8300000000000001,1.0114048869143781
2785,0.8300000000000001,1.0114048869143781
2786,0.8300000000000001,1.0114048869143781
2787,0.8300000000000001,1.0114048869143781
2788,0.8300000000000001,1.0114048869143781
2789,0.8300000000000001,1.0114048869143781
2790,0.8300000000000001,1.0114048869143781
2791,0.8300000000000001,1.0114048869143781
2792,0.8300000000000001,1.0114048869143781
2793,0.8300000000000001,1.0114048869143781
2794,0.8300000000000001,1.0114048869143781
2795,0.8300000000000001,1.0114048869143781
2796,0.8300000000000001,1.0114048869143781
2797,0.8300000000000001,1.0114048869143781
2798,0.8300000000000001,1.0114048869143781
2799,0.8300000000000001,1.0114048869143781
2800,0.8300000000000001,1.0114048869143781
2801,0.8300000000000001,1.0114048869143781
2802,0.8300000000000001,1.0114048869143781
2803,0.8300000000000001,1.0114048869143781
2804,0.8300000000000001,1.0114048869143781
2805,0.8300000000000001,1.0114048869143781
2806,0.8300000000000001,1.0114048869143781
2807,0.8300000000000001,1.0114048869143781
2808,0.8300000000000001,1.0114048869143781
2809,0.8300000000000001,1.0114048869143781
2810,0.8300000000000001,1.0114048869143781
2811,0.8300000000000001,1.0114048869143781
2812,0.8300000000000001,1.0114048869143781
2813,0.8300000000000001,1.0114048869143781
2814,0.8300000000000001,1.0114048869143781
2815,0.8300000000000001,1.0114048869143781
2816,0.8300000000000001,1.0114048869143781
2817,0.8300000000000001,1.0114048869143781
2818,0.8300000000000001,1.0114048869143781
2819,0.8300000000000001,1.0114048869143781
2820,0.8300000000000001,1.0114048869143781
2821,0.8300000000000001,1.0114048869143781
2822,0.8300000000000001,1.0114048869143781
2823,0.8300000000000001,1.0114048869143781
2824,0.8300000000000001,1.0114048869143781
2825,0.8300000000000001,1.0114048869143781
2826,0.8300000000000001,1.0114048869143781
2827,0.8300000000000001,1.0114048869143781
2828,0.8300000000000001,1.0114048869143781
2829,0.8300000000000001,1.0114048869143781
2830,0.8300000000000001,1.0114048869143781
2831,0.8300000000000001,1.0114048869143781
2832,0.8300000000000001,1.0114048869143781
2833,0.8300000000000001,1.0114048869143781
2834,0.8300000000000001,1.0114048869143781
2835,0.8300000000000001,1.0114048869143781
2836,0.8300000000000001,1.0114048869143781
2837,0.8300000000000001,1.0114048869143781
2838,0.8300000000000001,1.0114048869143781
2839,0.8300000000000001,1.0114048869143781
2840,0.8300000000000001,1.0114048869143781
2841,0.8300000000000001,1.0114048869143781
2842,0.8300000000000001,1.0114048869143781
2843,0.8300000000000001,1.0114048869143781
2844,0.8300000000000001,1.0114048869143781
2845,0.8300000000000001,1.0114048869143781
2846,0.8300000000000001,1.0114048869143781
2847,0.8300000000000001,1.0114048869143781
2848,0.8300000000000001,1.0114048869143781
2849,0.8300000000000001,1.0114048869143781
2850,0.8300000000000001,1.0114048869143781
2851,0.8300000000000001,1.0114048869143781
2852,0.8300000000000001,1.0114048869143781
2853,0.8300000000000001,1.0114048869143781
2854,0.8300000000000001,1.0114048869143781
2855,0.8300000000000001,1.0114048869143781
2856,0.8300000000000001,1.0114048869143781
2857,0.8300000000000001,1.0114048869143781
2858,0.8300000000000001,1.0114048869143781
2859,0.8300000000000001,1.0114048869143781
2860,0.8300000000000001,1.0114048869143781
2861,0.8300000000000001,1.0114048869143781
2862,0.8300000000000001,1.0114048869143781
2863,0.8300000000000001,1.0114048869143781
2864,0.8300000000000001,1.0114048869143781
2865,0.8300000000000001,1.0114048869143781
2866,0.8300000000000001,1.0114048869143781
2867,0.8300000000000001,1.0114048869143781
2868,0.8300000000000001,1.0114048869143781
2869,0.8300000000000001,1.0114048869143781
2870,0.8300000000000001,1.0114048869143781
2871,0.8300000000000001,1.0114048869143781
2872,0.8300000000000001,1.0114048869143781
2873,0.8300000000000001,1.0114048869143781
2874,0.8300000000000001,1.0114048869143781
2875,0.6950000000000001,1.0114048869143781
2876,0.6950000000000001,1.0114048869143781
2877,0.6950000000000001,1.0114048869143781
2878,0.6950000000000001,1.0114048869143781
2879,0.6950000000000001,1.0114048869143781
2880,0.6950000000000001,1.0114048869143781
2881,0.6950000000000001,1.0114048869143781
2882,0.6950000000000001,1.0114048869143781
2883,0.6950000000000001,1.0114048869143781
2884,0.6950000000000001,1.0114048869143781
2885,0.6950000000000001,1.0114048869143781
2886,0.6950000000000001,1.0114048869143781
2887,0.6950000000000001,1.0114048869143781
2888,0.6950000000000001,1.0114048869143781
2889,0.6950000000000001,1.0114048869143781
2890,0.6950000000000001,1.0114048869143781
2891,0.6950000000000001,1.0114048869143781
2892,0.6950000000000001,1.0114048869143781
2893,0.6950000000000001,1.0114048869143781
2894,0.6950000000000001,1.0114048869143781
2895,0.6950000000000001,1.0114048869143781
2896,0.6950000000000001,1.0114048869143781
2897,0.6950000000000001,1.0114048869143781
2898,0.6950000000000001,1.0114048869143781
2899,0.6950000000000001,1.0114048869143781
2900,0.6950000000000001,1.0114048869143781
2901,0.6950000000000001,1.0114048869143781
2902,0.6950000000000001,1.0114048869143781
2903,0.6950000000000001,1.0114048869143781
2904,0.6950000000000001,1.0114048869143781
2905,0.6950000000000001,1.0114048869143781
2906,0.6950000000000001,1.0114048869143781
2907,0.6950000000000001,1.0114048869143781
2908,0.6950000000000001,1.0114048869143781
2909,0.6950000000000001,1.0114048869143781
2910,0.6950000000000001,1.0114048869143781
2911,0.6950000000000001,1.0114048869143781
2912,0.6950000000000001,1.0114048869143781
2913,0.6950000000000001,1.0114048869143781
2914,0.6950000000000001,1.0114048869143781
2915,0.6950000000000001,1.0114048869143781
2916,0.6950000000000001,1.0114048869143781
2917,0.6950000000000001,1.0114048869143781
2918,0.6950000000000001,1.0114048869143781
2919,0.6950000000000001,1.0114048869143781
2920,0.6950000000000001,1.0114048869143781
2921,0.6950000000000001,1.0114048869143781
2922,0.6950000000000001,1.0114048869143781
2923,0.6950000000000001,1.0114048869143781
2924,0.6950000000000001,1.0114048869143781
2925,0.6950000000000001,1.0114048869143781
2926,0.6950000000000001,1.0114048869143781
2927,0.6950000000000001,1.0114048869143781
2928,0.6950000000000001,1.0114048869143781
2929,0.6950000000000001,1.0114048869143781
2930,0.6950000000000001,1.0114048869143781
2931,0.6950000000000001,1.0114048869143781
2932,0.6950000000000001,1.0114048869143781
2933,0.6950000000000001,1.0114048869143781
2934,0.6950000000000001,1.0114048869143781
2935,0.6950000000000001,1.0114048869143781
2936,0.6950000000000001,1.0114048869143781
2937,0.6950000000000001,1.0114048869143781
2938,0.6950000000000001,1.0114048869143781
2939,0.6950000000000001,1.0114048869143781
2940,0.6950000000000001,1.0114048869143781
2941,0.6950000000000001,1.0114048869143781
2942,0.6950000000000001,1.0114048869143781
2943,0.6950000000000001,1.0114048869143781
2944,0.6950000000000001,1.0114048869143781
2945,0.6950000000000001,1.0114048869143781
2946,0.6950000000000001,1.0114048869143781
2947,0.6950000000000001,1.0114048869143781
2948,0.6950000000000001,1.0114048869143781
2949,0.6950000000000001,1.0114048869143781
2950,0.6950000000000001,1.0114048869143781
2951,0.6950000000000001,1.0114048869143781
2952,0.6950000000000001,1.0114048869143781
2953,0.6950000000000001,1.0114048869143781
2954,0.6950000000000001,1.0114048869143781
2955,0.6950000000000001,1.0114048869143781
2956,0.6950000000000001,1.0114048869143781
2957,0.6950000000000001,1.0114048869143781
2958,0.6950000000000001,1.0114048869143781
2959,0.6950000000000001,1.0114048869143781
2960,0.6950000000000001,1.0114048869143781
2961,0.6950000000000001,1.0114048869143781
2962,0.6950000000000001,1.0114048869143781
2963,0.6950000000000001,1.0114048869143781
2964,0.6950000000000001,1.0114048869143781
2965,0.6950000000000001,1.0114048869143781
2966,0.6950000000000001,1.0114048869143781
2967,0.6950000000000001,1.0114048869143781
2968,0.6950000000000001,1.0114048869143781
2969,0.6950000000000001,1.0114048869143781
2970,0.6950000000000001,1.0114048869143781
2971,0.6950000000000001,1.0114048869143781
2972,0.6950000000000001,1.0114048869143781
2973,0.6950000000000001,1.0114048869143781
2974,0.56,1.0114048869143781
2975,0.56,1.0114048869143781
2976,0.56,1.0114048869143781
2977,0.56,1.0114048869143781
2978,0.56,1.0114048869143781
2979,0.56,1.0114048869143781
2980,0.56,1.0114048869143781
2981,0.56,1.0114048869143781
2982,0.56,1.0114048869143781
2983,0.56,1.0114048869143781
2984,0.56,1.0114048869143781
2985,0.56,1.0114048869143781
2986,0.56,1.0114048869143781
2987,0.56,1.0114048869143781
2988,0.56,1.0114048869143781
2989,0.56,1.0114048869143781
2990,0.56,1.0114048869143781
2991,0.56,1.0114048869143781
2992,0.56,1.0114048869143781
2993,0.56,1.0114048869143781
2994,0.56,1.0114048869143781
2995,0.56,1.0114048869143781
2996,0.56,1.0114048869143781
2997,0.56,1.0114048869143781
2998,0.56,1.0114048869143781
2999,0.56,1.0114048869143781
3000,0.56,1.0114048869143781
3001,0.56,1.0114048869143781
3002,0.56,1.0114048869143781
3003,0.56,1.0114048869143781
3004,0.56,1.0114048869143781
3005,0.56,1.0114048869143781
3006,0.56,1.0114048869143781
3007,0.56,1.0114048869143781
3008,0.56,1.0114048869143781
3009,0.56,1.0114048869143781
3010,0.56,1.0114048869143781
3011,0.56,1.0114048869143781
3012,0.56,1.0114048869143781
3013,0.56,1.0114048869143781
3014,0.56,1.0114048869143781
3015,0.56,1.0114048869143781
3016,0.56,1.0114048869143781
3017,0.56,1.0114048869143781
3018,0.56,1.0114048869143781
3019,0.56,1.0114048869143781
3020,0.56,1.0114048869143781
3021,0.56,1.0114048869143781
3022,0.56,1.0114048869143781
3023,0.56,1.0114048869143781
3024,0.56,1.0114048869143781
3025,0.56,1.0114048869143781
3026,0.56,1.0114048869143781
3027,0.56,1.0114048869143781
3028,0.56,1.0114048869143781
3029,0.56,1.0114048869143781
3030,0.56,1.0114048869143781
3031,0.56,1.0114048869143781
3032,0.56,1.0114048869143781
3033,0.56,1.0114048869143781
3034,0.56,1.0114048869143781
3035,0.56,1.0114048869143781
3036,0.56,1.0114048869143781
3037,0.56,1.0114048869143781
3038,0.56,1.0114048869143781
3039,0.56,1.0114048869143781
3040,0.56,1.0114048869143781
3041,0.56,1.0114048869143781
3042,0.56,1.0114048869143781
3043,0.56,1.0114048869143781
3044,0.56,1.0114048869143781
3045,0.56,1.0114048869143781
3046,0.56,1.0114048869143781
3047,0.56,1.0114048869143781
3048,0.56,1.0114048869143781
3049,0.56,1.0114048869143781
3050,0.56,1.0114048869143781
3051,0.56,1.0114048869143781
3052,0.56,1.0114048869143781
3053,0.56,1.0114048869143781
3054,0.56,1.0114048869143781
3055,0.56,1.0114048869143781
3056,0.56,1.0114048869143781
3057,0.56,1.0114048869143781
3058,0.56,1.0114048869143781
3059,0.56,1.0114048869143781
3060,0.56,1.0114048869143781
3061,0.56,1.0114048869143781
3062,0.56,1.0114048869143781
3063,0.56,1.0114048869143781
3064,0.56,1.0114048869143781
3065,0.56,1.0114048869143781
3066,0.56,1.0114048869143781
3067,0.56,1.0114048869143781
3068,0.56,1.0114048869143781
3069,0.56,1.0114048869143781
3070,0.56,1.0114048869143781
3071,0.56,1.0114048869143781
3072,0.56,1.0114048869143781
3073,0.425,1.0114048869143781
3074,0.425,1.0114048869143781
3075,0.425,1.0114048869143781
3076,0.425,1.0114048869143781
3077,0.425,1.0114048869143781
3078,0.425,1.0114048869143781
3079,0.425,1.0114048869143781
3080,0.425,1.0114048869143781
3081,0.425,1.0114048869143781
3082,0.425,1.0114048869143781
3083,0.425,1.0114048869143781
3084,0.425,1.0114048869143781
3085,0.425,1.0114048869143781
3086,0.425,1.0114048869143781
3087,0.425,1.0114048869143781
3088,0.425,1.0114048869143781
3089,0.425,1.0114048869143781
3090,0.425,1.0114048869143781
3091,0.425,1.0114048869143781
3092,0.425,1.0114048869143781
3093,0.425,1.0114048869143781
3094,0.425,1.0114048869143781
3095,0.425,1.0114048869143781
3096,0.425,1.0114048869143781
3097,0.425,1.0114048869143781
3098,0.425,1.0114048869143781
3099,0.425,1.0114048869143781
3100,0.425,1.0114048869143781
3101,0.425,1.0114048869143781
3102,0.425,1.0114048869143781
3103,0.425,1.0114048869143781
3104,0.425,1.0114048869143781
3105,0.425,1.0114048869143781
3106,0.425,1.0114048869143781
3107,0.425,1.0114048869143781
3108,0.425,1.0114048869143781
3109,0.425,1.0114048869143781
3110,0.425,1.0114048869143781
3111,0.425,1.0114048869143781
3112,0.425,1.0114048869143781
3113,0.425,1.0114048869143781
3114,0.425,1.0114048869143781
3115,0.425,1.0114048869143781
3116,0.425,1.0114048869143781
3117,0.425,1.0114048869143781
3118,0.425,1.0114048869143781
3119,0.425,1.0114048869143781
3120,0.425,1.0114048869143781
3121,0.425,1.0114048869143781
3122,0.425,1.0114048869143781
3123,0.425,1.0114048869143781
3124,0.425,1.0114048869143781
3125,0.425,1.0114048869143781
3126,0.425,1.0114048869143781
3127,0.425,1.0114048869143781
3128,0.425,1.0114048869143781
3129,0.425,1.0114048869143781
3130,0.425,1.0114048869143781
3131,0.425,1.0114048869143781
3132,0.425,1.0114048869143781
3133,0.425,1.0114048869143781
3134,0.425,1.0114048869143781
3135,0.425,1.0114048869143781
3136,0.425,1.0114048869143781
3137,0.425,1.0114048869143781
3138,0.425,1.0114048869143781
3139,0.425,1.0114048869143781
3140,0.425,1.0114048869143781
3141,0.425,1.0114048869143781
3142,0.425,1.0114048869143781
3143,0.425,1.0114048869143781
3144,0.425,1.0114048869143781
3145,0.425,1.0114048869143781
3146,0.425,1.0114048869143781
3147,0.425,1.0114048869143781
3148,0.425,1.0114048869143781
3149,0.425,1.0114048869143781
3150,0.425,1.0114048869143781
3151,0.425,1.0114048869143781
3152,0.425,1.0114048869143781
3153,0.425,1.0114048869143781
3154,0.425,1.0114048869143781
3155,0.425,1.0114048869143781
3156,0.425,1.0114048869143781
3157,0.425,1.0114048869143781
3158,0.425,1.0114048869143781
3159,0.425,1.0114048869143781
3160,0.425,1.0114048869143781
3161,0.425,1.0114048869143781
3162,0.425,1.0114048869143781
3163,0.425,1.0114048869143781
3164,0.425,1.0114048869143781
3165,0.425,1.0114048869143781
3166,0.425,1.0114048869143781
3167,0.425,1.0114048869143781
3168,0.425,1.0114048869143781
3169,0.425,1.0114048869143781
3170,0.425,1.0114048869143781
3171,0.425,1.0114048869143781
3172,0.425,1.0114048869143781
3173,0.425,1.0114048869143781
3174,0.425,1.0114048869143781
3175,0.425,1.0114048869143781
3176,0.425,1.0114048869143781
3177,0.425,1.0114048869143781
3178,0.425,1.0114048869143781
3179,0.425,1.0114048869143781
3180,0.425,1.0114048869143781
3181,0.425,1.0114048869143781
3182,0.425,1.0114048869143781
3183,0.425,1.0114048869143781
3184,0.425,1.0114048869143781
3185,0.425,1.0114048869143781
3186,0.425,1.0114048869143781
3187,0.425,1.0114048869143781
3188,0.425,1.0114048869143781
3189,0.425,1.0114048869143781
3190,0.425,1.0114048869143781
3191,0.425,1.0114048869143781
3192,0.425,1.0114048869143781
3193,0.425,1.0114048869143781
3194,0.425,1.0114048869143781
3195,0.425,1.0114048869143781
3196,0.425,1.0114048869143781
3197,0.425,1.0114048869143781
3198,0.425,1.0114048869143781
3199,0.425,1.0114048869143781
3200,0.425,1.0114048869143781
3201,0.425,1.0114048869143781
3202,0.425,1.0114048869143781
3203,0.425,1.0114048869143781
3204,0.425,1.0114048869143781
3205,0.425,1.0114048869143781
3206,0.425,1.0114048869143781
3207,0.425,1.0114048869143781
3208,0.425,1.0114048869143781
3209,0.425,1.0114048869143781
3210,0.425,1.0114048869143781
3211,0.425,1.0114048869143781
3212,0.425,1.0114048869143781
3213,0.425,1.0114048869143781
3214,0.425,1.0114048869143781
3215,0.425,1.0114048869143781
3216,0.425,1.0114048869143781
3217,0.425,1.0114048869143781
3218,0.425,1.0114048869143781
3219,0.425,1.0114048869143781
3220,0.425,1.0114048869143781
3221,0.425,1.0114048869143781
3222,0.425,1.0114048869143781
3223,0.425,1.0114048869143781
3224,0.425,1.0114048869143781
3225,0.425,1.0114048869143781
3226,0.425,1.0114048869143781
3227,0.425,1.0114048869143781
3228,0.425,1.0114048869143781
3229,0.425,1.0114048869143781
3230,0.425,1.0114048869143781
3231,0.425,1.0114048869143781
3232,0.425,1.0114048869143781
3233,0.425,1.0114048869143781
3234,0.425,1.0114048869143781
3235,0.425,1.0114048869143781
3236,0.425,1.0114048869143781
3237,0.425,1.0114048869143781
3238,0.425,1.0114048869143781
3239,0.425,1.0114048869143781
3240,0.425,1.0114048869143781
3241,0.425,1.0114048869143781
3242,0.425,1.0114048869143781
3243,0.425,1.0114048869143781
3244,0.425,1.0114048869143781
3245,0.425,1.0114048869143781
3246,0.425,1.0114048869143781
3247,0.425,1.0114048869143781
3248,0.425,1.0114048869143781
3249,0.425,1.0114048869143781
3250,0.425,1.0114048869143781
3251,0.425,1.0114048869143781
3252,0.425,1.0114048869143781
3253,0.425,1.0114048869143781
3254,0.425,1.0114048869143781
3255,0.425,1.0114048869143781
3256,0.425,1.0114048869143781
3257,0.425,1.0114048869143781
3258,0.425,1.0114048869143781
3259,0.425,1.0114048869143781
3260,0.425,1.0114048869143781
3261,0.425,1.0114048869143781
3262,0.425,1.0114048869143781
3263,0.425,1.0114048869143781
3264,0.425,1.0114048869143781
3265,0.425,1.0114048869143781
3266,0.425,1.0114048869143781
3267,0.425,1.0114048869143781
3268,0.425,1.0114048869143781
3269,0.425,1.0114048869143781
3270,0.425,1.0114048869143781
3271,0.425,1.0114048869143781
3272,0.425,1.0114048869143781
3273,0.425,1.0114048869143781
3274,0.425,1.0114048869143781
3275,0.425,1.0114048869143781
3276,0.425,1.0114048869143781
3277,0.425,1.0114048869143781
3278,0.425,1.0114048869143781
3279,0.425,1.0114048869143781
3280,0.425,1.0114048869143781
3281,0.425,1.0114048869143781
3282,0.425,1.0114048869143781
3283,0.425,1.0114048869143781
3284,0.425,1.0114048869143781
3285,0.425,1.0114048869143781
3286,0.425,1.0114048869143781
3287,0.425,1.0114048869143781
3288,0.425,1.0114048869143781
3289,0.425,1.0114048869143781
3290,0.425,1.0114048869143781
3291,0.425,1.0114048869143781
3292,0.425,1.0114048869143781
3293,0.425,1.0114048869143781
3294,0.425,1.0114048869143781
3295,0.425,1.0114048869143781
3296,0.425,1.0114048869143781
3297,0.425,1.0114048869143781
3298,0.425,1.0114048869143781
3299,0.425,1.0114048869143781
3300,0.425,1.0114048869143781
3301,0.425,1.0114048869143781
3302,0.425,1.0114048869143781
3303,0.425,1.0114048869143781
3304,0.425,1.0114048869143781
3305,0.425,1.0114048869143781
3306,0.425,1.0114048869143781
3307,0.425,1.0114048869143781
3308,0.425,1.0114048869143781
3309,0.425,1.0114048869143781
3310,0.425,1.0114048869143781
3311,0.425,1.0114048869143781
3312,0.425,1.0114048869143781
3313,0.425,1.0114048869143781
3314,0.425,1.0114048869143781
3315,0.425,1.0114048869143781
3316,0.425,1.0114048869143781
3317,0.425,1.0114048869143781
3318,0.425,1.0114048869143781
3319,0.425,1.0114048869143781
3320,0.425,1.0114048869143781
3321,0.425,1.0114048869143781
3322,0.425,1.0114048869143781
3323,0.425,1.0114048869143781
3324,0.425,1.0114048869143781
3325,0.425,1.0114048869143781
3326,0.425,1.0114048869143781
3327,0.425,1.0114048869143781
3328,0.425,1.0114048869143781
3329,0.425,1.0114048869143781
3330,0.425,1.0114048869143781
3331,0.425,1.0114048869143781
3332,0.425,1.0114048869143781
3333,0.425,1.0114048869143781
3334,0.425,1.0114048869143781
3335,0.425,1.0114048869143781
3336,0.425,1.0114048869143781
3337,0.425,1.0114048869143781
3338,0.425,1.0114048869143781
3339,0.425,1.0114048869143781
3340,0.425,1.0114048869143781
3341,0.425,1.0114048869143781
3342,0.425,1.0114048869143781
3343,0.425,1.0114048869143781
3344,0.425,1.0114048869143781
3345,0.425,1.0114048869143781
3346,0.425,1.0114048869143781
3347,0.425,1.0114048869143781
3348,0.425,1.0114048869143781
3349,0.425,1.0114048869143781
3350,0.425,1.0114048869143781
3351,0.425,1.0114048869143781
3352,0.425,1.0114048869143781
3353,0.425,1.0114048869143781
3354,0.425,1.0114048869143781
3355,0.425,1.0114048869143781
3356,0.425,1.0114048869143781
3357,0.425,1.0114048869143781
3358,0.425,1.0114048869143781
3359,0.425,1.0114048869143781
3360,0.425,1.0114048869143781
3361,0.425,1.0114048869143781
3362,0.425,1.0114048869143781
3363,0.425,1.0114048869143781
3364,0.425,1.0114048869143781
3365,0.425,1.0114048869143781
3366,0.425,1.0114048869143781
3367,0.425,1.0114048869143781
3368,0.425,1.0114048869143781
3369,0.425,1.0114048869143781
3370,0.425,1.0114048869143781
3371,0.425,1.0114048869143781
3372,0.425,1.0114048869143781
3373,0.425,1.0114048869143781
3374,0.425,1.0114048869143781
3375,0.425,1.0114048869143781
3376,0.425,1.0114048869143781
3377,0.425,1.0114048869143781
3378,0.425,1.0114048869143781
3379,0.425,1.0114048869143781
3380,0.425,1.0114048869143781
3381,0.425,1.0114048869143781
3382,0.425,1.0114048869143781
3383,0.425,1.0114048869143781
3384,0.425,1.0114048869143781
3385,0.425,1.0114048869143781
3386,0.425,1.0114048869143781
3387,0.425,1.0114048869143781
3388,0.425,1.0114048869143781
3389,0.425,1.0114048869143781
3390,0.425,1.0114048869143781
3391,0.425,1.0114048869143781
3392,0.425,1.0114048869143781
3393,0.425,1.0114048869143781
3394,0.425,1.0114048869143781
3395,0.425,1.0114048869143781
3396,0.425,1.0114048869143781
3397,0.425,1.0114048869143781
3398,0.425,1.0114048869143781
3399,0.425,1.0114048869143781
3400,0.425,1.0114048869143781
3401,0.425,1.0114048869143781
3402,0.425,1.0114048869143781
3403,0.425,1.0114048869143781
3404,0.425,1.0114048869143781
3405,0.425,1.0114048869143781
3406,0.425,1.0114048869143781
3407,0.425,1.0114048869143781
3408,0.425,1.0114048869143781
3409,0.425,1.0114048869143781
3410,0.425,1.0114048869143781
3411,0.425,1.0114048869143781
3412,0.425,1.0114048869143781
3413,0.425,1.0114048869143781
3414,0.425,1.0114048869143781
3415,0.425,1.0114048869143781
3416,0.425,1.0114048869143781
3417,0.425,1.0114048869143781
3418,0.425,1.0114048869143781
3419,0.425,1.0114048869143781
3420,0.425,1.0114048869143781
3421,0.425,1.0114048869143781
3422,0.425,1.0114048869143781
3423,0.425,1.0114048869143781
3424,0.425,1.0114048869143781
3425,0.425,1.0114048869143781
3426,0.425,1.0114048869143781
3427,0.425,1.0114048869143781
3428,0.425,1.0114048869143781
3429,0.425,1.0114048869143781
3430,0.425,1.0114048869143781
3431,0.425,1.0114048869143781
3432,0.425,1.0114048869143781
3433,0.425,1.0114048869143781
3434,0.425,1.0114048869143781
3435,0.425,1.0114048869143781
3436,0.425,1.0114048869143781
3437,0.425,1.0114048869143781
3438,0.425,1.0114048869143781
3439,0.425,1.0114048869143781
3440,0.425,1.0114048869143781
3441,0.425,1.0114048869143781
3442,0.425,1.0114048869143781
3443,0.425,1.0114048869143781
3444,0.425,1.0114048869143781
3445,0.425,1.0114048869143781
3446,0.425,1.0114048869143781
3447,0.425,1.0114048869143781
3448,0.425,1.0114048869143781
3449,0.425,1.0114048869143781
3450,0.425,1.0114048869143781
3451,0.425,1.0114048869143781
3452,0.425,1.0114048869143781
3453,0.425,1.0114048869143781
3454,0.425,1.0114048869143781
3455,0.425,1.0114048869143781
3456,0.425,1.0114048869143781
3457,0.425,1.0114048869143781
3458,0.425,1.0114048869143781
3459,0.425,1.0114048869143781
3460,0.425,1.0114048869143781
3461,0.425,1.0114048869143781
3462,0.425,1.0114048869143781
3463,0.425,1.0114048869143781
3464,0.425,1.0114048869143781
3465,0.425,1.0114048869143781
3466,0.425,1.0114048869143781
3467,0.425,1.0114048869143781
3468,0.425,1.0114048869143781
3469,0.425,1.0114048869143781
3470,0.425,1.0114048869143781
3471,0.425,1.0114048869143781
3472,0.425,1.0114048869143781
3473,0.425,1.0114048869143781
3474,0.425,1.0114048869143781
3475,0.425,1.0114048869143781
3476,0.425,1.0114048869143781
3477,0.425,1.0114048869143781
3478,0.425,1.0114048869143781
3479,0.425,1.0114048869143781
3480,0.425,1.0114048869143781
3481,0.425,1.0114048869143781
3482,0.425,1.0114048869143781
3483,0.425,1.0114048869143781
3484,0.425,1.0114048869143781
3485,0.425,1.0114048869143781
3486,0.425,1.0114048869143781
3487,0.425,1.0114048869143781
3488,0.425,1.0114048869143781
3489,0.425,1.0114048869143781
3490,0.425,1.0114048869143781
3491,0.425,1.0114048869143781
3492,0.425,1.0114048869143781
3493,0.425,1.0114048869143781
3494,0.425,1.0114048869143781
3495,0.425,1.0114048869143781
3496,0.425,1.0114048869143781
3497,0.425,1.0114048869143781
3498,0.425,1.0114048869143781
3499,0.425,1.0114048869143781
3500,0.425,1.0114048869143781
3501,0.425,1.0114048869143781
3502,0.425,1.0114048869143781
3503,0.425,1.0114048869143781
3504,0.425,1.0114048869143781
3505,0.425,1.0114048869143781
3506,0.425,1.0114048869143781
3507,0.425,1.0114048869143781
3508,0.425,1.0114048869143781
3509,0.425,1.0114048869143781
3510,0.425,1.0114048869143781
3511,0.425,1.0114048869143781
3512,0.425,1.0114048869143781
3513,0.425,1.0114048869143781
3514,0.425,1.0114048869143781
3515,0.425,1.0114048869143781
3516,0.425,1.0114048869143781
3517,0.425,1.0114048869143781
3518,0.425,1.0114048869143781
3519,0.425,1.0114048869143781
3520,0.425,1.0114048869143781
3521,0.425,1.0114048869143781
3522,0.425,1.0114048869143781
3523,0.425,1.0114048869143781
3524,0.425,1.0114048869143781
3525,0.425,1.0114048869143781
3526,0.425,1.0114048869143781
3527,0.425,1.0114048869143781
3528,0.425,1.0114048869143781
3529,0.425,1.0114048869143781
3530,0.425,1.0114048869143781
3531,0.425,1.0114048869143781
3532,0.425,1.0114048869143781
3533,0.425,1.0114048869143781
3534,0.425,1.0114048869143781
3535,0.425,1.0114048869143781
3536,0.425,1.0114048869143781
3537,0.425,1.0114048869143781
3538,0.425,1.0114048869143781
3539,0.425,1.0114048869143781
3540,0.425,1.0114048869143781
3541,0.425,1.0114048869143781
3542,0.425,1.0114048869143781
3543,0.425,1.0114048869143781
3544,0.425,1.0114048869143781
3545,0.425,1.0114048869143781
3546,0.425,1.0114048869143781
3547,0.425,1.0114048869143781
3548,0.425,1.0114048869143781
3549,0.425,1.0114048869143781
3550,0.425,1.0114048869143781
3551,0.425,1.0114048869143781
3552,0.425,1.0114048869143781
3553,0.425,1.0114048869143781
3554,0.425,1.0114048869143781
3555,0.425,1.0114048869143781
3556,0.425,1.0114048869143781
3557,0.425,1.0114048869143781
3558,0.425,1.0114048869143781
3559,0.425,1.0114048869143781
3560,0.425,1.0114048869143781
3561,0.425,1.0114048869143781
3562,0.425,1.0114048869143781
3563,0.425,1.0114048869143781
3564,0.425,1.0114048869143781
3565,0.425,1.0114048869143781
3566,0.425,1.0114048869143781
3567,0.425,1.0114048869143781
3568,0.425,1.0114048869143781
3569,0.425,1.0114048869143781
3570,0.425,1.0114048869143781
3571,0.425,1.0114048869143781
3572,0.425,1.0114048869143781
3573,0.425,1.0114048869143781
3574,0.425,1.0114048869143781
3575,0.425,1.0114048869143781
3576,0.425,1.0114048869143781
3577,0.425,1.0114048869143781
3578,0.425,1.0114048869143781
3579,0.425,1.0114048869143781
3580,0.425,1.0114048869143781
3581,0.425,1.0114048869143781
3582,0.425,1.0114048869143781
3583,0.425,1.0114048869143781
3584,0.425,1.0114048869143781
3585,0.425,1.0114048869143781
3586,0.425,1.0114048869143781
3587,0.425,1.0114048869143781
3588,0.425,1.0114048869143781
3589,0.425,1.0114048869143781
3590,0.425,1.0114048869143781
3591,0.425,1.0114048869143781
3592,0.425,1.0114048869143781
3593,0.425,1.0114048869143781
3594,0.425,1.0114048869143781
3595,0.425,1.0114048869143781
3596,0.425,1.0114048869143781
3597,0.425,1.0114048869143781
3598,0.425,1.0114048869143781
3599,0.425,1.0114048869143781
3600,0.425,1.0114048869143781
3601,0.425,1.0114048869143781
3602,0.425,1.0114048869143781
3603,0.425,1.0114048869143781
3604,0.425,1.0114048869143781
3605,0.425,1.0114048869143781
3606,0.425,1.0114048869143781
3607,0.425,1.0114048869143781
3608,0.425,1.0114048869143781
3609,0.425,1.0114048869143781
3610,0.425,1.0114048869143781
3611,0.425,1.0114048869143781
3612,0.425,1.0114048869143781
3613,0.425,1.0114048869143781
3614,0.425,1.0114048869143781
3615,0.425,1.0114048869143781
3616,0.425,1.0114048869143781
3617,0.425,1.0114048869143781
3618,0.425,1.0114048869143781
3619,0.425,1.0114048869143781
3620,0.425,1.0114048869143781
3621,0.425,1.0114048869143781
3622,0.425,1.0114048869143781
3623,0.425,1.0114048869143781
3624,0.425,1.0114048869143781
3625,0.425,1.0114048869143781
3626,0.425,1.0114048869143781
3627,0.425,1.0114048869143781
3628,0.425,1.0114048869143781
3629,0.425,1.0114048869143781
3630,0.425,1.0114048869143781
3631,0.425,1.0114048869143781
3632,0.425,1.0114048869143781
3633,0.425,1.0114048869143781
3634,0.425,1.0114048869143781
3635,0.425,1.0114048869143781
3636,0.425,1.0114048869143781
3637,0.425,1.0114048869143781
3638,0.425,1.0114048869143781
3639,0.425,1.0114048869143781
3640,0.425,1.0114048869143781
3641,0.425,1.0114048869143781
3642,0.425,1.0114048869143781
3643,0.425,1.0114048869143781
3644,0.425,1.0114048869143781
3645,0.425,1.0114048869143781
3646,0.425,1.0114048869143781
3647,0.425,1.0114048869143781
3648,0.425,1.0114048869143781
3649,0.425,1.0114048869143781
3650,0.425,1.0114048869143781
3651,0.425,1.0114048869143781
3652,0.425,1.0114048869143781
3653,0.425,1.0114048869143781
3654,0.425,1.0114048869143781
3655,0.425,1.0114048869143781
3656,0.425,1.0114048869143781
3657,0.425,1.0114048869143781
3658,0.425,1.0114048869143781
3659,0.425,1.0114048869143781
3660,0.425,1.0114048869143781
3661,0.425,1.0114048869143781
3662,0.425,1.0114048869143781
3663,0.425,1.0114048869143781
3664,0.425,1.0114048869143781
3665,0.41500000000000004,1.0114048869143781
3666,0.28,1.0114048869143781
3667,0.28,1.0114048869143781
3668,0.28,1.0114048869143781
3669,0.28,1.0114048869143781
3670,0.28,1.0114048869143781
3671,0.28,1.0114048869143781
3672,0.28,1.0114048869143781
3673,0.28,1.0114048869143781
3674,0.28,1.0114048869143781
3675,0.28,1.0114048869143781
3676,0.28,1.0114048869143781
3677,0.28,1.0114048869143781
3678,0.28,1.0114048869143781
3679,0.28,1.0114048869143781
3680,0.28,1.0114048869143781
3681,0.28,1.0114048869143781
3682,0.28,1.0114048869143781
3683,0.28,1.0114048869143781
3684,0.28,1.0114048869143781
3685,0.28,1.0114048869143781
3686,0.28,1.0114048869143781
3687,0.28,1.0114048869143781
3688,0.28,1.0114048869143781
3689,0.28,1.0114048869143781
3690,0.28,1.0114048869143781
3691,0.28,1.0114048869143781
3692,0.28,1.0114048869143781
3693,0.28,1.0114048869143781
3694,0.28,1.0114048869143781
3695,0.28,1.0114048869143781
3696,0.28,1.0114048869143781
3697,0.28,1.0114048869143781
3698,0.28,1.0114048869143781
3699,0.28,1.0114048869143781
3700,0.28,1.0114048869143781
3701,0.28,1.0114048869143781
3702,0.28,1.0114048869143781
3703,0.28,1.0114048869143781
3704,0.28,1.0114048869143781
3705,0.28,1.0114048869143781
3706,0.28,1.0114048869143781
3707,0.28,1.0114048869143781
3708,0.28,1.0114048869143781
3709,0.28,1.0114048869143781
3710,0.28,1.0114048869143781
3711,0.28,1.0114048869143781
3712,0.28,1.0114048869143781
3713,0.28,1.0114048869143781
3714,0.28,1.0114048869143781
3715,0.28,1.0114048869143781
3716,0.28,1.0114048869143781
3717,0.28,1.0114048869143781
3718,0.28,1.0114048869143781
3719,0.28,1.0114048869143781
3720,0.28,1.0114048869143781
3721,0.28,1.0114048869143781
3722,0.28,1.0114048869143781
3723,0.28,1.0114048869143781
3724,0.28,1.0114048869143781
3725,0.28,1.0114048869143781
3726,0.28,1.0114048869143781
3727,0.28,1.0114048869143781
3728,0.28,1.0114048869143781
3729,0.28,1.0114048869143781
3730,0.28,1.0114048869143781
3731,0.28,1.0114048869143781
3732,0.28,1.0114048869143781
3733,0.28,1.0114048869143781
3734,0.28,1.0114048869143781
3735,0.28,1.0114048869143781
3736,0.28,1.0114048869143781
3737,0.28,1.0114048869143781
3738,0.28,1.0114048869143781
3739,0.28,1.0114048869143781
3740,0.28,1.0114048869143781
3741,0.28,1.0114048869143781
3742,0.28,1.0114048869143781
3743,0.28,1.0114048869143781
3744,0.28,1.0114048869143781
3745,0.28,1.0114048869143781
3746,0.28,1.0114048869143781
3747,0.28,1.0114048869143781
3748,0.28,1.0114048869143781
3749,0.28,1.0114048869143781
3750,0.28,1.0114048869143781
3751,0.28,1.0114048869143781
3752,0.28,1.0114048869143781
3753,0.28,1.0114048869143781
3754,0.28,1.0114048869143781
3755,0.28,1.0114048869143781
3756,0.28,1.0114048869143781
3757,0.28,1.0114048869143781
3758,0.28,1.0114048869143781
3759,0.28,1.0114048869143781
3760,0.28,1.0114048869143781
3761,0.28,1.0114048869143781
3762,0.28,1.0114048869143781
3763,0.28,1.0114048869143781
3764,0.28,1.0114048869143781
3765,0.28,1.0114048869143781
3766,0.28,1.0114048869143781
3767,0.28,1.0114048869143781
3768,0.28,1.0114048869143781
3769,0.28,1.0114048869143781
3770,0.28,1.0114048869143781
3771,0.28,1.0114048869143781
3772,0.28,1.0114048869143781
3773,0.28,1.0114048869143781
3774,0.28,1.0114048869143781
3775,0.28,1.0114048869143781
3776,0.28,1.0114048869143781
3777,0.28,1.0114048869143781
3778,0.28,1.0114048869143781
3779,0.28,1.0114048869143781
3780,0.28,1.0114048869143781
3781,0.28,1.0114048869143781
3782,0.28,1.0114048869143781
3783,0.28,1.0114048869143781
3784,0.28,1.0114048869143781
3785,0.28,1.0114048869143781
3786,0.28,1.0114048869143781
3787,0.28,1.0114048869143781
3788,0.28,1.0114048869143781
3789,0.28,1.0114048869143781
3790,0.28,1.0114048869143781
3791,0.28,1.0114048869143781
3792,0.28,1.0114048869143781
3793,0.28,1.0114048869143781
3794,0.28,1.0114048869143781
3795,0.28,1.0114048869143781
3796,0.28,1.0114048869143781
3797,0.28,1.0114048869143781
3798,0.28,1.0114048869143781
3799,0.28,1.0114048869143781
3800,0.28,1.0114048869143781
3801,0.28,1.0114048869143781
3802,0.28,1.0114048869143781
3803,0.28,1.0114048869143781
3804,0.28,1.0114048869143781
3805,0.28,1.0114048869143781
3806,0.28,1.0114048869143781
3807,0.28,1.0114048869143781
3808,0.28,1.0114048869143781
3809,0.28,1.0114048869143781
3810,0.28,1.0114048869143781
3811,0.28,1.0114048869143781
3812,0.28,1.0114048869143781
3813,0.28,1.0114048869143781
3814,0.28,1.0114048869143781
3815,0.28,1.0114048869143781
3816,0.28,1.0114048869143781
3817,0.28,1.0114048869143781
3818,0.28,1.0114048869143781
3819,0.28,1.0114048869143781
3820,0.28,1.0114048869143781
3821,0.28,1.0114048869143781
3822,0.28,1.0114048869143781
3823,0.28,1.0114048869143781
3824,0.28,1.0114048869143781
3825,0.28,1.0114048869143781
3826,0.28,1.0114048869143781
3827,0.28,1.0114048869143781
3828,0.28,1.0114048869143781
3829,0.28,1.0114048869143781
3830,0.28,1.0114048869143781
3831,0.28,1.0114048869143781
3832,0.28,1.0114048869143781
3833,0.28,1.0114048869143781
3834,0.28,1.0114048869143781
3835,0.28,1.0114048869143781
3836,0.28,1.0114048869143781
3837,0.28,1.0114048869143781
3838,0.28,1.0114048869143781
3839,0.28,1.0114048869143781
3840,0.28,1.0114048869143781
3841,0.28,1.0114048869143781
3842,0.28,1.0114048869143781
3843,0.28,1.0114048869143781
3844,0.28,1.0114048869143781
3845,0.28,1.0114048869143781
3846,0.28,1.0114048869143781
3847,0.28,1.0114048869143781
3848,0.28,1.0114048869143781
3849,0.28,1.0114048869143781
3850,0.28,1.0114048869143781
3851,0.28,1.0114048869143781
3852,0.28,1.0114048869143781
3853,0.28,1.0114048869143781
3854,0.28,1.0114048869143781
3855,0.28,1.0114048869143781
3856,0.28,1.0114048869143781
3857,0.28,1.0114048869143781
3858,0.28,1.0114048869143781
3859,0.28,1.0114048869143781
3860,0.28,1.0114048869143781
3861,0.28,1.0114048869143781
3862,0.28,1.0114048869143781
3863,0.28,1.0114048869143781
3864,0.28,1.0114048869143781
3865,0.28,1.0114048869143781
3866,0.28,1.0114048869143781
3867,0.28,1.0114048869143781
3868,0.28,1.0114048869143781
3869,0.28,1.0114048869143781
3870,0.28,1.0114048869143781
3871,0.28,1.0114048869143781
3872,0.28,1.0114048869143781
3873,0.28,1.0114048869143781
3874,0.28,1.0114048869143781
3875,0.28,1.0114048869143781
3876,0.28,1.0114048869143781
3877,0.28,1.0114048869143781
3878,0.28,1.0114048869143781
3879,0.28,1.0114048869143781
3880,0.28,1.0114048869143781
3881,0.28,1.0114048869143781
3882,0.28,1.0114048869143781
3883,0.28,1.0114048869143781
3884,0.28,1.0114048869143781
3885,0.28,1.0114048869143781
3886,0.28,1.0114048869143781
3887,0.28,1.0114048869143781
3888,0.28,1.0114048869143781
3889,0.28,1.0114048869143781
3890,0.28,1.0114048869143781
3891,0.28,1.0114048869143781
3892,0.28,1.0114048869143781
3893,0.28,1.0114048869143781
3894,0.28,1.0114048869143781
3895,0.28,1.0114048869143781
3896,0.28,1.0114048869143781
3897,0.28,1.0114048869143781
3898,0.28,1.0114048869143781
3899,0.28,1.0114048869143781
3900,0.28,1.0114048869143781
3901,0.28,1.0114048869143781
3902,0.28,1.0114048869143781
3903,0.28,1.0114048869143781
3904,0.28,1.0114048869143781
3905,0.28,1.0114048869143781
3906,0.28,1.0114048869143781
3907,0.28,1.0114048869143781
3908,0.28,1.0114048869143781
3909,0.28,1.0114048869143781
3910,0.28,1.0114048869143781
3911,0.28,1.0114048869143781
3912,0.28,1.0114048869143781
3913,0.28,1.0114048869143781
3914,0.28,1.0114048869143781
3915,0.28,1.0114048869143781
3916,0.28,1.0114048869143781
3917,0.28,1.0114048869143781
3918,0.28,1.0114048869143781
3919,0.28,1.0114048869143781
3920,0.28,1.0114048869143781
3921,0.28,1.0114048869143781
3922,0.28,1.0114048869143781
3923,0.28,1.0114048869143781
3924,0.28,1.0114048869143781
3925,0.28,1.0114048869143781
3926,0.28,1.0114048869143781
3927,0.28,1.0114048869143781
3928,0.28,1.0114048869143781
3929,0.28,1.0114048869143781
3930,0.28,1.0114048869143781
3931,0.28,1.0114048869143781
3932,0.28,1.0114048869143781
3933,0.28,1.0114048869143781
3934,0.28,1.0114048869143781
3935,0.28,1.0114048869143781
3936,0.28,1.0114048869143781
3937,0.28,1.0114048869143781
3938,0.28,1.0114048869143781
3939,0.28,1.0114048869143781
3940,0.28,1.0114048869143781
3941,0.28,1.0114048869143781
3942,0.28,1.0114048869143781
3943,0.28,1.0114048869143781
3944,0.28,1.0114048869143781
3945,0.28,1.0114048869143781
3946,0.28,1.0114048869143781
3947,0.28,1.0114048869143781
3948,0.28,1.0114048869143781
3949,0.28,1.0114048869143781
3950,0.28,1.0114048869143781
3951,0.28,1.0114048869143781
3952,0.28,1.0114048869143781
3953,0.28,1.0114048869143781
3954,0.28,1.0114048869143781
3955,0.28,1.0114048869143781
3956,0.28,1.0114048869143781
3957,0.28,1.0114048869143781
3958,0.28,1.0114048869143781
3959,0.28,1.0114048869143781
3960,0.28,1.0114048869143781
3961,0.28,1.0114048869143781
3962,0.28,1.0114048869143781
3963,0.28,1.0114048869143781
3964,0.28,1.0114048869143781
3965,0.28,1.0114048869143781
3966,0.28,1.0114048869143781
3967,0.28,1.0114048869143781
3968,0.28,1.0114048869143781
3969,0.28,1.0114048869143781
3970,0.28,1.0114048869143781
3971,0.28,1.0114048869143781
3972,0.28,1.0114048869143781
3973,0.28,1.0114048869143781
3974,0.28,1.0114048869143781
3975,0.28,1.0114048869143781
3976,0.28,1.0114048869143781
3977,0.28,1.0114048869143781
3978,0.28,1.0114048869143781
3979,0.28,1.0114048869143781
3980,0.28,1.0114048869143781
3981,0.28,1.0114048869143781
3982,0.28,1.0114048869143781
3983,0.28,1.0114048869143781
3984,0.28,1.0114048869143781
3985,0.28,1.0114048869143781
3986,0.28,1.0114048869143781
3987,0.28,1.0114048869143781
3988,0.28,1.0114048869143781
3989,0.28,1.0114048869143781
3990,0.28,1.0114048869143781
3991,0.28,1.0114048869143781
3992,0.28,1.0114048869143781
3993,0.28,1.0114048869143781
3994,0.28,1.0114048869143781
3995,0.28,1.0114048869143781
3996,0.28,1.0114048869143781
3997,0.28,1.0114048869143781
3998,0.28,1.0114048869143781
3999,0.28,1.0114048869143781
4000,0.28,1.0114048869143781
4001,0.28,1.0114048869143781
4002,0.28,1.0114048869143781
4003,0.28,1.0114048869143781
4004,0.28,1.0114048869143781
4005,0.28,1.0114048869143781
4006,0.28,1.0114048869143781
4007,0.28,1.0114048869143781
4008,0.28,1.0114048869143781
4009,0.28,1.0114048869143781
4010,0.28,1.0114048869143781
4011,0.28,1.0114048869143781
4012,0.28,1.0114048869143781
4013,0.28,1.0114048869143781
4014,0.28,1.0114048869143781
4015,0.28,1.0114048869143781
4016,0.28,1.0114048869143781
4017,0.28,1.0114048869143781
4018,0.28,1.0114048869143781
4019,0.28,1.0114048869143781
4020,0.28,1.0114048869143781
4021,0.28,1.0114048869143781
4022,0.28,1.0114048869143781
4023,0.28,1.0114048869143781
4024,0.28,1.0114048869143781
4025,0.28,1.0114048869143781
4026,0.28,1.0114048869143781
4027,0.28,1.0114048869143781
4028,0.28,1.0114048869143781
4029,0.28,1.0114048869143781
4030,0.28,1.0114048869143781
4031,0.28,1.0114048869143781
4032,0.28,1.0114048869143781
4033,0.28,1.0114048869143781
4034,0.28,1.0114048869143781
4035,0.28,1.0114048869143781
4036,0.28,1.0114048869143781
4037,0.28,1.0114048869143781
4038,0.28,1.0114048869143781
4039,0.28,1.0114048869143781
4040,0.28,1.0114048869143781
4041,0.28,1.0114048869143781
4042,0.28,1.0114048869143781
4043,0.28,1.0114048869143781
4044,0.28,1.0114048869143781
4045,0.28,1.0114048869143781
4046,0.28,1.0114048869143781
4047,0.28,1.0114048869143781
4048,0.28,1.0114048869143781
4049,0.28,1.0114048869143781
4050,0.28,1.0114048869143781
4051,0.28,1.0114048869143781
4052,0.28,1.0114048869143781
4053,0.28,1.0114048869143781
4054,0.28,1.0114048869143781
4055,0.28,1.0114048869143781
4056,0.28,1.0114048869143781
4057,0.28,1.0114048869143781
4058,0.28,1.0114048869143781
4059,0.28,1.0114048869143781
4060,0.28,1.0114048869143781
4061,0.28,1.0114048869143781
4062,0.28,1.0114048869143781
4063,0.28,1.0114048869143781
4064,0.28,1.0114048869143781
4065,0.28,1.0114048869143781
4066,0.28,1.0114048869143781
4067,0.28,1.0114048869143781
4068,0.28,1.0114048869143781
4069,0.28,1.0114048869143781
4070,0.28,1.0114048869143781
4071,0.28,1.0114048869143781
4072,0.28,1.0114048869143781
4073,0.28,1.0114048869143781
4074,0.28,1.0114048869143781
4075,0.28,1.0114048869143781
4076,0.28,1.0114048869143781
4077,0.28,1.0114048869143781
4078,0.28,1.0114048869143781
4079,0.28,1.0114048869143781
4080,0.28,1.0114048869143781
4081,0.28,1.0114048869143781
4082,0.28,1.0114048869143781
4083,0.28,1.0114048869143781
4084,0.28,1.0114048869143781
4085,0.28,1.0114048869143781
4086,0.28,1.0114048869143781
4087,0.28,1.0114048869143781
4088,0.28,1.0114048869143781
4089,0.28,1.0114048869143781
4090,0.28,1.0114048869143781
4091,0.28,1.0114048869143781
4092,0.28,1.0114048869143781
4093,0.28,1.0114048869143781
4094,0.28,1.0114048869143781
4095,0.28,1.0114048869143781
4096,0.28,1.0114048869143781
4097,0.28,1.0114048869143781
4098,0.28,1.0114048869143781
4099,0.28,1.0114048869143781
4100,0.28,1.0114048869143781
4101,0.28,1.0114048869143781
4102,0.28,1.0114048869143781
4103,0.28,1.0114048869143781
4104,0.28,1.0114048869143781
4105,0.28,1.0114048869143781
4106,0.28,1.0114048869143781
4107,0.28,1.0114048869143781
4108,0.28,1.0114048869143781
4109,0.28,1.0114048869143781
4110,0.28,1.0114048869143781
4111,0.28,1.0114048869143781
4112,0.28,1.0114048869143781
4113,0.28,1.0114048869143781
4114,0.28,1.0114048869143781
4115,0.28,1.0114048869143781
4116,0.28,1.0114048869143781
4117,0.28,1.0114048869143781
4118,0.28,1.0114048869143781
4119,0.28,1.0114048869143781
4120,0.28,1.0114048869143781
4121,0.28,1.0114048869143781
4122,0.28,1.0114048869143781
4123,0.28,1.0114048869143781
4124,0.28,1.0114048869143781
4125,0.28,1.0114048869143781
4126,0.28,1.0114048869143781
4127,0.28,1.0114048869143781
4128,0.28,1.0114048869143781
4129,0.28,1.0114048869143781
4130,0.28,1.0114048869143781
4131,0.28,1.0114048869143781
4132,0.28,1.0114048869143781
4133,0.28,1.0114048869143781
4134,0.28,1.0114048869143781
4135,0.28,1.0114048869143781
4136,0.28,1.0114048869143781
4137,0.28,1.0114048869143781
4138,0.28,1.0114048869143781
4139,0.28,1.0114048869143781
4140,0.28,1.0114048869143781
4141,0.28,1.0114048869143781
4142,0.28,1.0114048869143781
4143,0.28,1.0114048869143781
4144,0.28,1.0114048869143781
4145,0.28,1.0114048869143781
4146,0.28,1.0114048869143781
4147,0.28,1.0114048869143781
4148,0.28,1.0114048869143781
4149,0.28,1.0114048869143781
4150,0.28,1.0114048869143781
4151,0.28,1.0114048869143781
4152,0.28,1.0114048869143781
4153,0.28,1.0114048869143781
4154,0.28,1.0114048869143781
4155,0.28,1.0114048869143781
4156,0.28,1.0114048869143781
4157,0.28,1.0114048869143781
4158,0.28,1.0114048869143781
4159,0.28,1.0114048869143781
4160,0.28,1.0114048869143781
4161,0.28,1.0114048869143781
4162,0.28,1.0114048869143781
4163,0.28,1.0114048869143781
4164,0.28,1.0114048869143781
4165,0.28,1.0114048869143781
4166,0.28,1.0114048869143781
4167,0.28,1.0114048869143781
4168,0.28,1.0114048869143781
4169,0.28,1.0114048869143781
4170,0.28,1.0114048869143781
4171,0.28,1.0114048869143781
4172,0.28,1.0114048869143781
4173,0.28,1.0114048869143781
4174,0.28,1.0114048869143781
4175,0.28,1.0114048869143781
4176,0.28,1.0114048869143781
4177,0.28,1.0114048869143781
4178,0.28,1.0114048869143781
4179,0.28,1.0114048869143781
4180,0.28,1.0114048869143781
4181,0.28,1.0114048869143781
4182,0.28,1.0114048869143781
4183,0.28,1.0114048869143781
4184,0.28,1.0114048869143781
4185,0.28,1.0114048869143781
4186,0.28,1.0114048869143781
4187,0.28,1.0114048869143781
4188,0.28,1.0114048869143781
4189,0.28,1.0114048869143781
4190,0.28,1.0114048869143781
4191,0.28,1.0114048869143781
4192,0.28,1.0114048869143781
4193,0.28,1.0114048869143781
4194,0.28,1.0114048869143781
4195,0.28,1.0114048869143781
4196,0.28,1.0114048869143781
4197,0.28,1.0114048869143781
4198,0.28,1.0114048869143781
4199,0.28,1.0114048869143781
4200,0.28,1.0114048869143781
4201,0.28,1.0114048869143781
4202,0.28,1.0114048869143781
4203,0.28,1.0114048869143781
4204,0.28,1.0114048869143781
4205,0.28,1.0114048869143781
4206,0.28,1.0114048869143781
4207,0.28,1.0114048869143781
4208,0.28,1.0114048869143781
4209,0.28,1.0114048869143781
4210,0.28,1.0114048869143781
4211,0.28,1.0114048869143781
4212,0.28,1.0114048869143781
4213,0.28,1.0114048869143781
4214,0.28,1.0114048869143781
4215,0.28,1.0114048869143781
4216,0.28,1.0114048869143781
4217,0.28,1.0114048869143781
4218,0.28,1.0114048869143781
4219,0.28,1.0114048869143781
4220,0.28,1.0114048869143781
4221,0.28,1.0114048869143781
4222,0.28,1.0114048869143781
4223,0.28,1.0114048869143781
4224,0.28,1.0114048869143781
4225,0.28,1.0114048869143781
4226,0.28,1.0114048869143781
4227,0.28,1.0114048869143781
4228,0.28,1.0114048869143781
4229,0.28,1.0114048869143781
4230,0.28,1.0114048869143781
4231,0.28,1.0114048869143781
4232,0.28,1.0114048869143781
4233,0.28,1.0114048869143781
4234,0.28,1.0114048869143781
4235,0.28,1.0114048869143781
4236,0.28,1.0114048869143781
4237,0.28,1.0114048869143781
4238,0.28,1.0114048869143781
4239,0.28,1.0114048869143781
4240,0.28,1.0114048869143781
4241,0.28,1.0114048869143781
4242,0.28,1.0114048869143781
4243,0.28,1.0114048869143781
4244,0.28,1.0114048869143781
4245,0.28,1.0114048869143781
4246,0.28,1.0114048869143781
4247,0.28,1.0114048869143781
4248,0.28,1.0114048869143781
4249,0.28,1.0114048869143781
4250,0.28,1.0114048869143781
4251,0.28,1.0114048869143781
4252,0.28,1.0114048869143781
4253,0.28,1.0114048869143781
4254,0.28,1.0114048869143781
4255,0.28,1.0114048869143781
4256,0.28,1.0114048869143781
4257,0.28,1.0114048869143781
4258,0.28,1.0114048869143781
4259,0.28,1.0114048869143781
4260,0.28,1.0114048869143781
4261,0.28,1.0114048869143781
4262,0.28,1.0114048869143781
4263,0.28,1.0114048869143781
4264,0.28,1.0114048869143781
4265,0.28,1.0114048869143781
4266,0.28,1.0114048869143781
4267,0.28,1.0114048869143781
4268,0.28,1.0114048869143781
4269,0.28,1.0114048869143781
4270,0.28,1.0114048869143781
4271,0.28,1.0114048869143781
4272,0.28,1.0114048869143781
4273,0.28,1.0114048869143781
4274,0.28,1.0114048869143781
4275,0.28,1.0114048869143781
4276,0.28,1.0114048869143781
4277,0.28,1.0114048869143781
4278,0.28,1.0114048869143781
4279,0.28,1.0114048869143781
4280,0.28,1.0114048869143781
4281,0.28,1.0114048869143781
4282,0.28,1.0114048869143781
4283,0.28,1.0114048869143781
4284,0.28,1.0114048869143781
4285,0.28,1.0114048869143781
4286,0.28,1.0114048869143781
4287,0.28,1.0114048869143781
4288,0.28,1.0114048869143781
4289,0.28,1.0114048869143781
4290,0.28,1.0114048869143781
4291,0.28,1.0114048869143781
4292,0.28,1.0114048869143781
4293,0.28,1.0114048869143781
4294,0.28,1.0114048869143781
4295,0.28,1.0114048869143781
4296,0.28,1.0114048869143781
4297,0.28,1.0114048869143781
4298,0.28,1.0114048869143781
4299,0.28,1.0114048869143781
4300,0.28,1.0114048869143781
4301,0.28,1.0114048869143781
4302,0.28,1.0114048869143781
4303,0.28,1.0114048869143781
4304,0.28,1.0114048869143781
4305,0.28,1.0114048869143781
4306,0.28,1.0114048869143781
4307,0.28,1.0114048869143781
4308,0.28,1.0114048869143781
4309,0.28,1.0114048869143781
4310,0.28,1.0114048869143781
4311,0.28,1.0114048869143781
4312,0.28,1.0114048869143781
4313,0.28,1.0114048869143781
4314,0.28,1.0114048869143781
4315,0.28,1.0114048869143781
4316,0.28,1.0114048869143781
4317,0.28,1.0114048869143781
4318,0.28,1.0114048869143781
4319,0.28,1.0114048869143781
4320,0.28,1.0114048869143781
4321,0.28,1.0114048869143781
4322,0.28,1.0114048869143781
4323,0.28,1.0114048869143781
4324,0.28,1.0114048869143781
4325,0.28,1.0114048869143781
4326,0.28,1.0114048869143781
4327,0.28,1.0114048869143781
4328,0.28,1.0114048869143781
4329,0.28,1.0114048869143781
4330,0.28,1.0114048869143781
4331,0.28,1.0114048869143781
4332,0.28,1.0114048869143781
4333,0.28,1.0114048869143781
4334,0.28,1.0114048869143781
4335,0.28,1.0114048869143781
4336,0.28,1.0114048869143781
4337,0.28,1.0114048869143781
4338,0.28,1.0114048869143781
4339,0.28,1.0114048869143781
4340,0.28,1.0114048869143781
4341,0.28,1.0114048869143781
4342,0.28,1.0114048869143781
4343,0.28,1.0114048869143781
4344,0.28,1.0114048869143781
4345,0.28,1.0114048869143781
4346,0.28,1.0114048869143781
4347,0.28,1.0114048869143781
4348,0.28,1.0114048869143781
4349,0.28,1.0114048869143781
4350,0.28,1.0114048869143781
4351,0.28,1.0114048869143781
4352,0.28,1.0114048869143781
4353,0.28,1.0114048869143781
4354,0.28,1.0114048869143781
4355,0.28,1.0114048869143781
4356,0.28,1.0114048869143781
4357,0.28,1.0114048869143781
4358,0.145,1.0114048869143781
4359,0.145,1.0114048869143781
4360,0.145,1.0114048869143781
4361,0.145,1.0114048869143781
4362,0.145,1.0114048869143781
4363,0.145,1.0114048869143781
4364,0.145,1.0114048869143781
4365,0.145,1.0114048869143781
4366,0.145,1.0114048869143781
4367,0.145,1.0114048869143781
4368,0.145,1.0114048869143781
4369,0.145,1.0114048869143781
4370,0.145,1.0114048869143781
4371,0.145,1.0114048869143781
4372,0.145,1.0114048869143781
4373,0.145,1.0114048869143781
4374,0.145,1.0114048869143781
4375,0.145,1.0114048869143781
4376,0.145,1.0114048869143781
4377,0.145,1.0114048869143781
4378,0.145,1.0114048869143781
4379,0.145,1.0114048869143781
4380,0.145,1.0114048869143781
4381,0.145,1.0114048869143781
4382,0.145,1.0114048869143781
4383,0.145,1.0114048869143781
4384,0.145,1.0114048869143781
4385,0.145,1.0114048869143781
4386,0.145,1.0114048869143781
4387,0.145,1.0114048869143781
4388,0.145,1.0114048869143781
4389,0.145,1.0114048869143781
4390,0.145,1.0114048869143781
4391,0.145,1.0114048869143781
4392,0.145,1.0114048869143781
4393,0.145,1.0114048869143781
4394,0.145,1.0114048869143781
4395,0.145,1.0114048869143781
4396,0.145,1.0114048869143781
4397,0.145,1.0114048869143781
4398,0.145,1.0114048869143781
4399,0.145,1.0114048869143781
4400,0.145,1.0114048869143781
4401,0.145,1.0114048869143781
4402,0.145,1.0114048869143781
4403,0.145,1.0114048869143781
4404,0.145,1.0114048869143781
4405,0.145,1.0114048869143781
4406,0.145,1.0114048869143781
4407,0.145,1.0114048869143781
4408,0.145,1.0114048869143781
4409,0.145,1.0114048869143781
4410,0.145,1.0114048869143781
4411,0.145,1.0114048869143781
4412,0.145,1.0114048869143781
4413,0.145,1.0114048869143781
4414,0.145,1.0114048869143781
4415,0.145,1.0114048869143781
4416,0.145,1.0114048869143781
4417,0.145,1.0114048869143781
4418,0.145,1.0114048869143781
4419,0.145,1.0114048869143781
4420,0.145,1.0114048869143781
4421,0.145,1.0114048869143781
4422,0.145,1.0114048869143781
4423,0.145,1.0114048869143781
4424,0.145,1.0114048869143781
4425,0.145,1.0114048869143781
4426,0.145,1.0114048869143781
4427,0.145,1.0114048869143781
4428,0.145,1.0114048869143781
4429,0.145,1.0114048869143781
4430,0.145,1.0114048869143781
4431,0.145,1.0114048869143781
4432,0.145,1.0114048869143781
4433,0.145,1.0114048869143781
4434,0.145,1.0114048869143781
4435,0.145,1.0114048869143781
4436,0.145,1.0114048869143781
4437,0.145,1.0114048869143781
4438,0.145,1.0114048869143781
4439,0.145,1.0114048869143781
4440,0.145,1.0114048869143781
4441,0.145,1.0114048869143781
4442,0.145,1.0114048869143781
4443,0.145,1.0114048869143781
4444,0.145,1.0114048869143781
4445,0.145,1.0114048869143781
4446,0.145,1.0114048869143781
4447,0.145,1.0114048869143781
4448,0.145,1.0114048869143781
4449,0.145,1.0114048869143781
4450,0.145,1.0114048869143781
4451,0.145,1.0114048869143781
4452,0.145,1.0114048869143781
4453,0.145,1.0114048869143781
4454,0.145,1.0114048869143781
4455,0.145,1.0114048869143781
4456,0.145,1.0114048869143781
4457,0.145,1.0114048869143781
4458,0.145,1.0114048869143781
4459,0.145,1.0114048869143781
4460,0.145,1.0114048869143781
4461,0.145,1.0114048869143781
4462,0.145,1.0114048869143781
4463,0.145,1.0114048869143781
4464,0.145,1.0114048869143781
4465,0.145,1.0114048869143781
4466,0.145,1.0114048869143781
4467,0.145,1.0114048869143781
4468,0.145,1.0114048869143781
4469,0.145,1.0114048869143781
4470,0.145,1.0114048869143781
4471,0.145,1.0114048869143781
4472,0.145,1.0114048869143781
4473,0.145,1.0114048869143781
4474,0.145,1.0114048869143781
4475,0.145,1.0114048869143781
4476,0.145,1.0114048869143781
4477,0.145,1.0114048869143781
4478,0.145,1.0114048869143781
4479,0.145,1.0114048869143781
4480,0.145,1.0114048869143781
4481,0.145,1.0114048869143781
4482,0.145,1.0114048869143781
4483,0.145,1.0114048869143781
4484,0.145,1.0114048869143781
4485,0.145,1.0114048869143781
4486,0.145,1.0114048869143781
4487,0.145,1.0114048869143781
4488,0.145,1.0114048869143781
4489,0.145,1.0114048869143781
4490,0.145,1.0114048869143781
4491,0.145,1.0114048869143781
4492,0.145,1.0114048869143781
4493,0.145,1.0114048869143781
4494,0.145,1.0114048869143781
4495,0.145,1.0114048869143781
4496,0.145,1.0114048869143781
4497,0.145,1.0114048869143781
4498,0.145,1.0114048869143781
4499,0.145,1.0114048869143781
4500,0.145,1.0114048869143781
4501,0.145,1.0114048869143781
4502,0.145,1.0114048869143781
4503,0.145,1.0114048869143781
4504,0.145,1.0114048869143781
4505,0.145,1.0114048869143781
4506,0.145,1.0114048869143781
4507,0.145,1.0114048869143781
4508,0.145,1.0114048869143781
4509,0.145,1.0114048869143781
4510,0.145,1.0114048869143781
4511,0.145,1.0114048869143781
4512,0.145,1.0114048869143781
4513,0.145,1.0114048869143781
4514,0.145,1.0114048869143781
4515,0.145,1.0114048869143781
4516,0.145,1.0114048869143781
4517,0.145,1.0114048869143781
4518,0.145,1.0114048869143781
4519,0.145,1.0114048869143781
4520,0.145,1.0114048869143781
4521,0.145,1.0114048869143781
4522,0.145,1.0114048869143781
4523,0.145,1.0114048869143781
4524,0.145,1.0114048869143781
4525,0.145,1.0114048869143781
4526,0.145,1.0114048869143781
4527,0.145,1.0114048869143781
4528,0.145,1.0114048869143781
4529,0.145,1.0114048869143781
4530,0.145,1.0114048869143781
4531,0.145,1.0114048869143781
4532,0.145,1.0114048869143781
4533,0.145,1.0114048869143781
4534,0.145,1.0114048869143781
4535,0.145,1.0114048869143781
4536,0.145,1.0114048869143781
4537,0.145,1.0114048869143781
4538,0.145,1.0114048869143781
4539,0.145,1.0114048869143781
4540,0.145,1.0114048869143781
4541,0.145,1.0114048869143781
4542,0.145,1.0114048869143781
4543,0.145,1.0114048869143781
4544,0.145,1.0114048869143781
4545,0.145,1.0114048869143781
4546,0.145,1.0114048869143781
4547,0.145,1.0114048869143781
4548,0.145,1.0114048869143781
4549,0.145,1.0114048869143781
4550,0.145,1.0114048869143781
4551,0.145,1.0114048869143781
4552,0.145,1.0114048869143781
4553,0.145,1.0114048869143781
4554,0.145,1.0114048869143781
4555,0.145,1.0114048869143781
4556,0.145,1.0114048869143781
4557,0.145,1.0114048869143781
4558,0.145,1.0114048869143781
4559,0.145,1.0114048869143781
4560,0.145,1.0114048869143781
4561,0.145,1.0114048869143781
4562,0.145,1.0114048869143781
4563,0.145,1.0114048869143781
4564,0.145,1.0114048869143781
4565,0.145,1.0114048869143781
4566,0.145,1.0114048869143781
4567,0.145,1.0114048869143781
4568,0.145,1.0114048869143781
4569,0.145,1.0114048869143781
4570,0.145,1.0114048869143781
4571,0.145,1.0114048869143781
4572,0.145,1.0114048869143781
4573,0.145,1.0114048869143781
4574,0.145,1.0114048869143781
4575,0.145,1.0114048869143781
4576,0.145,1.0114048869143781
4577,0.145,1.0114048869143781
4578,0.145,1.0114048869143781
4579,0.145,1.0114048869143781
4580,0.145,1.0114048869143781
4581,0.145,1.0114048869143781
4582,0.145,1.0114048869143781
4583,0.145,1.0114048869143781
4584,0.145,1.0114048869143781
4585,0.145,1.0114048869143781
4586,0.145,1.0114048869143781
4587,0.145,1.0114048869143781
4588,0.145,1.0114048869143781
4589,0.145,1.0114048869143781
4590,0.145,1.0114048869143781
4591,0.145,1.0114048869143781
4592,0.145,1.0114048869143781
4593,0.145,1.0114048869143781
4594,0.145,1.0114048869143781
4595,0.145,1.0114048869143781
4596,0.145,1.0114048869143781
4597,0.145,1.0114048869143781
4598,0.145,1.0114048869143781
4599,0.145,1.0114048869143781
4600,0.145,1.0114048869143781
4601,0.145,1.0114048869143781
4602,0.145,1.0114048869143781
4603,0.145,1.0114048869143781
4604,0.145,1.0114048869143781
4605,0.145,1.0114048869143781
4606,0.145,1.0114048869143781
4607,0.145,1.0114048869143781
4608,0.145,1.0114048869143781
4609,0.145,1.0114048869143781
4610,0.145,1.0114048869143781
4611,0.145,1.0114048869143781
4612,0.145,1.0114048869143781
4613,0.145,1.0114048869143781
4614,0.145,1.0114048869143781
4615,0.145,1.0114048869143781
4616,0.145,1.0114048869143781
4617,0.145,1.0114048869143781
4618,0.145,1.0114048869143781
4619,0.145,1.0114048869143781
4620,0.145,1.0114048869143781
4621,0.145,1.0114048869143781
4622,0.145,1.0114048869143781
4623,0.145,1.0114048869143781
4624,0.145,1.0114048869143781
4625,0.145,1.0114048869143781
4626,0.145,1.0114048869143781
4627,0.145,1.0114048869143781
4628,0.145,1.0114048869143781
4629,0.145,1.0114048869143781
4630,0.145,1.0114048869143781
4631,0.145,1.0114048869143781
4632,0.145,1.0114048869143781
4633,0.145,1.0114048869143781
4634,0.145,1.0114048869143781
4635,0.145,1.0114048869143781
4636,0.145,1.0114048869143781
4637,0.145,1.0114048869143781
4638,0.145,1.0114048869143781
4639,0.145,1.0114048869143781
4640,0.145,1.0114048869143781
4641,0.145,1.0114048869143781
4642,0.145,1.0114048869143781
4643,0.145,1.0114048869143781
4644,0.145,1.0114048869143781
4645,0.145,1.0114048869143781
4646,0.145,1.0114048869143781
4647,0.145,1.0114048869143781
4648,0.145,1.0114048869143781
4649,0.145,1.0114048869143781
4650,0.145,1.0114048869143781
4651,0.145,1.0114048869143781
4652,0.145,1.0114048869143781
4653,0.145,1.0114048869143781
4654,0.145,1.0114048869143781
4655,0.145,1.0114048869143781
4656,0.145,1.0114048869143781
4657,0.145,1.0114048869143781
4658,0.145,1.0114048869143781
4659,0.145,1.0114048869143781
4660,0.145,1.0114048869143781
4661,0.145,1.0114048869143781
4662,0.145,1.0114048869143781
4663,0.145,1.0114048869143781
4664,0.145,1.0114048869143781
4665,0.145,1.0114048869143781
4666,0.145,1.0114048869143781
4667,0.145,1.0114048869143781
4668,0.145,1.0114048869143781
4669,0.145,1.0114048869143781
4670,0.145,1.0114048869143781
4671,0.145,1.0114048869143781
4672,0.145,1.0114048869143781
4673,0.145,1.0114048869143781
4674,0.145,1.0114048869143781
4675,0.145,1.0114048869143781
4676,0.145,1.0114048869143781
4677,0.145,1.0114048869143781
4678,0.145,1.0114048869143781
4679,0.145,1.0114048869143781
4680,0.145,1.0114048869143781
4681,0.145,1.0114048869143781
4682,0.145,1.0114048869143781
4683,0.145,1.0114048869143781
4684,0.145,1.0114048869143781
4685,0.145,1.0114048869143781
4686,0.145,1.0114048869143781
4687,0.145,1.0114048869143781
4688,0.145,1.0114048869143781
4689,0.145,1.0114048869143781
4690,0.145,1.0114048869143781
4691,0.145,1.0114048869143781
4692,0.145,1.0114048869143781
4693,0.145,1.0114048869143781
4694,0.145,1.0114048869143781
4695,0.145,1.0114048869143781
4696,0.145,1.0114048869143781
4697,0.145,1.0114048869143781
4698,0.145,1.0114048869143781
4699,0.145,1.0114048869143781
4700,0.145,1.0114048869143781
4701,0.145,1.0114048869143781
4702,0.145,1.0114048869143781
4703,0.145,1.0114048869143781
4704,0.145,1.0114048869143781
4705,0.145,1.0114048869143781
4706,0.145,1.0114048869143781
4707,0.145,1.0114048869143781
4708,0.145,1.0114048869143781
4709,0.145,1.0114048869143781
4710,0.145,1.0114048869143781
4711,0.145,1.0114048869143781
4712,0.145,1.0114048869143781
4713,0.145,1.0114048869143781
4714,0.145,1.0114048869143781
4715,0.145,1.0114048869143781
4716,0.145,1.0114048869143781
4717,0.145,1.0114048869143781
4718,0.145,1.0114048869143781
4719,0.145,1.0114048869143781
4720,0.145,1.0114048869143781
4721,0.145,1.0114048869143781
4722,0.145,1.0114048869143781
4723,0.145,1.0114048869143781
4724,0.145,1.0114048869143781
4725,0.145,1.0114048869143781
4726,0.145,1.0114048869143781
4727,0.145,1.0114048869143781
4728,0.145,1.0114048869143781
4729,0.145,1.0114048869143781
4730,0.145,1.0114048869143781
4731,0.145,1.0114048869143781
4732,0.145,1.0114048869143781
4733,0.145,1.0114048869143781
4734,0.145,1.0114048869143781
4735,0.145,1.0114048869143781
4736,0.145,1.0114048869143781
4737,0.145,1.0114048869143781
4738,0.145,1.0114048869143781
4739,0.145,1.0114048869143781
4740,0.145,1.0114048869143781
4741,0.145,1.0114048869143781
4742,0.145,1.0114048869143781
4743,0.145,1.0114048869143781
4744,0.145,1.0114048869143781
4745,0.145,1.0114048869143781
4746,0.145,1.0114048869143781
4747,0.145,1.0114048869143781
4748,0.145,1.0114048869143781
4749,0.145,1.0114048869143781
4750,0.145,1.0114048869143781
4751,0.145,1.0114048869143781
4752,0.145,1.0114048869143781
4753,0.145,1.0114048869143781
4754,0.145,1.0114048869143781
4755,0.145,1.0114048869143781
4756,0.145,1.0114048869143781
4757,0.145,1.0114048869143781
4758,0.145,1.0114048869143781
4759,0.145,1.0114048869143781
4760,0.145,1.0114048869143781
4761,0.145,1.0114048869143781
4762,0.145,1.0114048869143781
4763,0.145,1.0114048869143781
4764,0.145,1.0114048869143781
4765,0.145,1.0114048869143781
4766,0.145,1.0114048869143781
4767,0.145,1.0114048869143781
4768,0.145,1.0114048869143781
4769,0.145,1.0114048869143781
4770,0.145,1.0114048869143781
4771,0.145,1.0114048869143781
4772,0.145,1.0114048869143781
4773,0.145,1.0114048869143781
4774,0.145,1.0114048869143781
4775,0.145,1.0114048869143781
4776,0.145,1.0114048869143781
4777,0.145,1.0114048869143781
4778,0.145,1.0114048869143781
4779,0.145,1.0114048869143781
4780,0.145,1.0114048869143781
4781,0.145,1.0114048869143781
4782,0.145,1.0114048869143781
4783,0.145,1.0114048869143781
4784,0.145,1.0114048869143781
4785,0.145,1.0114048869143781
4786,0.145,1.0114048869143781
4787,0.145,1.0114048869143781
4788,0.145,1.0114048869143781
4789,0.145,1.0114048869143781
4790,0.145,1.0114048869143781
4791,0.145,1.0114048869143781
4792,0.145,1.0114048869143781
4793,0.145,1.0114048869143781
4794,0.145,1.0114048869143781
4795,0.145,1.0114048869143781
4796,0.145,1.0114048869143781
4797,0.145,1.0114048869143781
4798,0.145,1.0114048869143781
4799,0.145,1.0114048869143781
4800,0.145,1.0114048869143781
4801,0.145,1.0114048869143781
4802,0.145,1.0114048869143781
4803,0.145,1.0114048869143781
4804,0.145,1.0114048869143781
4805,0.145,1.0114048869143781
4806,0.145,1.0114048869143781
4807,0.145,1.0114048869143781
4808,0.145,1.0114048869143781
4809,0.145,1.0114048869143781
4810,0.145,1.0114048869143781
4811,0.145,1.0114048869143781
4812,0.145,1.0114048869143781
4813,0.145,1.0114048869143781
4814,0.145,1.0114048869143781
4815,0.145,1.0114048869143781
4816,0.145,1.0114048869143781
4817,0.145,1.0114048869143781
4818,0.145,1.0114048869143781
4819,0.145,1.0114048869143781
4820,0.145,1.0114048869143781
4821,0.145,1.0114048869143781
4822,0.145,1.0114048869143781
4823,0.145,1.0114048869143781
4824,0.145,1.0114048869143781
4825,0.145,1.0114048869143781
4826,0.145,1.0114048869143781
4827,0.145,1.0114048869143781
4828,0.145,1.0114048869143781
4829,0.145,1.0114048869143781
4830,0.145,1.0114048869143781
4831,0.145,1.0114048869143781
4832,0.145,1.0114048869143781
4833,0.145,1.0114048869143781
4834,0.145,1.0114048869143781
4835,0.145,1.0114048869143781
4836,0.145,1.0114048869143781
4837,0.145,1.0114048869143781
4838,0.145,1.0114048869143781
4839,0.145,1.0114048869143781
4840,0.145,1.0114048869143781
4841,0.145,1.0114048869143781
4842,0.145,1.0114048869143781
4843,0.145,1.0114048869143781
4844,0.145,1.0114048869143781
4845,0.145,1.0114048869143781
4846,0.145,1.0114048869143781
4847,0.145,1.0114048869143781
4848,0.145,1.0114048869143781
4849,0.145,1.0114048869143781
4850,0.145,1.0114048869143781
4851,0.145,1.0114048869143781
4852,0.145,1.0114048869143781
4853,0.145,1.0114048869143781
4854,0.145,1.0114048869143781
4855,0.145,1.0114048869143781
4856,0.145,1.0114048869143781
4857,0.145,1.0114048869143781
4858,0.145,1.0114048869143781
4859,0.145,1.0114048869143781
4860,0.145,1.0114048869143781
4861,0.145,1.0114048869143781
4862,0.145,1.0114048869143781
4863,0.145,1.0114048869143781
4864,0.145,1.0114048869143781
4865,0.145,1.0114048869143781
4866,0.145,1.0114048869143781
4867,0.145,1.0114048869143781
4868,0.145,1.0114048869143781
4869,0.145,1.0114048869143781
4870,0.145,1.0114048869143781
4871,0.145,1.0114048869143781
4872,0.145,1.0114048869143781
4873,0.145,1.0114048869143781
4874,0.145,1.0114048869143781
4875,0.145,1.0114048869143781
4876,0.145,1.0114048869143781
4877,0.145,1.0114048869143781
4878,0.145,1.0114048869143781
4879,0.145,1.0114048869143781
4880,0.145,1.0114048869143781
4881,0.145,1.0114048869143781
4882,0.145,1.0114048869143781
4883,0.145,1.0114048869143781
4884,0.145,1.0114048869143781
4885,0.145,1.0114048869143781
4886,0.145,1.0114048869143781
4887,0.145,1.0114048869143781
4888,0.145,1.0114048869143781
4889,0.145,1.0114048869143781
4890,0.145,1.0114048869143781
4891,0.145,1.0114048869143781
4892,0.145,1.0114048869143781
4893,0.145,1.0114048869143781
4894,0.145,1.0114048869143781
4895,0.145,1.0114048869143781
4896,0.145,1.0114048869143781
4897,0.145,1.0114048869143781
4898,0.145,1.0114048869143781
4899,0.145,1.0114048869143781
4900,0.145,1.0114048869143781
4901,0.145,1.0114048869143781
4902,0.145,1.0114048869143781
4903,0.145,1.0114048869143781
4904,0.145,1.0114048869143781
4905,0.145,1.0114048869143781
4906,0.145,1.0114048869143781
4907,0.145,1.0114048869143781
4908,0.145,1.0114048869143781
4909,0.145,1.0114048869143781
4910,0.145,1.0114048869143781
4911,0.145,1.0114048869143781
4912,0.145,1.0114048869143781
4913,0.145,1.0114048869143781
4914,0.145,1.0114048869143781
4915,0.145,1.0114048869143781
4916,0.145,1.0114048869143781
4917,0.145,1.0114048869143781
4918,0.145,1.0114048869143781
4919,0.145,1.0114048869143781
4920,0.145,1.0114048869143781
4921,0.145,1.0114048869143781
4922,0.145,1.0114048869143781
4923,0.145,1.0114048869143781
4924,0.145,1.0114048869143781
4925,0.145,1.0114048869143781
4926,0.145,1.0114048869143781
4927,0.145,1.0114048869143781
4928,0.145,1.0114048869143781
4929,0.145,1.0114048869143781
4930,0.145,1.0114048869143781
4931,0.145,1.0114048869143781
4932,0.145,1.0114048869143781
4933,0.145,1.0114048869143781
4934,0.145,1.0114048869143781
4935,0.145,1.0114048869143781
4936,0.145,1.0114048869143781
4937,0.145,1.0114048869143781
4938,0.145,1.0114048869143781
4939,0.145,1.0114048869143781
4940,0.145,1.0114048869143781
4941,0.145,1.0114048869143781
4942,0.145,1.0114048869143781
4943,0.145,1.0114048869143781
4944,0.145,1.0114048869143781
4945,0.145,1.0114048869143781
4946,0.145,1.0114048869143781
4947,0.145,1.0114048869143781
4948,0.145,1.0114048869143781
4949,0.145,1.0114048869143781
4950,0.145,1.0114048869143781
4951,0.135,1.0114048869143781
