Tick,TotalEnergy(kWh),AverageEnergy(kWh)
0,1.4820000000000004,1.0260621659077414
1,1.7840000000000003,1.0260621659077414
2,1.7840000000000003,1.0260621659077414
3,1.7840000000000003,1.0260621659077414
4,1.7840000000000003,1.0260621659077414
5,1.7840000000000003,1.0260621659077414
6,1.7840000000000003,1.0260621659077414
7,1.7840000000000003,1.0260621659077414
8,1.7840000000000003,1.0260621659077414
9,1.7840000000000003,1.0260621659077414
10,1.7840000000000003,1.0260621659077414
11,1.7840000000000003,1.0260621659077414
12,1.7840000000000003,1.0260621659077414
13,1.7840000000000003,1.0260621659077414
14,1.7840000000000003,1.0260621659077414
15,1.7840000000000003,1.0260621659077414
16,1.7840000000000003,1.0260621659077414
17,1.7840000000000003,1.0260621659077414
18,1.7840000000000003,1.0260621659077414
19,1.7840000000000003,1.0260621659077414
20,1.7840000000000003,1.0260621659077414
21,1.7840000000000003,1.0260621659077414
22,1.7840000000000003,1.0260621659077414
23,1.7840000000000003,1.0260621659077414
24,1.7840000000000003,1.0260621659077414
25,1.7840000000000003,1.0260621659077414
26,1.7840000000000003,1.0260621659077414
27,1.7840000000000003,1.0260621659077414
28,1.7840000000000003,1.0260621659077414
29,1.7840000000000003,1.0260621659077414
30,1.7840000000000003,1.0260621659077414
31,1.7840000000000003,1.0260621659077414
32,1.7840000000000003,1.0260621659077414
33,1.7840000000000003,1.0260621659077414
34,1.7840000000000003,1.0260621659077414
35,1.7840000000000003,1.0260621659077414
36,1.7840000000000003,1.0260621659077414
37,1.7840000000000003,1.0260621659077414
38,1.7840000000000003,1.0260621659077414
39,1.7840000000000003,1.0260621659077414
40,1.7840000000000003,1.0260621659077414
41,1.7840000000000003,1.0260621659077414
42,1.7840000000000003,1.0260621659077414
43,1.7840000000000003,1.0260621659077414
44,1.7840000000000003,1.0260621659077414
45,1.7840000000000003,1.0260621659077414
46,1.7840000000000003,1.0260621659077414
47,1.7840000000000003,1.0260621659077414
48,1.7840000000000003,1.0260621659077414
49,1.7840000000000003,1.0260621659077414
50,1.7840000000000003,1.0260621659077414
51,1.7840000000000003,1.0260621659077414
52,1.7840000000000003,1.0260621659077414
53,1.7840000000000003,1.0260621659077414
54,1.7840000000000003,1.0260621659077414
55,1.7840000000000003,1.0260621659077414
56,1.7840000000000003,1.0260621659077414
57,1.7840000000000003,1.0260621659077414
58,1.7840000000000003,1.0260621659077414
59,1.7840000000000003,1.0260621659077414
60,1.7840000000000003,1.0260621659077414
61,1.7840000000000003,1.0260621659077414
62,1.7840000000000003,1.0260621659077414
63,1.7840000000000003,1.0260621659077414
64,1.7840000000000003,1.0260621659077414
65,1.7840000000000003,1.0260621659077414
66,1.7840000000000003,1.0260621659077414
67,1.7840000000000003,1.0260621659077414
68,1.7840000000000003,1.0260621659077414
69,1.7840000000000003,1.0260621659077414
70,1.7840000000000003,1.0260621659077414
71,1.7840000000000003,1.0260621659077414
72,1.7840000000000003,1.0260621659077414
73,1.7840000000000003,1.0260621659077414
74,1.7840000000000003,1.0260621659077414
75,1.7840000000000003,1.0260621659077414
76,1.7840000000000003,1.0260621659077414
77,1.7840000000000003,1.0260621659077414
78,1.7840000000000003,1.0260621659077414
79,1.7840000000000003,1.0260621659077414
80,1.7840000000000003,1.0260621659077414
81,1.7840000000000003,1.0260621659077414
82,1.7840000000000003,1.0260621659077414
83,1.7840000000000003,1.0260621659077414
84,1.7840000000000003,1.0260621659077414
85,1.7840000000000003,1.0260621659077414
86,1.7840000000000003,1.0260621659077414
87,1.7840000000000003,1.0260621659077414
88,1.7840000000000003,1.0260621659077414
89,1.7840000000000003,1.0260621659077414
90,1.7840000000000003,1.0260621659077414
91,1.7840000000000003,1.0260621659077414
92,1.7840000000000003,1.0260621659077414
93,1.7840000000000003,1.0260621659077414
94,1.7840000000000003,1.0260621659077414
95,1.7840000000000003,1.0260621659077414
96,1.7840000000000003,1.0260621659077414
97,1.7840000000000003,1.0260621659077414
98,1.7840000000000003,1.0260621659077414
99,1.7840000000000003,1.0260621659077414
100,1.7840000000000003,1.0260621659077414
101,1.7840000000000003,1.0260621659077414
102,1.7840000000000003,1.0260621659077414
103,1.7840000000000003,1.0260621659077414
104,1.7840000000000003,1.0260621659077414
105,1.7840000000000003,1.0260621659077414
106,1.7840000000000003,1.0260621659077414
107,1.7840000000000003,1.0260621659077414
108,1.7840000000000003,1.0260621659077414
109,1.7840000000000003,1.0260621659077414
110,1.7840000000000003,1.0260621659077414
111,1.7840000000000003,1.0260621659077414
112,1.7840000000000003,1.0260621659077414
113,1.7840000000000003,1.0260621659077414
114,1.7840000000000003,1.0260621659077414
115,1.7840000000000003,1.0260621659077414
116,1.7840000000000003,1.0260621659077414
117,1.7840000000000003,1.0260621659077414
118,1.7840000000000003,1.0260621659077414
119,1.7840000000000003,1.0260621659077414
120,1.7840000000000003,1.0260621659077414
121,1.7840000000000003,1.0260621659077414
122,1.7840000000000003,1.0260621659077414
123,1.7840000000000003,1.0260621659077414
124,1.7840000000000003,1.0260621659077414
125,1.7840000000000003,1.0260621659077414
126,1.7840000000000003,1.0260621659077414
127,1.7840000000000003,1.0260621659077414
128,1.7840000000000003,1.0260621659077414
129,1.7840000000000003,1.0260621659077414
130,1.7840000000000003,1.0260621659077414
131,1.7840000000000003,1.0260621659077414
132,1.7840000000000003,1.0260621659077414
133,1.7840000000000003,1.0260621659077414
134,1.7840000000000003,1.0260621659077414
135,1.7840000000000003,1.0260621659077414
136,1.7840000000000003,1.0260621659077414
137,1.7840000000000003,1.0260621659077414
138,1.7840000000000003,1.0260621659077414
139,1.7840000000000003,1.0260621659077414
140,1.7840000000000003,1.0260621659077414
141,1.7840000000000003,1.0260621659077414
142,1.7840000000000003,1.0260621659077414
143,1.7840000000000003,1.0260621659077414
144,1.7840000000000003,1.0260621659077414
145,1.7840000000000003,1.0260621659077414
146,1.7840000000000003,1.0260621659077414
147,1.7840000000000003,1.0260621659077414
148,1.7840000000000003,1.0260621659077414
149,1.7840000000000003,1.0260621659077414
150,1.7840000000000003,1.0260621659077414
151,1.7840000000000003,1.0260621659077414
152,1.7840000000000003,1.0260621659077414
153,1.7840000000000003,1.0260621659077414
154,1.7840000000000003,1.0260621659077414
155,1.7840000000000003,1.0260621659077414
156,1.7840000000000003,1.0260621659077414
157,1.7840000000000003,1.0260621659077414
158,1.7840000000000003,1.0260621659077414
159,1.7840000000000003,1.0260621659077414
160,1.7840000000000003,1.0260621659077414
161,1.7840000000000003,1.0260621659077414
162,1.7840000000000003,1.0260621659077414
163,1.7840000000000003,1.0260621659077414
164,1.7840000000000003,1.0260621659077414
165,1.7840000000000003,1.0260621659077414
166,1.7840000000000003,1.0260621659077414
167,1.7840000000000003,1.0260621659077414
168,1.7840000000000003,1.0260621659077414
169,1.7840000000000003,1.0260621659077414
170,1.7840000000000003,1.0260621659077414
171,1.7840000000000003,1.0260621659077414
172,1.7840000000000003,1.0260621659077414
173,1.7840000000000003,1.0260621659077414
174,1.7840000000000003,1.0260621659077414
175,1.7840000000000003,1.0260621659077414
176,1.7840000000000003,1.0260621659077414
177,1.7840000000000003,1.0260621659077414
178,1.7840000000000003,1.0260621659077414
179,1.7840000000000003,1.0260621659077414
180,1.7840000000000003,1.0260621659077414
181,1.7840000000000003,1.0260621659077414
182,1.7840000000000003,1.0260621659077414
183,1.7840000000000003,1.0260621659077414
184,1.7840000000000003,1.0260621659077414
185,1.7840000000000003,1.0260621659077414
186,1.7840000000000003,1.0260621659077414
187,1.7840000000000003,1.0260621659077414
188,1.7840000000000003,1.0260621659077414
189,1.7840000000000003,1.0260621659077414
190,1.7840000000000003,1.0260621659077414
191,1.7840000000000003,1.0260621659077414
192,1.7840000000000003,1.0260621659077414
193,1.7840000000000003,1.0260621659077414
194,1.7840000000000003,1.0260621659077414
195,1.7840000000000003,1.0260621659077414
196,1.7840000000000003,1.0260621659077414
197,1.7840000000000003,1.0260621659077414
198,1.7840000000000003,1.0260621659077414
199,1.7840000000000003,1.0260621659077414
200,1.7840000000000003,1.0260621659077414
201,1.7840000000000003,1.0260621659077414
202,1.7840000000000003,1.0260621659077414
203,1.7840000000000003,1.0260621659077414
204,1.7840000000000003,1.0260621659077414
205,1.7840000000000003,1.0260621659077414
206,1.7840000000000003,1.0260621659077414
207,1.7840000000000003,1.0260621659077414
208,1.7840000000000003,1.0260621659077414
209,1.7840000000000003,1.0260621659077414
210,1.7840000000000003,1.0260621659077414
211,1.7840000000000003,1.0260621659077414
212,1.7840000000000003,1.0260621659077414
213,1.7840000000000003,1.0260621659077414
214,1.7840000000000003,1.0260621659077414
215,1.7840000000000003,1.0260621659077414
216,1.7840000000000003,1.0260621659077414
217,1.7840000000000003,1.0260621659077414
218,1.7840000000000003,1.0260621659077414
219,1.7840000000000003,1.0260621659077414
220,1.7840000000000003,1.0260621659077414
221,1.7840000000000003,1.0260621659077414
222,1.7840000000000003,1.0260621659077414
223,1.7840000000000003,1.0260621659077414
224,1.7840000000000003,1.0260621659077414
225,1.7840000000000003,1.0260621659077414
226,1.7840000000000003,1.0260621659077414
227,1.7840000000000003,1.0260621659077414
228,1.7840000000000003,1.0260621659077414
229,1.7840000000000003,1.0260621659077414
230,1.7840000000000003,1.0260621659077414
231,1.7840000000000003,1.0260621659077414
232,1.7840000000000003,1.0260621659077414
233,1.7840000000000003,1.0260621659077414
234,1.7840000000000003,1.0260621659077414
235,1.7840000000000003,1.0260621659077414
236,1.7840000000000003,1.0260621659077414
237,1.7840000000000003,1.0260621659077414
238,1.7840000000000003,1.0260621659077414
239,1.7840000000000003,1.0260621659077414
240,1.7840000000000003,1.0260621659077414
241,1.7840000000000003,1.0260621659077414
242,1.7840000000000003,1.0260621659077414
243,1.7840000000000003,1.0260621659077414
244,1.7840000000000003,1.0260621659077414
245,1.7840000000000003,1.0260621659077414
246,1.7840000000000003,1.0260621659077414
247,1.7840000000000003,1.0260621659077414
248,1.7840000000000003,1.0260621659077414
249,1.7840000000000003,1.0260621659077414
250,1.7840000000000003,1.0260621659077414
251,1.7840000000000003,1.0260621659077414
252,1.7840000000000003,1.0260621659077414
253,1.7840000000000003,1.0260621659077414
254,1.7840000000000003,1.0260621659077414
255,1.7840000000000003,1.0260621659077414
256,1.7840000000000003,1.0260621659077414
257,1.7840000000000003,1.0260621659077414
258,1.7840000000000003,1.0260621659077414
259,1.7840000000000003,1.0260621659077414
260,1.7840000000000003,1.0260621659077414
261,1.7840000000000003,1.0260621659077414
262,1.7840000000000003,1.0260621659077414
263,1.7840000000000003,1.0260621659077414
264,1.7840000000000003,1.0260621659077414
265,1.7840000000000003,1.0260621659077414
266,1.7840000000000003,1.0260621659077414
267,1.7840000000000003,1.0260621659077414
268,1.7840000000000003,1.0260621659077414
269,1.7840000000000003,1.0260621659077414
270,1.7840000000000003,1.0260621659077414
271,1.7840000000000003,1.0260621659077414
272,1.7840000000000003,1.0260621659077414
273,1.7840000000000003,1.0260621659077414
274,1.7840000000000003,1.0260621659077414
275,1.7840000000000003,1.0260621659077414
276,1.7840000000000003,1.0260621659077414
277,1.7840000000000003,1.0260621659077414
278,1.7840000000000003,1.0260621659077414
279,1.7840000000000003,1.0260621659077414
280,1.7840000000000003,1.0260621659077414
281,1.7840000000000003,1.0260621659077414
282,1.7840000000000003,1.0260621659077414
283,1.7840000000000003,1.0260621659077414
284,1.7840000000000003,1.0260621659077414
285,1.7840000000000003,1.0260621659077414
286,1.7840000000000003,1.0260621659077414
287,1.7840000000000003,1.0260621659077414
288,1.7840000000000003,1.0260621659077414
289,1.7840000000000003,1.0260621659077414
290,1.7840000000000003,1.0260621659077414
291,1.7840000000000003,1.0260621659077414
292,1.7840000000000003,1.0260621659077414
293,1.7840000000000003,1.0260621659077414
294,1.7840000000000003,1.0260621659077414
295,1.7840000000000003,1.0260621659077414
296,1.7840000000000003,1.0260621659077414
297,1.7840000000000003,1.0260621659077414
298,1.7840000000000003,1.0260621659077414
299,1.7840000000000003,1.0260621659077414
300,1.7840000000000003,1.0260621659077414
301,1.7840000000000003,1.0260621659077414
302,1.7840000000000003,1.0260621659077414
303,1.7840000000000003,1.0260621659077414
304,1.7840000000000003,1.0260621659077414
305,1.7840000000000003,1.0260621659077414
306,1.7840000000000003,1.0260621659077414
307,1.7840000000000003,1.0260621659077414
308,1.7840000000000003,1.0260621659077414
309,1.7840000000000003,1.0260621659077414
310,1.7840000000000003,1.0260621659077414
311,1.7840000000000003,1.0260621659077414
312,1.7840000000000003,1.0260621659077414
313,1.7840000000000003,1.0260621659077414
314,1.7840000000000003,1.0260621659077414
315,1.7840000000000003,1.0260621659077414
316,1.7840000000000003,1.0260621659077414
317,1.7840000000000003,1.0260621659077414
318,1.7840000000000003,1.0260621659077414
319,1.7840000000000003,1.0260621659077414
320,1.7840000000000003,1.0260621659077414
321,1.7840000000000003,1.0260621659077414
322,1.7840000000000003,1.0260621659077414
323,1.7840000000000003,1.0260621659077414
324,1.7840000000000003,1.0260621659077414
325,1.7840000000000003,1.0260621659077414
326,1.7840000000000003,1.0260621659077414
327,1.7840000000000003,1.0260621659077414
328,1.7840000000000003,1.0260621659077414
329,1.7840000000000003,1.0260621659077414
330,1.7840000000000003,1.0260621659077414
331,1.7840000000000003,1.0260621659077414
332,1.7840000000000003,1.0260621659077414
333,1.7840000000000003,1.0260621659077414
334,1.7840000000000003,1.0260621659077414
335,1.7840000000000003,1.0260621659077414
336,1.7840000000000003,1.0260621659077414
337,1.7840000000000003,1.0260621659077414
338,1.7840000000000003,1.0260621659077414
339,1.7840000000000003,1.0260621659077414
340,1.7840000000000003,1.0260621659077414
341,1.7840000000000003,1.0260621659077414
342,1.7840000000000003,1.0260621659077414
343,1.7840000000000003,1.0260621659077414
344,1.7840000000000003,1.0260621659077414
345,1.7840000000000003,1.0260621659077414
346,1.7840000000000003,1.0260621659077414
347,1.7840000000000003,1.0260621659077414
348,1.7840000000000003,1.0260621659077414
349,1.7840000000000003,1.0260621659077414
350,1.7840000000000003,1.0260621659077414
351,1.7840000000000003,1.0260621659077414
352,1.7840000000000003,1.0260621659077414
353,1.7840000000000003,1.0260621659077414
354,1.7840000000000003,1.0260621659077414
355,1.7840000000000003,1.0260621659077414
356,1.7840000000000003,1.0260621659077414
357,1.7840000000000003,1.0260621659077414
358,1.7840000000000003,1.0260621659077414
359,1.7840000000000003,1.0260621659077414
360,1.7840000000000003,1.0260621659077414
361,1.7840000000000003,1.0260621659077414
362,1.7840000000000003,1.0260621659077414
363,1.7840000000000003,1.0260621659077414
364,1.7840000000000003,1.0260621659077414
365,1.7840000000000003,1.0260621659077414
366,1.7840000000000003,1.0260621659077414
367,1.7840000000000003,1.0260621659077414
368,1.7840000000000003,1.0260621659077414
369,1.7840000000000003,1.0260621659077414
370,1.7840000000000003,1.0260621659077414
371,1.7840000000000003,1.0260621659077414
372,1.7840000000000003,1.0260621659077414
373,1.7840000000000003,1.0260621659077414
374,1.7840000000000003,1.0260621659077414
375,1.7840000000000003,1.0260621659077414
376,1.7840000000000003,1.0260621659077414
377,1.7840000000000003,1.0260621659077414
378,1.7840000000000003,1.0260621659077414
379,1.7840000000000003,1.0260621659077414
380,1.7840000000000003,1.0260621659077414
381,1.7840000000000003,1.0260621659077414
382,1.7840000000000003,1.0260621659077414
383,1.7840000000000003,1.0260621659077414
384,1.7840000000000003,1.0260621659077414
385,1.7840000000000003,1.0260621659077414
386,1.7840000000000003,1.0260621659077414
387,1.7840000000000003,1.0260621659077414
388,1.7840000000000003,1.0260621659077414
389,1.7840000000000003,1.0260621659077414
390,1.7840000000000003,1.0260621659077414
391,1.7840000000000003,1.0260621659077414
392,1.7840000000000003,1.0260621659077414
393,1.7840000000000003,1.0260621659077414
394,1.7840000000000003,1.0260621659077414
395,1.7840000000000003,1.0260621659077414
396,1.7840000000000003,1.0260621659077414
397,1.7840000000000003,1.0260621659077414
398,1.7840000000000003,1.0260621659077414
399,1.7840000000000003,1.0260621659077414
400,1.7840000000000003,1.0260621659077414
401,1.7840000000000003,1.0260621659077414
402,1.7840000000000003,1.0260621659077414
403,1.7840000000000003,1.0260621659077414
404,1.7840000000000003,1.0260621659077414
405,1.7840000000000003,1.0260621659077414
406,1.7840000000000003,1.0260621659077414
407,1.7840000000000003,1.0260621659077414
408,1.7840000000000003,1.0260621659077414
409,1.7840000000000003,1.0260621659077414
410,1.7840000000000003,1.0260621659077414
411,1.7840000000000003,1.0260621659077414
412,1.7840000000000003,1.0260621659077414
413,1.7840000000000003,1.0260621659077414
414,1.7840000000000003,1.0260621659077414
415,1.7840000000000003,1.0260621659077414
416,1.7840000000000003,1.0260621659077414
417,1.7840000000000003,1.0260621659077414
418,1.7840000000000003,1.0260621659077414
419,1.7840000000000003,1.0260621659077414
420,1.7840000000000003,1.0260621659077414
421,1.7840000000000003,1.0260621659077414
422,1.7840000000000003,1.0260621659077414
423,1.7840000000000003,1.0260621659077414
424,1.7840000000000003,1.0260621659077414
425,1.7840000000000003,1.0260621659077414
426,1.7840000000000003,1.0260621659077414
427,1.7840000000000003,1.0260621659077414
428,1.7840000000000003,1.0260621659077414
429,1.7840000000000003,1.0260621659077414
430,1.7840000000000003,1.0260621659077414
431,1.7840000000000003,1.0260621659077414
432,1.7840000000000003,1.0260621659077414
433,1.7840000000000003,1.0260621659077414
434,1.7840000000000003,1.0260621659077414
435,1.7840000000000003,1.0260621659077414
436,1.7840000000000003,1.0260621659077414
437,1.7840000000000003,1.0260621659077414
438,1.7840000000000003,1.0260621659077414
439,1.7840000000000003,1.0260621659077414
440,1.7840000000000003,1.0260621659077414
441,1.7840000000000003,1.0260621659077414
442,1.7840000000000003,1.0260621659077414
443,1.7840000000000003,1.0260621659077414
444,1.7840000000000003,1.0260621659077414
445,1.7840000000000003,1.0260621659077414
446,1.7840000000000003,1.0260621659077414
447,1.7840000000000003,1.0260621659077414
448,1.7840000000000003,1.0260621659077414
449,1.7840000000000003,1.0260621659077414
450,1.7840000000000003,1.0260621659077414
451,1.7840000000000003,1.0260621659077414
452,1.7840000000000003,1.0260621659077414
453,1.7840000000000003,1.0260621659077414
454,1.7840000000000003,1.0260621659077414
455,1.7840000000000003,1.0260621659077414
456,1.7840000000000003,1.0260621659077414
457,1.7840000000000003,1.0260621659077414
458,1.7840000000000003,1.0260621659077414
459,1.7840000000000003,1.0260621659077414
460,1.7840000000000003,1.0260621659077414
461,1.7840000000000003,1.0260621659077414
462,1.7840000000000003,1.0260621659077414
463,1.7840000000000003,1.0260621659077414
464,1.7840000000000003,1.0260621659077414
465,1.7840000000000003,1.0260621659077414
466,1.7840000000000003,1.0260621659077414
467,1.7840000000000003,1.0260621659077414
468,1.7840000000000003,1.0260621659077414
469,1.7840000000000003,1.0260621659077414
470,1.7840000000000003,1.0260621659077414
471,1.7840000000000003,1.0260621659077414
472,1.7840000000000003,1.0260621659077414
473,1.7840000000000003,1.0260621659077414
474,1.7840000000000003,1.0260621659077414
475,1.7840000000000003,1.0260621659077414
476,1.7840000000000003,1.0260621659077414
477,1.7840000000000003,1.0260621659077414
478,1.7840000000000003,1.0260621659077414
479,1.7840000000000003,1.0260621659077414
480,1.7840000000000003,1.0260621659077414
481,1.7840000000000003,1.0260621659077414
482,1.7840000000000003,1.0260621659077414
483,1.7840000000000003,1.0260621659077414
484,1.7840000000000003,1.0260621659077414
485,1.7840000000000003,1.0260621659077414
486,1.7840000000000003,1.0260621659077414
487,1.7840000000000003,1.0260621659077414
488,1.7840000000000003,1.0260621659077414
489,1.7840000000000003,1.0260621659077414
490,1.7840000000000003,1.0260621659077414
491,1.7840000000000003,1.0260621659077414
492,1.7840000000000003,1.0260621659077414
493,1.7840000000000003,1.0260621659077414
494,1.7840000000000003,1.0260621659077414
495,1.7840000000000003,1.0260621659077414
496,1.7840000000000003,1.0260621659077414
497,1.7840000000000003,1.0260621659077414
498,1.7840000000000003,1.0260621659077414
499,1.7840000000000003,1.0260621659077414
500,1.7840000000000003,1.0260621659077414
501,1.7840000000000003,1.0260621659077414
502,1.7840000000000003,1.0260621659077414
503,1.7840000000000003,1.0260621659077414
504,1.7840000000000003,1.0260621659077414
505,1.7840000000000003,1.0260621659077414
506,1.7840000000000003,1.0260621659077414
507,1.7840000000000003,1.0260621659077414
508,1.7840000000000003,1.0260621659077414
509,1.7840000000000003,1.0260621659077414
510,1.7840000000000003,1.0260621659077414
511,1.7840000000000003,1.0260621659077414
512,1.7840000000000003,1.0260621659077414
513,1.7840000000000003,1.0260621659077414
514,1.7840000000000003,1.0260621659077414
515,1.7840000000000003,1.0260621659077414
516,1.7840000000000003,1.0260621659077414
517,1.7840000000000003,1.0260621659077414
518,1.7840000000000003,1.0260621659077414
519,1.7840000000000003,1.0260621659077414
520,1.7840000000000003,1.0260621659077414
521,1.7840000000000003,1.0260621659077414
522,1.7840000000000003,1.0260621659077414
523,1.7840000000000003,1.0260621659077414
524,1.7840000000000003,1.0260621659077414
525,1.7840000000000003,1.0260621659077414
526,1.7840000000000003,1.0260621659077414
527,1.7840000000000003,1.0260621659077414
528,1.7840000000000003,1.0260621659077414
529,1.7840000000000003,1.0260621659077414
530,1.7840000000000003,1.0260621659077414
531,1.7840000000000003,1.0260621659077414
532,1.7840000000000003,1.0260621659077414
533,1.7840000000000003,1.0260621659077414
534,1.7840000000000003,1.0260621659077414
535,1.7840000000000003,1.0260621659077414
536,1.7840000000000003,1.0260621659077414
537,1.7840000000000003,1.0260621659077414
538,1.7840000000000003,1.0260621659077414
539,1.7840000000000003,1.0260621659077414
540,1.7840000000000003,1.0260621659077414
541,1.7840000000000003,1.0260621659077414
542,1.7840000000000003,1.0260621659077414
543,1.7840000000000003,1.0260621659077414
544,1.7840000000000003,1.0260621659077414
545,1.7840000000000003,1.0260621659077414
546,1.7840000000000003,1.0260621659077414
547,1.7840000000000003,1.0260621659077414
548,1.7840000000000003,1.0260621659077414
549,1.7840000000000003,1.0260621659077414
550,1.7840000000000003,1.0260621659077414
551,1.7840000000000003,1.0260621659077414
552,1.7840000000000003,1.0260621659077414
553,1.7840000000000003,1.0260621659077414
554,1.7840000000000003,1.0260621659077414
555,1.7840000000000003,1.0260621659077414
556,1.7840000000000003,1.0260621659077414
557,1.7840000000000003,1.0260621659077414
558,1.7840000000000003,1.0260621659077414
559,1.7840000000000003,1.0260621659077414
560,1.7840000000000003,1.0260621659077414
561,1.7840000000000003,1.0260621659077414
562,1.7840000000000003,1.0260621659077414
563,1.7840000000000003,1.0260621659077414
564,1.7840000000000003,1.0260621659077414
565,1.7840000000000003,1.0260621659077414
566,1.7840000000000003,1.0260621659077414
567,1.7840000000000003,1.0260621659077414
568,1.7840000000000003,1.0260621659077414
569,1.7840000000000003,1.0260621659077414
570,1.7840000000000003,1.0260621659077414
571,1.7840000000000003,1.0260621659077414
572,1.7840000000000003,1.0260621659077414
573,1.7840000000000003,1.0260621659077414
574,1.7840000000000003,1.0260621659077414
575,1.7840000000000003,1.0260621659077414
576,1.7840000000000003,1.0260621659077414
577,1.7840000000000003,1.0260621659077414
578,1.7840000000000003,1.0260621659077414
579,1.7840000000000003,1.0260621659077414
580,1.7840000000000003,1.0260621659077414
581,1.7840000000000003,1.0260621659077414
582,1.7840000000000003,1.0260621659077414
583,1.7840000000000003,1.0260621659077414
584,1.7840000000000003,1.0260621659077414
585,1.7840000000000003,1.0260621659077414
586,1.7840000000000003,1.0260621659077414
587,1.7840000000000003,1.0260621659077414
588,1.7840000000000003,1.0260621659077414
589,1.7840000000000003,1.0260621659077414
590,1.7840000000000003,1.0260621659077414
591,1.7840000000000003,1.0260621659077414
592,1.7840000000000003,1.0260621659077414
593,1.7840000000000003,1.0260621659077414
594,1.7840000000000003,1.0260621659077414
595,1.7840000000000003,1.0260621659077414
596,1.7840000000000003,1.0260621659077414
597,1.7840000000000003,1.0260621659077414
598,1.7840000000000003,1.0260621659077414
599,1.7840000000000003,1.0260621659077414
600,1.7840000000000003,1.0260621659077414
601,1.7840000000000003,1.0260621659077414
602,1.7840000000000003,1.0260621659077414
603,1.7840000000000003,1.0260621659077414
604,1.7840000000000003,1.0260621659077414
605,1.7840000000000003,1.0260621659077414
606,1.7840000000000003,1.0260621659077414
607,1.7840000000000003,1.0260621659077414
608,1.7840000000000003,1.0260621659077414
609,1.7840000000000003,1.0260621659077414
610,1.7840000000000003,1.0260621659077414
611,1.7840000000000003,1.0260621659077414
612,1.7840000000000003,1.0260621659077414
613,1.7840000000000003,1.0260621659077414
614,1.7840000000000003,1.0260621659077414
615,1.7840000000000003,1.0260621659077414
616,1.7840000000000003,1.0260621659077414
617,1.7840000000000003,1.0260621659077414
618,1.7840000000000003,1.0260621659077414
619,1.7840000000000003,1.0260621659077414
620,1.7840000000000003,1.0260621659077414
621,1.7840000000000003,1.0260621659077414
622,1.7840000000000003,1.0260621659077414
623,1.7840000000000003,1.0260621659077414
624,1.7840000000000003,1.0260621659077414
625,1.7840000000000003,1.0260621659077414
626,1.7840000000000003,1.0260621659077414
627,1.7840000000000003,1.0260621659077414
628,1.7840000000000003,1.0260621659077414
629,1.7840000000000003,1.0260621659077414
630,1.7840000000000003,1.0260621659077414
631,1.7840000000000003,1.0260621659077414
632,1.7840000000000003,1.0260621659077414
633,1.7840000000000003,1.0260621659077414
634,1.7840000000000003,1.0260621659077414
635,1.7840000000000003,1.0260621659077414
636,1.7840000000000003,1.0260621659077414
637,1.7840000000000003,1.0260621659077414
638,1.7840000000000003,1.0260621659077414
639,1.7840000000000003,1.0260621659077414
640,1.7840000000000003,1.0260621659077414
641,1.7840000000000003,1.0260621659077414
642,1.7840000000000003,1.0260621659077414
643,1.7840000000000003,1.0260621659077414
644,1.7840000000000003,1.0260621659077414
645,1.7840000000000003,1.0260621659077414
646,1.7840000000000003,1.0260621659077414
647,1.7840000000000003,1.0260621659077414
648,1.7840000000000003,1.0260621659077414
649,1.7840000000000003,1.0260621659077414
650,1.7840000000000003,1.0260621659077414
651,1.7840000000000003,1.0260621659077414
652,1.7840000000000003,1.0260621659077414
653,1.7840000000000003,1.0260621659077414
654,1.7840000000000003,1.0260621659077414
655,1.7840000000000003,1.0260621659077414
656,1.7840000000000003,1.0260621659077414
657,1.7840000000000003,1.0260621659077414
658,1.7840000000000003,1.0260621659077414
659,1.7840000000000003,1.0260621659077414
660,1.7840000000000003,1.0260621659077414
661,1.7840000000000003,1.0260621659077414
662,1.7840000000000003,1.0260621659077414
663,1.7840000000000003,1.0260621659077414
664,1.7840000000000003,1.0260621659077414
665,1.7840000000000003,1.0260621659077414
666,1.7840000000000003,1.0260621659077414
667,1.7840000000000003,1.0260621659077414
668,1.7840000000000003,1.0260621659077414
669,1.7840000000000003,1.0260621659077414
670,1.7840000000000003,1.0260621659077414
671,1.7840000000000003,1.0260621659077414
672,1.7840000000000003,1.0260621659077414
673,1.7840000000000003,1.0260621659077414
674,1.7840000000000003,1.0260621659077414
675,1.7840000000000003,1.0260621659077414
676,1.7840000000000003,1.0260621659077414
677,1.7840000000000003,1.0260621659077414
678,1.7840000000000003,1.0260621659077414
679,1.7840000000000003,1.0260621659077414
680,1.7840000000000003,1.0260621659077414
681,1.7840000000000003,1.0260621659077414
682,1.7840000000000003,1.0260621659077414
683,1.7840000000000003,1.0260621659077414
684,1.7840000000000003,1.0260621659077414
685,1.7840000000000003,1.0260621659077414
686,1.7840000000000003,1.0260621659077414
687,1.7840000000000003,1.0260621659077414
688,1.7840000000000003,1.0260621659077414
689,1.7840000000000003,1.0260621659077414
690,1.7840000000000003,1.0260621659077414
691,1.7840000000000003,1.0260621659077414
692,1.7840000000000003,1.0260621659077414
693,1.7840000000000003,1.0260621659077414
694,1.7840000000000003,1.0260621659077414
695,1.7840000000000003,1.0260621659077414
696,1.7840000000000003,1.0260621659077414
697,1.7840000000000003,1.0260621659077414
698,1.7840000000000003,1.0260621659077414
699,1.7840000000000003,1.0260621659077414
700,1.7840000000000003,1.0260621659077414
701,1.7840000000000003,1.0260621659077414
702,1.7840000000000003,1.0260621659077414
703,1.7840000000000003,1.0260621659077414
704,1.7840000000000003,1.0260621659077414
705,1.7840000000000003,1.0260621659077414
706,1.7840000000000003,1.0260621659077414
707,1.7840000000000003,1.0260621659077414
708,1.7840000000000003,1.0260621659077414
709,1.7840000000000003,1.0260621659077414
710,1.7840000000000003,1.0260621659077414
711,1.7840000000000003,1.0260621659077414
712,1.7840000000000003,1.0260621659077414
713,1.7840000000000003,1.0260621659077414
714,1.7840000000000003,1.0260621659077414
715,1.7840000000000003,1.0260621659077414
716,1.7840000000000003,1.0260621659077414
717,1.7840000000000003,1.0260621659077414
718,1.7840000000000003,1.0260621659077414
719,1.7840000000000003,1.0260621659077414
720,1.7840000000000003,1.0260621659077414
721,1.7840000000000003,1.0260621659077414
722,1.7840000000000003,1.0260621659077414
723,1.7840000000000003,1.0260621659077414
724,1.7840000000000003,1.0260621659077414
725,1.7840000000000003,1.0260621659077414
726,1.7840000000000003,1.0260621659077414
727,1.7840000000000003,1.0260621659077414
728,1.7840000000000003,1.0260621659077414
729,1.7840000000000003,1.0260621659077414
730,1.7840000000000003,1.0260621659077414
731,1.7840000000000003,1.0260621659077414
732,1.7840000000000003,1.0260621659077414
733,1.7840000000000003,1.0260621659077414
734,1.7840000000000003,1.0260621659077414
735,1.7840000000000003,1.0260621659077414
736,1.7840000000000003,1.0260621659077414
737,1.7840000000000003,1.0260621659077414
738,1.7840000000000003,1.0260621659077414
739,1.7840000000000003,1.0260621659077414
740,1.7840000000000003,1.0260621659077414
741,1.7840000000000003,1.0260621659077414
742,1.7840000000000003,1.0260621659077414
743,1.7840000000000003,1.0260621659077414
744,1.7840000000000003,1.0260621659077414
745,1.7840000000000003,1.0260621659077414
746,1.7840000000000003,1.0260621659077414
747,1.7840000000000003,1.0260621659077414
748,1.7840000000000003,1.0260621659077414
749,1.7840000000000003,1.0260621659077414
750,1.7840000000000003,1.0260621659077414
751,1.7840000000000003,1.0260621659077414
752,1.7840000000000003,1.0260621659077414
753,1.7840000000000003,1.0260621659077414
754,1.7840000000000003,1.0260621659077414
755,1.7840000000000003,1.0260621659077414
756,1.7840000000000003,1.0260621659077414
757,1.7840000000000003,1.0260621659077414
758,1.7840000000000003,1.0260621659077414
759,1.7840000000000003,1.0260621659077414
760,1.7840000000000003,1.0260621659077414
761,1.7840000000000003,1.0260621659077414
762,1.7840000000000003,1.0260621659077414
763,1.7840000000000003,1.0260621659077414
764,1.7840000000000003,1.0260621659077414
765,1.7840000000000003,1.0260621659077414
766,1.7840000000000003,1.0260621659077414
767,1.7840000000000003,1.0260621659077414
768,1.7840000000000003,1.0260621659077414
769,1.7840000000000003,1.0260621659077414
770,1.7840000000000003,1.0260621659077414
771,1.7840000000000003,1.0260621659077414
772,1.7840000000000003,1.0260621659077414
773,1.7840000000000003,1.0260621659077414
774,1.7840000000000003,1.0260621659077414
775,1.7840000000000003,1.0260621659077414
776,1.7840000000000003,1.0260621659077414
777,1.7840000000000003,1.0260621659077414
778,1.7840000000000003,1.0260621659077414
779,1.7840000000000003,1.0260621659077414
780,1.7840000000000003,1.0260621659077414
781,1.7840000000000003,1.0260621659077414
782,1.7840000000000003,1.0260621659077414
783,1.7840000000000003,1.0260621659077414
784,1.7840000000000003,1.0260621659077414
785,1.7840000000000003,1.0260621659077414
786,1.7840000000000003,1.0260621659077414
787,1.7840000000000003,1.0260621659077414
788,1.7840000000000003,1.0260621659077414
789,1.7840000000000003,1.0260621659077414
790,1.7840000000000003,1.0260621659077414
791,1.7840000000000003,1.0260621659077414
792,1.7840000000000003,1.0260621659077414
793,1.7840000000000003,1.0260621659077414
794,1.7840000000000003,1.0260621659077414
795,1.7840000000000003,1.0260621659077414
796,1.7840000000000003,1.0260621659077414
797,1.7840000000000003,1.0260621659077414
798,1.7840000000000003,1.0260621659077414
799,1.7840000000000003,1.0260621659077414
800,1.7840000000000003,1.0260621659077414
801,1.7840000000000003,1.0260621659077414
802,1.7840000000000003,1.0260621659077414
803,1.7840000000000003,1.0260621659077414
804,1.7840000000000003,1.0260621659077414
805,1.7840000000000003,1.0260621659077414
806,1.7840000000000003,1.0260621659077414
807,1.7840000000000003,1.0260621659077414
808,1.7840000000000003,1.0260621659077414
809,1.7840000000000003,1.0260621659077414
810,1.7840000000000003,1.0260621659077414
811,1.7840000000000003,1.0260621659077414
812,1.7840000000000003,1.0260621659077414
813,1.7840000000000003,1.0260621659077414
814,1.7840000000000003,1.0260621659077414
815,1.7840000000000003,1.0260621659077414
816,1.7840000000000003,1.0260621659077414
817,1.7840000000000003,1.0260621659077414
818,1.7840000000000003,1.0260621659077414
819,1.7840000000000003,1.0260621659077414
820,1.7840000000000003,1.0260621659077414
821,1.7840000000000003,1.0260621659077414
822,1.7840000000000003,1.0260621659077414
823,1.7840000000000003,1.0260621659077414
824,1.7840000000000003,1.0260621659077414
825,1.7840000000000003,1.0260621659077414
826,1.7840000000000003,1.0260621659077414
827,1.7840000000000003,1.0260621659077414
828,1.7840000000000003,1.0260621659077414
829,1.7840000000000003,1.0260621659077414
830,1.7840000000000003,1.0260621659077414
831,1.7840000000000003,1.0260621659077414
832,1.7840000000000003,1.0260621659077414
833,1.7840000000000003,1.0260621659077414
834,1.7840000000000003,1.0260621659077414
835,1.7840000000000003,1.0260621659077414
836,1.7840000000000003,1.0260621659077414
837,1.7840000000000003,1.0260621659077414
838,1.7840000000000003,1.0260621659077414
839,1.7840000000000003,1.0260621659077414
840,1.7840000000000003,1.0260621659077414
841,1.7840000000000003,1.0260621659077414
842,1.7840000000000003,1.0260621659077414
843,1.7840000000000003,1.0260621659077414
844,1.7840000000000003,1.0260621659077414
845,1.7840000000000003,1.0260621659077414
846,1.7840000000000003,1.0260621659077414
847,1.7840000000000003,1.0260621659077414
848,1.7840000000000003,1.0260621659077414
849,1.7840000000000003,1.0260621659077414
850,1.7840000000000003,1.0260621659077414
851,1.7840000000000003,1.0260621659077414
852,1.7840000000000003,1.0260621659077414
853,1.7840000000000003,1.0260621659077414
854,1.7840000000000003,1.0260621659077414
855,1.7840000000000003,1.0260621659077414
856,1.7840000000000003,1.0260621659077414
857,1.7840000000000003,1.0260621659077414
858,1.7840000000000003,1.0260621659077414
859,1.7840000000000003,1.0260621659077414
860,1.7840000000000003,1.0260621659077414
861,1.7840000000000003,1.0260621659077414
862,1.7840000000000003,1.0260621659077414
863,1.7840000000000003,1.0260621659077414
864,1.7840000000000003,1.0260621659077414
865,1.7840000000000003,1.0260621659077414
866,1.7840000000000003,1.0260621659077414
867,1.7840000000000003,1.0260621659077414
868,1.7840000000000003,1.0260621659077414
869,1.7840000000000003,1.0260621659077414
870,1.7840000000000003,1.0260621659077414
871,1.7840000000000003,1.0260621659077414
872,1.7840000000000003,1.0260621659077414
873,1.7840000000000003,1.0260621659077414
874,1.7840000000000003,1.0260621659077414
875,1.7840000000000003,1.0260621659077414
876,1.7840000000000003,1.0260621659077414
877,1.7840000000000003,1.0260621659077414
878,1.7840000000000003,1.0260621659077414
879,1.7840000000000003,1.0260621659077414
880,1.7840000000000003,1.0260621659077414
881,1.7840000000000003,1.0260621659077414
882,1.7840000000000003,1.0260621659077414
883,1.7840000000000003,1.0260621659077414
884,1.7840000000000003,1.0260621659077414
885,1.7840000000000003,1.0260621659077414
886,1.7840000000000003,1.0260621659077414
887,1.7840000000000003,1.0260621659077414
888,1.7840000000000003,1.0260621659077414
889,1.7840000000000003,1.0260621659077414
890,1.7840000000000003,1.0260621659077414
891,1.7840000000000003,1.0260621659077414
892,1.7840000000000003,1.0260621659077414
893,1.7840000000000003,1.0260621659077414
894,1.7840000000000003,1.0260621659077414
895,1.7840000000000003,1.0260621659077414
896,1.7840000000000003,1.0260621659077414
897,1.7840000000000003,1.0260621659077414
898,1.7840000000000003,1.0260621659077414
899,1.7840000000000003,1.0260621659077414
900,1.7840000000000003,1.0260621659077414
901,1.7840000000000003,1.0260621659077414
902,1.7840000000000003,1.0260621659077414
903,1.7840000000000003,1.0260621659077414
904,1.7840000000000003,1.0260621659077414
905,1.7840000000000003,1.0260621659077414
906,1.7840000000000003,1.0260621659077414
907,1.7840000000000003,1.0260621659077414
908,1.7840000000000003,1.0260621659077414
909,1.7840000000000003,1.0260621659077414
910,1.7840000000000003,1.0260621659077414
911,1.7840000000000003,1.0260621659077414
912,1.7840000000000003,1.0260621659077414
913,1.7840000000000003,1.0260621659077414
914,1.7840000000000003,1.0260621659077414
915,1.7840000000000003,1.0260621659077414
916,1.7840000000000003,1.0260621659077414
917,1.7840000000000003,1.0260621659077414
918,1.7840000000000003,1.0260621659077414
919,1.7840000000000003,1.0260621659077414
920,1.7840000000000003,1.0260621659077414
921,1.7840000000000003,1.0260621659077414
922,1.7840000000000003,1.0260621659077414
923,1.7840000000000003,1.0260621659077414
924,1.7840000000000003,1.0260621659077414
925,1.7840000000000003,1.0260621659077414
926,1.7840000000000003,1.0260621659077414
927,1.7840000000000003,1.0260621659077414
928,1.7840000000000003,1.0260621659077414
929,1.7840000000000003,1.0260621659077414
930,1.7840000000000003,1.0260621659077414
931,1.7840000000000003,1.0260621659077414
932,1.7840000000000003,1.0260621659077414
933,1.7840000000000003,1.0260621659077414
934,1.7840000000000003,1.0260621659077414
935,1.7840000000000003,1.0260621659077414
936,1.7840000000000003,1.0260621659077414
937,1.7840000000000003,1.0260621659077414
938,1.7840000000000003,1.0260621659077414
939,1.7840000000000003,1.0260621659077414
940,1.7840000000000003,1.0260621659077414
941,1.7840000000000003,1.0260621659077414
942,1.7840000000000003,1.0260621659077414
943,1.7840000000000003,1.0260621659077414
944,1.7840000000000003,1.0260621659077414
945,1.7840000000000003,1.0260621659077414
946,1.7840000000000003,1.0260621659077414
947,1.7840000000000003,1.0260621659077414
948,1.7840000000000003,1.0260621659077414
949,1.7840000000000003,1.0260621659077414
950,1.7840000000000003,1.0260621659077414
951,1.7840000000000003,1.0260621659077414
952,1.7840000000000003,1.0260621659077414
953,1.7840000000000003,1.0260621659077414
954,1.7840000000000003,1.0260621659077414
955,1.7840000000000003,1.0260621659077414
956,1.7840000000000003,1.0260621659077414
957,1.7840000000000003,1.0260621659077414
958,1.7840000000000003,1.0260621659077414
959,1.7840000000000003,1.0260621659077414
960,1.7840000000000003,1.0260621659077414
961,1.7840000000000003,1.0260621659077414
962,1.7840000000000003,1.0260621659077414
963,1.7840000000000003,1.0260621659077414
964,1.7840000000000003,1.0260621659077414
965,1.7840000000000003,1.0260621659077414
966,1.7840000000000003,1.0260621659077414
967,1.7840000000000003,1.0260621659077414
968,1.7840000000000003,1.0260621659077414
969,1.7840000000000003,1.0260621659077414
970,1.7840000000000003,1.0260621659077414
971,1.7840000000000003,1.0260621659077414
972,1.7840000000000003,1.0260621659077414
973,1.7840000000000003,1.0260621659077414
974,1.7840000000000003,1.0260621659077414
975,1.7840000000000003,1.0260621659077414
976,1.7840000000000003,1.0260621659077414
977,1.7840000000000003,1.0260621659077414
978,1.7840000000000003,1.0260621659077414
979,1.7840000000000003,1.0260621659077414
980,1.7840000000000003,1.0260621659077414
981,1.7840000000000003,1.0260621659077414
982,1.7840000000000003,1.0260621659077414
983,1.7840000000000003,1.0260621659077414
984,1.7840000000000003,1.0260621659077414
985,1.7840000000000003,1.0260621659077414
986,1.7840000000000003,1.0260621659077414
987,1.7840000000000003,1.0260621659077414
988,1.7840000000000003,1.0260621659077414
989,1.7840000000000003,1.0260621659077414
990,1.7840000000000003,1.0260621659077414
991,1.7840000000000003,1.0260621659077414
992,1.7840000000000003,1.0260621659077414
993,1.7840000000000003,1.0260621659077414
994,1.7840000000000003,1.0260621659077414
995,1.7840000000000003,1.0260621659077414
996,1.7840000000000003,1.0260621659077414
997,1.7840000000000003,1.0260621659077414
998,1.7840000000000003,1.0260621659077414
999,1.7840000000000003,1.0260621659077414
1000,1.7840000000000003,1.0260621659077414
1001,1.7840000000000003,1.0260621659077414
1002,1.7840000000000003,1.0260621659077414
1003,1.7840000000000003,1.0260621659077414
1004,1.7840000000000003,1.0260621659077414
1005,1.7840000000000003,1.0260621659077414
1006,1.7840000000000003,1.0260621659077414
1007,1.7840000000000003,1.0260621659077414
1008,1.7840000000000003,1.0260621659077414
1009,1.7840000000000003,1.0260621659077414
1010,1.7840000000000003,1.0260621659077414
1011,1.7840000000000003,1.0260621659077414
1012,1.7840000000000003,1.0260621659077414
1013,1.7840000000000003,1.0260621659077414
1014,1.7840000000000003,1.0260621659077414
1015,1.7840000000000003,1.0260621659077414
1016,1.7840000000000003,1.0260621659077414
1017,1.7840000000000003,1.0260621659077414
1018,1.7840000000000003,1.0260621659077414
1019,1.7840000000000003,1.0260621659077414
1020,1.7840000000000003,1.0260621659077414
1021,1.7840000000000003,1.0260621659077414
1022,1.7840000000000003,1.0260621659077414
1023,1.7840000000000003,1.0260621659077414
1024,1.7840000000000003,1.0260621659077414
1025,1.7840000000000003,1.0260621659077414
1026,1.7840000000000003,1.0260621659077414
1027,1.7840000000000003,1.0260621659077414
1028,1.7840000000000003,1.0260621659077414
1029,1.7840000000000003,1.0260621659077414
1030,1.7840000000000003,1.0260621659077414
1031,1.7840000000000003,1.0260621659077414
1032,1.7840000000000003,1.0260621659077414
1033,1.7840000000000003,1.0260621659077414
1034,1.7840000000000003,1.0260621659077414
1035,1.7840000000000003,1.0260621659077414
1036,1.7840000000000003,1.0260621659077414
1037,1.7840000000000003,1.0260621659077414
1038,1.7840000000000003,1.0260621659077414
1039,1.6700000000000002,1.0260621659077414
1040,1.6700000000000002,1.0260621659077414
1041,1.6700000000000002,1.0260621659077414
1042,1.6700000000000002,1.0260621659077414
1043,1.6700000000000002,1.0260621659077414
1044,1.6700000000000002,1.0260621659077414
1045,1.6700000000000002,1.0260621659077414
1046,1.6700000000000002,1.0260621659077414
1047,1.6700000000000002,1.0260621659077414
1048,1.6700000000000002,1.0260621659077414
1049,1.6700000000000002,1.0260621659077414
1050,1.6700000000000002,1.0260621659077414
1051,1.6700000000000002,1.0260621659077414
1052,1.6700000000000002,1.0260621659077414
1053,1.6700000000000002,1.0260621659077414
1054,1.6700000000000002,1.0260621659077414
1055,1.6700000000000002,1.0260621659077414
1056,1.6700000000000002,1.0260621659077414
1057,1.6700000000000002,1.0260621659077414
1058,1.6700000000000002,1.0260621659077414
1059,1.6700000000000002,1.0260621659077414
1060,1.6700000000000002,1.0260621659077414
1061,1.6700000000000002,1.0260621659077414
1062,1.6700000000000002,1.0260621659077414
1063,1.6700000000000002,1.0260621659077414
1064,1.6700000000000002,1.0260621659077414
1065,1.6700000000000002,1.0260621659077414
1066,1.6700000000000002,1.0260621659077414
1067,1.6700000000000002,1.0260621659077414
1068,1.6700000000000002,1.0260621659077414
1069,1.6700000000000002,1.0260621659077414
1070,1.6700000000000002,1.0260621659077414
1071,1.6700000000000002,1.0260621659077414
1072,1.6700000000000002,1.0260621659077414
1073,1.6700000000000002,1.0260621659077414
1074,1.6700000000000002,1.0260621659077414
1075,1.6700000000000002,1.0260621659077414
1076,1.6700000000000002,1.0260621659077414
1077,1.6700000000000002,1.0260621659077414
1078,1.6700000000000002,1.0260621659077414
1079,1.6700000000000002,1.0260621659077414
1080,1.6700000000000002,1.0260621659077414
1081,1.6700000000000002,1.0260621659077414
1082,1.6700000000000002,1.0260621659077414
1083,1.6700000000000002,1.0260621659077414
1084,1.6700000000000002,1.0260621659077414
1085,1.6700000000000002,1.0260621659077414
1086,1.6700000000000002,1.0260621659077414
1087,1.6700000000000002,1.0260621659077414
1088,1.6700000000000002,1.0260621659077414
1089,1.6700000000000002,1.0260621659077414
1090,1.6700000000000002,1.0260621659077414
1091,1.6700000000000002,1.0260621659077414
1092,1.6700000000000002,1.0260621659077414
1093,1.6700000000000002,1.0260621659077414
1094,1.6700000000000002,1.0260621659077414
1095,1.6700000000000002,1.0260621659077414
1096,1.6700000000000002,1.0260621659077414
1097,1.6700000000000002,1.0260621659077414
1098,1.6700000000000002,1.0260621659077414
1099,1.6700000000000002,1.0260621659077414
1100,1.6700000000000002,1.0260621659077414
1101,1.6700000000000002,1.0260621659077414
1102,1.6700000000000002,1.0260621659077414
1103,1.6700000000000002,1.0260621659077414
1104,1.6700000000000002,1.0260621659077414
1105,1.6700000000000002,1.0260621659077414
1106,1.6700000000000002,1.0260621659077414
1107,1.6700000000000002,1.0260621659077414
1108,1.6700000000000002,1.0260621659077414
1109,1.6700000000000002,1.0260621659077414
1110,1.6700000000000002,1.0260621659077414
1111,1.6700000000000002,1.0260621659077414
1112,1.6700000000000002,1.0260621659077414
1113,1.6700000000000002,1.0260621659077414
1114,1.6700000000000002,1.0260621659077414
1115,1.6700000000000002,1.0260621659077414
1116,1.6700000000000002,1.0260621659077414
1117,1.6700000000000002,1.0260621659077414
1118,1.6700000000000002,1.0260621659077414
1119,1.6700000000000002,1.0260621659077414
1120,1.6700000000000002,1.0260621659077414
1121,1.6700000000000002,1.0260621659077414
1122,1.6700000000000002,1.0260621659077414
1123,1.6700000000000002,1.0260621659077414
1124,1.6700000000000002,1.0260621659077414
1125,1.6700000000000002,1.0260621659077414
1126,1.6700000000000002,1.0260621659077414
1127,1.6700000000000002,1.0260621659077414
1128,1.6700000000000002,1.0260621659077414
1129,1.6700000000000002,1.0260621659077414
1130,1.6700000000000002,1.0260621659077414
1131,1.6700000000000002,1.0260621659077414
1132,1.6700000000000002,1.0260621659077414
1133,1.6700000000000002,1.0260621659077414
1134,1.6700000000000002,1.0260621659077414
1135,1.6700000000000002,1.0260621659077414
1136,1.6700000000000002,1.0260621659077414
1137,1.6700000000000002,1.0260621659077414
1138,1.6700000000000002,1.0260621659077414
1139,1.6700000000000002,1.0260621659077414
1140,1.6700000000000002,1.0260621659077414
1141,1.6700000000000002,1.0260621659077414
1142,1.6700000000000002,1.0260621659077414
1143,1.6700000000000002,1.0260621659077414
1144,1.6700000000000002,1.0260621659077414
1145,1.6700000000000002,1.0260621659077414
1146,1.6700000000000002,1.0260621659077414
1147,1.6700000000000002,1.0260621659077414
1148,1.6700000000000002,1.0260621659077414
1149,1.6700000000000002,1.0260621659077414
1150,1.6700000000000002,1.0260621659077414
1151,1.6700000000000002,1.0260621659077414
1152,1.6700000000000002,1.0260621659077414
1153,1.6700000000000002,1.0260621659077414
1154,1.6700000000000002,1.0260621659077414
1155,1.6700000000000002,1.0260621659077414
1156,1.6700000000000002,1.0260621659077414
1157,1.6700000000000002,1.0260621659077414
1158,1.6700000000000002,1.0260621659077414
1159,1.6700000000000002,1.0260621659077414
1160,1.6700000000000002,1.0260621659077414
1161,1.6700000000000002,1.0260621659077414
1162,1.6700000000000002,1.0260621659077414
1163,1.6700000000000002,1.0260621659077414
1164,1.6700000000000002,1.0260621659077414
1165,1.6700000000000002,1.0260621659077414
1166,1.6700000000000002,1.0260621659077414
1167,1.6700000000000002,1.0260621659077414
1168,1.6700000000000002,1.0260621659077414
1169,1.6700000000000002,1.0260621659077414
1170,1.6700000000000002,1.0260621659077414
1171,1.6700000000000002,1.0260621659077414
1172,1.6700000000000002,1.0260621659077414
1173,1.6700000000000002,1.0260621659077414
1174,1.6700000000000002,1.0260621659077414
1175,1.6700000000000002,1.0260621659077414
1176,1.6700000000000002,1.0260621659077414
1177,1.6700000000000002,1.0260621659077414
1178,1.6700000000000002,1.0260621659077414
1179,1.6700000000000002,1.0260621659077414
1180,1.6700000000000002,1.0260621659077414
1181,1.6700000000000002,1.0260621659077414
1182,1.6700000000000002,1.0260621659077414
1183,1.6700000000000002,1.0260621659077414
1184,1.6700000000000002,1.0260621659077414
1185,1.6700000000000002,1.0260621659077414
1186,1.6700000000000002,1.0260621659077414
1187,1.6700000000000002,1.0260621659077414
1188,1.6700000000000002,1.0260621659077414
1189,1.6700000000000002,1.0260621659077414
1190,1.6700000000000002,1.0260621659077414
1191,1.6700000000000002,1.0260621659077414
1192,1.6700000000000002,1.0260621659077414
1193,1.6700000000000002,1.0260621659077414
1194,1.6700000000000002,1.0260621659077414
1195,1.6700000000000002,1.0260621659077414
1196,1.6700000000000002,1.0260621659077414
1197,1.6700000000000002,1.0260621659077414
1198,1.6700000000000002,1.0260621659077414
1199,1.6700000000000002,1.0260621659077414
1200,1.6700000000000002,1.0260621659077414
1201,1.6700000000000002,1.0260621659077414
1202,1.6700000000000002,1.0260621659077414
1203,1.6700000000000002,1.0260621659077414
1204,1.6700000000000002,1.0260621659077414
1205,1.6700000000000002,1.0260621659077414
1206,1.6700000000000002,1.0260621659077414
1207,1.6700000000000002,1.0260621659077414
1208,1.6700000000000002,1.0260621659077414
1209,1.6700000000000002,1.0260621659077414
1210,1.6700000000000002,1.0260621659077414
1211,1.6700000000000002,1.0260621659077414
1212,1.6700000000000002,1.0260621659077414
1213,1.6700000000000002,1.0260621659077414
1214,1.6700000000000002,1.0260621659077414
1215,1.6700000000000002,1.0260621659077414
1216,1.6700000000000002,1.0260621659077414
1217,1.6700000000000002,1.0260621659077414
1218,1.6700000000000002,1.0260621659077414
1219,1.6700000000000002,1.0260621659077414
1220,1.6700000000000002,1.0260621659077414
1221,1.6700000000000002,1.0260621659077414
1222,1.6700000000000002,1.0260621659077414
1223,1.6700000000000002,1.0260621659077414
1224,1.6700000000000002,1.0260621659077414
1225,1.6700000000000002,1.0260621659077414
1226,1.6700000000000002,1.0260621659077414
1227,1.6700000000000002,1.0260621659077414
1228,1.6700000000000002,1.0260621659077414
1229,1.6700000000000002,1.0260621659077414
1230,1.6700000000000002,1.0260621659077414
1231,1.6700000000000002,1.0260621659077414
1232,1.6700000000000002,1.0260621659077414
1233,1.6700000000000002,1.0260621659077414
1234,1.6700000000000002,1.0260621659077414
1235,1.6700000000000002,1.0260621659077414
1236,1.6700000000000002,1.0260621659077414
1237,1.6700000000000002,1.0260621659077414
1238,1.6700000000000002,1.0260621659077414
1239,1.6700000000000002,1.0260621659077414
1240,1.6700000000000002,1.0260621659077414
1241,1.6700000000000002,1.0260621659077414
1242,1.6700000000000002,1.0260621659077414
1243,1.6700000000000002,1.0260621659077414
1244,1.6700000000000002,1.0260621659077414
1245,1.6700000000000002,1.0260621659077414
1246,1.6700000000000002,1.0260621659077414
1247,1.6700000000000002,1.0260621659077414
1248,1.6700000000000002,1.0260621659077414
1249,1.6700000000000002,1.0260621659077414
1250,1.6700000000000002,1.0260621659077414
1251,1.6700000000000002,1.0260621659077414
1252,1.6700000000000002,1.0260621659077414
1253,1.6700000000000002,1.0260621659077414
1254,1.6700000000000002,1.0260621659077414
1255,1.6700000000000002,1.0260621659077414
1256,1.6700000000000002,1.0260621659077414
1257,1.6700000000000002,1.0260621659077414
1258,1.6700000000000002,1.0260621659077414
1259,1.6700000000000002,1.0260621659077414
1260,1.6700000000000002,1.0260621659077414
1261,1.6700000000000002,1.0260621659077414
1262,1.6700000000000002,1.0260621659077414
1263,1.6700000000000002,1.0260621659077414
1264,1.6700000000000002,1.0260621659077414
1265,1.6700000000000002,1.0260621659077414
1266,1.6700000000000002,1.0260621659077414
1267,1.6700000000000002,1.0260621659077414
1268,1.6700000000000002,1.0260621659077414
1269,1.6700000000000002,1.0260621659077414
1270,1.6700000000000002,1.0260621659077414
1271,1.6700000000000002,1.0260621659077414
1272,1.6700000000000002,1.0260621659077414
1273,1.6700000000000002,1.0260621659077414
1274,1.6700000000000002,1.0260621659077414
1275,1.6700000000000002,1.0260621659077414
1276,1.6700000000000002,1.0260621659077414
1277,1.6700000000000002,1.0260621659077414
1278,1.6700000000000002,1.0260621659077414
1279,1.6700000000000002,1.0260621659077414
1280,1.6700000000000002,1.0260621659077414
1281,1.6700000000000002,1.0260621659077414
1282,1.6700000000000002,1.0260621659077414
1283,1.6700000000000002,1.0260621659077414
1284,1.6700000000000002,1.0260621659077414
1285,1.6700000000000002,1.0260621659077414
1286,1.6700000000000002,1.0260621659077414
1287,1.6700000000000002,1.0260621659077414
1288,1.6700000000000002,1.0260621659077414
1289,1.6700000000000002,1.0260621659077414
1290,1.6700000000000002,1.0260621659077414
1291,1.6700000000000002,1.0260621659077414
1292,1.6700000000000002,1.0260621659077414
1293,1.6700000000000002,1.0260621659077414
1294,1.6700000000000002,1.0260621659077414
1295,1.6700000000000002,1.0260621659077414
1296,1.6700000000000002,1.0260621659077414
1297,1.6700000000000002,1.0260621659077414
1298,1.6700000000000002,1.0260621659077414
1299,1.6700000000000002,1.0260621659077414
1300,1.6700000000000002,1.0260621659077414
1301,1.6700000000000002,1.0260621659077414
1302,1.6700000000000002,1.0260621659077414
1303,1.6700000000000002,1.0260621659077414
1304,1.6700000000000002,1.0260621659077414
1305,1.6700000000000002,1.0260621659077414
1306,1.6700000000000002,1.0260621659077414
1307,1.6700000000000002,1.0260621659077414
1308,1.6700000000000002,1.0260621659077414
1309,1.6700000000000002,1.0260621659077414
1310,1.6700000000000002,1.0260621659077414
1311,1.6700000000000002,1.0260621659077414
1312,1.6700000000000002,1.0260621659077414
1313,1.6700000000000002,1.0260621659077414
1314,1.6700000000000002,1.0260621659077414
1315,1.6700000000000002,1.0260621659077414
1316,1.6700000000000002,1.0260621659077414
1317,1.6700000000000002,1.0260621659077414
1318,1.6700000000000002,1.0260621659077414
1319,1.6700000000000002,1.0260621659077414
1320,1.6700000000000002,1.0260621659077414
1321,1.6700000000000002,1.0260621659077414
1322,1.6700000000000002,1.0260621659077414
1323,1.6700000000000002,1.0260621659077414
1324,1.6700000000000002,1.0260621659077414
1325,1.6700000000000002,1.0260621659077414
1326,1.6700000000000002,1.0260621659077414
1327,1.6700000000000002,1.0260621659077414
1328,1.6700000000000002,1.0260621659077414
1329,1.6700000000000002,1.0260621659077414
1330,1.6700000000000002,1.0260621659077414
1331,1.6700000000000002,1.0260621659077414
1332,1.6700000000000002,1.0260621659077414
1333,1.6700000000000002,1.0260621659077414
1334,1.6700000000000002,1.0260621659077414
1335,1.6700000000000002,1.0260621659077414
1336,1.6700000000000002,1.0260621659077414
1337,1.6700000000000002,1.0260621659077414
1338,1.6700000000000002,1.0260621659077414
1339,1.6700000000000002,1.0260621659077414
1340,1.6700000000000002,1.0260621659077414
1341,1.6700000000000002,1.0260621659077414
1342,1.6700000000000002,1.0260621659077414
1343,1.6700000000000002,1.0260621659077414
1344,1.6700000000000002,1.0260621659077414
1345,1.6700000000000002,1.0260621659077414
1346,1.6700000000000002,1.0260621659077414
1347,1.6700000000000002,1.0260621659077414
1348,1.6700000000000002,1.0260621659077414
1349,1.6700000000000002,1.0260621659077414
1350,1.6700000000000002,1.0260621659077414
1351,1.6700000000000002,1.0260621659077414
1352,1.6700000000000002,1.0260621659077414
1353,1.6700000000000002,1.0260621659077414
1354,1.6700000000000002,1.0260621659077414
1355,1.6700000000000002,1.0260621659077414
1356,1.6700000000000002,1.0260621659077414
1357,1.6700000000000002,1.0260621659077414
1358,1.6700000000000002,1.0260621659077414
1359,1.6700000000000002,1.0260621659077414
1360,1.6700000000000002,1.0260621659077414
1361,1.6700000000000002,1.0260621659077414
1362,1.6700000000000002,1.0260621659077414
1363,1.6700000000000002,1.0260621659077414
1364,1.6700000000000002,1.0260621659077414
1365,1.6700000000000002,1.0260621659077414
1366,1.6700000000000002,1.0260621659077414
1367,1.6700000000000002,1.0260621659077414
1368,1.6700000000000002,1.0260621659077414
1369,1.6700000000000002,1.0260621659077414
1370,1.6700000000000002,1.0260621659077414
1371,1.6700000000000002,1.0260621659077414
1372,1.6700000000000002,1.0260621659077414
1373,1.6700000000000002,1.0260621659077414
1374,1.6700000000000002,1.0260621659077414
1375,1.6700000000000002,1.0260621659077414
1376,1.6700000000000002,1.0260621659077414
1377,1.6700000000000002,1.0260621659077414
1378,1.6700000000000002,1.0260621659077414
1379,1.6700000000000002,1.0260621659077414
1380,1.6700000000000002,1.0260621659077414
1381,1.6700000000000002,1.0260621659077414
1382,1.6700000000000002,1.0260621659077414
1383,1.6700000000000002,1.0260621659077414
1384,1.6700000000000002,1.0260621659077414
1385,1.6700000000000002,1.0260621659077414
1386,1.6700000000000002,1.0260621659077414
1387,1.6700000000000002,1.0260621659077414
1388,1.6700000000000002,1.0260621659077414
1389,1.6700000000000002,1.0260621659077414
1390,1.6700000000000002,1.0260621659077414
1391,1.6700000000000002,1.0260621659077414
1392,1.6700000000000002,1.0260621659077414
1393,1.6700000000000002,1.0260621659077414
1394,1.6700000000000002,1.0260621659077414
1395,1.6700000000000002,1.0260621659077414
1396,1.6700000000000002,1.0260621659077414
1397,1.6700000000000002,1.0260621659077414
1398,1.6700000000000002,1.0260621659077414
1399,1.6700000000000002,1.0260621659077414
1400,1.6700000000000002,1.0260621659077414
1401,1.6700000000000002,1.0260621659077414
1402,1.6700000000000002,1.0260621659077414
1403,1.6700000000000002,1.0260621659077414
1404,1.6700000000000002,1.0260621659077414
1405,1.6700000000000002,1.0260621659077414
1406,1.6700000000000002,1.0260621659077414
1407,1.6700000000000002,1.0260621659077414
1408,1.6700000000000002,1.0260621659077414
1409,1.6700000000000002,1.0260621659077414
1410,1.6700000000000002,1.0260621659077414
1411,1.6700000000000002,1.0260621659077414
1412,1.6700000000000002,1.0260621659077414
1413,1.6700000000000002,1.0260621659077414
1414,1.6700000000000002,1.0260621659077414
1415,1.6700000000000002,1.0260621659077414
1416,1.6700000000000002,1.0260621659077414
1417,1.6700000000000002,1.0260621659077414
1418,1.6700000000000002,1.0260621659077414
1419,1.6700000000000002,1.0260621659077414
1420,1.6700000000000002,1.0260621659077414
1421,1.6700000000000002,1.0260621659077414
1422,1.6700000000000002,1.0260621659077414
1423,1.6700000000000002,1.0260621659077414
1424,1.6700000000000002,1.0260621659077414
1425,1.6700000000000002,1.0260621659077414
1426,1.6700000000000002,1.0260621659077414
1427,1.6700000000000002,1.0260621659077414
1428,1.6700000000000002,1.0260621659077414
1429,1.6700000000000002,1.0260621659077414
1430,1.6700000000000002,1.0260621659077414
1431,1.6700000000000002,1.0260621659077414
1432,1.6700000000000002,1.0260621659077414
1433,1.6700000000000002,1.0260621659077414
1434,1.6700000000000002,1.0260621659077414
1435,1.6700000000000002,1.0260621659077414
1436,1.6700000000000002,1.0260621659077414
1437,1.6700000000000002,1.0260621659077414
1438,1.6700000000000002,1.0260621659077414
1439,1.6700000000000002,1.0260621659077414
1440,1.6700000000000002,1.0260621659077414
1441,1.6700000000000002,1.0260621659077414
1442,1.6700000000000002,1.0260621659077414
1443,1.6700000000000002,1.0260621659077414
1444,1.6700000000000002,1.0260621659077414
1445,1.6700000000000002,1.0260621659077414
1446,1.6700000000000002,1.0260621659077414
1447,1.6700000000000002,1.0260621659077414
1448,1.6700000000000002,1.0260621659077414
1449,1.6700000000000002,1.0260621659077414
1450,1.6700000000000002,1.0260621659077414
1451,1.6700000000000002,1.0260621659077414
1452,1.6700000000000002,1.0260621659077414
1453,1.6700000000000002,1.0260621659077414
1454,1.6700000000000002,1.0260621659077414
1455,1.6700000000000002,1.0260621659077414
1456,1.6700000000000002,1.0260621659077414
1457,1.6700000000000002,1.0260621659077414
1458,1.6700000000000002,1.0260621659077414
1459,1.6700000000000002,1.0260621659077414
1460,1.6700000000000002,1.0260621659077414
1461,1.6700000000000002,1.0260621659077414
1462,1.6700000000000002,1.0260621659077414
1463,1.6700000000000002,1.0260621659077414
1464,1.6700000000000002,1.0260621659077414
1465,1.6700000000000002,1.0260621659077414
1466,1.6700000000000002,1.0260621659077414
1467,1.6700000000000002,1.0260621659077414
1468,1.6700000000000002,1.0260621659077414
1469,1.6700000000000002,1.0260621659077414
1470,1.6700000000000002,1.0260621659077414
1471,1.6700000000000002,1.0260621659077414
1472,1.6700000000000002,1.0260621659077414
1473,1.6700000000000002,1.0260621659077414
1474,1.6700000000000002,1.0260621659077414
1475,1.6700000000000002,1.0260621659077414
1476,1.6700000000000002,1.0260621659077414
1477,1.6700000000000002,1.0260621659077414
1478,1.6700000000000002,1.0260621659077414
1479,1.6700000000000002,1.0260621659077414
1480,1.6700000000000002,1.0260621659077414
1481,1.6700000000000002,1.0260621659077414
1482,1.6700000000000002,1.0260621659077414
1483,1.6700000000000002,1.0260621659077414
1484,1.6700000000000002,1.0260621659077414
1485,1.6700000000000002,1.0260621659077414
1486,1.6700000000000002,1.0260621659077414
1487,1.6700000000000002,1.0260621659077414
1488,1.6700000000000002,1.0260621659077414
1489,1.6700000000000002,1.0260621659077414
1490,1.6700000000000002,1.0260621659077414
1491,1.6700000000000002,1.0260621659077414
1492,1.6700000000000002,1.0260621659077414
1493,1.6700000000000002,1.0260621659077414
1494,1.6700000000000002,1.0260621659077414
1495,1.6700000000000002,1.0260621659077414
1496,1.6700000000000002,1.0260621659077414
1497,1.6700000000000002,1.0260621659077414
1498,1.6700000000000002,1.0260621659077414
1499,1.6700000000000002,1.0260621659077414
1500,1.6700000000000002,1.0260621659077414
1501,1.6700000000000002,1.0260621659077414
1502,1.6700000000000002,1.0260621659077414
1503,1.6700000000000002,1.0260621659077414
1504,1.6700000000000002,1.0260621659077414
1505,1.6700000000000002,1.0260621659077414
1506,1.6700000000000002,1.0260621659077414
1507,1.6700000000000002,1.0260621659077414
1508,1.6700000000000002,1.0260621659077414
1509,1.6700000000000002,1.0260621659077414
1510,1.6700000000000002,1.0260621659077414
1511,1.6700000000000002,1.0260621659077414
1512,1.6700000000000002,1.0260621659077414
1513,1.6700000000000002,1.0260621659077414
1514,1.6700000000000002,1.0260621659077414
1515,1.6700000000000002,1.0260621659077414
1516,1.6700000000000002,1.0260621659077414
1517,1.6700000000000002,1.0260621659077414
1518,1.6700000000000002,1.0260621659077414
1519,1.6700000000000002,1.0260621659077414
1520,1.6700000000000002,1.0260621659077414
1521,1.6700000000000002,1.0260621659077414
1522,1.6700000000000002,1.0260621659077414
1523,1.6700000000000002,1.0260621659077414
1524,1.6700000000000002,1.0260621659077414
1525,1.6700000000000002,1.0260621659077414
1526,1.6700000000000002,1.0260621659077414
1527,1.6700000000000002,1.0260621659077414
1528,1.6700000000000002,1.0260621659077414
1529,1.6700000000000002,1.0260621659077414
1530,1.6700000000000002,1.0260621659077414
1531,1.6700000000000002,1.0260621659077414
1532,1.6700000000000002,1.0260621659077414
1533,1.6700000000000002,1.0260621659077414
1534,1.6700000000000002,1.0260621659077414
1535,1.6700000000000002,1.0260621659077414
1536,1.6700000000000002,1.0260621659077414
1537,1.6700000000000002,1.0260621659077414
1538,1.6700000000000002,1.0260621659077414
1539,1.6700000000000002,1.0260621659077414
1540,1.6700000000000002,1.0260621659077414
1541,1.6700000000000002,1.0260621659077414
1542,1.6700000000000002,1.0260621659077414
1543,1.6700000000000002,1.0260621659077414
1544,1.6700000000000002,1.0260621659077414
1545,1.6700000000000002,1.0260621659077414
1546,1.6700000000000002,1.0260621659077414
1547,1.6700000000000002,1.0260621659077414
1548,1.6700000000000002,1.0260621659077414
1549,1.6700000000000002,1.0260621659077414
1550,1.6700000000000002,1.0260621659077414
1551,1.6700000000000002,1.0260621659077414
1552,1.6700000000000002,1.0260621659077414
1553,1.6700000000000002,1.0260621659077414
1554,1.6700000000000002,1.0260621659077414
1555,1.6700000000000002,1.0260621659077414
1556,1.6700000000000002,1.0260621659077414
1557,1.6700000000000002,1.0260621659077414
1558,1.6700000000000002,1.0260621659077414
1559,1.6700000000000002,1.0260621659077414
1560,1.6700000000000002,1.0260621659077414
1561,1.6700000000000002,1.0260621659077414
1562,1.6700000000000002,1.0260621659077414
1563,1.6700000000000002,1.0260621659077414
1564,1.6700000000000002,1.0260621659077414
1565,1.6700000000000002,1.0260621659077414
1566,1.6700000000000002,1.0260621659077414
1567,1.6700000000000002,1.0260621659077414
1568,1.6700000000000002,1.0260621659077414
1569,1.6700000000000002,1.0260621659077414
1570,1.6700000000000002,1.0260621659077414
1571,1.6700000000000002,1.0260621659077414
1572,1.6700000000000002,1.0260621659077414
1573,1.6700000000000002,1.0260621659077414
1574,1.6700000000000002,1.0260621659077414
1575,1.6700000000000002,1.0260621659077414
1576,1.6700000000000002,1.0260621659077414
1577,1.6700000000000002,1.0260621659077414
1578,1.6700000000000002,1.0260621659077414
1579,1.6700000000000002,1.0260621659077414
1580,1.6700000000000002,1.0260621659077414
1581,1.6700000000000002,1.0260621659077414
1582,1.6700000000000002,1.0260621659077414
1583,1.6700000000000002,1.0260621659077414
1584,1.6700000000000002,1.0260621659077414
1585,1.6700000000000002,1.0260621659077414
1586,1.6700000000000002,1.0260621659077414
1587,1.6700000000000002,1.0260621659077414
1588,1.6700000000000002,1.0260621659077414
1589,1.6700000000000002,1.0260621659077414
1590,1.6700000000000002,1.0260621659077414
1591,1.6700000000000002,1.0260621659077414
1592,1.6700000000000002,1.0260621659077414
1593,1.6700000000000002,1.0260621659077414
1594,1.6700000000000002,1.0260621659077414
1595,1.6700000000000002,1.0260621659077414
1596,1.6700000000000002,1.0260621659077414
1597,1.6700000000000002,1.0260621659077414
1598,1.6700000000000002,1.0260621659077414
1599,1.6700000000000002,1.0260621659077414
1600,1.6700000000000002,1.0260621659077414
1601,1.6700000000000002,1.0260621659077414
1602,1.6700000000000002,1.0260621659077414
1603,1.6700000000000002,1.0260621659077414
1604,1.6700000000000002,1.0260621659077414
1605,1.6700000000000002,1.0260621659077414
1606,1.6700000000000002,1.0260621659077414
1607,1.6700000000000002,1.0260621659077414
1608,1.6700000000000002,1.0260621659077414
1609,1.6700000000000002,1.0260621659077414
1610,1.6700000000000002,1.0260621659077414
1611,1.6700000000000002,1.0260621659077414
1612,1.6700000000000002,1.0260621659077414
1613,1.6700000000000002,1.0260621659077414
1614,1.6700000000000002,1.0260621659077414
1615,1.6700000000000002,1.0260621659077414
1616,1.6700000000000002,1.0260621659077414
1617,1.6700000000000002,1.0260621659077414
1618,1.6700000000000002,1.0260621659077414
1619,1.6700000000000002,1.0260621659077414
1620,1.6700000000000002,1.0260621659077414
1621,1.6700000000000002,1.0260621659077414
1622,1.6700000000000002,1.0260621659077414
1623,1.6700000000000002,1.0260621659077414
1624,1.6700000000000002,1.0260621659077414
1625,1.6700000000000002,1.0260621659077414
1626,1.6700000000000002,1.0260621659077414
1627,1.6700000000000002,1.0260621659077414
1628,1.6700000000000002,1.0260621659077414
1629,1.6700000000000002,1.0260621659077414
1630,1.6700000000000002,1.0260621659077414
1631,1.6700000000000002,1.0260621659077414
1632,1.6700000000000002,1.0260621659077414
1633,1.6700000000000002,1.0260621659077414
1634,1.6700000000000002,1.0260621659077414
1635,1.6700000000000002,1.0260621659077414
1636,1.6700000000000002,1.0260621659077414
1637,1.6700000000000002,1.0260621659077414
1638,1.6700000000000002,1.0260621659077414
1639,1.6700000000000002,1.0260621659077414
1640,1.6700000000000002,1.0260621659077414
1641,1.6700000000000002,1.0260621659077414
1642,1.6700000000000002,1.0260621659077414
1643,1.6700000000000002,1.0260621659077414
1644,1.6700000000000002,1.0260621659077414
1645,1.6700000000000002,1.0260621659077414
1646,1.6700000000000002,1.0260621659077414
1647,1.6700000000000002,1.0260621659077414
1648,1.6700000000000002,1.0260621659077414
1649,1.6700000000000002,1.0260621659077414
1650,1.6700000000000002,1.0260621659077414
1651,1.6700000000000002,1.0260621659077414
1652,1.6700000000000002,1.0260621659077414
1653,1.6700000000000002,1.0260621659077414
1654,1.6700000000000002,1.0260621659077414
1655,1.6700000000000002,1.0260621659077414
1656,1.6700000000000002,1.0260621659077414
1657,1.6700000000000002,1.0260621659077414
1658,1.6700000000000002,1.0260621659077414
1659,1.6700000000000002,1.0260621659077414
1660,1.6700000000000002,1.0260621659077414
1661,1.6700000000000002,1.0260621659077414
1662,1.6700000000000002,1.0260621659077414
1663,1.6700000000000002,1.0260621659077414
1664,1.6700000000000002,1.0260621659077414
1665,1.6700000000000002,1.0260621659077414
1666,1.6700000000000002,1.0260621659077414
1667,1.6700000000000002,1.0260621659077414
1668,1.6700000000000002,1.0260621659077414
1669,1.6700000000000002,1.0260621659077414
1670,1.6700000000000002,1.0260621659077414
1671,1.6700000000000002,1.0260621659077414
1672,1.6700000000000002,1.0260621659077414
1673,1.6700000000000002,1.0260621659077414
1674,1.6700000000000002,1.0260621659077414
1675,1.6700000000000002,1.0260621659077414
1676,1.6700000000000002,1.0260621659077414
1677,1.6700000000000002,1.0260621659077414
1678,1.6700000000000002,1.0260621659077414
1679,1.6700000000000002,1.0260621659077414
1680,1.6700000000000002,1.0260621659077414
1681,1.6700000000000002,1.0260621659077414
1682,1.6700000000000002,1.0260621659077414
1683,1.6700000000000002,1.0260621659077414
1684,1.6700000000000002,1.0260621659077414
1685,1.6700000000000002,1.0260621659077414
1686,1.6700000000000002,1.0260621659077414
1687,1.6700000000000002,1.0260621659077414
1688,1.6700000000000002,1.0260621659077414
1689,1.6700000000000002,1.0260621659077414
1690,1.6700000000000002,1.0260621659077414
1691,1.6490000000000002,1.0260621659077414
1692,1.5350000000000001,1.0260621659077414
1693,1.5350000000000001,1.0260621659077414
1694,1.5350000000000001,1.0260621659077414
1695,1.5350000000000001,1.0260621659077414
1696,1.5350000000000001,1.0260621659077414
1697,1.5350000000000001,1.0260621659077414
1698,1.5350000000000001,1.0260621659077414
1699,1.5350000000000001,1.0260621659077414
1700,1.5350000000000001,1.0260621659077414
1701,1.5350000000000001,1.0260621659077414
1702,1.5350000000000001,1.0260621659077414
1703,1.5350000000000001,1.0260621659077414
1704,1.5350000000000001,1.0260621659077414
1705,1.5350000000000001,1.0260621659077414
1706,1.5350000000000001,1.0260621659077414
1707,1.5350000000000001,1.0260621659077414
1708,1.5350000000000001,1.0260621659077414
1709,1.5350000000000001,1.0260621659077414
1710,1.5350000000000001,1.0260621659077414
1711,1.5350000000000001,1.0260621659077414
1712,1.5350000000000001,1.0260621659077414
1713,1.5350000000000001,1.0260621659077414
1714,1.5350000000000001,1.0260621659077414
1715,1.5350000000000001,1.0260621659077414
1716,1.5350000000000001,1.0260621659077414
1717,1.5350000000000001,1.0260621659077414
1718,1.5350000000000001,1.0260621659077414
1719,1.5350000000000001,1.0260621659077414
1720,1.5350000000000001,1.0260621659077414
1721,1.5350000000000001,1.0260621659077414
1722,1.5350000000000001,1.0260621659077414
1723,1.5350000000000001,1.0260621659077414
1724,1.5350000000000001,1.0260621659077414
1725,1.5350000000000001,1.0260621659077414
1726,1.5350000000000001,1.0260621659077414
1727,1.5350000000000001,1.0260621659077414
1728,1.5350000000000001,1.0260621659077414
1729,1.5350000000000001,1.0260621659077414
1730,1.5350000000000001,1.0260621659077414
1731,1.5350000000000001,1.0260621659077414
1732,1.5350000000000001,1.0260621659077414
1733,1.5350000000000001,1.0260621659077414
1734,1.5350000000000001,1.0260621659077414
1735,1.5350000000000001,1.0260621659077414
1736,1.5350000000000001,1.0260621659077414
1737,1.5350000000000001,1.0260621659077414
1738,1.5350000000000001,1.0260621659077414
1739,1.5350000000000001,1.0260621659077414
1740,1.5350000000000001,1.0260621659077414
1741,1.5350000000000001,1.0260621659077414
1742,1.5350000000000001,1.0260621659077414
1743,1.5350000000000001,1.0260621659077414
1744,1.5350000000000001,1.0260621659077414
1745,1.5350000000000001,1.0260621659077414
1746,1.5350000000000001,1.0260621659077414
1747,1.5350000000000001,1.0260621659077414
1748,1.5350000000000001,1.0260621659077414
1749,1.5350000000000001,1.0260621659077414
1750,1.5350000000000001,1.0260621659077414
1751,1.5350000000000001,1.0260621659077414
1752,1.5350000000000001,1.0260621659077414
1753,1.5350000000000001,1.0260621659077414
1754,1.5350000000000001,1.0260621659077414
1755,1.5350000000000001,1.0260621659077414
1756,1.5350000000000001,1.0260621659077414
1757,1.5350000000000001,1.0260621659077414
1758,1.5350000000000001,1.0260621659077414
1759,1.5350000000000001,1.0260621659077414
1760,1.5350000000000001,1.0260621659077414
1761,1.5350000000000001,1.0260621659077414
1762,1.5350000000000001,1.0260621659077414
1763,1.5350000000000001,1.0260621659077414
1764,1.5350000000000001,1.0260621659077414
1765,1.5350000000000001,1.0260621659077414
1766,1.5350000000000001,1.0260621659077414
1767,1.5350000000000001,1.0260621659077414
1768,1.5350000000000001,1.0260621659077414
1769,1.5350000000000001,1.0260621659077414
1770,1.5350000000000001,1.0260621659077414
1771,1.5350000000000001,1.0260621659077414
1772,1.5350000000000001,1.0260621659077414
1773,1.5350000000000001,1.0260621659077414
1774,1.5350000000000001,1.0260621659077414
1775,1.5350000000000001,1.0260621659077414
1776,1.5350000000000001,1.0260621659077414
1777,1.5350000000000001,1.0260621659077414
1778,1.5350000000000001,1.0260621659077414
1779,1.5350000000000001,1.0260621659077414
1780,1.5350000000000001,1.0260621659077414
1781,1.5350000000000001,1.0260621659077414
1782,1.5350000000000001,1.0260621659077414
1783,1.5350000000000001,1.0260621659077414
1784,1.5350000000000001,1.0260621659077414
1785,1.5350000000000001,1.0260621659077414
1786,1.5350000000000001,1.0260621659077414
1787,1.5350000000000001,1.0260621659077414
1788,1.5350000000000001,1.0260621659077414
1789,1.5350000000000001,1.0260621659077414
1790,1.5350000000000001,1.0260621659077414
1791,1.5350000000000001,1.0260621659077414
1792,1.5350000000000001,1.0260621659077414
1793,1.5350000000000001,1.0260621659077414
1794,1.5350000000000001,1.0260621659077414
1795,1.5350000000000001,1.0260621659077414
1796,1.5350000000000001,1.0260621659077414
1797,1.5350000000000001,1.0260621659077414
1798,1.5350000000000001,1.0260621659077414
1799,1.5350000000000001,1.0260621659077414
1800,1.5350000000000001,1.0260621659077414
1801,1.5350000000000001,1.0260621659077414
1802,1.5350000000000001,1.0260621659077414
1803,1.5350000000000001,1.0260621659077414
1804,1.5350000000000001,1.0260621659077414
1805,1.5350000000000001,1.0260621659077414
1806,1.5350000000000001,1.0260621659077414
1807,1.5350000000000001,1.0260621659077414
1808,1.5350000000000001,1.0260621659077414
1809,1.5350000000000001,1.0260621659077414
1810,1.5350000000000001,1.0260621659077414
1811,1.5350000000000001,1.0260621659077414
1812,1.5350000000000001,1.0260621659077414
1813,1.5350000000000001,1.0260621659077414
1814,1.5350000000000001,1.0260621659077414
1815,1.5350000000000001,1.0260621659077414
1816,1.5350000000000001,1.0260621659077414
1817,1.5350000000000001,1.0260621659077414
1818,1.5350000000000001,1.0260621659077414
1819,1.5350000000000001,1.0260621659077414
1820,1.5350000000000001,1.0260621659077414
1821,1.5350000000000001,1.0260621659077414
1822,1.5350000000000001,1.0260621659077414
1823,1.5350000000000001,1.0260621659077414
1824,1.5350000000000001,1.0260621659077414
1825,1.5350000000000001,1.0260621659077414
1826,1.5350000000000001,1.0260621659077414
1827,1.5350000000000001,1.0260621659077414
1828,1.5350000000000001,1.0260621659077414
1829,1.5350000000000001,1.0260621659077414
1830,1.5350000000000001,1.0260621659077414
1831,1.5350000000000001,1.0260621659077414
1832,1.5350000000000001,1.0260621659077414
1833,1.5350000000000001,1.0260621659077414
1834,1.5350000000000001,1.0260621659077414
1835,1.5350000000000001,1.0260621659077414
1836,1.5350000000000001,1.0260621659077414
1837,1.5350000000000001,1.0260621659077414
1838,1.5350000000000001,1.0260621659077414
1839,1.5350000000000001,1.0260621659077414
1840,1.5350000000000001,1.0260621659077414
1841,1.5350000000000001,1.0260621659077414
1842,1.5350000000000001,1.0260621659077414
1843,1.5350000000000001,1.0260621659077414
1844,1.5350000000000001,1.0260621659077414
1845,1.5350000000000001,1.0260621659077414
1846,1.5350000000000001,1.0260621659077414
1847,1.5350000000000001,1.0260621659077414
1848,1.5350000000000001,1.0260621659077414
1849,1.5350000000000001,1.0260621659077414
1850,1.5350000000000001,1.0260621659077414
1851,1.5350000000000001,1.0260621659077414
1852,1.5350000000000001,1.0260621659077414
1853,1.5350000000000001,1.0260621659077414
1854,1.5350000000000001,1.0260621659077414
1855,1.5350000000000001,1.0260621659077414
1856,1.5350000000000001,1.0260621659077414
1857,1.5350000000000001,1.0260621659077414
1858,1.5350000000000001,1.0260621659077414
1859,1.5350000000000001,1.0260621659077414
1860,1.5350000000000001,1.0260621659077414
1861,1.5350000000000001,1.0260621659077414
1862,1.5350000000000001,1.0260621659077414
1863,1.5350000000000001,1.0260621659077414
1864,1.5350000000000001,1.0260621659077414
1865,1.5350000000000001,1.0260621659077414
1866,1.5350000000000001,1.0260621659077414
1867,1.5350000000000001,1.0260621659077414
1868,1.5350000000000001,1.0260621659077414
1869,1.5350000000000001,1.0260621659077414
1870,1.5350000000000001,1.0260621659077414
1871,1.5350000000000001,1.0260621659077414
1872,1.5350000000000001,1.0260621659077414
1873,1.5350000000000001,1.0260621659077414
1874,1.5350000000000001,1.0260621659077414
1875,1.5350000000000001,1.0260621659077414
1876,1.5350000000000001,1.0260621659077414
1877,1.5350000000000001,1.0260621659077414
1878,1.5350000000000001,1.0260621659077414
1879,1.5350000000000001,1.0260621659077414
1880,1.5350000000000001,1.0260621659077414
1881,1.5350000000000001,1.0260621659077414
1882,1.5350000000000001,1.0260621659077414
1883,1.5350000000000001,1.0260621659077414
1884,1.5350000000000001,1.0260621659077414
1885,1.5350000000000001,1.0260621659077414
1886,1.5350000000000001,1.0260621659077414
1887,1.5350000000000001,1.0260621659077414
1888,1.5350000000000001,1.0260621659077414
1889,1.5350000000000001,1.0260621659077414
1890,1.5350000000000001,1.0260621659077414
1891,1.5350000000000001,1.0260621659077414
1892,1.5350000000000001,1.0260621659077414
1893,1.5350000000000001,1.0260621659077414
1894,1.5350000000000001,1.0260621659077414
1895,1.5350000000000001,1.0260621659077414
1896,1.5350000000000001,1.0260621659077414
1897,1.5350000000000001,1.0260621659077414
1898,1.5350000000000001,1.0260621659077414
1899,1.5350000000000001,1.0260621659077414
1900,1.5350000000000001,1.0260621659077414
1901,1.5350000000000001,1.0260621659077414
1902,1.5350000000000001,1.0260621659077414
1903,1.5350000000000001,1.0260621659077414
1904,1.5350000000000001,1.0260621659077414
1905,1.5350000000000001,1.0260621659077414
1906,1.5350000000000001,1.0260621659077414
1907,1.5350000000000001,1.0260621659077414
1908,1.5350000000000001,1.0260621659077414
1909,1.5350000000000001,1.0260621659077414
1910,1.5350000000000001,1.0260621659077414
1911,1.5350000000000001,1.0260621659077414
1912,1.5350000000000001,1.0260621659077414
1913,1.5350000000000001,1.0260621659077414
1914,1.5350000000000001,1.0260621659077414
1915,1.5350000000000001,1.0260621659077414
1916,1.5350000000000001,1.0260621659077414
1917,1.5350000000000001,1.0260621659077414
1918,1.5350000000000001,1.0260621659077414
1919,1.5350000000000001,1.0260621659077414
1920,1.5350000000000001,1.0260621659077414
1921,1.5350000000000001,1.0260621659077414
1922,1.5350000000000001,1.0260621659077414
1923,1.5350000000000001,1.0260621659077414
1924,1.5350000000000001,1.0260621659077414
1925,1.5350000000000001,1.0260621659077414
1926,1.5350000000000001,1.0260621659077414
1927,1.5350000000000001,1.0260621659077414
1928,1.5350000000000001,1.0260621659077414
1929,1.5350000000000001,1.0260621659077414
1930,1.5350000000000001,1.0260621659077414
1931,1.5350000000000001,1.0260621659077414
1932,1.5350000000000001,1.0260621659077414
1933,1.5350000000000001,1.0260621659077414
1934,1.5350000000000001,1.0260621659077414
1935,1.5350000000000001,1.0260621659077414
1936,1.5350000000000001,1.0260621659077414
1937,1.5350000000000001,1.0260621659077414
1938,1.5350000000000001,1.0260621659077414
1939,1.5350000000000001,1.0260621659077414
1940,1.5350000000000001,1.0260621659077414
1941,1.5350000000000001,1.0260621659077414
1942,1.5350000000000001,1.0260621659077414
1943,1.5350000000000001,1.0260621659077414
1944,1.5350000000000001,1.0260621659077414
1945,1.5350000000000001,1.0260621659077414
1946,1.5350000000000001,1.0260621659077414
1947,1.5350000000000001,1.0260621659077414
1948,1.5350000000000001,1.0260621659077414
1949,1.5350000000000001,1.0260621659077414
1950,1.5350000000000001,1.0260621659077414
1951,1.5350000000000001,1.0260621659077414
1952,1.5350000000000001,1.0260621659077414
1953,1.5350000000000001,1.0260621659077414
1954,1.5350000000000001,1.0260621659077414
1955,1.5350000000000001,1.0260621659077414
1956,1.5350000000000001,1.0260621659077414
1957,1.5350000000000001,1.0260621659077414
1958,1.5350000000000001,1.0260621659077414
1959,1.5350000000000001,1.0260621659077414
1960,1.5350000000000001,1.0260621659077414
1961,1.5350000000000001,1.0260621659077414
1962,1.5350000000000001,1.0260621659077414
1963,1.5350000000000001,1.0260621659077414
1964,1.5350000000000001,1.0260621659077414
1965,1.5350000000000001,1.0260621659077414
1966,1.5350000000000001,1.0260621659077414
1967,1.5350000000000001,1.0260621659077414
1968,1.5350000000000001,1.0260621659077414
1969,1.5350000000000001,1.0260621659077414
1970,1.5350000000000001,1.0260621659077414
1971,1.5350000000000001,1.0260621659077414
1972,1.5350000000000001,1.0260621659077414
1973,1.5350000000000001,1.0260621659077414
1974,1.5350000000000001,1.0260621659077414
1975,1.5350000000000001,1.0260621659077414
1976,1.5350000000000001,1.0260621659077414
1977,1.5350000000000001,1.0260621659077414
1978,1.5350000000000001,1.0260621659077414
1979,1.5350000000000001,1.0260621659077414
1980,1.5350000000000001,1.0260621659077414
1981,1.5350000000000001,1.0260621659077414
1982,1.5350000000000001,1.0260621659077414
1983,1.5350000000000001,1.0260621659077414
1984,1.5350000000000001,1.0260621659077414
1985,1.5350000000000001,1.0260621659077414
1986,1.5350000000000001,1.0260621659077414
1987,1.5350000000000001,1.0260621659077414
1988,1.5140000000000002,1.0260621659077414
1989,1.4000000000000001,1.0260621659077414
1990,1.4000000000000001,1.0260621659077414
1991,1.4000000000000001,1.0260621659077414
1992,1.4000000000000001,1.0260621659077414
1993,1.4000000000000001,1.0260621659077414
1994,1.4000000000000001,1.0260621659077414
1995,1.4000000000000001,1.0260621659077414
1996,1.4000000000000001,1.0260621659077414
1997,1.4000000000000001,1.0260621659077414
1998,1.4000000000000001,1.0260621659077414
1999,1.4000000000000001,1.0260621659077414
2000,1.4000000000000001,1.0260621659077414
2001,1.4000000000000001,1.0260621659077414
2002,1.4000000000000001,1.0260621659077414
2003,1.4000000000000001,1.0260621659077414
2004,1.4000000000000001,1.0260621659077414
2005,1.4000000000000001,1.0260621659077414
2006,1.4000000000000001,1.0260621659077414
2007,1.4000000000000001,1.0260621659077414
2008,1.4000000000000001,1.0260621659077414
2009,1.4000000000000001,1.0260621659077414
2010,1.4000000000000001,1.0260621659077414
2011,1.4000000000000001,1.0260621659077414
2012,1.4000000000000001,1.0260621659077414
2013,1.4000000000000001,1.0260621659077414
2014,1.4000000000000001,1.0260621659077414
2015,1.4000000000000001,1.0260621659077414
2016,1.4000000000000001,1.0260621659077414
2017,1.4000000000000001,1.0260621659077414
2018,1.4000000000000001,1.0260621659077414
2019,1.4000000000000001,1.0260621659077414
2020,1.4000000000000001,1.0260621659077414
2021,1.4000000000000001,1.0260621659077414
2022,1.4000000000000001,1.0260621659077414
2023,1.4000000000000001,1.0260621659077414
2024,1.4000000000000001,1.0260621659077414
2025,1.4000000000000001,1.0260621659077414
2026,1.4000000000000001,1.0260621659077414
2027,1.4000000000000001,1.0260621659077414
2028,1.4000000000000001,1.0260621659077414
2029,1.4000000000000001,1.0260621659077414
2030,1.4000000000000001,1.0260621659077414
2031,1.4000000000000001,1.0260621659077414
2032,1.4000000000000001,1.0260621659077414
2033,1.4000000000000001,1.0260621659077414
2034,1.4000000000000001,1.0260621659077414
2035,1.4000000000000001,1.0260621659077414
2036,1.4000000000000001,1.0260621659077414
2037,1.4000000000000001,1.0260621659077414
2038,1.4000000000000001,1.0260621659077414
2039,1.4000000000000001,1.0260621659077414
2040,1.4000000000000001,1.0260621659077414
2041,1.4000000000000001,1.0260621659077414
2042,1.4000000000000001,1.0260621659077414
2043,1.4000000000000001,1.0260621659077414
2044,1.4000000000000001,1.0260621659077414
2045,1.4000000000000001,1.0260621659077414
2046,1.4000000000000001,1.0260621659077414
2047,1.4000000000000001,1.0260621659077414
2048,1.4000000000000001,1.0260621659077414
2049,1.4000000000000001,1.0260621659077414
2050,1.4000000000000001,1.0260621659077414
2051,1.4000000000000001,1.0260621659077414
2052,1.4000000000000001,1.0260621659077414
2053,1.4000000000000001,1.0260621659077414
2054,1.4000000000000001,1.0260621659077414
2055,1.4000000000000001,1.0260621659077414
2056,1.4000000000000001,1.0260621659077414
2057,1.4000000000000001,1.0260621659077414
2058,1.4000000000000001,1.0260621659077414
2059,1.4000000000000001,1.0260621659077414
2060,1.4000000000000001,1.0260621659077414
2061,1.4000000000000001,1.0260621659077414
2062,1.4000000000000001,1.0260621659077414
2063,1.4000000000000001,1.0260621659077414
2064,1.4000000000000001,1.0260621659077414
2065,1.4000000000000001,1.0260621659077414
2066,1.4000000000000001,1.0260621659077414
2067,1.4000000000000001,1.0260621659077414
2068,1.4000000000000001,1.0260621659077414
2069,1.4000000000000001,1.0260621659077414
2070,1.4000000000000001,1.0260621659077414
2071,1.4000000000000001,1.0260621659077414
2072,1.4000000000000001,1.0260621659077414
2073,1.4000000000000001,1.0260621659077414
2074,1.4000000000000001,1.0260621659077414
2075,1.4000000000000001,1.0260621659077414
2076,1.4000000000000001,1.0260621659077414
2077,1.4000000000000001,1.0260621659077414
2078,1.4000000000000001,1.0260621659077414
2079,1.4000000000000001,1.0260621659077414
2080,1.4000000000000001,1.0260621659077414
2081,1.4000000000000001,1.0260621659077414
2082,1.4000000000000001,1.0260621659077414
2083,1.4000000000000001,1.0260621659077414
2084,1.379,1.0260621659077414
2085,1.265,1.0260621659077414
2086,1.265,1.0260621659077414
2087,1.265,1.0260621659077414
2088,1.265,1.0260621659077414
2089,1.265,1.0260621659077414
2090,1.265,1.0260621659077414
2091,1.265,1.0260621659077414
2092,1.265,1.0260621659077414
2093,1.265,1.0260621659077414
2094,1.265,1.0260621659077414
2095,1.265,1.0260621659077414
2096,1.265,1.0260621659077414
2097,1.265,1.0260621659077414
2098,1.265,1.0260621659077414
2099,1.265,1.0260621659077414
2100,1.265,1.0260621659077414
2101,1.265,1.0260621659077414
2102,1.265,1.0260621659077414
2103,1.265,1.0260621659077414
2104,1.265,1.0260621659077414
2105,1.265,1.0260621659077414
2106,1.265,1.0260621659077414
2107,1.265,1.0260621659077414
2108,1.265,1.0260621659077414
2109,1.265,1.0260621659077414
2110,1.265,1.0260621659077414
2111,1.265,1.0260621659077414
2112,1.265,1.0260621659077414
2113,1.265,1.0260621659077414
2114,1.265,1.0260621659077414
2115,1.265,1.0260621659077414
2116,1.265,1.0260621659077414
2117,1.265,1.0260621659077414
2118,1.265,1.0260621659077414
2119,1.265,1.0260621659077414
2120,1.265,1.0260621659077414
2121,1.265,1.0260621659077414
2122,1.265,1.0260621659077414
2123,1.265,1.0260621659077414
2124,1.265,1.0260621659077414
2125,1.265,1.0260621659077414
2126,1.265,1.0260621659077414
2127,1.265,1.0260621659077414
2128,1.265,1.0260621659077414
2129,1.265,1.0260621659077414
2130,1.265,1.0260621659077414
2131,1.265,1.0260621659077414
2132,1.265,1.0260621659077414
2133,1.265,1.0260621659077414
2134,1.265,1.0260621659077414
2135,1.265,1.0260621659077414
2136,1.265,1.0260621659077414
2137,1.265,1.0260621659077414
2138,1.265,1.0260621659077414
2139,1.265,1.0260621659077414
2140,1.265,1.0260621659077414
2141,1.265,1.0260621659077414
2142,1.265,1.0260621659077414
2143,1.265,1.0260621659077414
2144,1.265,1.0260621659077414
2145,1.265,1.0260621659077414
2146,1.265,1.0260621659077414
2147,1.265,1.0260621659077414
2148,1.265,1.0260621659077414
2149,1.265,1.0260621659077414
2150,1.265,1.0260621659077414
2151,1.265,1.0260621659077414
2152,1.265,1.0260621659077414
2153,1.265,1.0260621659077414
2154,1.265,1.0260621659077414
2155,1.265,1.0260621659077414
2156,1.265,1.0260621659077414
2157,1.265,1.0260621659077414
2158,1.265,1.0260621659077414
2159,1.265,1.0260621659077414
2160,1.265,1.0260621659077414
2161,1.265,1.0260621659077414
2162,1.265,1.0260621659077414
2163,1.265,1.0260621659077414
2164,1.265,1.0260621659077414
2165,1.265,1.0260621659077414
2166,1.265,1.0260621659077414
2167,1.265,1.0260621659077414
2168,1.265,1.0260621659077414
2169,1.265,1.0260621659077414
2170,1.265,1.0260621659077414
2171,1.265,1.0260621659077414
2172,1.265,1.0260621659077414
2173,1.265,1.0260621659077414
2174,1.265,1.0260621659077414
2175,1.265,1.0260621659077414
2176,1.265,1.0260621659077414
2177,1.265,1.0260621659077414
2178,1.265,1.0260621659077414
2179,1.265,1.0260621659077414
2180,1.265,1.0260621659077414
2181,1.265,1.0260621659077414
2182,1.265,1.0260621659077414
2183,1.265,1.0260621659077414
2184,1.265,1.0260621659077414
2185,1.265,1.0260621659077414
2186,1.265,1.0260621659077414
2187,1.265,1.0260621659077414
2188,1.265,1.0260621659077414
2189,1.265,1.0260621659077414
2190,1.265,1.0260621659077414
2191,1.265,1.0260621659077414
2192,1.265,1.0260621659077414
2193,1.265,1.0260621659077414
2194,1.265,1.0260621659077414
2195,1.265,1.0260621659077414
2196,1.265,1.0260621659077414
2197,1.265,1.0260621659077414
2198,1.265,1.0260621659077414
2199,1.265,1.0260621659077414
2200,1.265,1.0260621659077414
2201,1.265,1.0260621659077414
2202,1.265,1.0260621659077414
2203,1.265,1.0260621659077414
2204,1.265,1.0260621659077414
2205,1.265,1.0260621659077414
2206,1.265,1.0260621659077414
2207,1.265,1.0260621659077414
2208,1.265,1.0260621659077414
2209,1.265,1.0260621659077414
2210,1.265,1.0260621659077414
2211,1.265,1.0260621659077414
2212,1.265,1.0260621659077414
2213,1.265,1.0260621659077414
2214,1.265,1.0260621659077414
2215,1.265,1.0260621659077414
2216,1.265,1.0260621659077414
2217,1.265,1.0260621659077414
2218,1.265,1.0260621659077414
2219,1.265,1.0260621659077414
2220,1.265,1.0260621659077414
2221,1.265,1.0260621659077414
2222,1.265,1.0260621659077414
2223,1.265,1.0260621659077414
2224,1.265,1.0260621659077414
2225,1.265,1.0260621659077414
2226,1.265,1.0260621659077414
2227,1.265,1.0260621659077414
2228,1.265,1.0260621659077414
2229,1.265,1.0260621659077414
2230,1.265,1.0260621659077414
2231,1.265,1.0260621659077414
2232,1.265,1.0260621659077414
2233,1.265,1.0260621659077414
2234,1.265,1.0260621659077414
2235,1.265,1.0260621659077414
2236,1.265,1.0260621659077414
2237,1.265,1.0260621659077414
2238,1.265,1.0260621659077414
2239,1.265,1.0260621659077414
2240,1.265,1.0260621659077414
2241,1.265,1.0260621659077414
2242,1.265,1.0260621659077414
2243,1.265,1.0260621659077414
2244,1.265,1.0260621659077414
2245,1.265,1.0260621659077414
2246,1.265,1.0260621659077414
2247,1.265,1.0260621659077414
2248,1.265,1.0260621659077414
2249,1.265,1.0260621659077414
2250,1.265,1.0260621659077414
2251,1.265,1.0260621659077414
2252,1.265,1.0260621659077414
2253,1.265,1.0260621659077414
2254,1.265,1.0260621659077414
2255,1.265,1.0260621659077414
2256,1.265,1.0260621659077414
2257,1.265,1.0260621659077414
2258,1.265,1.0260621659077414
2259,1.265,1.0260621659077414
2260,1.265,1.0260621659077414
2261,1.265,1.0260621659077414
2262,1.265,1.0260621659077414
2263,1.265,1.0260621659077414
2264,1.265,1.0260621659077414
2265,1.265,1.0260621659077414
2266,1.265,1.0260621659077414
2267,1.265,1.0260621659077414
2268,1.265,1.0260621659077414
2269,1.265,1.0260621659077414
2270,1.265,1.0260621659077414
2271,1.265,1.0260621659077414
2272,1.265,1.0260621659077414
2273,1.265,1.0260621659077414
2274,1.265,1.0260621659077414
2275,1.265,1.0260621659077414
2276,1.265,1.0260621659077414
2277,1.265,1.0260621659077414
2278,1.265,1.0260621659077414
2279,1.265,1.0260621659077414
2280,1.265,1.0260621659077414
2281,1.265,1.0260621659077414
2282,1.265,1.0260621659077414
2283,1.265,1.0260621659077414
2284,1.265,1.0260621659077414
2285,1.265,1.0260621659077414
2286,1.265,1.0260621659077414
2287,1.265,1.0260621659077414
2288,1.265,1.0260621659077414
2289,1.265,1.0260621659077414
2290,1.265,1.0260621659077414
2291,1.265,1.0260621659077414
2292,1.265,1.0260621659077414
2293,1.265,1.0260621659077414
2294,1.265,1.0260621659077414
2295,1.265,1.0260621659077414
2296,1.265,1.0260621659077414
2297,1.265,1.0260621659077414
2298,1.265,1.0260621659077414
2299,1.265,1.0260621659077414
2300,1.265,1.0260621659077414
2301,1.265,1.0260621659077414
2302,1.265,1.0260621659077414
2303,1.265,1.0260621659077414
2304,1.265,1.0260621659077414
2305,1.265,1.0260621659077414
2306,1.265,1.0260621659077414
2307,1.265,1.0260621659077414
2308,1.265,1.0260621659077414
2309,1.265,1.0260621659077414
2310,1.265,1.0260621659077414
2311,1.265,1.0260621659077414
2312,1.265,1.0260621659077414
2313,1.265,1.0260621659077414
2314,1.265,1.0260621659077414
2315,1.265,1.0260621659077414
2316,1.265,1.0260621659077414
2317,1.265,1.0260621659077414
2318,1.265,1.0260621659077414
2319,1.265,1.0260621659077414
2320,1.265,1.0260621659077414
2321,1.265,1.0260621659077414
2322,1.265,1.0260621659077414
2323,1.265,1.0260621659077414
2324,1.265,1.0260621659077414
2325,1.265,1.0260621659077414
2326,1.265,1.0260621659077414
2327,1.265,1.0260621659077414
2328,1.265,1.0260621659077414
2329,1.265,1.0260621659077414
2330,1.265,1.0260621659077414
2331,1.265,1.0260621659077414
2332,1.265,1.0260621659077414
2333,1.265,1.0260621659077414
2334,1.265,1.0260621659077414
2335,1.265,1.0260621659077414
2336,1.265,1.0260621659077414
2337,1.265,1.0260621659077414
2338,1.265,1.0260621659077414
2339,1.265,1.0260621659077414
2340,1.265,1.0260621659077414
2341,1.265,1.0260621659077414
2342,1.265,1.0260621659077414
2343,1.265,1.0260621659077414
2344,1.265,1.0260621659077414
2345,1.265,1.0260621659077414
2346,1.265,1.0260621659077414
2347,1.265,1.0260621659077414
2348,1.265,1.0260621659077414
2349,1.265,1.0260621659077414
2350,1.265,1.0260621659077414
2351,1.265,1.0260621659077414
2352,1.265,1.0260621659077414
2353,1.265,1.0260621659077414
2354,1.265,1.0260621659077414
2355,1.265,1.0260621659077414
2356,1.265,1.0260621659077414
2357,1.265,1.0260621659077414
2358,1.265,1.0260621659077414
2359,1.265,1.0260621659077414
2360,1.265,1.0260621659077414
2361,1.265,1.0260621659077414
2362,1.265,1.0260621659077414
2363,1.265,1.0260621659077414
2364,1.265,1.0260621659077414
2365,1.265,1.0260621659077414
2366,1.265,1.0260621659077414
2367,1.265,1.0260621659077414
2368,1.265,1.0260621659077414
2369,1.265,1.0260621659077414
2370,1.265,1.0260621659077414
2371,1.265,1.0260621659077414
2372,1.265,1.0260621659077414
2373,1.265,1.0260621659077414
2374,1.265,1.0260621659077414
2375,1.265,1.0260621659077414
2376,1.265,1.0260621659077414
2377,1.265,1.0260621659077414
2378,1.265,1.0260621659077414
2379,1.265,1.0260621659077414
2380,1.265,1.0260621659077414
2381,1.265,1.0260621659077414
2382,1.265,1.0260621659077414
2383,1.265,1.0260621659077414
2384,1.265,1.0260621659077414
2385,1.265,1.0260621659077414
2386,1.265,1.0260621659077414
2387,1.265,1.0260621659077414
2388,1.265,1.0260621659077414
2389,1.265,1.0260621659077414
2390,1.265,1.0260621659077414
2391,1.265,1.0260621659077414
2392,1.265,1.0260621659077414
2393,1.265,1.0260621659077414
2394,1.265,1.0260621659077414
2395,1.265,1.0260621659077414
2396,1.265,1.0260621659077414
2397,1.265,1.0260621659077414
2398,1.265,1.0260621659077414
2399,1.265,1.0260621659077414
2400,1.265,1.0260621659077414
2401,1.265,1.0260621659077414
2402,1.265,1.0260621659077414
2403,1.265,1.0260621659077414
2404,1.265,1.0260621659077414
2405,1.265,1.0260621659077414
2406,1.265,1.0260621659077414
2407,1.265,1.0260621659077414
2408,1.265,1.0260621659077414
2409,1.265,1.0260621659077414
2410,1.265,1.0260621659077414
2411,1.265,1.0260621659077414
2412,1.265,1.0260621659077414
2413,1.265,1.0260621659077414
2414,1.265,1.0260621659077414
2415,1.265,1.0260621659077414
2416,1.265,1.0260621659077414
2417,1.265,1.0260621659077414
2418,1.265,1.0260621659077414
2419,1.265,1.0260621659077414
2420,1.265,1.0260621659077414
2421,1.265,1.0260621659077414
2422,1.265,1.0260621659077414
2423,1.265,1.0260621659077414
2424,1.265,1.0260621659077414
2425,1.265,1.0260621659077414
2426,1.265,1.0260621659077414
2427,1.265,1.0260621659077414
2428,1.265,1.0260621659077414
2429,1.265,1.0260621659077414
2430,1.265,1.0260621659077414
2431,1.265,1.0260621659077414
2432,1.265,1.0260621659077414
2433,1.265,1.0260621659077414
2434,1.265,1.0260621659077414
2435,1.265,1.0260621659077414
2436,1.265,1.0260621659077414
2437,1.265,1.0260621659077414
2438,1.265,1.0260621659077414
2439,1.265,1.0260621659077414
2440,1.265,1.0260621659077414
2441,1.265,1.0260621659077414
2442,1.265,1.0260621659077414
2443,1.265,1.0260621659077414
2444,1.265,1.0260621659077414
2445,1.265,1.0260621659077414
2446,1.265,1.0260621659077414
2447,1.265,1.0260621659077414
2448,1.265,1.0260621659077414
2449,1.265,1.0260621659077414
2450,1.265,1.0260621659077414
2451,1.265,1.0260621659077414
2452,1.265,1.0260621659077414
2453,1.265,1.0260621659077414
2454,1.265,1.0260621659077414
2455,1.265,1.0260621659077414
2456,1.265,1.0260621659077414
2457,1.265,1.0260621659077414
2458,1.265,1.0260621659077414
2459,1.265,1.0260621659077414
2460,1.265,1.0260621659077414
2461,1.265,1.0260621659077414
2462,1.265,1.0260621659077414
2463,1.265,1.0260621659077414
2464,1.265,1.0260621659077414
2465,1.265,1.0260621659077414
2466,1.265,1.0260621659077414
2467,1.265,1.0260621659077414
2468,1.265,1.0260621659077414
2469,1.265,1.0260621659077414
2470,1.265,1.0260621659077414
2471,1.265,1.0260621659077414
2472,1.265,1.0260621659077414
2473,1.265,1.0260621659077414
2474,1.265,1.0260621659077414
2475,1.265,1.0260621659077414
2476,1.265,1.0260621659077414
2477,1.265,1.0260621659077414
2478,1.265,1.0260621659077414
2479,1.265,1.0260621659077414
2480,1.265,1.0260621659077414
2481,1.265,1.0260621659077414
2482,1.265,1.0260621659077414
2483,1.265,1.0260621659077414
2484,1.265,1.0260621659077414
2485,1.265,1.0260621659077414
2486,1.265,1.0260621659077414
2487,1.265,1.0260621659077414
2488,1.265,1.0260621659077414
2489,1.265,1.0260621659077414
2490,1.265,1.0260621659077414
2491,1.265,1.0260621659077414
2492,1.265,1.0260621659077414
2493,1.265,1.0260621659077414
2494,1.265,1.0260621659077414
2495,1.265,1.0260621659077414
2496,1.265,1.0260621659077414
2497,1.265,1.0260621659077414
2498,1.265,1.0260621659077414
2499,1.265,1.0260621659077414
2500,1.265,1.0260621659077414
2501,1.265,1.0260621659077414
2502,1.265,1.0260621659077414
2503,1.265,1.0260621659077414
2504,1.265,1.0260621659077414
2505,1.265,1.0260621659077414
2506,1.265,1.0260621659077414
2507,1.265,1.0260621659077414
2508,1.265,1.0260621659077414
2509,1.265,1.0260621659077414
2510,1.265,1.0260621659077414
2511,1.265,1.0260621659077414
2512,1.265,1.0260621659077414
2513,1.265,1.0260621659077414
2514,1.265,1.0260621659077414
2515,1.265,1.0260621659077414
2516,1.265,1.0260621659077414
2517,1.265,1.0260621659077414
2518,1.265,1.0260621659077414
2519,1.265,1.0260621659077414
2520,1.265,1.0260621659077414
2521,1.265,1.0260621659077414
2522,1.265,1.0260621659077414
2523,1.265,1.0260621659077414
2524,1.265,1.0260621659077414
2525,1.265,1.0260621659077414
2526,1.265,1.0260621659077414
2527,1.265,1.0260621659077414
2528,1.265,1.0260621659077414
2529,1.265,1.0260621659077414
2530,1.265,1.0260621659077414
2531,1.265,1.0260621659077414
2532,1.265,1.0260621659077414
2533,1.265,1.0260621659077414
2534,1.265,1.0260621659077414
2535,1.265,1.0260621659077414
2536,1.265,1.0260621659077414
2537,1.265,1.0260621659077414
2538,1.265,1.0260621659077414
2539,1.265,1.0260621659077414
2540,1.265,1.0260621659077414
2541,1.265,1.0260621659077414
2542,1.265,1.0260621659077414
2543,1.265,1.0260621659077414
2544,1.265,1.0260621659077414
2545,1.265,1.0260621659077414
2546,1.265,1.0260621659077414
2547,1.265,1.0260621659077414
2548,1.265,1.0260621659077414
2549,1.265,1.0260621659077414
2550,1.265,1.0260621659077414
2551,1.265,1.0260621659077414
2552,1.265,1.0260621659077414
2553,1.265,1.0260621659077414
2554,1.265,1.0260621659077414
2555,1.265,1.0260621659077414
2556,1.265,1.0260621659077414
2557,1.265,1.0260621659077414
2558,1.265,1.0260621659077414
2559,1.265,1.0260621659077414
2560,1.265,1.0260621659077414
2561,1.265,1.0260621659077414
2562,1.265,1.0260621659077414
2563,1.265,1.0260621659077414
2564,1.265,1.0260621659077414
2565,1.265,1.0260621659077414
2566,1.265,1.0260621659077414
2567,1.265,1.0260621659077414
2568,1.265,1.0260621659077414
2569,1.265,1.0260621659077414
2570,1.265,1.0260621659077414
2571,1.265,1.0260621659077414
2572,1.265,1.0260621659077414
2573,1.265,1.0260621659077414
2574,1.265,1.0260621659077414
2575,1.265,1.0260621659077414
2576,1.265,1.0260621659077414
2577,1.265,1.0260621659077414
2578,1.13,1.0260621659077414
2579,1.13,1.0260621659077414
2580,1.13,1.0260621659077414
2581,1.13,1.0260621659077414
2582,1.13,1.0260621659077414
2583,1.13,1.0260621659077414
2584,1.13,1.0260621659077414
2585,1.13,1.0260621659077414
2586,1.13,1.0260621659077414
2587,1.13,1.0260621659077414
2588,1.13,1.0260621659077414
2589,1.13,1.0260621659077414
2590,1.13,1.0260621659077414
2591,1.13,1.0260621659077414
2592,1.13,1.0260621659077414
2593,1.13,1.0260621659077414
2594,1.13,1.0260621659077414
2595,1.13,1.0260621659077414
2596,1.13,1.0260621659077414
2597,1.13,1.0260621659077414
2598,1.13,1.0260621659077414
2599,1.13,1.0260621659077414
2600,1.13,1.0260621659077414
2601,1.13,1.0260621659077414
2602,1.13,1.0260621659077414
2603,1.13,1.0260621659077414
2604,1.13,1.0260621659077414
2605,1.13,1.0260621659077414
2606,1.13,1.0260621659077414
2607,1.13,1.0260621659077414
2608,1.13,1.0260621659077414
2609,1.13,1.0260621659077414
2610,1.13,1.0260621659077414
2611,1.13,1.0260621659077414
2612,1.13,1.0260621659077414
2613,1.13,1.0260621659077414
2614,1.13,1.0260621659077414
2615,1.13,1.0260621659077414
2616,1.13,1.0260621659077414
2617,1.13,1.0260621659077414
2618,1.13,1.0260621659077414
2619,1.13,1.0260621659077414
2620,1.13,1.0260621659077414
2621,1.13,1.0260621659077414
2622,1.13,1.0260621659077414
2623,1.13,1.0260621659077414
2624,1.13,1.0260621659077414
2625,1.13,1.0260621659077414
2626,1.13,1.0260621659077414
2627,1.13,1.0260621659077414
2628,1.13,1.0260621659077414
2629,1.13,1.0260621659077414
2630,1.13,1.0260621659077414
2631,1.13,1.0260621659077414
2632,1.13,1.0260621659077414
2633,1.13,1.0260621659077414
2634,1.13,1.0260621659077414
2635,1.13,1.0260621659077414
2636,1.13,1.0260621659077414
2637,1.13,1.0260621659077414
2638,1.13,1.0260621659077414
2639,1.13,1.0260621659077414
2640,1.13,1.0260621659077414
2641,1.13,1.0260621659077414
2642,1.13,1.0260621659077414
2643,1.13,1.0260621659077414
2644,1.13,1.0260621659077414
2645,1.13,1.0260621659077414
2646,1.13,1.0260621659077414
2647,1.13,1.0260621659077414
2648,1.13,1.0260621659077414
2649,1.13,1.0260621659077414
2650,1.13,1.0260621659077414
2651,1.13,1.0260621659077414
2652,1.13,1.0260621659077414
2653,1.13,1.0260621659077414
2654,1.13,1.0260621659077414
2655,1.13,1.0260621659077414
2656,1.13,1.0260621659077414
2657,1.13,1.0260621659077414
2658,1.13,1.0260621659077414
2659,1.13,1.0260621659077414
2660,1.13,1.0260621659077414
2661,1.13,1.0260621659077414
2662,1.13,1.0260621659077414
2663,1.13,1.0260621659077414
2664,1.13,1.0260621659077414
2665,1.13,1.0260621659077414
2666,1.13,1.0260621659077414
2667,1.13,1.0260621659077414
2668,1.13,1.0260621659077414
2669,1.13,1.0260621659077414
2670,1.13,1.0260621659077414
2671,1.13,1.0260621659077414
2672,1.13,1.0260621659077414
2673,1.13,1.0260621659077414
2674,1.13,1.0260621659077414
2675,1.13,1.0260621659077414
2676,1.13,1.0260621659077414
2677,1.13,1.0260621659077414
2678,1.13,1.0260621659077414
2679,1.13,1.0260621659077414
2680,1.13,1.0260621659077414
2681,1.13,1.0260621659077414
2682,1.13,1.0260621659077414
2683,1.13,1.0260621659077414
2684,1.13,1.0260621659077414
2685,1.13,1.0260621659077414
2686,1.13,1.0260621659077414
2687,1.13,1.0260621659077414
2688,1.13,1.0260621659077414
2689,1.13,1.0260621659077414
2690,1.13,1.0260621659077414
2691,1.13,1.0260621659077414
2692,1.13,1.0260621659077414
2693,1.13,1.0260621659077414
2694,1.13,1.0260621659077414
2695,1.13,1.0260621659077414
2696,1.13,1.0260621659077414
2697,1.13,1.0260621659077414
2698,1.13,1.0260621659077414
2699,1.13,1.0260621659077414
2700,1.13,1.0260621659077414
2701,1.13,1.0260621659077414
2702,1.13,1.0260621659077414
2703,1.13,1.0260621659077414
2704,1.13,1.0260621659077414
2705,1.13,1.0260621659077414
2706,1.13,1.0260621659077414
2707,1.13,1.0260621659077414
2708,1.13,1.0260621659077414
2709,1.13,1.0260621659077414
2710,1.13,1.0260621659077414
2711,1.13,1.0260621659077414
2712,1.13,1.0260621659077414
2713,1.13,1.0260621659077414
2714,1.13,1.0260621659077414
2715,1.13,1.0260621659077414
2716,1.13,1.0260621659077414
2717,1.13,1.0260621659077414
2718,1.13,1.0260621659077414
2719,1.13,1.0260621659077414
2720,1.13,1.0260621659077414
2721,1.13,1.0260621659077414
2722,1.13,1.0260621659077414
2723,1.13,1.0260621659077414
2724,1.13,1.0260621659077414
2725,1.13,1.0260621659077414
2726,1.13,1.0260621659077414
2727,1.13,1.0260621659077414
2728,1.13,1.0260621659077414
2729,1.13,1.0260621659077414
2730,1.13,1.0260621659077414
2731,1.13,1.0260621659077414
2732,1.13,1.0260621659077414
2733,1.13,1.0260621659077414
2734,1.13,1.0260621659077414
2735,1.13,1.0260621659077414
2736,1.13,1.0260621659077414
2737,1.13,1.0260621659077414
2738,1.13,1.0260621659077414
2739,1.13,1.0260621659077414
2740,1.13,1.0260621659077414
2741,1.13,1.0260621659077414
2742,1.13,1.0260621659077414
2743,1.13,1.0260621659077414
2744,1.13,1.0260621659077414
2745,1.13,1.0260621659077414
2746,1.13,1.0260621659077414
2747,1.13,1.0260621659077414
2748,1.13,1.0260621659077414
2749,1.13,1.0260621659077414
2750,1.13,1.0260621659077414
2751,1.13,1.0260621659077414
2752,1.13,1.0260621659077414
2753,1.13,1.0260621659077414
2754,1.13,1.0260621659077414
2755,1.13,1.0260621659077414
2756,1.13,1.0260621659077414
2757,1.13,1.0260621659077414
2758,1.13,1.0260621659077414
2759,1.13,1.0260621659077414
2760,1.13,1.0260621659077414
2761,1.13,1.0260621659077414
2762,1.13,1.0260621659077414
2763,1.13,1.0260621659077414
2764,1.13,1.0260621659077414
2765,1.13,1.0260621659077414
2766,1.13,1.0260621659077414
2767,1.13,1.0260621659077414
2768,1.13,1.0260621659077414
2769,1.13,1.0260621659077414
2770,1.13,1.0260621659077414
2771,1.13,1.0260621659077414
2772,1.13,1.0260621659077414
2773,1.13,1.0260621659077414
2774,1.13,1.0260621659077414
2775,1.109,1.0260621659077414
2776,0.995,1.0260621659077414
2777,0.995,1.0260621659077414
2778,0.995,1.0260621659077414
2779,0.995,1.0260621659077414
2780,0.995,1.0260621659077414
2781,0.995,1.0260621659077414
2782,0.995,1.0260621659077414
2783,0.995,1.0260621659077414
2784,0.995,1.0260621659077414
2785,0.995,1.0260621659077414
2786,0.995,1.0260621659077414
2787,0.995,1.0260621659077414
2788,0.995,1.0260621659077414
2789,0.995,1.0260621659077414
2790,0.995,1.0260621659077414
2791,0.995,1.0260621659077414
2792,0.995,1.0260621659077414
2793,0.995,1.0260621659077414
2794,0.995,1.0260621659077414
2795,0.995,1.0260621659077414
2796,0.995,1.0260621659077414
2797,0.995,1.0260621659077414
2798,0.995,1.0260621659077414
2799,0.995,1.0260621659077414
2800,0.995,1.0260621659077414
2801,0.995,1.0260621659077414
2802,0.995,1.0260621659077414
2803,0.995,1.0260621659077414
2804,0.995,1.0260621659077414
2805,0.995,1.0260621659077414
2806,0.995,1.0260621659077414
2807,0.995,1.0260621659077414
2808,0.995,1.0260621659077414
2809,0.995,1.0260621659077414
2810,0.995,1.0260621659077414
2811,0.995,1.0260621659077414
2812,0.995,1.0260621659077414
2813,0.995,1.0260621659077414
2814,0.995,1.0260621659077414
2815,0.995,1.0260621659077414
2816,0.995,1.0260621659077414
2817,0.995,1.0260621659077414
2818,0.995,1.0260621659077414
2819,0.995,1.0260621659077414
2820,0.995,1.0260621659077414
2821,0.995,1.0260621659077414
2822,0.995,1.0260621659077414
2823,0.995,1.0260621659077414
2824,0.995,1.0260621659077414
2825,0.995,1.0260621659077414
2826,0.995,1.0260621659077414
2827,0.995,1.0260621659077414
2828,0.995,1.0260621659077414
2829,0.995,1.0260621659077414
2830,0.995,1.0260621659077414
2831,0.995,1.0260621659077414
2832,0.995,1.0260621659077414
2833,0.995,1.0260621659077414
2834,0.995,1.0260621659077414
2835,0.995,1.0260621659077414
2836,0.995,1.0260621659077414
2837,0.995,1.0260621659077414
2838,0.995,1.0260621659077414
2839,0.995,1.0260621659077414
2840,0.995,1.0260621659077414
2841,0.995,1.0260621659077414
2842,0.995,1.0260621659077414
2843,0.995,1.0260621659077414
2844,0.995,1.0260621659077414
2845,0.995,1.0260621659077414
2846,0.995,1.0260621659077414
2847,0.995,1.0260621659077414
2848,0.995,1.0260621659077414
2849,0.995,1.0260621659077414
2850,0.995,1.0260621659077414
2851,0.995,1.0260621659077414
2852,0.995,1.0260621659077414
2853,0.995,1.0260621659077414
2854,0.995,1.0260621659077414
2855,0.995,1.0260621659077414
2856,0.995,1.0260621659077414
2857,0.995,1.0260621659077414
2858,0.995,1.0260621659077414
2859,0.995,1.0260621659077414
2860,0.995,1.0260621659077414
2861,0.995,1.0260621659077414
2862,0.995,1.0260621659077414
2863,0.995,1.0260621659077414
2864,0.995,1.0260621659077414
2865,0.995,1.0260621659077414
2866,0.995,1.0260621659077414
2867,0.995,1.0260621659077414
2868,0.995,1.0260621659077414
2869,0.995,1.0260621659077414
2870,0.995,1.0260621659077414
2871,0.995,1.0260621659077414
2872,0.995,1.0260621659077414
2873,0.995,1.0260621659077414
2874,0.995,1.0260621659077414
2875,0.86,1.0260621659077414
2876,0.725,1.0260621659077414
2877,0.725,1.0260621659077414
2878,0.725,1.0260621659077414
2879,0.725,1.0260621659077414
2880,0.725,1.0260621659077414
2881,0.725,1.0260621659077414
2882,0.725,1.0260621659077414
2883,0.725,1.0260621659077414
2884,0.725,1.0260621659077414
2885,0.725,1.0260621659077414
2886,0.725,1.0260621659077414
2887,0.725,1.0260621659077414
2888,0.725,1.0260621659077414
2889,0.725,1.0260621659077414
2890,0.725,1.0260621659077414
2891,0.725,1.0260621659077414
2892,0.725,1.0260621659077414
2893,0.725,1.0260621659077414
2894,0.725,1.0260621659077414
2895,0.725,1.0260621659077414
2896,0.725,1.0260621659077414
2897,0.725,1.0260621659077414
2898,0.725,1.0260621659077414
2899,0.725,1.0260621659077414
2900,0.725,1.0260621659077414
2901,0.725,1.0260621659077414
2902,0.725,1.0260621659077414
2903,0.725,1.0260621659077414
2904,0.725,1.0260621659077414
2905,0.725,1.0260621659077414
2906,0.725,1.0260621659077414
2907,0.725,1.0260621659077414
2908,0.725,1.0260621659077414
2909,0.725,1.0260621659077414
2910,0.725,1.0260621659077414
2911,0.725,1.0260621659077414
2912,0.725,1.0260621659077414
2913,0.725,1.0260621659077414
2914,0.725,1.0260621659077414
2915,0.725,1.0260621659077414
2916,0.725,1.0260621659077414
2917,0.725,1.0260621659077414
2918,0.725,1.0260621659077414
2919,0.725,1.0260621659077414
2920,0.725,1.0260621659077414
2921,0.725,1.0260621659077414
2922,0.725,1.0260621659077414
2923,0.725,1.0260621659077414
2924,0.725,1.0260621659077414
2925,0.725,1.0260621659077414
2926,0.725,1.0260621659077414
2927,0.725,1.0260621659077414
2928,0.725,1.0260621659077414
2929,0.725,1.0260621659077414
2930,0.725,1.0260621659077414
2931,0.725,1.0260621659077414
2932,0.725,1.0260621659077414
2933,0.725,1.0260621659077414
2934,0.725,1.0260621659077414
2935,0.725,1.0260621659077414
2936,0.725,1.0260621659077414
2937,0.725,1.0260621659077414
2938,0.725,1.0260621659077414
2939,0.725,1.0260621659077414
2940,0.725,1.0260621659077414
2941,0.725,1.0260621659077414
2942,0.725,1.0260621659077414
2943,0.725,1.0260621659077414
2944,0.725,1.0260621659077414
2945,0.725,1.0260621659077414
2946,0.725,1.0260621659077414
2947,0.725,1.0260621659077414
2948,0.725,1.0260621659077414
2949,0.725,1.0260621659077414
2950,0.725,1.0260621659077414
2951,0.725,1.0260621659077414
2952,0.725,1.0260621659077414
2953,0.725,1.0260621659077414
2954,0.725,1.0260621659077414
2955,0.725,1.0260621659077414
2956,0.725,1.0260621659077414
2957,0.725,1.0260621659077414
2958,0.725,1.0260621659077414
2959,0.725,1.0260621659077414
2960,0.725,1.0260621659077414
2961,0.725,1.0260621659077414
2962,0.725,1.0260621659077414
2963,0.725,1.0260621659077414
2964,0.725,1.0260621659077414
2965,0.725,1.0260621659077414
2966,0.725,1.0260621659077414
2967,0.725,1.0260621659077414
2968,0.725,1.0260621659077414
2969,0.725,1.0260621659077414
2970,0.725,1.0260621659077414
2971,0.725,1.0260621659077414
2972,0.725,1.0260621659077414
2973,0.7150000000000001,1.0260621659077414
2974,0.58,1.0260621659077414
2975,0.58,1.0260621659077414
2976,0.58,1.0260621659077414
2977,0.58,1.0260621659077414
2978,0.58,1.0260621659077414
2979,0.58,1.0260621659077414
2980,0.58,1.0260621659077414
2981,0.58,1.0260621659077414
2982,0.58,1.0260621659077414
2983,0.58,1.0260621659077414
2984,0.58,1.0260621659077414
2985,0.58,1.0260621659077414
2986,0.58,1.0260621659077414
2987,0.58,1.0260621659077414
2988,0.58,1.0260621659077414
2989,0.58,1.0260621659077414
2990,0.58,1.0260621659077414
2991,0.58,1.0260621659077414
2992,0.58,1.0260621659077414
2993,0.58,1.0260621659077414
2994,0.58,1.0260621659077414
2995,0.58,1.0260621659077414
2996,0.58,1.0260621659077414
2997,0.58,1.0260621659077414
2998,0.58,1.0260621659077414
2999,0.58,1.0260621659077414
3000,0.58,1.0260621659077414
3001,0.58,1.0260621659077414
3002,0.58,1.0260621659077414
3003,0.58,1.0260621659077414
3004,0.58,1.0260621659077414
3005,0.58,1.0260621659077414
3006,0.58,1.0260621659077414
3007,0.58,1.0260621659077414
3008,0.58,1.0260621659077414
3009,0.58,1.0260621659077414
3010,0.58,1.0260621659077414
3011,0.58,1.0260621659077414
3012,0.58,1.0260621659077414
3013,0.58,1.0260621659077414
3014,0.58,1.0260621659077414
3015,0.58,1.0260621659077414
3016,0.58,1.0260621659077414
3017,0.58,1.0260621659077414
3018,0.58,1.0260621659077414
3019,0.58,1.0260621659077414
3020,0.58,1.0260621659077414
3021,0.58,1.0260621659077414
3022,0.58,1.0260621659077414
3023,0.58,1.0260621659077414
3024,0.58,1.0260621659077414
3025,0.58,1.0260621659077414
3026,0.58,1.0260621659077414
3027,0.58,1.0260621659077414
3028,0.58,1.0260621659077414
3029,0.58,1.0260621659077414
3030,0.58,1.0260621659077414
3031,0.58,1.0260621659077414
3032,0.58,1.0260621659077414
3033,0.58,1.0260621659077414
3034,0.58,1.0260621659077414
3035,0.58,1.0260621659077414
3036,0.58,1.0260621659077414
3037,0.58,1.0260621659077414
3038,0.58,1.0260621659077414
3039,0.58,1.0260621659077414
3040,0.58,1.0260621659077414
3041,0.58,1.0260621659077414
3042,0.58,1.0260621659077414
3043,0.58,1.0260621659077414
3044,0.58,1.0260621659077414
3045,0.58,1.0260621659077414
3046,0.58,1.0260621659077414
3047,0.58,1.0260621659077414
3048,0.58,1.0260621659077414
3049,0.58,1.0260621659077414
3050,0.58,1.0260621659077414
3051,0.58,1.0260621659077414
3052,0.58,1.0260621659077414
3053,0.58,1.0260621659077414
3054,0.58,1.0260621659077414
3055,0.58,1.0260621659077414
3056,0.58,1.0260621659077414
3057,0.58,1.0260621659077414
3058,0.58,1.0260621659077414
3059,0.58,1.0260621659077414
3060,0.58,1.0260621659077414
3061,0.58,1.0260621659077414
3062,0.58,1.0260621659077414
3063,0.58,1.0260621659077414
3064,0.58,1.0260621659077414
3065,0.58,1.0260621659077414
3066,0.58,1.0260621659077414
3067,0.58,1.0260621659077414
3068,0.58,1.0260621659077414
3069,0.58,1.0260621659077414
3070,0.58,1.0260621659077414
3071,0.58,1.0260621659077414
3072,0.57,1.0260621659077414
3073,0.43499999999999994,1.0260621659077414
3074,0.43499999999999994,1.0260621659077414
3075,0.43499999999999994,1.0260621659077414
3076,0.43499999999999994,1.0260621659077414
3077,0.43499999999999994,1.0260621659077414
3078,0.43499999999999994,1.0260621659077414
3079,0.43499999999999994,1.0260621659077414
3080,0.43499999999999994,1.0260621659077414
3081,0.43499999999999994,1.0260621659077414
3082,0.43499999999999994,1.0260621659077414
3083,0.43499999999999994,1.0260621659077414
3084,0.43499999999999994,1.0260621659077414
3085,0.43499999999999994,1.0260621659077414
3086,0.43499999999999994,1.0260621659077414
3087,0.43499999999999994,1.0260621659077414
3088,0.43499999999999994,1.0260621659077414
3089,0.43499999999999994,1.0260621659077414
3090,0.43499999999999994,1.0260621659077414
3091,0.43499999999999994,1.0260621659077414
3092,0.43499999999999994,1.0260621659077414
3093,0.43499999999999994,1.0260621659077414
3094,0.43499999999999994,1.0260621659077414
3095,0.43499999999999994,1.0260621659077414
3096,0.43499999999999994,1.0260621659077414
3097,0.43499999999999994,1.0260621659077414
3098,0.43499999999999994,1.0260621659077414
3099,0.43499999999999994,1.0260621659077414
3100,0.43499999999999994,1.0260621659077414
3101,0.43499999999999994,1.0260621659077414
3102,0.43499999999999994,1.0260621659077414
3103,0.43499999999999994,1.0260621659077414
3104,0.43499999999999994,1.0260621659077414
3105,0.43499999999999994,1.0260621659077414
3106,0.43499999999999994,1.0260621659077414
3107,0.43499999999999994,1.0260621659077414
3108,0.43499999999999994,1.0260621659077414
3109,0.43499999999999994,1.0260621659077414
3110,0.43499999999999994,1.0260621659077414
3111,0.43499999999999994,1.0260621659077414
3112,0.43499999999999994,1.0260621659077414
3113,0.43499999999999994,1.0260621659077414
3114,0.43499999999999994,1.0260621659077414
3115,0.43499999999999994,1.0260621659077414
3116,0.43499999999999994,1.0260621659077414
3117,0.43499999999999994,1.0260621659077414
3118,0.43499999999999994,1.0260621659077414
3119,0.43499999999999994,1.0260621659077414
3120,0.43499999999999994,1.0260621659077414
3121,0.43499999999999994,1.0260621659077414
3122,0.43499999999999994,1.0260621659077414
3123,0.43499999999999994,1.0260621659077414
3124,0.43499999999999994,1.0260621659077414
3125,0.43499999999999994,1.0260621659077414
3126,0.43499999999999994,1.0260621659077414
3127,0.43499999999999994,1.0260621659077414
3128,0.43499999999999994,1.0260621659077414
3129,0.43499999999999994,1.0260621659077414
3130,0.43499999999999994,1.0260621659077414
3131,0.43499999999999994,1.0260621659077414
3132,0.43499999999999994,1.0260621659077414
3133,0.43499999999999994,1.0260621659077414
3134,0.43499999999999994,1.0260621659077414
3135,0.43499999999999994,1.0260621659077414
3136,0.43499999999999994,1.0260621659077414
3137,0.43499999999999994,1.0260621659077414
3138,0.43499999999999994,1.0260621659077414
3139,0.43499999999999994,1.0260621659077414
3140,0.43499999999999994,1.0260621659077414
3141,0.43499999999999994,1.0260621659077414
3142,0.43499999999999994,1.0260621659077414
3143,0.43499999999999994,1.0260621659077414
3144,0.43499999999999994,1.0260621659077414
3145,0.43499999999999994,1.0260621659077414
3146,0.43499999999999994,1.0260621659077414
3147,0.43499999999999994,1.0260621659077414
3148,0.43499999999999994,1.0260621659077414
3149,0.43499999999999994,1.0260621659077414
3150,0.43499999999999994,1.0260621659077414
3151,0.43499999999999994,1.0260621659077414
3152,0.43499999999999994,1.0260621659077414
3153,0.43499999999999994,1.0260621659077414
3154,0.43499999999999994,1.0260621659077414
3155,0.43499999999999994,1.0260621659077414
3156,0.43499999999999994,1.0260621659077414
3157,0.43499999999999994,1.0260621659077414
3158,0.43499999999999994,1.0260621659077414
3159,0.43499999999999994,1.0260621659077414
3160,0.43499999999999994,1.0260621659077414
3161,0.43499999999999994,1.0260621659077414
3162,0.43499999999999994,1.0260621659077414
3163,0.43499999999999994,1.0260621659077414
3164,0.43499999999999994,1.0260621659077414
3165,0.43499999999999994,1.0260621659077414
3166,0.43499999999999994,1.0260621659077414
3167,0.43499999999999994,1.0260621659077414
3168,0.43499999999999994,1.0260621659077414
3169,0.43499999999999994,1.0260621659077414
3170,0.43499999999999994,1.0260621659077414
3171,0.43499999999999994,1.0260621659077414
3172,0.43499999999999994,1.0260621659077414
3173,0.43499999999999994,1.0260621659077414
3174,0.43499999999999994,1.0260621659077414
3175,0.43499999999999994,1.0260621659077414
3176,0.43499999999999994,1.0260621659077414
3177,0.43499999999999994,1.0260621659077414
3178,0.43499999999999994,1.0260621659077414
3179,0.43499999999999994,1.0260621659077414
3180,0.43499999999999994,1.0260621659077414
3181,0.43499999999999994,1.0260621659077414
3182,0.43499999999999994,1.0260621659077414
3183,0.43499999999999994,1.0260621659077414
3184,0.43499999999999994,1.0260621659077414
3185,0.43499999999999994,1.0260621659077414
3186,0.43499999999999994,1.0260621659077414
3187,0.43499999999999994,1.0260621659077414
3188,0.43499999999999994,1.0260621659077414
3189,0.43499999999999994,1.0260621659077414
3190,0.43499999999999994,1.0260621659077414
3191,0.43499999999999994,1.0260621659077414
3192,0.43499999999999994,1.0260621659077414
3193,0.43499999999999994,1.0260621659077414
3194,0.43499999999999994,1.0260621659077414
3195,0.43499999999999994,1.0260621659077414
3196,0.43499999999999994,1.0260621659077414
3197,0.43499999999999994,1.0260621659077414
3198,0.43499999999999994,1.0260621659077414
3199,0.43499999999999994,1.0260621659077414
3200,0.43499999999999994,1.0260621659077414
3201,0.43499999999999994,1.0260621659077414
3202,0.43499999999999994,1.0260621659077414
3203,0.43499999999999994,1.0260621659077414
3204,0.43499999999999994,1.0260621659077414
3205,0.43499999999999994,1.0260621659077414
3206,0.43499999999999994,1.0260621659077414
3207,0.43499999999999994,1.0260621659077414
3208,0.43499999999999994,1.0260621659077414
3209,0.43499999999999994,1.0260621659077414
3210,0.43499999999999994,1.0260621659077414
3211,0.43499999999999994,1.0260621659077414
3212,0.43499999999999994,1.0260621659077414
3213,0.43499999999999994,1.0260621659077414
3214,0.43499999999999994,1.0260621659077414
3215,0.43499999999999994,1.0260621659077414
3216,0.43499999999999994,1.0260621659077414
3217,0.43499999999999994,1.0260621659077414
3218,0.43499999999999994,1.0260621659077414
3219,0.43499999999999994,1.0260621659077414
3220,0.43499999999999994,1.0260621659077414
3221,0.43499999999999994,1.0260621659077414
3222,0.43499999999999994,1.0260621659077414
3223,0.43499999999999994,1.0260621659077414
3224,0.43499999999999994,1.0260621659077414
3225,0.43499999999999994,1.0260621659077414
3226,0.43499999999999994,1.0260621659077414
3227,0.43499999999999994,1.0260621659077414
3228,0.43499999999999994,1.0260621659077414
3229,0.43499999999999994,1.0260621659077414
3230,0.43499999999999994,1.0260621659077414
3231,0.43499999999999994,1.0260621659077414
3232,0.43499999999999994,1.0260621659077414
3233,0.43499999999999994,1.0260621659077414
3234,0.43499999999999994,1.0260621659077414
3235,0.43499999999999994,1.0260621659077414
3236,0.43499999999999994,1.0260621659077414
3237,0.43499999999999994,1.0260621659077414
3238,0.43499999999999994,1.0260621659077414
3239,0.43499999999999994,1.0260621659077414
3240,0.43499999999999994,1.0260621659077414
3241,0.43499999999999994,1.0260621659077414
3242,0.43499999999999994,1.0260621659077414
3243,0.43499999999999994,1.0260621659077414
3244,0.43499999999999994,1.0260621659077414
3245,0.43499999999999994,1.0260621659077414
3246,0.43499999999999994,1.0260621659077414
3247,0.43499999999999994,1.0260621659077414
3248,0.43499999999999994,1.0260621659077414
3249,0.43499999999999994,1.0260621659077414
3250,0.43499999999999994,1.0260621659077414
3251,0.43499999999999994,1.0260621659077414
3252,0.43499999999999994,1.0260621659077414
3253,0.43499999999999994,1.0260621659077414
3254,0.43499999999999994,1.0260621659077414
3255,0.43499999999999994,1.0260621659077414
3256,0.43499999999999994,1.0260621659077414
3257,0.43499999999999994,1.0260621659077414
3258,0.43499999999999994,1.0260621659077414
3259,0.43499999999999994,1.0260621659077414
3260,0.43499999999999994,1.0260621659077414
3261,0.43499999999999994,1.0260621659077414
3262,0.43499999999999994,1.0260621659077414
3263,0.43499999999999994,1.0260621659077414
3264,0.43499999999999994,1.0260621659077414
3265,0.43499999999999994,1.0260621659077414
3266,0.43499999999999994,1.0260621659077414
3267,0.43499999999999994,1.0260621659077414
3268,0.43499999999999994,1.0260621659077414
3269,0.43499999999999994,1.0260621659077414
3270,0.43499999999999994,1.0260621659077414
3271,0.43499999999999994,1.0260621659077414
3272,0.43499999999999994,1.0260621659077414
3273,0.43499999999999994,1.0260621659077414
3274,0.43499999999999994,1.0260621659077414
3275,0.43499999999999994,1.0260621659077414
3276,0.43499999999999994,1.0260621659077414
3277,0.43499999999999994,1.0260621659077414
3278,0.43499999999999994,1.0260621659077414
3279,0.43499999999999994,1.0260621659077414
3280,0.43499999999999994,1.0260621659077414
3281,0.43499999999999994,1.0260621659077414
3282,0.43499999999999994,1.0260621659077414
3283,0.43499999999999994,1.0260621659077414
3284,0.43499999999999994,1.0260621659077414
3285,0.43499999999999994,1.0260621659077414
3286,0.43499999999999994,1.0260621659077414
3287,0.43499999999999994,1.0260621659077414
3288,0.43499999999999994,1.0260621659077414
3289,0.43499999999999994,1.0260621659077414
3290,0.43499999999999994,1.0260621659077414
3291,0.43499999999999994,1.0260621659077414
3292,0.43499999999999994,1.0260621659077414
3293,0.43499999999999994,1.0260621659077414
3294,0.43499999999999994,1.0260621659077414
3295,0.43499999999999994,1.0260621659077414
3296,0.43499999999999994,1.0260621659077414
3297,0.43499999999999994,1.0260621659077414
3298,0.43499999999999994,1.0260621659077414
3299,0.43499999999999994,1.0260621659077414
3300,0.43499999999999994,1.0260621659077414
3301,0.43499999999999994,1.0260621659077414
3302,0.43499999999999994,1.0260621659077414
3303,0.43499999999999994,1.0260621659077414
3304,0.43499999999999994,1.0260621659077414
3305,0.43499999999999994,1.0260621659077414
3306,0.43499999999999994,1.0260621659077414
3307,0.43499999999999994,1.0260621659077414
3308,0.43499999999999994,1.0260621659077414
3309,0.43499999999999994,1.0260621659077414
3310,0.43499999999999994,1.0260621659077414
3311,0.43499999999999994,1.0260621659077414
3312,0.43499999999999994,1.0260621659077414
3313,0.43499999999999994,1.0260621659077414
3314,0.43499999999999994,1.0260621659077414
3315,0.43499999999999994,1.0260621659077414
3316,0.43499999999999994,1.0260621659077414
3317,0.43499999999999994,1.0260621659077414
3318,0.43499999999999994,1.0260621659077414
3319,0.43499999999999994,1.0260621659077414
3320,0.43499999999999994,1.0260621659077414
3321,0.43499999999999994,1.0260621659077414
3322,0.43499999999999994,1.0260621659077414
3323,0.43499999999999994,1.0260621659077414
3324,0.43499999999999994,1.0260621659077414
3325,0.43499999999999994,1.0260621659077414
3326,0.43499999999999994,1.0260621659077414
3327,0.43499999999999994,1.0260621659077414
3328,0.43499999999999994,1.0260621659077414
3329,0.43499999999999994,1.0260621659077414
3330,0.43499999999999994,1.0260621659077414
3331,0.43499999999999994,1.0260621659077414
3332,0.43499999999999994,1.0260621659077414
3333,0.43499999999999994,1.0260621659077414
3334,0.43499999999999994,1.0260621659077414
3335,0.43499999999999994,1.0260621659077414
3336,0.43499999999999994,1.0260621659077414
3337,0.43499999999999994,1.0260621659077414
3338,0.43499999999999994,1.0260621659077414
3339,0.43499999999999994,1.0260621659077414
3340,0.43499999999999994,1.0260621659077414
3341,0.43499999999999994,1.0260621659077414
3342,0.43499999999999994,1.0260621659077414
3343,0.43499999999999994,1.0260621659077414
3344,0.43499999999999994,1.0260621659077414
3345,0.43499999999999994,1.0260621659077414
3346,0.43499999999999994,1.0260621659077414
3347,0.43499999999999994,1.0260621659077414
3348,0.43499999999999994,1.0260621659077414
3349,0.43499999999999994,1.0260621659077414
3350,0.43499999999999994,1.0260621659077414
3351,0.43499999999999994,1.0260621659077414
3352,0.43499999999999994,1.0260621659077414
3353,0.43499999999999994,1.0260621659077414
3354,0.43499999999999994,1.0260621659077414
3355,0.43499999999999994,1.0260621659077414
3356,0.43499999999999994,1.0260621659077414
3357,0.43499999999999994,1.0260621659077414
3358,0.43499999999999994,1.0260621659077414
3359,0.43499999999999994,1.0260621659077414
3360,0.43499999999999994,1.0260621659077414
3361,0.43499999999999994,1.0260621659077414
3362,0.43499999999999994,1.0260621659077414
3363,0.43499999999999994,1.0260621659077414
3364,0.43499999999999994,1.0260621659077414
3365,0.43499999999999994,1.0260621659077414
3366,0.43499999999999994,1.0260621659077414
3367,0.43499999999999994,1.0260621659077414
3368,0.43499999999999994,1.0260621659077414
3369,0.43499999999999994,1.0260621659077414
3370,0.43499999999999994,1.0260621659077414
3371,0.43499999999999994,1.0260621659077414
3372,0.43499999999999994,1.0260621659077414
3373,0.43499999999999994,1.0260621659077414
3374,0.43499999999999994,1.0260621659077414
3375,0.43499999999999994,1.0260621659077414
3376,0.43499999999999994,1.0260621659077414
3377,0.43499999999999994,1.0260621659077414
3378,0.43499999999999994,1.0260621659077414
3379,0.43499999999999994,1.0260621659077414
3380,0.43499999999999994,1.0260621659077414
3381,0.43499999999999994,1.0260621659077414
3382,0.43499999999999994,1.0260621659077414
3383,0.43499999999999994,1.0260621659077414
3384,0.43499999999999994,1.0260621659077414
3385,0.43499999999999994,1.0260621659077414
3386,0.43499999999999994,1.0260621659077414
3387,0.43499999999999994,1.0260621659077414
3388,0.43499999999999994,1.0260621659077414
3389,0.43499999999999994,1.0260621659077414
3390,0.43499999999999994,1.0260621659077414
3391,0.43499999999999994,1.0260621659077414
3392,0.43499999999999994,1.0260621659077414
3393,0.43499999999999994,1.0260621659077414
3394,0.43499999999999994,1.0260621659077414
3395,0.43499999999999994,1.0260621659077414
3396,0.43499999999999994,1.0260621659077414
3397,0.43499999999999994,1.0260621659077414
3398,0.43499999999999994,1.0260621659077414
3399,0.43499999999999994,1.0260621659077414
3400,0.43499999999999994,1.0260621659077414
3401,0.43499999999999994,1.0260621659077414
3402,0.43499999999999994,1.0260621659077414
3403,0.43499999999999994,1.0260621659077414
3404,0.43499999999999994,1.0260621659077414
3405,0.43499999999999994,1.0260621659077414
3406,0.43499999999999994,1.0260621659077414
3407,0.43499999999999994,1.0260621659077414
3408,0.43499999999999994,1.0260621659077414
3409,0.43499999999999994,1.0260621659077414
3410,0.43499999999999994,1.0260621659077414
3411,0.43499999999999994,1.0260621659077414
3412,0.43499999999999994,1.0260621659077414
3413,0.43499999999999994,1.0260621659077414
3414,0.43499999999999994,1.0260621659077414
3415,0.43499999999999994,1.0260621659077414
3416,0.43499999999999994,1.0260621659077414
3417,0.43499999999999994,1.0260621659077414
3418,0.43499999999999994,1.0260621659077414
3419,0.43499999999999994,1.0260621659077414
3420,0.43499999999999994,1.0260621659077414
3421,0.43499999999999994,1.0260621659077414
3422,0.43499999999999994,1.0260621659077414
3423,0.43499999999999994,1.0260621659077414
3424,0.43499999999999994,1.0260621659077414
3425,0.43499999999999994,1.0260621659077414
3426,0.43499999999999994,1.0260621659077414
3427,0.43499999999999994,1.0260621659077414
3428,0.43499999999999994,1.0260621659077414
3429,0.43499999999999994,1.0260621659077414
3430,0.43499999999999994,1.0260621659077414
3431,0.43499999999999994,1.0260621659077414
3432,0.43499999999999994,1.0260621659077414
3433,0.43499999999999994,1.0260621659077414
3434,0.43499999999999994,1.0260621659077414
3435,0.43499999999999994,1.0260621659077414
3436,0.43499999999999994,1.0260621659077414
3437,0.43499999999999994,1.0260621659077414
3438,0.43499999999999994,1.0260621659077414
3439,0.43499999999999994,1.0260621659077414
3440,0.43499999999999994,1.0260621659077414
3441,0.43499999999999994,1.0260621659077414
3442,0.43499999999999994,1.0260621659077414
3443,0.43499999999999994,1.0260621659077414
3444,0.43499999999999994,1.0260621659077414
3445,0.43499999999999994,1.0260621659077414
3446,0.43499999999999994,1.0260621659077414
3447,0.43499999999999994,1.0260621659077414
3448,0.43499999999999994,1.0260621659077414
3449,0.43499999999999994,1.0260621659077414
3450,0.43499999999999994,1.0260621659077414
3451,0.43499999999999994,1.0260621659077414
3452,0.43499999999999994,1.0260621659077414
3453,0.43499999999999994,1.0260621659077414
3454,0.43499999999999994,1.0260621659077414
3455,0.43499999999999994,1.0260621659077414
3456,0.43499999999999994,1.0260621659077414
3457,0.43499999999999994,1.0260621659077414
3458,0.43499999999999994,1.0260621659077414
3459,0.43499999999999994,1.0260621659077414
3460,0.43499999999999994,1.0260621659077414
3461,0.43499999999999994,1.0260621659077414
3462,0.43499999999999994,1.0260621659077414
3463,0.43499999999999994,1.0260621659077414
3464,0.43499999999999994,1.0260621659077414
3465,0.43499999999999994,1.0260621659077414
3466,0.43499999999999994,1.0260621659077414
3467,0.43499999999999994,1.0260621659077414
3468,0.43499999999999994,1.0260621659077414
3469,0.43499999999999994,1.0260621659077414
3470,0.43499999999999994,1.0260621659077414
3471,0.43499999999999994,1.0260621659077414
3472,0.43499999999999994,1.0260621659077414
3473,0.43499999999999994,1.0260621659077414
3474,0.43499999999999994,1.0260621659077414
3475,0.43499999999999994,1.0260621659077414
3476,0.43499999999999994,1.0260621659077414
3477,0.43499999999999994,1.0260621659077414
3478,0.43499999999999994,1.0260621659077414
3479,0.43499999999999994,1.0260621659077414
3480,0.43499999999999994,1.0260621659077414
3481,0.43499999999999994,1.0260621659077414
3482,0.43499999999999994,1.0260621659077414
3483,0.43499999999999994,1.0260621659077414
3484,0.43499999999999994,1.0260621659077414
3485,0.43499999999999994,1.0260621659077414
3486,0.43499999999999994,1.0260621659077414
3487,0.43499999999999994,1.0260621659077414
3488,0.43499999999999994,1.0260621659077414
3489,0.43499999999999994,1.0260621659077414
3490,0.43499999999999994,1.0260621659077414
3491,0.43499999999999994,1.0260621659077414
3492,0.43499999999999994,1.0260621659077414
3493,0.43499999999999994,1.0260621659077414
3494,0.43499999999999994,1.0260621659077414
3495,0.43499999999999994,1.0260621659077414
3496,0.43499999999999994,1.0260621659077414
3497,0.43499999999999994,1.0260621659077414
3498,0.43499999999999994,1.0260621659077414
3499,0.43499999999999994,1.0260621659077414
3500,0.43499999999999994,1.0260621659077414
3501,0.43499999999999994,1.0260621659077414
3502,0.43499999999999994,1.0260621659077414
3503,0.43499999999999994,1.0260621659077414
3504,0.43499999999999994,1.0260621659077414
3505,0.43499999999999994,1.0260621659077414
3506,0.43499999999999994,1.0260621659077414
3507,0.43499999999999994,1.0260621659077414
3508,0.43499999999999994,1.0260621659077414
3509,0.43499999999999994,1.0260621659077414
3510,0.43499999999999994,1.0260621659077414
3511,0.43499999999999994,1.0260621659077414
3512,0.43499999999999994,1.0260621659077414
3513,0.43499999999999994,1.0260621659077414
3514,0.43499999999999994,1.0260621659077414
3515,0.43499999999999994,1.0260621659077414
3516,0.43499999999999994,1.0260621659077414
3517,0.43499999999999994,1.0260621659077414
3518,0.43499999999999994,1.0260621659077414
3519,0.43499999999999994,1.0260621659077414
3520,0.43499999999999994,1.0260621659077414
3521,0.43499999999999994,1.0260621659077414
3522,0.43499999999999994,1.0260621659077414
3523,0.43499999999999994,1.0260621659077414
3524,0.43499999999999994,1.0260621659077414
3525,0.43499999999999994,1.0260621659077414
3526,0.43499999999999994,1.0260621659077414
3527,0.43499999999999994,1.0260621659077414
3528,0.43499999999999994,1.0260621659077414
3529,0.43499999999999994,1.0260621659077414
3530,0.43499999999999994,1.0260621659077414
3531,0.43499999999999994,1.0260621659077414
3532,0.43499999999999994,1.0260621659077414
3533,0.43499999999999994,1.0260621659077414
3534,0.43499999999999994,1.0260621659077414
3535,0.43499999999999994,1.0260621659077414
3536,0.43499999999999994,1.0260621659077414
3537,0.43499999999999994,1.0260621659077414
3538,0.43499999999999994,1.0260621659077414
3539,0.43499999999999994,1.0260621659077414
3540,0.43499999999999994,1.0260621659077414
3541,0.43499999999999994,1.0260621659077414
3542,0.43499999999999994,1.0260621659077414
3543,0.43499999999999994,1.0260621659077414
3544,0.43499999999999994,1.0260621659077414
3545,0.43499999999999994,1.0260621659077414
3546,0.43499999999999994,1.0260621659077414
3547,0.43499999999999994,1.0260621659077414
3548,0.43499999999999994,1.0260621659077414
3549,0.43499999999999994,1.0260621659077414
3550,0.43499999999999994,1.0260621659077414
3551,0.43499999999999994,1.0260621659077414
3552,0.43499999999999994,1.0260621659077414
3553,0.43499999999999994,1.0260621659077414
3554,0.43499999999999994,1.0260621659077414
3555,0.43499999999999994,1.0260621659077414
3556,0.43499999999999994,1.0260621659077414
3557,0.43499999999999994,1.0260621659077414
3558,0.43499999999999994,1.0260621659077414
3559,0.43499999999999994,1.0260621659077414
3560,0.43499999999999994,1.0260621659077414
3561,0.43499999999999994,1.0260621659077414
3562,0.43499999999999994,1.0260621659077414
3563,0.43499999999999994,1.0260621659077414
3564,0.43499999999999994,1.0260621659077414
3565,0.43499999999999994,1.0260621659077414
3566,0.43499999999999994,1.0260621659077414
3567,0.43499999999999994,1.0260621659077414
3568,0.43499999999999994,1.0260621659077414
3569,0.43499999999999994,1.0260621659077414
3570,0.43499999999999994,1.0260621659077414
3571,0.43499999999999994,1.0260621659077414
3572,0.43499999999999994,1.0260621659077414
3573,0.43499999999999994,1.0260621659077414
3574,0.43499999999999994,1.0260621659077414
3575,0.43499999999999994,1.0260621659077414
3576,0.43499999999999994,1.0260621659077414
3577,0.43499999999999994,1.0260621659077414
3578,0.43499999999999994,1.0260621659077414
3579,0.43499999999999994,1.0260621659077414
3580,0.43499999999999994,1.0260621659077414
3581,0.43499999999999994,1.0260621659077414
3582,0.43499999999999994,1.0260621659077414
3583,0.43499999999999994,1.0260621659077414
3584,0.43499999999999994,1.0260621659077414
3585,0.43499999999999994,1.0260621659077414
3586,0.43499999999999994,1.0260621659077414
3587,0.43499999999999994,1.0260621659077414
3588,0.43499999999999994,1.0260621659077414
3589,0.43499999999999994,1.0260621659077414
3590,0.43499999999999994,1.0260621659077414
3591,0.43499999999999994,1.0260621659077414
3592,0.43499999999999994,1.0260621659077414
3593,0.43499999999999994,1.0260621659077414
3594,0.43499999999999994,1.0260621659077414
3595,0.43499999999999994,1.0260621659077414
3596,0.43499999999999994,1.0260621659077414
3597,0.43499999999999994,1.0260621659077414
3598,0.43499999999999994,1.0260621659077414
3599,0.43499999999999994,1.0260621659077414
3600,0.43499999999999994,1.0260621659077414
3601,0.43499999999999994,1.0260621659077414
3602,0.43499999999999994,1.0260621659077414
3603,0.43499999999999994,1.0260621659077414
3604,0.43499999999999994,1.0260621659077414
3605,0.43499999999999994,1.0260621659077414
3606,0.43499999999999994,1.0260621659077414
3607,0.43499999999999994,1.0260621659077414
3608,0.43499999999999994,1.0260621659077414
3609,0.43499999999999994,1.0260621659077414
3610,0.43499999999999994,1.0260621659077414
3611,0.43499999999999994,1.0260621659077414
3612,0.43499999999999994,1.0260621659077414
3613,0.43499999999999994,1.0260621659077414
3614,0.43499999999999994,1.0260621659077414
3615,0.43499999999999994,1.0260621659077414
3616,0.43499999999999994,1.0260621659077414
3617,0.43499999999999994,1.0260621659077414
3618,0.43499999999999994,1.0260621659077414
3619,0.43499999999999994,1.0260621659077414
3620,0.43499999999999994,1.0260621659077414
3621,0.43499999999999994,1.0260621659077414
3622,0.43499999999999994,1.0260621659077414
3623,0.43499999999999994,1.0260621659077414
3624,0.43499999999999994,1.0260621659077414
3625,0.43499999999999994,1.0260621659077414
3626,0.43499999999999994,1.0260621659077414
3627,0.43499999999999994,1.0260621659077414
3628,0.43499999999999994,1.0260621659077414
3629,0.43499999999999994,1.0260621659077414
3630,0.43499999999999994,1.0260621659077414
3631,0.43499999999999994,1.0260621659077414
3632,0.43499999999999994,1.0260621659077414
3633,0.43499999999999994,1.0260621659077414
3634,0.43499999999999994,1.0260621659077414
3635,0.43499999999999994,1.0260621659077414
3636,0.43499999999999994,1.0260621659077414
3637,0.43499999999999994,1.0260621659077414
3638,0.43499999999999994,1.0260621659077414
3639,0.43499999999999994,1.0260621659077414
3640,0.43499999999999994,1.0260621659077414
3641,0.43499999999999994,1.0260621659077414
3642,0.43499999999999994,1.0260621659077414
3643,0.43499999999999994,1.0260621659077414
3644,0.43499999999999994,1.0260621659077414
3645,0.43499999999999994,1.0260621659077414
3646,0.43499999999999994,1.0260621659077414
3647,0.43499999999999994,1.0260621659077414
3648,0.43499999999999994,1.0260621659077414
3649,0.43499999999999994,1.0260621659077414
3650,0.43499999999999994,1.0260621659077414
3651,0.43499999999999994,1.0260621659077414
3652,0.43499999999999994,1.0260621659077414
3653,0.43499999999999994,1.0260621659077414
3654,0.43499999999999994,1.0260621659077414
3655,0.43499999999999994,1.0260621659077414
3656,0.43499999999999994,1.0260621659077414
3657,0.43499999999999994,1.0260621659077414
3658,0.43499999999999994,1.0260621659077414
3659,0.43499999999999994,1.0260621659077414
3660,0.43499999999999994,1.0260621659077414
3661,0.43499999999999994,1.0260621659077414
3662,0.43499999999999994,1.0260621659077414
3663,0.43499999999999994,1.0260621659077414
3664,0.43499999999999994,1.0260621659077414
3665,0.43499999999999994,1.0260621659077414
3666,0.43499999999999994,1.0260621659077414
3667,0.43499999999999994,1.0260621659077414
3668,0.43499999999999994,1.0260621659077414
3669,0.43499999999999994,1.0260621659077414
3670,0.43499999999999994,1.0260621659077414
3671,0.43499999999999994,1.0260621659077414
3672,0.43499999999999994,1.0260621659077414
3673,0.43499999999999994,1.0260621659077414
3674,0.43499999999999994,1.0260621659077414
3675,0.43499999999999994,1.0260621659077414
3676,0.43499999999999994,1.0260621659077414
3677,0.43499999999999994,1.0260621659077414
3678,0.43499999999999994,1.0260621659077414
3679,0.43499999999999994,1.0260621659077414
3680,0.43499999999999994,1.0260621659077414
3681,0.43499999999999994,1.0260621659077414
3682,0.43499999999999994,1.0260621659077414
3683,0.43499999999999994,1.0260621659077414
3684,0.43499999999999994,1.0260621659077414
3685,0.43499999999999994,1.0260621659077414
3686,0.43499999999999994,1.0260621659077414
3687,0.43499999999999994,1.0260621659077414
3688,0.43499999999999994,1.0260621659077414
3689,0.43499999999999994,1.0260621659077414
3690,0.43499999999999994,1.0260621659077414
3691,0.43499999999999994,1.0260621659077414
3692,0.43499999999999994,1.0260621659077414
3693,0.43499999999999994,1.0260621659077414
3694,0.43499999999999994,1.0260621659077414
3695,0.43499999999999994,1.0260621659077414
3696,0.43499999999999994,1.0260621659077414
3697,0.43499999999999994,1.0260621659077414
3698,0.43499999999999994,1.0260621659077414
3699,0.43499999999999994,1.0260621659077414
3700,0.43499999999999994,1.0260621659077414
3701,0.43499999999999994,1.0260621659077414
3702,0.43499999999999994,1.0260621659077414
3703,0.43499999999999994,1.0260621659077414
3704,0.43499999999999994,1.0260621659077414
3705,0.43499999999999994,1.0260621659077414
3706,0.43499999999999994,1.0260621659077414
3707,0.43499999999999994,1.0260621659077414
3708,0.43499999999999994,1.0260621659077414
3709,0.43499999999999994,1.0260621659077414
3710,0.43499999999999994,1.0260621659077414
3711,0.43499999999999994,1.0260621659077414
3712,0.43499999999999994,1.0260621659077414
3713,0.43499999999999994,1.0260621659077414
3714,0.43499999999999994,1.0260621659077414
3715,0.43499999999999994,1.0260621659077414
3716,0.43499999999999994,1.0260621659077414
3717,0.43499999999999994,1.0260621659077414
3718,0.43499999999999994,1.0260621659077414
3719,0.43499999999999994,1.0260621659077414
3720,0.43499999999999994,1.0260621659077414
3721,0.43499999999999994,1.0260621659077414
3722,0.43499999999999994,1.0260621659077414
3723,0.43499999999999994,1.0260621659077414
3724,0.43499999999999994,1.0260621659077414
3725,0.43499999999999994,1.0260621659077414
3726,0.43499999999999994,1.0260621659077414
3727,0.43499999999999994,1.0260621659077414
3728,0.43499999999999994,1.0260621659077414
3729,0.43499999999999994,1.0260621659077414
3730,0.43499999999999994,1.0260621659077414
3731,0.43499999999999994,1.0260621659077414
3732,0.43499999999999994,1.0260621659077414
3733,0.43499999999999994,1.0260621659077414
3734,0.43499999999999994,1.0260621659077414
3735,0.43499999999999994,1.0260621659077414
3736,0.43499999999999994,1.0260621659077414
3737,0.43499999999999994,1.0260621659077414
3738,0.43499999999999994,1.0260621659077414
3739,0.43499999999999994,1.0260621659077414
3740,0.43499999999999994,1.0260621659077414
3741,0.43499999999999994,1.0260621659077414
3742,0.43499999999999994,1.0260621659077414
3743,0.43499999999999994,1.0260621659077414
3744,0.43499999999999994,1.0260621659077414
3745,0.43499999999999994,1.0260621659077414
3746,0.43499999999999994,1.0260621659077414
3747,0.43499999999999994,1.0260621659077414
3748,0.43499999999999994,1.0260621659077414
3749,0.43499999999999994,1.0260621659077414
3750,0.43499999999999994,1.0260621659077414
3751,0.43499999999999994,1.0260621659077414
3752,0.43499999999999994,1.0260621659077414
3753,0.43499999999999994,1.0260621659077414
3754,0.43499999999999994,1.0260621659077414
3755,0.43499999999999994,1.0260621659077414
3756,0.43499999999999994,1.0260621659077414
3757,0.43499999999999994,1.0260621659077414
3758,0.43499999999999994,1.0260621659077414
3759,0.43499999999999994,1.0260621659077414
3760,0.43499999999999994,1.0260621659077414
3761,0.43499999999999994,1.0260621659077414
3762,0.43499999999999994,1.0260621659077414
3763,0.43499999999999994,1.0260621659077414
3764,0.42500000000000004,1.0260621659077414
3765,0.29,1.0260621659077414
3766,0.29,1.0260621659077414
3767,0.29,1.0260621659077414
3768,0.29,1.0260621659077414
3769,0.29,1.0260621659077414
3770,0.29,1.0260621659077414
3771,0.29,1.0260621659077414
3772,0.29,1.0260621659077414
3773,0.29,1.0260621659077414
3774,0.29,1.0260621659077414
3775,0.29,1.0260621659077414
3776,0.29,1.0260621659077414
3777,0.29,1.0260621659077414
3778,0.29,1.0260621659077414
3779,0.29,1.0260621659077414
3780,0.29,1.0260621659077414
3781,0.29,1.0260621659077414
3782,0.29,1.0260621659077414
3783,0.29,1.0260621659077414
3784,0.29,1.0260621659077414
3785,0.29,1.0260621659077414
3786,0.29,1.0260621659077414
3787,0.29,1.0260621659077414
3788,0.29,1.0260621659077414
3789,0.29,1.0260621659077414
3790,0.29,1.0260621659077414
3791,0.29,1.0260621659077414
3792,0.29,1.0260621659077414
3793,0.29,1.0260621659077414
3794,0.29,1.0260621659077414
3795,0.29,1.0260621659077414
3796,0.29,1.0260621659077414
3797,0.29,1.0260621659077414
3798,0.29,1.0260621659077414
3799,0.29,1.0260621659077414
3800,0.29,1.0260621659077414
3801,0.29,1.0260621659077414
3802,0.29,1.0260621659077414
3803,0.29,1.0260621659077414
3804,0.29,1.0260621659077414
3805,0.29,1.0260621659077414
3806,0.29,1.0260621659077414
3807,0.29,1.0260621659077414
3808,0.29,1.0260621659077414
3809,0.29,1.0260621659077414
3810,0.29,1.0260621659077414
3811,0.29,1.0260621659077414
3812,0.29,1.0260621659077414
3813,0.29,1.0260621659077414
3814,0.29,1.0260621659077414
3815,0.29,1.0260621659077414
3816,0.29,1.0260621659077414
3817,0.29,1.0260621659077414
3818,0.29,1.0260621659077414
3819,0.29,1.0260621659077414
3820,0.29,1.0260621659077414
3821,0.29,1.0260621659077414
3822,0.29,1.0260621659077414
3823,0.29,1.0260621659077414
3824,0.29,1.0260621659077414
3825,0.29,1.0260621659077414
3826,0.29,1.0260621659077414
3827,0.29,1.0260621659077414
3828,0.29,1.0260621659077414
3829,0.29,1.0260621659077414
3830,0.29,1.0260621659077414
3831,0.29,1.0260621659077414
3832,0.29,1.0260621659077414
3833,0.29,1.0260621659077414
3834,0.29,1.0260621659077414
3835,0.29,1.0260621659077414
3836,0.29,1.0260621659077414
3837,0.29,1.0260621659077414
3838,0.29,1.0260621659077414
3839,0.29,1.0260621659077414
3840,0.29,1.0260621659077414
3841,0.29,1.0260621659077414
3842,0.29,1.0260621659077414
3843,0.29,1.0260621659077414
3844,0.29,1.0260621659077414
3845,0.29,1.0260621659077414
3846,0.29,1.0260621659077414
3847,0.29,1.0260621659077414
3848,0.29,1.0260621659077414
3849,0.29,1.0260621659077414
3850,0.29,1.0260621659077414
3851,0.29,1.0260621659077414
3852,0.29,1.0260621659077414
3853,0.29,1.0260621659077414
3854,0.29,1.0260621659077414
3855,0.29,1.0260621659077414
3856,0.29,1.0260621659077414
3857,0.29,1.0260621659077414
3858,0.29,1.0260621659077414
3859,0.29,1.0260621659077414
3860,0.29,1.0260621659077414
3861,0.29,1.0260621659077414
3862,0.29,1.0260621659077414
3863,0.29,1.0260621659077414
3864,0.29,1.0260621659077414
3865,0.29,1.0260621659077414
3866,0.29,1.0260621659077414
3867,0.29,1.0260621659077414
3868,0.29,1.0260621659077414
3869,0.29,1.0260621659077414
3870,0.29,1.0260621659077414
3871,0.29,1.0260621659077414
3872,0.29,1.0260621659077414
3873,0.29,1.0260621659077414
3874,0.29,1.0260621659077414
3875,0.29,1.0260621659077414
3876,0.29,1.0260621659077414
3877,0.29,1.0260621659077414
3878,0.29,1.0260621659077414
3879,0.29,1.0260621659077414
3880,0.29,1.0260621659077414
3881,0.29,1.0260621659077414
3882,0.29,1.0260621659077414
3883,0.29,1.0260621659077414
3884,0.29,1.0260621659077414
3885,0.29,1.0260621659077414
3886,0.29,1.0260621659077414
3887,0.29,1.0260621659077414
3888,0.29,1.0260621659077414
3889,0.29,1.0260621659077414
3890,0.29,1.0260621659077414
3891,0.29,1.0260621659077414
3892,0.29,1.0260621659077414
3893,0.29,1.0260621659077414
3894,0.29,1.0260621659077414
3895,0.29,1.0260621659077414
3896,0.29,1.0260621659077414
3897,0.29,1.0260621659077414
3898,0.29,1.0260621659077414
3899,0.29,1.0260621659077414
3900,0.29,1.0260621659077414
3901,0.29,1.0260621659077414
3902,0.29,1.0260621659077414
3903,0.29,1.0260621659077414
3904,0.29,1.0260621659077414
3905,0.29,1.0260621659077414
3906,0.29,1.0260621659077414
3907,0.29,1.0260621659077414
3908,0.29,1.0260621659077414
3909,0.29,1.0260621659077414
3910,0.29,1.0260621659077414
3911,0.29,1.0260621659077414
3912,0.29,1.0260621659077414
3913,0.29,1.0260621659077414
3914,0.29,1.0260621659077414
3915,0.29,1.0260621659077414
3916,0.29,1.0260621659077414
3917,0.29,1.0260621659077414
3918,0.29,1.0260621659077414
3919,0.29,1.0260621659077414
3920,0.29,1.0260621659077414
3921,0.29,1.0260621659077414
3922,0.29,1.0260621659077414
3923,0.29,1.0260621659077414
3924,0.29,1.0260621659077414
3925,0.29,1.0260621659077414
3926,0.29,1.0260621659077414
3927,0.29,1.0260621659077414
3928,0.29,1.0260621659077414
3929,0.29,1.0260621659077414
3930,0.29,1.0260621659077414
3931,0.29,1.0260621659077414
3932,0.29,1.0260621659077414
3933,0.29,1.0260621659077414
3934,0.29,1.0260621659077414
3935,0.29,1.0260621659077414
3936,0.29,1.0260621659077414
3937,0.29,1.0260621659077414
3938,0.29,1.0260621659077414
3939,0.29,1.0260621659077414
3940,0.29,1.0260621659077414
3941,0.29,1.0260621659077414
3942,0.29,1.0260621659077414
3943,0.29,1.0260621659077414
3944,0.29,1.0260621659077414
3945,0.29,1.0260621659077414
3946,0.29,1.0260621659077414
3947,0.29,1.0260621659077414
3948,0.29,1.0260621659077414
3949,0.29,1.0260621659077414
3950,0.29,1.0260621659077414
3951,0.29,1.0260621659077414
3952,0.29,1.0260621659077414
3953,0.29,1.0260621659077414
3954,0.29,1.0260621659077414
3955,0.29,1.0260621659077414
3956,0.29,1.0260621659077414
3957,0.29,1.0260621659077414
3958,0.29,1.0260621659077414
3959,0.29,1.0260621659077414
3960,0.29,1.0260621659077414
3961,0.29,1.0260621659077414
3962,0.29,1.0260621659077414
3963,0.29,1.0260621659077414
3964,0.29,1.0260621659077414
3965,0.29,1.0260621659077414
3966,0.29,1.0260621659077414
3967,0.29,1.0260621659077414
3968,0.29,1.0260621659077414
3969,0.29,1.0260621659077414
3970,0.29,1.0260621659077414
3971,0.29,1.0260621659077414
3972,0.29,1.0260621659077414
3973,0.29,1.0260621659077414
3974,0.29,1.0260621659077414
3975,0.29,1.0260621659077414
3976,0.29,1.0260621659077414
3977,0.29,1.0260621659077414
3978,0.29,1.0260621659077414
3979,0.29,1.0260621659077414
3980,0.29,1.0260621659077414
3981,0.29,1.0260621659077414
3982,0.29,1.0260621659077414
3983,0.29,1.0260621659077414
3984,0.29,1.0260621659077414
3985,0.29,1.0260621659077414
3986,0.29,1.0260621659077414
3987,0.29,1.0260621659077414
3988,0.29,1.0260621659077414
3989,0.29,1.0260621659077414
3990,0.29,1.0260621659077414
3991,0.29,1.0260621659077414
3992,0.29,1.0260621659077414
3993,0.29,1.0260621659077414
3994,0.29,1.0260621659077414
3995,0.29,1.0260621659077414
3996,0.29,1.0260621659077414
3997,0.29,1.0260621659077414
3998,0.29,1.0260621659077414
3999,0.29,1.0260621659077414
4000,0.29,1.0260621659077414
4001,0.29,1.0260621659077414
4002,0.29,1.0260621659077414
4003,0.29,1.0260621659077414
4004,0.29,1.0260621659077414
4005,0.29,1.0260621659077414
4006,0.29,1.0260621659077414
4007,0.29,1.0260621659077414
4008,0.29,1.0260621659077414
4009,0.29,1.0260621659077414
4010,0.29,1.0260621659077414
4011,0.29,1.0260621659077414
4012,0.29,1.0260621659077414
4013,0.29,1.0260621659077414
4014,0.29,1.0260621659077414
4015,0.29,1.0260621659077414
4016,0.29,1.0260621659077414
4017,0.29,1.0260621659077414
4018,0.29,1.0260621659077414
4019,0.29,1.0260621659077414
4020,0.29,1.0260621659077414
4021,0.29,1.0260621659077414
4022,0.29,1.0260621659077414
4023,0.29,1.0260621659077414
4024,0.29,1.0260621659077414
4025,0.29,1.0260621659077414
4026,0.29,1.0260621659077414
4027,0.29,1.0260621659077414
4028,0.29,1.0260621659077414
4029,0.29,1.0260621659077414
4030,0.29,1.0260621659077414
4031,0.29,1.0260621659077414
4032,0.29,1.0260621659077414
4033,0.29,1.0260621659077414
4034,0.29,1.0260621659077414
4035,0.29,1.0260621659077414
4036,0.29,1.0260621659077414
4037,0.29,1.0260621659077414
4038,0.29,1.0260621659077414
4039,0.29,1.0260621659077414
4040,0.29,1.0260621659077414
4041,0.29,1.0260621659077414
4042,0.29,1.0260621659077414
4043,0.29,1.0260621659077414
4044,0.29,1.0260621659077414
4045,0.29,1.0260621659077414
4046,0.29,1.0260621659077414
4047,0.29,1.0260621659077414
4048,0.29,1.0260621659077414
4049,0.29,1.0260621659077414
4050,0.29,1.0260621659077414
4051,0.29,1.0260621659077414
4052,0.29,1.0260621659077414
4053,0.29,1.0260621659077414
4054,0.29,1.0260621659077414
4055,0.29,1.0260621659077414
4056,0.29,1.0260621659077414
4057,0.29,1.0260621659077414
4058,0.29,1.0260621659077414
4059,0.29,1.0260621659077414
4060,0.29,1.0260621659077414
4061,0.29,1.0260621659077414
4062,0.29,1.0260621659077414
4063,0.29,1.0260621659077414
4064,0.29,1.0260621659077414
4065,0.29,1.0260621659077414
4066,0.29,1.0260621659077414
4067,0.29,1.0260621659077414
4068,0.29,1.0260621659077414
4069,0.29,1.0260621659077414
4070,0.29,1.0260621659077414
4071,0.29,1.0260621659077414
4072,0.29,1.0260621659077414
4073,0.29,1.0260621659077414
4074,0.29,1.0260621659077414
4075,0.29,1.0260621659077414
4076,0.29,1.0260621659077414
4077,0.29,1.0260621659077414
4078,0.29,1.0260621659077414
4079,0.29,1.0260621659077414
4080,0.29,1.0260621659077414
4081,0.29,1.0260621659077414
4082,0.29,1.0260621659077414
4083,0.29,1.0260621659077414
4084,0.29,1.0260621659077414
4085,0.29,1.0260621659077414
4086,0.29,1.0260621659077414
4087,0.29,1.0260621659077414
4088,0.29,1.0260621659077414
4089,0.29,1.0260621659077414
4090,0.29,1.0260621659077414
4091,0.29,1.0260621659077414
4092,0.29,1.0260621659077414
4093,0.29,1.0260621659077414
4094,0.29,1.0260621659077414
4095,0.29,1.0260621659077414
4096,0.29,1.0260621659077414
4097,0.29,1.0260621659077414
4098,0.29,1.0260621659077414
4099,0.29,1.0260621659077414
4100,0.29,1.0260621659077414
4101,0.29,1.0260621659077414
4102,0.29,1.0260621659077414
4103,0.29,1.0260621659077414
4104,0.29,1.0260621659077414
4105,0.29,1.0260621659077414
4106,0.29,1.0260621659077414
4107,0.29,1.0260621659077414
4108,0.29,1.0260621659077414
4109,0.29,1.0260621659077414
4110,0.29,1.0260621659077414
4111,0.29,1.0260621659077414
4112,0.29,1.0260621659077414
4113,0.29,1.0260621659077414
4114,0.29,1.0260621659077414
4115,0.29,1.0260621659077414
4116,0.29,1.0260621659077414
4117,0.29,1.0260621659077414
4118,0.29,1.0260621659077414
4119,0.29,1.0260621659077414
4120,0.29,1.0260621659077414
4121,0.29,1.0260621659077414
4122,0.29,1.0260621659077414
4123,0.29,1.0260621659077414
4124,0.29,1.0260621659077414
4125,0.29,1.0260621659077414
4126,0.29,1.0260621659077414
4127,0.29,1.0260621659077414
4128,0.29,1.0260621659077414
4129,0.29,1.0260621659077414
4130,0.29,1.0260621659077414
4131,0.29,1.0260621659077414
4132,0.29,1.0260621659077414
4133,0.29,1.0260621659077414
4134,0.29,1.0260621659077414
4135,0.29,1.0260621659077414
4136,0.29,1.0260621659077414
4137,0.29,1.0260621659077414
4138,0.29,1.0260621659077414
4139,0.29,1.0260621659077414
4140,0.29,1.0260621659077414
4141,0.29,1.0260621659077414
4142,0.29,1.0260621659077414
4143,0.29,1.0260621659077414
4144,0.29,1.0260621659077414
4145,0.29,1.0260621659077414
4146,0.29,1.0260621659077414
4147,0.29,1.0260621659077414
4148,0.29,1.0260621659077414
4149,0.29,1.0260621659077414
4150,0.29,1.0260621659077414
4151,0.29,1.0260621659077414
4152,0.29,1.0260621659077414
4153,0.29,1.0260621659077414
4154,0.29,1.0260621659077414
4155,0.29,1.0260621659077414
4156,0.29,1.0260621659077414
4157,0.29,1.0260621659077414
4158,0.29,1.0260621659077414
4159,0.29,1.0260621659077414
4160,0.29,1.0260621659077414
4161,0.29,1.0260621659077414
4162,0.29,1.0260621659077414
4163,0.29,1.0260621659077414
4164,0.29,1.0260621659077414
4165,0.29,1.0260621659077414
4166,0.29,1.0260621659077414
4167,0.29,1.0260621659077414
4168,0.29,1.0260621659077414
4169,0.29,1.0260621659077414
4170,0.29,1.0260621659077414
4171,0.29,1.0260621659077414
4172,0.29,1.0260621659077414
4173,0.29,1.0260621659077414
4174,0.29,1.0260621659077414
4175,0.29,1.0260621659077414
4176,0.29,1.0260621659077414
4177,0.29,1.0260621659077414
4178,0.29,1.0260621659077414
4179,0.29,1.0260621659077414
4180,0.29,1.0260621659077414
4181,0.29,1.0260621659077414
4182,0.29,1.0260621659077414
4183,0.29,1.0260621659077414
4184,0.29,1.0260621659077414
4185,0.29,1.0260621659077414
4186,0.29,1.0260621659077414
4187,0.29,1.0260621659077414
4188,0.29,1.0260621659077414
4189,0.29,1.0260621659077414
4190,0.29,1.0260621659077414
4191,0.29,1.0260621659077414
4192,0.29,1.0260621659077414
4193,0.29,1.0260621659077414
4194,0.29,1.0260621659077414
4195,0.29,1.0260621659077414
4196,0.29,1.0260621659077414
4197,0.29,1.0260621659077414
4198,0.29,1.0260621659077414
4199,0.29,1.0260621659077414
4200,0.29,1.0260621659077414
4201,0.29,1.0260621659077414
4202,0.29,1.0260621659077414
4203,0.29,1.0260621659077414
4204,0.29,1.0260621659077414
4205,0.29,1.0260621659077414
4206,0.29,1.0260621659077414
4207,0.29,1.0260621659077414
4208,0.29,1.0260621659077414
4209,0.29,1.0260621659077414
4210,0.29,1.0260621659077414
4211,0.29,1.0260621659077414
4212,0.29,1.0260621659077414
4213,0.29,1.0260621659077414
4214,0.29,1.0260621659077414
4215,0.29,1.0260621659077414
4216,0.29,1.0260621659077414
4217,0.29,1.0260621659077414
4218,0.29,1.0260621659077414
4219,0.29,1.0260621659077414
4220,0.29,1.0260621659077414
4221,0.29,1.0260621659077414
4222,0.29,1.0260621659077414
4223,0.29,1.0260621659077414
4224,0.29,1.0260621659077414
4225,0.29,1.0260621659077414
4226,0.29,1.0260621659077414
4227,0.29,1.0260621659077414
4228,0.29,1.0260621659077414
4229,0.29,1.0260621659077414
4230,0.29,1.0260621659077414
4231,0.29,1.0260621659077414
4232,0.29,1.0260621659077414
4233,0.29,1.0260621659077414
4234,0.29,1.0260621659077414
4235,0.29,1.0260621659077414
4236,0.29,1.0260621659077414
4237,0.29,1.0260621659077414
4238,0.29,1.0260621659077414
4239,0.29,1.0260621659077414
4240,0.29,1.0260621659077414
4241,0.29,1.0260621659077414
4242,0.29,1.0260621659077414
4243,0.29,1.0260621659077414
4244,0.29,1.0260621659077414
4245,0.29,1.0260621659077414
4246,0.29,1.0260621659077414
4247,0.29,1.0260621659077414
4248,0.29,1.0260621659077414
4249,0.29,1.0260621659077414
4250,0.29,1.0260621659077414
4251,0.29,1.0260621659077414
4252,0.29,1.0260621659077414
4253,0.29,1.0260621659077414
4254,0.29,1.0260621659077414
4255,0.29,1.0260621659077414
4256,0.29,1.0260621659077414
4257,0.29,1.0260621659077414
4258,0.29,1.0260621659077414
4259,0.29,1.0260621659077414
4260,0.29,1.0260621659077414
4261,0.29,1.0260621659077414
4262,0.29,1.0260621659077414
4263,0.29,1.0260621659077414
4264,0.29,1.0260621659077414
4265,0.29,1.0260621659077414
4266,0.29,1.0260621659077414
4267,0.29,1.0260621659077414
4268,0.29,1.0260621659077414
4269,0.29,1.0260621659077414
4270,0.29,1.0260621659077414
4271,0.29,1.0260621659077414
4272,0.29,1.0260621659077414
4273,0.29,1.0260621659077414
4274,0.29,1.0260621659077414
4275,0.29,1.0260621659077414
4276,0.29,1.0260621659077414
4277,0.29,1.0260621659077414
4278,0.29,1.0260621659077414
4279,0.29,1.0260621659077414
4280,0.29,1.0260621659077414
4281,0.29,1.0260621659077414
4282,0.29,1.0260621659077414
4283,0.29,1.0260621659077414
4284,0.29,1.0260621659077414
4285,0.29,1.0260621659077414
4286,0.29,1.0260621659077414
4287,0.29,1.0260621659077414
4288,0.29,1.0260621659077414
4289,0.29,1.0260621659077414
4290,0.29,1.0260621659077414
4291,0.29,1.0260621659077414
4292,0.29,1.0260621659077414
4293,0.29,1.0260621659077414
4294,0.29,1.0260621659077414
4295,0.29,1.0260621659077414
4296,0.29,1.0260621659077414
4297,0.29,1.0260621659077414
4298,0.29,1.0260621659077414
4299,0.29,1.0260621659077414
4300,0.29,1.0260621659077414
4301,0.29,1.0260621659077414
4302,0.29,1.0260621659077414
4303,0.29,1.0260621659077414
4304,0.29,1.0260621659077414
4305,0.29,1.0260621659077414
4306,0.29,1.0260621659077414
4307,0.29,1.0260621659077414
4308,0.29,1.0260621659077414
4309,0.29,1.0260621659077414
4310,0.29,1.0260621659077414
4311,0.29,1.0260621659077414
4312,0.29,1.0260621659077414
4313,0.29,1.0260621659077414
4314,0.29,1.0260621659077414
4315,0.29,1.0260621659077414
4316,0.29,1.0260621659077414
4317,0.29,1.0260621659077414
4318,0.29,1.0260621659077414
4319,0.29,1.0260621659077414
4320,0.29,1.0260621659077414
4321,0.29,1.0260621659077414
4322,0.29,1.0260621659077414
4323,0.29,1.0260621659077414
4324,0.29,1.0260621659077414
4325,0.29,1.0260621659077414
4326,0.29,1.0260621659077414
4327,0.29,1.0260621659077414
4328,0.29,1.0260621659077414
4329,0.29,1.0260621659077414
4330,0.29,1.0260621659077414
4331,0.29,1.0260621659077414
4332,0.29,1.0260621659077414
4333,0.29,1.0260621659077414
4334,0.29,1.0260621659077414
4335,0.29,1.0260621659077414
4336,0.29,1.0260621659077414
4337,0.29,1.0260621659077414
4338,0.29,1.0260621659077414
4339,0.29,1.0260621659077414
4340,0.29,1.0260621659077414
4341,0.29,1.0260621659077414
4342,0.29,1.0260621659077414
4343,0.29,1.0260621659077414
4344,0.29,1.0260621659077414
4345,0.29,1.0260621659077414
4346,0.29,1.0260621659077414
4347,0.29,1.0260621659077414
4348,0.29,1.0260621659077414
4349,0.29,1.0260621659077414
4350,0.29,1.0260621659077414
4351,0.29,1.0260621659077414
4352,0.29,1.0260621659077414
4353,0.29,1.0260621659077414
4354,0.29,1.0260621659077414
4355,0.29,1.0260621659077414
4356,0.29,1.0260621659077414
4357,0.28,1.0260621659077414
4358,0.145,1.0260621659077414
4359,0.145,1.0260621659077414
4360,0.145,1.0260621659077414
4361,0.145,1.0260621659077414
4362,0.145,1.0260621659077414
4363,0.145,1.0260621659077414
4364,0.145,1.0260621659077414
4365,0.145,1.0260621659077414
4366,0.145,1.0260621659077414
4367,0.145,1.0260621659077414
4368,0.145,1.0260621659077414
4369,0.145,1.0260621659077414
4370,0.145,1.0260621659077414
4371,0.145,1.0260621659077414
4372,0.145,1.0260621659077414
4373,0.145,1.0260621659077414
4374,0.145,1.0260621659077414
4375,0.145,1.0260621659077414
4376,0.145,1.0260621659077414
4377,0.145,1.0260621659077414
4378,0.145,1.0260621659077414
4379,0.145,1.0260621659077414
4380,0.145,1.0260621659077414
4381,0.145,1.0260621659077414
4382,0.145,1.0260621659077414
4383,0.145,1.0260621659077414
4384,0.145,1.0260621659077414
4385,0.145,1.0260621659077414
4386,0.145,1.0260621659077414
4387,0.145,1.0260621659077414
4388,0.145,1.0260621659077414
4389,0.145,1.0260621659077414
4390,0.145,1.0260621659077414
4391,0.145,1.0260621659077414
4392,0.145,1.0260621659077414
4393,0.145,1.0260621659077414
4394,0.145,1.0260621659077414
4395,0.145,1.0260621659077414
4396,0.145,1.0260621659077414
4397,0.145,1.0260621659077414
4398,0.145,1.0260621659077414
4399,0.145,1.0260621659077414
4400,0.145,1.0260621659077414
4401,0.145,1.0260621659077414
4402,0.145,1.0260621659077414
4403,0.145,1.0260621659077414
4404,0.145,1.0260621659077414
4405,0.145,1.0260621659077414
4406,0.145,1.0260621659077414
4407,0.145,1.0260621659077414
4408,0.145,1.0260621659077414
4409,0.145,1.0260621659077414
4410,0.145,1.0260621659077414
4411,0.145,1.0260621659077414
4412,0.145,1.0260621659077414
4413,0.145,1.0260621659077414
4414,0.145,1.0260621659077414
4415,0.145,1.0260621659077414
4416,0.145,1.0260621659077414
4417,0.145,1.0260621659077414
4418,0.145,1.0260621659077414
4419,0.145,1.0260621659077414
4420,0.145,1.0260621659077414
4421,0.145,1.0260621659077414
4422,0.145,1.0260621659077414
4423,0.145,1.0260621659077414
4424,0.145,1.0260621659077414
4425,0.145,1.0260621659077414
4426,0.145,1.0260621659077414
4427,0.145,1.0260621659077414
4428,0.145,1.0260621659077414
4429,0.145,1.0260621659077414
4430,0.145,1.0260621659077414
4431,0.145,1.0260621659077414
4432,0.145,1.0260621659077414
4433,0.145,1.0260621659077414
4434,0.145,1.0260621659077414
4435,0.145,1.0260621659077414
4436,0.145,1.0260621659077414
4437,0.145,1.0260621659077414
4438,0.145,1.0260621659077414
4439,0.145,1.0260621659077414
4440,0.145,1.0260621659077414
4441,0.145,1.0260621659077414
4442,0.145,1.0260621659077414
4443,0.145,1.0260621659077414
4444,0.145,1.0260621659077414
4445,0.145,1.0260621659077414
4446,0.145,1.0260621659077414
4447,0.145,1.0260621659077414
4448,0.145,1.0260621659077414
4449,0.145,1.0260621659077414
4450,0.145,1.0260621659077414
4451,0.145,1.0260621659077414
4452,0.145,1.0260621659077414
4453,0.145,1.0260621659077414
4454,0.145,1.0260621659077414
4455,0.145,1.0260621659077414
4456,0.145,1.0260621659077414
4457,0.145,1.0260621659077414
4458,0.145,1.0260621659077414
4459,0.145,1.0260621659077414
4460,0.145,1.0260621659077414
4461,0.145,1.0260621659077414
4462,0.145,1.0260621659077414
4463,0.145,1.0260621659077414
4464,0.145,1.0260621659077414
4465,0.145,1.0260621659077414
4466,0.145,1.0260621659077414
4467,0.145,1.0260621659077414
4468,0.145,1.0260621659077414
4469,0.145,1.0260621659077414
4470,0.145,1.0260621659077414
4471,0.145,1.0260621659077414
4472,0.145,1.0260621659077414
4473,0.145,1.0260621659077414
4474,0.145,1.0260621659077414
4475,0.145,1.0260621659077414
4476,0.145,1.0260621659077414
4477,0.145,1.0260621659077414
4478,0.145,1.0260621659077414
4479,0.145,1.0260621659077414
4480,0.145,1.0260621659077414
4481,0.145,1.0260621659077414
4482,0.145,1.0260621659077414
4483,0.145,1.0260621659077414
4484,0.145,1.0260621659077414
4485,0.145,1.0260621659077414
4486,0.145,1.0260621659077414
4487,0.145,1.0260621659077414
4488,0.145,1.0260621659077414
4489,0.145,1.0260621659077414
4490,0.145,1.0260621659077414
4491,0.145,1.0260621659077414
4492,0.145,1.0260621659077414
4493,0.145,1.0260621659077414
4494,0.145,1.0260621659077414
4495,0.145,1.0260621659077414
4496,0.145,1.0260621659077414
4497,0.145,1.0260621659077414
4498,0.145,1.0260621659077414
4499,0.145,1.0260621659077414
4500,0.145,1.0260621659077414
4501,0.145,1.0260621659077414
4502,0.145,1.0260621659077414
4503,0.145,1.0260621659077414
4504,0.145,1.0260621659077414
4505,0.145,1.0260621659077414
4506,0.145,1.0260621659077414
4507,0.145,1.0260621659077414
4508,0.145,1.0260621659077414
4509,0.145,1.0260621659077414
4510,0.145,1.0260621659077414
4511,0.145,1.0260621659077414
4512,0.145,1.0260621659077414
4513,0.145,1.0260621659077414
4514,0.145,1.0260621659077414
4515,0.145,1.0260621659077414
4516,0.145,1.0260621659077414
4517,0.145,1.0260621659077414
4518,0.145,1.0260621659077414
4519,0.145,1.0260621659077414
4520,0.145,1.0260621659077414
4521,0.145,1.0260621659077414
4522,0.145,1.0260621659077414
4523,0.145,1.0260621659077414
4524,0.145,1.0260621659077414
4525,0.145,1.0260621659077414
4526,0.145,1.0260621659077414
4527,0.145,1.0260621659077414
4528,0.145,1.0260621659077414
4529,0.145,1.0260621659077414
4530,0.145,1.0260621659077414
4531,0.145,1.0260621659077414
4532,0.145,1.0260621659077414
4533,0.145,1.0260621659077414
4534,0.145,1.0260621659077414
4535,0.145,1.0260621659077414
4536,0.145,1.0260621659077414
4537,0.145,1.0260621659077414
4538,0.145,1.0260621659077414
4539,0.145,1.0260621659077414
4540,0.145,1.0260621659077414
4541,0.145,1.0260621659077414
4542,0.145,1.0260621659077414
4543,0.145,1.0260621659077414
4544,0.145,1.0260621659077414
4545,0.145,1.0260621659077414
4546,0.145,1.0260621659077414
4547,0.145,1.0260621659077414
4548,0.145,1.0260621659077414
4549,0.145,1.0260621659077414
4550,0.145,1.0260621659077414
4551,0.145,1.0260621659077414
4552,0.145,1.0260621659077414
4553,0.145,1.0260621659077414
4554,0.145,1.0260621659077414
4555,0.145,1.0260621659077414
4556,0.145,1.0260621659077414
4557,0.145,1.0260621659077414
4558,0.145,1.0260621659077414
4559,0.145,1.0260621659077414
4560,0.145,1.0260621659077414
4561,0.145,1.0260621659077414
4562,0.145,1.0260621659077414
4563,0.145,1.0260621659077414
4564,0.145,1.0260621659077414
4565,0.145,1.0260621659077414
4566,0.145,1.0260621659077414
4567,0.145,1.0260621659077414
4568,0.145,1.0260621659077414
4569,0.145,1.0260621659077414
4570,0.145,1.0260621659077414
4571,0.145,1.0260621659077414
4572,0.145,1.0260621659077414
4573,0.145,1.0260621659077414
4574,0.145,1.0260621659077414
4575,0.145,1.0260621659077414
4576,0.145,1.0260621659077414
4577,0.145,1.0260621659077414
4578,0.145,1.0260621659077414
4579,0.145,1.0260621659077414
4580,0.145,1.0260621659077414
4581,0.145,1.0260621659077414
4582,0.145,1.0260621659077414
4583,0.145,1.0260621659077414
4584,0.145,1.0260621659077414
4585,0.145,1.0260621659077414
4586,0.145,1.0260621659077414
4587,0.145,1.0260621659077414
4588,0.145,1.0260621659077414
4589,0.145,1.0260621659077414
4590,0.145,1.0260621659077414
4591,0.145,1.0260621659077414
4592,0.145,1.0260621659077414
4593,0.145,1.0260621659077414
4594,0.145,1.0260621659077414
4595,0.145,1.0260621659077414
4596,0.145,1.0260621659077414
4597,0.145,1.0260621659077414
4598,0.145,1.0260621659077414
4599,0.145,1.0260621659077414
4600,0.145,1.0260621659077414
4601,0.145,1.0260621659077414
4602,0.145,1.0260621659077414
4603,0.145,1.0260621659077414
4604,0.145,1.0260621659077414
4605,0.145,1.0260621659077414
4606,0.145,1.0260621659077414
4607,0.145,1.0260621659077414
4608,0.145,1.0260621659077414
4609,0.145,1.0260621659077414
4610,0.145,1.0260621659077414
4611,0.145,1.0260621659077414
4612,0.145,1.0260621659077414
4613,0.145,1.0260621659077414
4614,0.145,1.0260621659077414
4615,0.145,1.0260621659077414
4616,0.145,1.0260621659077414
4617,0.145,1.0260621659077414
4618,0.145,1.0260621659077414
4619,0.145,1.0260621659077414
4620,0.145,1.0260621659077414
4621,0.145,1.0260621659077414
4622,0.145,1.0260621659077414
4623,0.145,1.0260621659077414
4624,0.145,1.0260621659077414
4625,0.145,1.0260621659077414
4626,0.145,1.0260621659077414
4627,0.145,1.0260621659077414
4628,0.145,1.0260621659077414
4629,0.145,1.0260621659077414
4630,0.145,1.0260621659077414
4631,0.145,1.0260621659077414
4632,0.145,1.0260621659077414
4633,0.145,1.0260621659077414
4634,0.145,1.0260621659077414
4635,0.145,1.0260621659077414
4636,0.145,1.0260621659077414
4637,0.145,1.0260621659077414
4638,0.145,1.0260621659077414
4639,0.145,1.0260621659077414
4640,0.145,1.0260621659077414
4641,0.145,1.0260621659077414
4642,0.145,1.0260621659077414
4643,0.145,1.0260621659077414
4644,0.145,1.0260621659077414
4645,0.145,1.0260621659077414
4646,0.145,1.0260621659077414
4647,0.145,1.0260621659077414
4648,0.145,1.0260621659077414
4649,0.145,1.0260621659077414
4650,0.145,1.0260621659077414
4651,0.145,1.0260621659077414
4652,0.145,1.0260621659077414
4653,0.145,1.0260621659077414
4654,0.145,1.0260621659077414
4655,0.145,1.0260621659077414
4656,0.145,1.0260621659077414
4657,0.145,1.0260621659077414
4658,0.145,1.0260621659077414
4659,0.145,1.0260621659077414
4660,0.145,1.0260621659077414
4661,0.145,1.0260621659077414
4662,0.145,1.0260621659077414
4663,0.145,1.0260621659077414
4664,0.145,1.0260621659077414
4665,0.145,1.0260621659077414
4666,0.145,1.0260621659077414
4667,0.145,1.0260621659077414
4668,0.145,1.0260621659077414
4669,0.145,1.0260621659077414
4670,0.145,1.0260621659077414
4671,0.145,1.0260621659077414
4672,0.145,1.0260621659077414
4673,0.145,1.0260621659077414
4674,0.145,1.0260621659077414
4675,0.145,1.0260621659077414
4676,0.145,1.0260621659077414
4677,0.145,1.0260621659077414
4678,0.145,1.0260621659077414
4679,0.145,1.0260621659077414
4680,0.145,1.0260621659077414
4681,0.145,1.0260621659077414
4682,0.145,1.0260621659077414
4683,0.145,1.0260621659077414
4684,0.145,1.0260621659077414
4685,0.145,1.0260621659077414
4686,0.145,1.0260621659077414
4687,0.145,1.0260621659077414
4688,0.145,1.0260621659077414
4689,0.145,1.0260621659077414
4690,0.145,1.0260621659077414
4691,0.145,1.0260621659077414
4692,0.145,1.0260621659077414
4693,0.145,1.0260621659077414
4694,0.145,1.0260621659077414
4695,0.145,1.0260621659077414
4696,0.145,1.0260621659077414
4697,0.145,1.0260621659077414
4698,0.145,1.0260621659077414
4699,0.145,1.0260621659077414
4700,0.145,1.0260621659077414
4701,0.145,1.0260621659077414
4702,0.145,1.0260621659077414
4703,0.145,1.0260621659077414
4704,0.145,1.0260621659077414
4705,0.145,1.0260621659077414
4706,0.145,1.0260621659077414
4707,0.145,1.0260621659077414
4708,0.145,1.0260621659077414
4709,0.145,1.0260621659077414
4710,0.145,1.0260621659077414
4711,0.145,1.0260621659077414
4712,0.145,1.0260621659077414
4713,0.145,1.0260621659077414
4714,0.145,1.0260621659077414
4715,0.145,1.0260621659077414
4716,0.145,1.0260621659077414
4717,0.145,1.0260621659077414
4718,0.145,1.0260621659077414
4719,0.145,1.0260621659077414
4720,0.145,1.0260621659077414
4721,0.145,1.0260621659077414
4722,0.145,1.0260621659077414
4723,0.145,1.0260621659077414
4724,0.145,1.0260621659077414
4725,0.145,1.0260621659077414
4726,0.145,1.0260621659077414
4727,0.145,1.0260621659077414
4728,0.145,1.0260621659077414
4729,0.145,1.0260621659077414
4730,0.145,1.0260621659077414
4731,0.145,1.0260621659077414
4732,0.145,1.0260621659077414
4733,0.145,1.0260621659077414
4734,0.145,1.0260621659077414
4735,0.145,1.0260621659077414
4736,0.145,1.0260621659077414
4737,0.145,1.0260621659077414
4738,0.145,1.0260621659077414
4739,0.145,1.0260621659077414
4740,0.145,1.0260621659077414
4741,0.145,1.0260621659077414
4742,0.145,1.0260621659077414
4743,0.145,1.0260621659077414
4744,0.145,1.0260621659077414
4745,0.145,1.0260621659077414
4746,0.145,1.0260621659077414
4747,0.145,1.0260621659077414
4748,0.145,1.0260621659077414
4749,0.145,1.0260621659077414
4750,0.145,1.0260621659077414
4751,0.145,1.0260621659077414
4752,0.145,1.0260621659077414
4753,0.145,1.0260621659077414
4754,0.145,1.0260621659077414
4755,0.145,1.0260621659077414
4756,0.145,1.0260621659077414
4757,0.145,1.0260621659077414
4758,0.145,1.0260621659077414
4759,0.145,1.0260621659077414
4760,0.145,1.0260621659077414
4761,0.145,1.0260621659077414
4762,0.145,1.0260621659077414
4763,0.145,1.0260621659077414
4764,0.145,1.0260621659077414
4765,0.145,1.0260621659077414
4766,0.145,1.0260621659077414
4767,0.145,1.0260621659077414
4768,0.145,1.0260621659077414
4769,0.145,1.0260621659077414
4770,0.145,1.0260621659077414
4771,0.145,1.0260621659077414
4772,0.145,1.0260621659077414
4773,0.145,1.0260621659077414
4774,0.145,1.0260621659077414
4775,0.145,1.0260621659077414
4776,0.145,1.0260621659077414
4777,0.145,1.0260621659077414
4778,0.145,1.0260621659077414
4779,0.145,1.0260621659077414
4780,0.145,1.0260621659077414
4781,0.145,1.0260621659077414
4782,0.145,1.0260621659077414
4783,0.145,1.0260621659077414
4784,0.145,1.0260621659077414
4785,0.145,1.0260621659077414
4786,0.145,1.0260621659077414
4787,0.145,1.0260621659077414
4788,0.145,1.0260621659077414
4789,0.145,1.0260621659077414
4790,0.145,1.0260621659077414
4791,0.145,1.0260621659077414
4792,0.145,1.0260621659077414
4793,0.145,1.0260621659077414
4794,0.145,1.0260621659077414
4795,0.145,1.0260621659077414
4796,0.145,1.0260621659077414
4797,0.145,1.0260621659077414
4798,0.145,1.0260621659077414
4799,0.145,1.0260621659077414
4800,0.145,1.0260621659077414
4801,0.145,1.0260621659077414
4802,0.145,1.0260621659077414
4803,0.145,1.0260621659077414
4804,0.145,1.0260621659077414
4805,0.145,1.0260621659077414
4806,0.145,1.0260621659077414
4807,0.145,1.0260621659077414
4808,0.145,1.0260621659077414
4809,0.145,1.0260621659077414
4810,0.145,1.0260621659077414
4811,0.145,1.0260621659077414
4812,0.145,1.0260621659077414
4813,0.145,1.0260621659077414
4814,0.145,1.0260621659077414
4815,0.145,1.0260621659077414
4816,0.145,1.0260621659077414
4817,0.145,1.0260621659077414
4818,0.145,1.0260621659077414
4819,0.145,1.0260621659077414
4820,0.145,1.0260621659077414
4821,0.145,1.0260621659077414
4822,0.145,1.0260621659077414
4823,0.145,1.0260621659077414
4824,0.145,1.0260621659077414
4825,0.145,1.0260621659077414
4826,0.145,1.0260621659077414
4827,0.145,1.0260621659077414
4828,0.145,1.0260621659077414
4829,0.145,1.0260621659077414
4830,0.145,1.0260621659077414
4831,0.145,1.0260621659077414
4832,0.145,1.0260621659077414
4833,0.145,1.0260621659077414
4834,0.145,1.0260621659077414
4835,0.145,1.0260621659077414
4836,0.145,1.0260621659077414
4837,0.145,1.0260621659077414
4838,0.145,1.0260621659077414
4839,0.145,1.0260621659077414
4840,0.145,1.0260621659077414
4841,0.145,1.0260621659077414
4842,0.145,1.0260621659077414
4843,0.145,1.0260621659077414
4844,0.145,1.0260621659077414
4845,0.145,1.0260621659077414
4846,0.145,1.0260621659077414
4847,0.145,1.0260621659077414
4848,0.145,1.0260621659077414
4849,0.145,1.0260621659077414
4850,0.145,1.0260621659077414
4851,0.145,1.0260621659077414
4852,0.145,1.0260621659077414
4853,0.145,1.0260621659077414
4854,0.145,1.0260621659077414
4855,0.145,1.0260621659077414
4856,0.145,1.0260621659077414
4857,0.145,1.0260621659077414
4858,0.145,1.0260621659077414
4859,0.145,1.0260621659077414
4860,0.145,1.0260621659077414
4861,0.145,1.0260621659077414
4862,0.145,1.0260621659077414
4863,0.145,1.0260621659077414
4864,0.145,1.0260621659077414
4865,0.145,1.0260621659077414
4866,0.145,1.0260621659077414
4867,0.145,1.0260621659077414
4868,0.145,1.0260621659077414
4869,0.145,1.0260621659077414
4870,0.145,1.0260621659077414
4871,0.145,1.0260621659077414
4872,0.145,1.0260621659077414
4873,0.145,1.0260621659077414
4874,0.145,1.0260621659077414
4875,0.145,1.0260621659077414
4876,0.145,1.0260621659077414
4877,0.145,1.0260621659077414
4878,0.145,1.0260621659077414
4879,0.145,1.0260621659077414
4880,0.145,1.0260621659077414
4881,0.145,1.0260621659077414
4882,0.145,1.0260621659077414
4883,0.145,1.0260621659077414
4884,0.145,1.0260621659077414
4885,0.145,1.0260621659077414
4886,0.145,1.0260621659077414
4887,0.145,1.0260621659077414
4888,0.145,1.0260621659077414
4889,0.145,1.0260621659077414
4890,0.145,1.0260621659077414
4891,0.145,1.0260621659077414
4892,0.145,1.0260621659077414
4893,0.145,1.0260621659077414
4894,0.145,1.0260621659077414
4895,0.145,1.0260621659077414
4896,0.145,1.0260621659077414
4897,0.145,1.0260621659077414
4898,0.145,1.0260621659077414
4899,0.145,1.0260621659077414
4900,0.145,1.0260621659077414
4901,0.145,1.0260621659077414
4902,0.145,1.0260621659077414
4903,0.145,1.0260621659077414
4904,0.145,1.0260621659077414
4905,0.145,1.0260621659077414
4906,0.145,1.0260621659077414
4907,0.145,1.0260621659077414
4908,0.145,1.0260621659077414
4909,0.145,1.0260621659077414
4910,0.145,1.0260621659077414
4911,0.145,1.0260621659077414
4912,0.145,1.0260621659077414
4913,0.145,1.0260621659077414
4914,0.145,1.0260621659077414
4915,0.145,1.0260621659077414
4916,0.145,1.0260621659077414
4917,0.145,1.0260621659077414
4918,0.145,1.0260621659077414
4919,0.145,1.0260621659077414
4920,0.145,1.0260621659077414
4921,0.145,1.0260621659077414
4922,0.145,1.0260621659077414
4923,0.145,1.0260621659077414
4924,0.145,1.0260621659077414
4925,0.145,1.0260621659077414
4926,0.145,1.0260621659077414
4927,0.145,1.0260621659077414
4928,0.145,1.0260621659077414
4929,0.145,1.0260621659077414
4930,0.145,1.0260621659077414
4931,0.145,1.0260621659077414
4932,0.145,1.0260621659077414
4933,0.145,1.0260621659077414
4934,0.145,1.0260621659077414
4935,0.145,1.0260621659077414
4936,0.145,1.0260621659077414
4937,0.145,1.0260621659077414
4938,0.145,1.0260621659077414
4939,0.145,1.0260621659077414
4940,0.145,1.0260621659077414
4941,0.145,1.0260621659077414
4942,0.145,1.0260621659077414
4943,0.145,1.0260621659077414
4944,0.145,1.0260621659077414
4945,0.145,1.0260621659077414
4946,0.145,1.0260621659077414
4947,0.145,1.0260621659077414
4948,0.145,1.0260621659077414
4949,0.145,1.0260621659077414
4950,0.145,1.0260621659077414
4951,0.145,1.0260621659077414
4952,0.145,1.0260621659077414
4953,0.145,1.0260621659077414
4954,0.145,1.0260621659077414
4955,0.145,1.0260621659077414
4956,0.145,1.0260621659077414
4957,0.145,1.0260621659077414
4958,0.145,1.0260621659077414
4959,0.145,1.0260621659077414
4960,0.145,1.0260621659077414
4961,0.145,1.0260621659077414
4962,0.145,1.0260621659077414
4963,0.145,1.0260621659077414
4964,0.145,1.0260621659077414
4965,0.145,1.0260621659077414
4966,0.145,1.0260621659077414
4967,0.145,1.0260621659077414
4968,0.145,1.0260621659077414
4969,0.145,1.0260621659077414
4970,0.145,1.0260621659077414
4971,0.145,1.0260621659077414
4972,0.145,1.0260621659077414
4973,0.145,1.0260621659077414
4974,0.145,1.0260621659077414
4975,0.145,1.0260621659077414
4976,0.145,1.0260621659077414
4977,0.145,1.0260621659077414
4978,0.145,1.0260621659077414
4979,0.145,1.0260621659077414
4980,0.145,1.0260621659077414
4981,0.145,1.0260621659077414
4982,0.145,1.0260621659077414
4983,0.145,1.0260621659077414
4984,0.145,1.0260621659077414
4985,0.145,1.0260621659077414
4986,0.145,1.0260621659077414
4987,0.145,1.0260621659077414
4988,0.145,1.0260621659077414
4989,0.145,1.0260621659077414
4990,0.145,1.0260621659077414
4991,0.145,1.0260621659077414
4992,0.145,1.0260621659077414
4993,0.145,1.0260621659077414
4994,0.145,1.0260621659077414
4995,0.145,1.0260621659077414
4996,0.145,1.0260621659077414
4997,0.145,1.0260621659077414
4998,0.145,1.0260621659077414
4999,0.145,1.0260621659077414
5000,0.145,1.0260621659077414
5001,0.145,1.0260621659077414
5002,0.145,1.0260621659077414
5003,0.145,1.0260621659077414
5004,0.145,1.0260621659077414
5005,0.145,1.0260621659077414
5006,0.145,1.0260621659077414
5007,0.145,1.0260621659077414
5008,0.145,1.0260621659077414
5009,0.145,1.0260621659077414
5010,0.145,1.0260621659077414
5011,0.145,1.0260621659077414
5012,0.145,1.0260621659077414
5013,0.145,1.0260621659077414
5014,0.145,1.0260621659077414
5015,0.145,1.0260621659077414
5016,0.145,1.0260621659077414
5017,0.145,1.0260621659077414
5018,0.145,1.0260621659077414
5019,0.145,1.0260621659077414
5020,0.145,1.0260621659077414
5021,0.145,1.0260621659077414
5022,0.145,1.0260621659077414
5023,0.145,1.0260621659077414
5024,0.145,1.0260621659077414
5025,0.145,1.0260621659077414
5026,0.145,1.0260621659077414
5027,0.145,1.0260621659077414
5028,0.145,1.0260621659077414
5029,0.145,1.0260621659077414
5030,0.145,1.0260621659077414
5031,0.145,1.0260621659077414
5032,0.145,1.0260621659077414
5033,0.145,1.0260621659077414
5034,0.145,1.0260621659077414
5035,0.145,1.0260621659077414
5036,0.145,1.0260621659077414
5037,0.145,1.0260621659077414
5038,0.145,1.0260621659077414
5039,0.145,1.0260621659077414
5040,0.145,1.0260621659077414
5041,0.145,1.0260621659077414
5042,0.145,1.0260621659077414
5043,0.145,1.0260621659077414
5044,0.145,1.0260621659077414
5045,0.145,1.0260621659077414
5046,0.145,1.0260621659077414
5047,0.145,1.0260621659077414
5048,0.145,1.0260621659077414
5049,0.145,1.0260621659077414
5050,0.135,1.0260621659077414
