Tick,TotalEnergy(kWh),AverageEnergy(kWh)
0,1.4820000000000004,1.0041195802811325
1,1.7540000000000002,1.0041195802811325
2,1.7540000000000002,1.0041195802811325
3,1.7540000000000002,1.0041195802811325
4,1.7540000000000002,1.0041195802811325
5,1.7540000000000002,1.0041195802811325
6,1.7540000000000002,1.0041195802811325
7,1.7540000000000002,1.0041195802811325
8,1.7540000000000002,1.0041195802811325
9,1.7540000000000002,1.0041195802811325
10,1.7540000000000002,1.0041195802811325
11,1.7540000000000002,1.0041195802811325
12,1.7540000000000002,1.0041195802811325
13,1.7540000000000002,1.0041195802811325
14,1.7540000000000002,1.0041195802811325
15,1.7540000000000002,1.0041195802811325
16,1.7540000000000002,1.0041195802811325
17,1.7540000000000002,1.0041195802811325
18,1.7540000000000002,1.0041195802811325
19,1.7540000000000002,1.0041195802811325
20,1.7540000000000002,1.0041195802811325
21,1.7540000000000002,1.0041195802811325
22,1.7540000000000002,1.0041195802811325
23,1.7540000000000002,1.0041195802811325
24,1.7540000000000002,1.0041195802811325
25,1.7540000000000002,1.0041195802811325
26,1.7540000000000002,1.0041195802811325
27,1.7540000000000002,1.0041195802811325
28,1.7540000000000002,1.0041195802811325
29,1.7540000000000002,1.0041195802811325
30,1.7540000000000002,1.0041195802811325
31,1.7540000000000002,1.0041195802811325
32,1.7540000000000002,1.0041195802811325
33,1.7540000000000002,1.0041195802811325
34,1.7540000000000002,1.0041195802811325
35,1.7540000000000002,1.0041195802811325
36,1.7540000000000002,1.0041195802811325
37,1.7540000000000002,1.0041195802811325
38,1.7540000000000002,1.0041195802811325
39,1.7540000000000002,1.0041195802811325
40,1.7540000000000002,1.0041195802811325
41,1.7540000000000002,1.0041195802811325
42,1.7540000000000002,1.0041195802811325
43,1.7540000000000002,1.0041195802811325
44,1.7540000000000002,1.0041195802811325
45,1.7540000000000002,1.0041195802811325
46,1.7540000000000002,1.0041195802811325
47,1.7540000000000002,1.0041195802811325
48,1.7540000000000002,1.0041195802811325
49,1.7540000000000002,1.0041195802811325
50,1.7540000000000002,1.0041195802811325
51,1.7540000000000002,1.0041195802811325
52,1.7540000000000002,1.0041195802811325
53,1.7540000000000002,1.0041195802811325
54,1.7540000000000002,1.0041195802811325
55,1.7540000000000002,1.0041195802811325
56,1.7540000000000002,1.0041195802811325
57,1.7540000000000002,1.0041195802811325
58,1.7540000000000002,1.0041195802811325
59,1.7540000000000002,1.0041195802811325
60,1.7540000000000002,1.0041195802811325
61,1.7540000000000002,1.0041195802811325
62,1.7540000000000002,1.0041195802811325
63,1.7540000000000002,1.0041195802811325
64,1.7540000000000002,1.0041195802811325
65,1.7540000000000002,1.0041195802811325
66,1.7540000000000002,1.0041195802811325
67,1.7540000000000002,1.0041195802811325
68,1.7540000000000002,1.0041195802811325
69,1.7540000000000002,1.0041195802811325
70,1.7540000000000002,1.0041195802811325
71,1.7540000000000002,1.0041195802811325
72,1.7540000000000002,1.0041195802811325
73,1.7540000000000002,1.0041195802811325
74,1.7540000000000002,1.0041195802811325
75,1.7540000000000002,1.0041195802811325
76,1.7540000000000002,1.0041195802811325
77,1.7540000000000002,1.0041195802811325
78,1.7540000000000002,1.0041195802811325
79,1.7540000000000002,1.0041195802811325
80,1.7540000000000002,1.0041195802811325
81,1.7540000000000002,1.0041195802811325
82,1.7540000000000002,1.0041195802811325
83,1.7540000000000002,1.0041195802811325
84,1.7540000000000002,1.0041195802811325
85,1.7540000000000002,1.0041195802811325
86,1.7540000000000002,1.0041195802811325
87,1.7540000000000002,1.0041195802811325
88,1.7540000000000002,1.0041195802811325
89,1.7540000000000002,1.0041195802811325
90,1.7540000000000002,1.0041195802811325
91,1.7540000000000002,1.0041195802811325
92,1.7540000000000002,1.0041195802811325
93,1.7540000000000002,1.0041195802811325
94,1.7540000000000002,1.0041195802811325
95,1.7540000000000002,1.0041195802811325
96,1.7540000000000002,1.0041195802811325
97,1.7540000000000002,1.0041195802811325
98,1.7540000000000002,1.0041195802811325
99,1.7440000000000002,1.0041195802811325
100,1.7540000000000002,1.0041195802811325
101,1.7540000000000002,1.0041195802811325
102,1.7540000000000002,1.0041195802811325
103,1.7540000000000002,1.0041195802811325
104,1.7540000000000002,1.0041195802811325
105,1.7540000000000002,1.0041195802811325
106,1.7540000000000002,1.0041195802811325
107,1.7540000000000002,1.0041195802811325
108,1.7540000000000002,1.0041195802811325
109,1.7540000000000002,1.0041195802811325
110,1.7540000000000002,1.0041195802811325
111,1.7540000000000002,1.0041195802811325
112,1.7540000000000002,1.0041195802811325
113,1.7540000000000002,1.0041195802811325
114,1.7540000000000002,1.0041195802811325
115,1.7540000000000002,1.0041195802811325
116,1.7540000000000002,1.0041195802811325
117,1.7540000000000002,1.0041195802811325
118,1.7540000000000002,1.0041195802811325
119,1.7540000000000002,1.0041195802811325
120,1.7540000000000002,1.0041195802811325
121,1.7540000000000002,1.0041195802811325
122,1.7540000000000002,1.0041195802811325
123,1.7540000000000002,1.0041195802811325
124,1.7540000000000002,1.0041195802811325
125,1.7540000000000002,1.0041195802811325
126,1.7540000000000002,1.0041195802811325
127,1.7540000000000002,1.0041195802811325
128,1.7540000000000002,1.0041195802811325
129,1.7540000000000002,1.0041195802811325
130,1.7540000000000002,1.0041195802811325
131,1.7540000000000002,1.0041195802811325
132,1.7540000000000002,1.0041195802811325
133,1.7540000000000002,1.0041195802811325
134,1.7540000000000002,1.0041195802811325
135,1.7540000000000002,1.0041195802811325
136,1.7540000000000002,1.0041195802811325
137,1.7540000000000002,1.0041195802811325
138,1.7540000000000002,1.0041195802811325
139,1.7540000000000002,1.0041195802811325
140,1.7540000000000002,1.0041195802811325
141,1.7540000000000002,1.0041195802811325
142,1.7540000000000002,1.0041195802811325
143,1.7540000000000002,1.0041195802811325
144,1.7540000000000002,1.0041195802811325
145,1.7540000000000002,1.0041195802811325
146,1.7540000000000002,1.0041195802811325
147,1.7540000000000002,1.0041195802811325
148,1.7540000000000002,1.0041195802811325
149,1.7540000000000002,1.0041195802811325
150,1.7540000000000002,1.0041195802811325
151,1.7540000000000002,1.0041195802811325
152,1.7540000000000002,1.0041195802811325
153,1.7540000000000002,1.0041195802811325
154,1.7540000000000002,1.0041195802811325
155,1.7540000000000002,1.0041195802811325
156,1.7540000000000002,1.0041195802811325
157,1.7540000000000002,1.0041195802811325
158,1.7540000000000002,1.0041195802811325
159,1.7540000000000002,1.0041195802811325
160,1.7540000000000002,1.0041195802811325
161,1.7540000000000002,1.0041195802811325
162,1.7540000000000002,1.0041195802811325
163,1.7540000000000002,1.0041195802811325
164,1.7540000000000002,1.0041195802811325
165,1.7540000000000002,1.0041195802811325
166,1.7540000000000002,1.0041195802811325
167,1.7540000000000002,1.0041195802811325
168,1.7540000000000002,1.0041195802811325
169,1.7540000000000002,1.0041195802811325
170,1.7540000000000002,1.0041195802811325
171,1.7540000000000002,1.0041195802811325
172,1.7540000000000002,1.0041195802811325
173,1.7540000000000002,1.0041195802811325
174,1.7540000000000002,1.0041195802811325
175,1.7540000000000002,1.0041195802811325
176,1.7540000000000002,1.0041195802811325
177,1.7540000000000002,1.0041195802811325
178,1.7540000000000002,1.0041195802811325
179,1.7540000000000002,1.0041195802811325
180,1.7540000000000002,1.0041195802811325
181,1.7540000000000002,1.0041195802811325
182,1.7540000000000002,1.0041195802811325
183,1.7540000000000002,1.0041195802811325
184,1.7540000000000002,1.0041195802811325
185,1.7540000000000002,1.0041195802811325
186,1.7540000000000002,1.0041195802811325
187,1.7540000000000002,1.0041195802811325
188,1.7540000000000002,1.0041195802811325
189,1.7540000000000002,1.0041195802811325
190,1.7540000000000002,1.0041195802811325
191,1.7540000000000002,1.0041195802811325
192,1.7540000000000002,1.0041195802811325
193,1.7540000000000002,1.0041195802811325
194,1.7540000000000002,1.0041195802811325
195,1.7540000000000002,1.0041195802811325
196,1.7540000000000002,1.0041195802811325
197,1.7540000000000002,1.0041195802811325
198,1.7540000000000002,1.0041195802811325
199,1.7540000000000002,1.0041195802811325
200,1.7540000000000002,1.0041195802811325
201,1.7540000000000002,1.0041195802811325
202,1.7540000000000002,1.0041195802811325
203,1.7540000000000002,1.0041195802811325
204,1.7540000000000002,1.0041195802811325
205,1.7540000000000002,1.0041195802811325
206,1.7540000000000002,1.0041195802811325
207,1.7540000000000002,1.0041195802811325
208,1.7540000000000002,1.0041195802811325
209,1.7540000000000002,1.0041195802811325
210,1.7540000000000002,1.0041195802811325
211,1.7540000000000002,1.0041195802811325
212,1.7540000000000002,1.0041195802811325
213,1.7540000000000002,1.0041195802811325
214,1.7540000000000002,1.0041195802811325
215,1.7540000000000002,1.0041195802811325
216,1.7540000000000002,1.0041195802811325
217,1.7540000000000002,1.0041195802811325
218,1.7540000000000002,1.0041195802811325
219,1.7540000000000002,1.0041195802811325
220,1.7540000000000002,1.0041195802811325
221,1.7540000000000002,1.0041195802811325
222,1.7540000000000002,1.0041195802811325
223,1.7540000000000002,1.0041195802811325
224,1.7540000000000002,1.0041195802811325
225,1.7540000000000002,1.0041195802811325
226,1.7540000000000002,1.0041195802811325
227,1.7540000000000002,1.0041195802811325
228,1.7540000000000002,1.0041195802811325
229,1.7540000000000002,1.0041195802811325
230,1.7540000000000002,1.0041195802811325
231,1.7540000000000002,1.0041195802811325
232,1.7540000000000002,1.0041195802811325
233,1.7540000000000002,1.0041195802811325
234,1.7540000000000002,1.0041195802811325
235,1.7540000000000002,1.0041195802811325
236,1.7540000000000002,1.0041195802811325
237,1.7540000000000002,1.0041195802811325
238,1.7540000000000002,1.0041195802811325
239,1.7540000000000002,1.0041195802811325
240,1.7540000000000002,1.0041195802811325
241,1.7540000000000002,1.0041195802811325
242,1.7540000000000002,1.0041195802811325
243,1.7540000000000002,1.0041195802811325
244,1.7540000000000002,1.0041195802811325
245,1.7540000000000002,1.0041195802811325
246,1.7540000000000002,1.0041195802811325
247,1.7540000000000002,1.0041195802811325
248,1.7540000000000002,1.0041195802811325
249,1.7540000000000002,1.0041195802811325
250,1.7540000000000002,1.0041195802811325
251,1.7540000000000002,1.0041195802811325
252,1.7540000000000002,1.0041195802811325
253,1.7540000000000002,1.0041195802811325
254,1.7540000000000002,1.0041195802811325
255,1.7540000000000002,1.0041195802811325
256,1.7540000000000002,1.0041195802811325
257,1.7540000000000002,1.0041195802811325
258,1.7540000000000002,1.0041195802811325
259,1.7540000000000002,1.0041195802811325
260,1.7540000000000002,1.0041195802811325
261,1.7540000000000002,1.0041195802811325
262,1.7540000000000002,1.0041195802811325
263,1.7540000000000002,1.0041195802811325
264,1.7540000000000002,1.0041195802811325
265,1.7540000000000002,1.0041195802811325
266,1.7540000000000002,1.0041195802811325
267,1.7540000000000002,1.0041195802811325
268,1.7540000000000002,1.0041195802811325
269,1.7540000000000002,1.0041195802811325
270,1.7540000000000002,1.0041195802811325
271,1.7540000000000002,1.0041195802811325
272,1.7540000000000002,1.0041195802811325
273,1.7540000000000002,1.0041195802811325
274,1.7540000000000002,1.0041195802811325
275,1.7540000000000002,1.0041195802811325
276,1.7540000000000002,1.0041195802811325
277,1.7540000000000002,1.0041195802811325
278,1.7540000000000002,1.0041195802811325
279,1.7540000000000002,1.0041195802811325
280,1.7540000000000002,1.0041195802811325
281,1.7540000000000002,1.0041195802811325
282,1.7540000000000002,1.0041195802811325
283,1.7540000000000002,1.0041195802811325
284,1.7540000000000002,1.0041195802811325
285,1.7540000000000002,1.0041195802811325
286,1.7540000000000002,1.0041195802811325
287,1.7540000000000002,1.0041195802811325
288,1.7540000000000002,1.0041195802811325
289,1.7540000000000002,1.0041195802811325
290,1.7540000000000002,1.0041195802811325
291,1.7540000000000002,1.0041195802811325
292,1.7540000000000002,1.0041195802811325
293,1.7540000000000002,1.0041195802811325
294,1.7540000000000002,1.0041195802811325
295,1.7540000000000002,1.0041195802811325
296,1.7540000000000002,1.0041195802811325
297,1.7540000000000002,1.0041195802811325
298,1.7540000000000002,1.0041195802811325
299,1.7540000000000002,1.0041195802811325
300,1.7540000000000002,1.0041195802811325
301,1.7540000000000002,1.0041195802811325
302,1.7540000000000002,1.0041195802811325
303,1.7540000000000002,1.0041195802811325
304,1.7540000000000002,1.0041195802811325
305,1.7540000000000002,1.0041195802811325
306,1.7540000000000002,1.0041195802811325
307,1.7540000000000002,1.0041195802811325
308,1.7540000000000002,1.0041195802811325
309,1.7540000000000002,1.0041195802811325
310,1.7540000000000002,1.0041195802811325
311,1.7540000000000002,1.0041195802811325
312,1.7540000000000002,1.0041195802811325
313,1.7540000000000002,1.0041195802811325
314,1.7540000000000002,1.0041195802811325
315,1.7540000000000002,1.0041195802811325
316,1.7540000000000002,1.0041195802811325
317,1.7540000000000002,1.0041195802811325
318,1.7540000000000002,1.0041195802811325
319,1.7540000000000002,1.0041195802811325
320,1.7540000000000002,1.0041195802811325
321,1.7540000000000002,1.0041195802811325
322,1.7540000000000002,1.0041195802811325
323,1.7540000000000002,1.0041195802811325
324,1.7540000000000002,1.0041195802811325
325,1.7540000000000002,1.0041195802811325
326,1.7540000000000002,1.0041195802811325
327,1.7540000000000002,1.0041195802811325
328,1.7540000000000002,1.0041195802811325
329,1.7540000000000002,1.0041195802811325
330,1.7540000000000002,1.0041195802811325
331,1.7540000000000002,1.0041195802811325
332,1.7540000000000002,1.0041195802811325
333,1.7540000000000002,1.0041195802811325
334,1.7540000000000002,1.0041195802811325
335,1.7540000000000002,1.0041195802811325
336,1.7540000000000002,1.0041195802811325
337,1.7540000000000002,1.0041195802811325
338,1.7540000000000002,1.0041195802811325
339,1.7540000000000002,1.0041195802811325
340,1.7540000000000002,1.0041195802811325
341,1.7540000000000002,1.0041195802811325
342,1.7540000000000002,1.0041195802811325
343,1.7540000000000002,1.0041195802811325
344,1.7540000000000002,1.0041195802811325
345,1.7540000000000002,1.0041195802811325
346,1.7540000000000002,1.0041195802811325
347,1.7540000000000002,1.0041195802811325
348,1.7540000000000002,1.0041195802811325
349,1.7540000000000002,1.0041195802811325
350,1.7540000000000002,1.0041195802811325
351,1.7540000000000002,1.0041195802811325
352,1.7540000000000002,1.0041195802811325
353,1.7540000000000002,1.0041195802811325
354,1.7540000000000002,1.0041195802811325
355,1.7540000000000002,1.0041195802811325
356,1.7540000000000002,1.0041195802811325
357,1.7540000000000002,1.0041195802811325
358,1.7540000000000002,1.0041195802811325
359,1.7540000000000002,1.0041195802811325
360,1.7540000000000002,1.0041195802811325
361,1.7540000000000002,1.0041195802811325
362,1.7540000000000002,1.0041195802811325
363,1.7540000000000002,1.0041195802811325
364,1.7540000000000002,1.0041195802811325
365,1.7540000000000002,1.0041195802811325
366,1.7540000000000002,1.0041195802811325
367,1.7540000000000002,1.0041195802811325
368,1.7540000000000002,1.0041195802811325
369,1.7540000000000002,1.0041195802811325
370,1.7540000000000002,1.0041195802811325
371,1.7540000000000002,1.0041195802811325
372,1.7540000000000002,1.0041195802811325
373,1.7540000000000002,1.0041195802811325
374,1.7540000000000002,1.0041195802811325
375,1.7540000000000002,1.0041195802811325
376,1.7540000000000002,1.0041195802811325
377,1.7540000000000002,1.0041195802811325
378,1.7540000000000002,1.0041195802811325
379,1.7540000000000002,1.0041195802811325
380,1.7540000000000002,1.0041195802811325
381,1.7540000000000002,1.0041195802811325
382,1.7540000000000002,1.0041195802811325
383,1.7540000000000002,1.0041195802811325
384,1.7540000000000002,1.0041195802811325
385,1.7540000000000002,1.0041195802811325
386,1.7540000000000002,1.0041195802811325
387,1.7540000000000002,1.0041195802811325
388,1.7540000000000002,1.0041195802811325
389,1.7540000000000002,1.0041195802811325
390,1.7540000000000002,1.0041195802811325
391,1.7540000000000002,1.0041195802811325
392,1.7540000000000002,1.0041195802811325
393,1.7540000000000002,1.0041195802811325
394,1.7540000000000002,1.0041195802811325
395,1.7540000000000002,1.0041195802811325
396,1.7540000000000002,1.0041195802811325
397,1.7540000000000002,1.0041195802811325
398,1.7540000000000002,1.0041195802811325
399,1.7540000000000002,1.0041195802811325
400,1.7540000000000002,1.0041195802811325
401,1.7540000000000002,1.0041195802811325
402,1.7540000000000002,1.0041195802811325
403,1.7540000000000002,1.0041195802811325
404,1.7540000000000002,1.0041195802811325
405,1.7540000000000002,1.0041195802811325
406,1.7540000000000002,1.0041195802811325
407,1.7540000000000002,1.0041195802811325
408,1.7540000000000002,1.0041195802811325
409,1.7540000000000002,1.0041195802811325
410,1.7540000000000002,1.0041195802811325
411,1.7540000000000002,1.0041195802811325
412,1.7540000000000002,1.0041195802811325
413,1.7540000000000002,1.0041195802811325
414,1.7540000000000002,1.0041195802811325
415,1.7540000000000002,1.0041195802811325
416,1.7540000000000002,1.0041195802811325
417,1.7540000000000002,1.0041195802811325
418,1.7540000000000002,1.0041195802811325
419,1.7540000000000002,1.0041195802811325
420,1.7540000000000002,1.0041195802811325
421,1.7540000000000002,1.0041195802811325
422,1.7540000000000002,1.0041195802811325
423,1.7540000000000002,1.0041195802811325
424,1.7540000000000002,1.0041195802811325
425,1.7540000000000002,1.0041195802811325
426,1.7540000000000002,1.0041195802811325
427,1.7540000000000002,1.0041195802811325
428,1.7540000000000002,1.0041195802811325
429,1.7540000000000002,1.0041195802811325
430,1.7540000000000002,1.0041195802811325
431,1.7540000000000002,1.0041195802811325
432,1.7540000000000002,1.0041195802811325
433,1.7540000000000002,1.0041195802811325
434,1.7540000000000002,1.0041195802811325
435,1.7540000000000002,1.0041195802811325
436,1.7540000000000002,1.0041195802811325
437,1.7540000000000002,1.0041195802811325
438,1.7540000000000002,1.0041195802811325
439,1.7540000000000002,1.0041195802811325
440,1.7540000000000002,1.0041195802811325
441,1.7540000000000002,1.0041195802811325
442,1.7540000000000002,1.0041195802811325
443,1.7540000000000002,1.0041195802811325
444,1.7540000000000002,1.0041195802811325
445,1.7540000000000002,1.0041195802811325
446,1.7540000000000002,1.0041195802811325
447,1.7540000000000002,1.0041195802811325
448,1.7540000000000002,1.0041195802811325
449,1.7540000000000002,1.0041195802811325
450,1.7540000000000002,1.0041195802811325
451,1.7540000000000002,1.0041195802811325
452,1.7540000000000002,1.0041195802811325
453,1.7540000000000002,1.0041195802811325
454,1.7540000000000002,1.0041195802811325
455,1.7540000000000002,1.0041195802811325
456,1.7540000000000002,1.0041195802811325
457,1.7540000000000002,1.0041195802811325
458,1.7540000000000002,1.0041195802811325
459,1.7540000000000002,1.0041195802811325
460,1.7540000000000002,1.0041195802811325
461,1.7540000000000002,1.0041195802811325
462,1.7540000000000002,1.0041195802811325
463,1.7540000000000002,1.0041195802811325
464,1.7540000000000002,1.0041195802811325
465,1.7540000000000002,1.0041195802811325
466,1.7540000000000002,1.0041195802811325
467,1.7540000000000002,1.0041195802811325
468,1.7540000000000002,1.0041195802811325
469,1.7540000000000002,1.0041195802811325
470,1.7540000000000002,1.0041195802811325
471,1.7540000000000002,1.0041195802811325
472,1.7540000000000002,1.0041195802811325
473,1.7540000000000002,1.0041195802811325
474,1.7540000000000002,1.0041195802811325
475,1.7540000000000002,1.0041195802811325
476,1.7540000000000002,1.0041195802811325
477,1.7540000000000002,1.0041195802811325
478,1.7540000000000002,1.0041195802811325
479,1.7540000000000002,1.0041195802811325
480,1.7540000000000002,1.0041195802811325
481,1.7540000000000002,1.0041195802811325
482,1.7540000000000002,1.0041195802811325
483,1.7540000000000002,1.0041195802811325
484,1.7540000000000002,1.0041195802811325
485,1.7540000000000002,1.0041195802811325
486,1.7540000000000002,1.0041195802811325
487,1.7540000000000002,1.0041195802811325
488,1.7540000000000002,1.0041195802811325
489,1.7540000000000002,1.0041195802811325
490,1.7540000000000002,1.0041195802811325
491,1.7540000000000002,1.0041195802811325
492,1.7540000000000002,1.0041195802811325
493,1.7540000000000002,1.0041195802811325
494,1.7540000000000002,1.0041195802811325
495,1.7540000000000002,1.0041195802811325
496,1.7540000000000002,1.0041195802811325
497,1.7540000000000002,1.0041195802811325
498,1.7540000000000002,1.0041195802811325
499,1.7540000000000002,1.0041195802811325
500,1.7540000000000002,1.0041195802811325
501,1.7540000000000002,1.0041195802811325
502,1.7540000000000002,1.0041195802811325
503,1.7540000000000002,1.0041195802811325
504,1.7540000000000002,1.0041195802811325
505,1.7540000000000002,1.0041195802811325
506,1.7540000000000002,1.0041195802811325
507,1.7540000000000002,1.0041195802811325
508,1.7540000000000002,1.0041195802811325
509,1.7540000000000002,1.0041195802811325
510,1.7540000000000002,1.0041195802811325
511,1.7540000000000002,1.0041195802811325
512,1.7540000000000002,1.0041195802811325
513,1.7540000000000002,1.0041195802811325
514,1.7540000000000002,1.0041195802811325
515,1.7540000000000002,1.0041195802811325
516,1.7540000000000002,1.0041195802811325
517,1.7540000000000002,1.0041195802811325
518,1.7540000000000002,1.0041195802811325
519,1.7540000000000002,1.0041195802811325
520,1.7540000000000002,1.0041195802811325
521,1.7540000000000002,1.0041195802811325
522,1.7540000000000002,1.0041195802811325
523,1.7540000000000002,1.0041195802811325
524,1.7540000000000002,1.0041195802811325
525,1.7540000000000002,1.0041195802811325
526,1.7540000000000002,1.0041195802811325
527,1.7540000000000002,1.0041195802811325
528,1.7540000000000002,1.0041195802811325
529,1.7540000000000002,1.0041195802811325
530,1.7540000000000002,1.0041195802811325
531,1.7540000000000002,1.0041195802811325
532,1.7540000000000002,1.0041195802811325
533,1.7540000000000002,1.0041195802811325
534,1.7540000000000002,1.0041195802811325
535,1.7540000000000002,1.0041195802811325
536,1.7540000000000002,1.0041195802811325
537,1.7540000000000002,1.0041195802811325
538,1.7540000000000002,1.0041195802811325
539,1.7540000000000002,1.0041195802811325
540,1.7540000000000002,1.0041195802811325
541,1.7540000000000002,1.0041195802811325
542,1.7540000000000002,1.0041195802811325
543,1.7540000000000002,1.0041195802811325
544,1.7540000000000002,1.0041195802811325
545,1.7540000000000002,1.0041195802811325
546,1.7540000000000002,1.0041195802811325
547,1.7540000000000002,1.0041195802811325
548,1.7540000000000002,1.0041195802811325
549,1.7540000000000002,1.0041195802811325
550,1.7540000000000002,1.0041195802811325
551,1.7540000000000002,1.0041195802811325
552,1.7540000000000002,1.0041195802811325
553,1.7540000000000002,1.0041195802811325
554,1.7540000000000002,1.0041195802811325
555,1.7540000000000002,1.0041195802811325
556,1.7540000000000002,1.0041195802811325
557,1.7540000000000002,1.0041195802811325
558,1.7540000000000002,1.0041195802811325
559,1.7540000000000002,1.0041195802811325
560,1.7540000000000002,1.0041195802811325
561,1.7540000000000002,1.0041195802811325
562,1.7540000000000002,1.0041195802811325
563,1.7540000000000002,1.0041195802811325
564,1.7540000000000002,1.0041195802811325
565,1.7540000000000002,1.0041195802811325
566,1.7540000000000002,1.0041195802811325
567,1.7540000000000002,1.0041195802811325
568,1.7540000000000002,1.0041195802811325
569,1.7540000000000002,1.0041195802811325
570,1.7540000000000002,1.0041195802811325
571,1.7540000000000002,1.0041195802811325
572,1.7540000000000002,1.0041195802811325
573,1.7540000000000002,1.0041195802811325
574,1.7540000000000002,1.0041195802811325
575,1.7540000000000002,1.0041195802811325
576,1.7540000000000002,1.0041195802811325
577,1.7540000000000002,1.0041195802811325
578,1.7540000000000002,1.0041195802811325
579,1.7540000000000002,1.0041195802811325
580,1.7540000000000002,1.0041195802811325
581,1.7540000000000002,1.0041195802811325
582,1.7540000000000002,1.0041195802811325
583,1.7540000000000002,1.0041195802811325
584,1.7540000000000002,1.0041195802811325
585,1.7540000000000002,1.0041195802811325
586,1.7540000000000002,1.0041195802811325
587,1.7540000000000002,1.0041195802811325
588,1.7540000000000002,1.0041195802811325
589,1.7540000000000002,1.0041195802811325
590,1.7540000000000002,1.0041195802811325
591,1.7540000000000002,1.0041195802811325
592,1.7540000000000002,1.0041195802811325
593,1.7540000000000002,1.0041195802811325
594,1.7540000000000002,1.0041195802811325
595,1.7540000000000002,1.0041195802811325
596,1.7540000000000002,1.0041195802811325
597,1.7540000000000002,1.0041195802811325
598,1.7540000000000002,1.0041195802811325
599,1.7540000000000002,1.0041195802811325
600,1.7540000000000002,1.0041195802811325
601,1.7540000000000002,1.0041195802811325
602,1.7540000000000002,1.0041195802811325
603,1.7540000000000002,1.0041195802811325
604,1.7540000000000002,1.0041195802811325
605,1.7540000000000002,1.0041195802811325
606,1.7540000000000002,1.0041195802811325
607,1.7540000000000002,1.0041195802811325
608,1.7540000000000002,1.0041195802811325
609,1.7540000000000002,1.0041195802811325
610,1.7540000000000002,1.0041195802811325
611,1.7540000000000002,1.0041195802811325
612,1.7540000000000002,1.0041195802811325
613,1.7540000000000002,1.0041195802811325
614,1.7540000000000002,1.0041195802811325
615,1.7540000000000002,1.0041195802811325
616,1.7540000000000002,1.0041195802811325
617,1.7540000000000002,1.0041195802811325
618,1.7540000000000002,1.0041195802811325
619,1.7540000000000002,1.0041195802811325
620,1.7540000000000002,1.0041195802811325
621,1.7540000000000002,1.0041195802811325
622,1.7540000000000002,1.0041195802811325
623,1.7540000000000002,1.0041195802811325
624,1.7540000000000002,1.0041195802811325
625,1.7540000000000002,1.0041195802811325
626,1.7540000000000002,1.0041195802811325
627,1.7540000000000002,1.0041195802811325
628,1.7540000000000002,1.0041195802811325
629,1.7540000000000002,1.0041195802811325
630,1.7540000000000002,1.0041195802811325
631,1.7540000000000002,1.0041195802811325
632,1.7540000000000002,1.0041195802811325
633,1.7540000000000002,1.0041195802811325
634,1.7540000000000002,1.0041195802811325
635,1.7540000000000002,1.0041195802811325
636,1.7540000000000002,1.0041195802811325
637,1.7540000000000002,1.0041195802811325
638,1.7540000000000002,1.0041195802811325
639,1.7540000000000002,1.0041195802811325
640,1.7540000000000002,1.0041195802811325
641,1.7540000000000002,1.0041195802811325
642,1.7540000000000002,1.0041195802811325
643,1.7540000000000002,1.0041195802811325
644,1.7540000000000002,1.0041195802811325
645,1.7540000000000002,1.0041195802811325
646,1.7540000000000002,1.0041195802811325
647,1.7540000000000002,1.0041195802811325
648,1.7540000000000002,1.0041195802811325
649,1.7540000000000002,1.0041195802811325
650,1.7540000000000002,1.0041195802811325
651,1.7540000000000002,1.0041195802811325
652,1.7540000000000002,1.0041195802811325
653,1.7540000000000002,1.0041195802811325
654,1.7540000000000002,1.0041195802811325
655,1.7540000000000002,1.0041195802811325
656,1.7540000000000002,1.0041195802811325
657,1.7540000000000002,1.0041195802811325
658,1.7540000000000002,1.0041195802811325
659,1.7540000000000002,1.0041195802811325
660,1.7540000000000002,1.0041195802811325
661,1.7540000000000002,1.0041195802811325
662,1.7540000000000002,1.0041195802811325
663,1.7540000000000002,1.0041195802811325
664,1.7540000000000002,1.0041195802811325
665,1.7540000000000002,1.0041195802811325
666,1.7540000000000002,1.0041195802811325
667,1.7540000000000002,1.0041195802811325
668,1.7540000000000002,1.0041195802811325
669,1.7540000000000002,1.0041195802811325
670,1.7540000000000002,1.0041195802811325
671,1.7540000000000002,1.0041195802811325
672,1.7540000000000002,1.0041195802811325
673,1.7540000000000002,1.0041195802811325
674,1.7540000000000002,1.0041195802811325
675,1.7540000000000002,1.0041195802811325
676,1.7540000000000002,1.0041195802811325
677,1.7540000000000002,1.0041195802811325
678,1.7540000000000002,1.0041195802811325
679,1.7540000000000002,1.0041195802811325
680,1.7540000000000002,1.0041195802811325
681,1.7540000000000002,1.0041195802811325
682,1.7540000000000002,1.0041195802811325
683,1.7540000000000002,1.0041195802811325
684,1.7540000000000002,1.0041195802811325
685,1.7540000000000002,1.0041195802811325
686,1.7540000000000002,1.0041195802811325
687,1.7540000000000002,1.0041195802811325
688,1.7540000000000002,1.0041195802811325
689,1.7540000000000002,1.0041195802811325
690,1.7540000000000002,1.0041195802811325
691,1.7540000000000002,1.0041195802811325
692,1.7540000000000002,1.0041195802811325
693,1.7540000000000002,1.0041195802811325
694,1.7540000000000002,1.0041195802811325
695,1.7540000000000002,1.0041195802811325
696,1.7540000000000002,1.0041195802811325
697,1.7540000000000002,1.0041195802811325
698,1.7540000000000002,1.0041195802811325
699,1.7540000000000002,1.0041195802811325
700,1.7540000000000002,1.0041195802811325
701,1.7540000000000002,1.0041195802811325
702,1.7540000000000002,1.0041195802811325
703,1.7540000000000002,1.0041195802811325
704,1.7540000000000002,1.0041195802811325
705,1.7540000000000002,1.0041195802811325
706,1.7540000000000002,1.0041195802811325
707,1.7540000000000002,1.0041195802811325
708,1.7540000000000002,1.0041195802811325
709,1.7540000000000002,1.0041195802811325
710,1.7540000000000002,1.0041195802811325
711,1.7540000000000002,1.0041195802811325
712,1.7540000000000002,1.0041195802811325
713,1.7540000000000002,1.0041195802811325
714,1.7540000000000002,1.0041195802811325
715,1.7540000000000002,1.0041195802811325
716,1.7540000000000002,1.0041195802811325
717,1.7540000000000002,1.0041195802811325
718,1.7540000000000002,1.0041195802811325
719,1.7540000000000002,1.0041195802811325
720,1.7540000000000002,1.0041195802811325
721,1.7540000000000002,1.0041195802811325
722,1.7540000000000002,1.0041195802811325
723,1.7540000000000002,1.0041195802811325
724,1.7540000000000002,1.0041195802811325
725,1.7540000000000002,1.0041195802811325
726,1.7540000000000002,1.0041195802811325
727,1.7540000000000002,1.0041195802811325
728,1.7540000000000002,1.0041195802811325
729,1.7540000000000002,1.0041195802811325
730,1.7540000000000002,1.0041195802811325
731,1.7540000000000002,1.0041195802811325
732,1.7540000000000002,1.0041195802811325
733,1.7540000000000002,1.0041195802811325
734,1.7540000000000002,1.0041195802811325
735,1.7540000000000002,1.0041195802811325
736,1.7540000000000002,1.0041195802811325
737,1.7540000000000002,1.0041195802811325
738,1.7540000000000002,1.0041195802811325
739,1.7540000000000002,1.0041195802811325
740,1.7540000000000002,1.0041195802811325
741,1.7540000000000002,1.0041195802811325
742,1.7540000000000002,1.0041195802811325
743,1.7540000000000002,1.0041195802811325
744,1.7540000000000002,1.0041195802811325
745,1.7540000000000002,1.0041195802811325
746,1.7540000000000002,1.0041195802811325
747,1.7540000000000002,1.0041195802811325
748,1.7540000000000002,1.0041195802811325
749,1.7540000000000002,1.0041195802811325
750,1.7540000000000002,1.0041195802811325
751,1.7540000000000002,1.0041195802811325
752,1.7540000000000002,1.0041195802811325
753,1.7540000000000002,1.0041195802811325
754,1.7540000000000002,1.0041195802811325
755,1.7540000000000002,1.0041195802811325
756,1.7540000000000002,1.0041195802811325
757,1.7540000000000002,1.0041195802811325
758,1.7540000000000002,1.0041195802811325
759,1.7540000000000002,1.0041195802811325
760,1.7540000000000002,1.0041195802811325
761,1.7540000000000002,1.0041195802811325
762,1.7540000000000002,1.0041195802811325
763,1.7540000000000002,1.0041195802811325
764,1.7540000000000002,1.0041195802811325
765,1.7540000000000002,1.0041195802811325
766,1.7540000000000002,1.0041195802811325
767,1.7540000000000002,1.0041195802811325
768,1.7540000000000002,1.0041195802811325
769,1.7540000000000002,1.0041195802811325
770,1.7540000000000002,1.0041195802811325
771,1.7540000000000002,1.0041195802811325
772,1.7540000000000002,1.0041195802811325
773,1.7540000000000002,1.0041195802811325
774,1.7540000000000002,1.0041195802811325
775,1.7540000000000002,1.0041195802811325
776,1.7540000000000002,1.0041195802811325
777,1.7540000000000002,1.0041195802811325
778,1.7540000000000002,1.0041195802811325
779,1.7540000000000002,1.0041195802811325
780,1.7540000000000002,1.0041195802811325
781,1.7540000000000002,1.0041195802811325
782,1.7540000000000002,1.0041195802811325
783,1.7540000000000002,1.0041195802811325
784,1.7540000000000002,1.0041195802811325
785,1.7540000000000002,1.0041195802811325
786,1.7540000000000002,1.0041195802811325
787,1.7540000000000002,1.0041195802811325
788,1.7540000000000002,1.0041195802811325
789,1.7540000000000002,1.0041195802811325
790,1.7540000000000002,1.0041195802811325
791,1.7540000000000002,1.0041195802811325
792,1.7540000000000002,1.0041195802811325
793,1.7540000000000002,1.0041195802811325
794,1.7540000000000002,1.0041195802811325
795,1.7540000000000002,1.0041195802811325
796,1.7540000000000002,1.0041195802811325
797,1.7540000000000002,1.0041195802811325
798,1.7540000000000002,1.0041195802811325
799,1.7540000000000002,1.0041195802811325
800,1.7540000000000002,1.0041195802811325
801,1.7540000000000002,1.0041195802811325
802,1.7540000000000002,1.0041195802811325
803,1.7540000000000002,1.0041195802811325
804,1.7540000000000002,1.0041195802811325
805,1.7540000000000002,1.0041195802811325
806,1.7540000000000002,1.0041195802811325
807,1.7540000000000002,1.0041195802811325
808,1.7540000000000002,1.0041195802811325
809,1.7540000000000002,1.0041195802811325
810,1.7540000000000002,1.0041195802811325
811,1.7540000000000002,1.0041195802811325
812,1.7540000000000002,1.0041195802811325
813,1.7540000000000002,1.0041195802811325
814,1.7540000000000002,1.0041195802811325
815,1.7540000000000002,1.0041195802811325
816,1.7540000000000002,1.0041195802811325
817,1.7540000000000002,1.0041195802811325
818,1.7540000000000002,1.0041195802811325
819,1.7540000000000002,1.0041195802811325
820,1.7540000000000002,1.0041195802811325
821,1.7540000000000002,1.0041195802811325
822,1.7540000000000002,1.0041195802811325
823,1.7540000000000002,1.0041195802811325
824,1.7540000000000002,1.0041195802811325
825,1.7540000000000002,1.0041195802811325
826,1.7540000000000002,1.0041195802811325
827,1.7540000000000002,1.0041195802811325
828,1.7540000000000002,1.0041195802811325
829,1.7540000000000002,1.0041195802811325
830,1.7540000000000002,1.0041195802811325
831,1.7540000000000002,1.0041195802811325
832,1.7540000000000002,1.0041195802811325
833,1.7540000000000002,1.0041195802811325
834,1.7540000000000002,1.0041195802811325
835,1.7540000000000002,1.0041195802811325
836,1.7540000000000002,1.0041195802811325
837,1.7540000000000002,1.0041195802811325
838,1.7540000000000002,1.0041195802811325
839,1.7540000000000002,1.0041195802811325
840,1.7540000000000002,1.0041195802811325
841,1.7540000000000002,1.0041195802811325
842,1.7540000000000002,1.0041195802811325
843,1.7540000000000002,1.0041195802811325
844,1.7540000000000002,1.0041195802811325
845,1.7540000000000002,1.0041195802811325
846,1.7540000000000002,1.0041195802811325
847,1.7540000000000002,1.0041195802811325
848,1.7540000000000002,1.0041195802811325
849,1.7540000000000002,1.0041195802811325
850,1.7540000000000002,1.0041195802811325
851,1.7540000000000002,1.0041195802811325
852,1.7540000000000002,1.0041195802811325
853,1.7540000000000002,1.0041195802811325
854,1.7540000000000002,1.0041195802811325
855,1.7540000000000002,1.0041195802811325
856,1.7540000000000002,1.0041195802811325
857,1.7540000000000002,1.0041195802811325
858,1.7540000000000002,1.0041195802811325
859,1.7540000000000002,1.0041195802811325
860,1.7540000000000002,1.0041195802811325
861,1.7540000000000002,1.0041195802811325
862,1.7540000000000002,1.0041195802811325
863,1.7540000000000002,1.0041195802811325
864,1.7540000000000002,1.0041195802811325
865,1.7540000000000002,1.0041195802811325
866,1.7540000000000002,1.0041195802811325
867,1.7540000000000002,1.0041195802811325
868,1.7540000000000002,1.0041195802811325
869,1.7540000000000002,1.0041195802811325
870,1.7540000000000002,1.0041195802811325
871,1.7540000000000002,1.0041195802811325
872,1.7540000000000002,1.0041195802811325
873,1.7540000000000002,1.0041195802811325
874,1.7540000000000002,1.0041195802811325
875,1.7540000000000002,1.0041195802811325
876,1.7540000000000002,1.0041195802811325
877,1.7540000000000002,1.0041195802811325
878,1.7540000000000002,1.0041195802811325
879,1.7540000000000002,1.0041195802811325
880,1.7540000000000002,1.0041195802811325
881,1.7540000000000002,1.0041195802811325
882,1.7540000000000002,1.0041195802811325
883,1.7540000000000002,1.0041195802811325
884,1.7540000000000002,1.0041195802811325
885,1.7540000000000002,1.0041195802811325
886,1.7540000000000002,1.0041195802811325
887,1.7540000000000002,1.0041195802811325
888,1.7540000000000002,1.0041195802811325
889,1.7540000000000002,1.0041195802811325
890,1.7540000000000002,1.0041195802811325
891,1.7540000000000002,1.0041195802811325
892,1.7540000000000002,1.0041195802811325
893,1.7540000000000002,1.0041195802811325
894,1.7540000000000002,1.0041195802811325
895,1.7540000000000002,1.0041195802811325
896,1.7540000000000002,1.0041195802811325
897,1.7540000000000002,1.0041195802811325
898,1.7540000000000002,1.0041195802811325
899,1.7540000000000002,1.0041195802811325
900,1.7540000000000002,1.0041195802811325
901,1.7540000000000002,1.0041195802811325
902,1.7540000000000002,1.0041195802811325
903,1.7540000000000002,1.0041195802811325
904,1.7540000000000002,1.0041195802811325
905,1.7540000000000002,1.0041195802811325
906,1.7540000000000002,1.0041195802811325
907,1.7540000000000002,1.0041195802811325
908,1.7540000000000002,1.0041195802811325
909,1.7540000000000002,1.0041195802811325
910,1.7540000000000002,1.0041195802811325
911,1.7540000000000002,1.0041195802811325
912,1.7540000000000002,1.0041195802811325
913,1.7540000000000002,1.0041195802811325
914,1.7540000000000002,1.0041195802811325
915,1.7540000000000002,1.0041195802811325
916,1.7540000000000002,1.0041195802811325
917,1.7540000000000002,1.0041195802811325
918,1.7540000000000002,1.0041195802811325
919,1.7540000000000002,1.0041195802811325
920,1.7540000000000002,1.0041195802811325
921,1.7540000000000002,1.0041195802811325
922,1.7540000000000002,1.0041195802811325
923,1.7540000000000002,1.0041195802811325
924,1.7540000000000002,1.0041195802811325
925,1.7540000000000002,1.0041195802811325
926,1.7540000000000002,1.0041195802811325
927,1.7540000000000002,1.0041195802811325
928,1.7540000000000002,1.0041195802811325
929,1.7540000000000002,1.0041195802811325
930,1.7540000000000002,1.0041195802811325
931,1.7540000000000002,1.0041195802811325
932,1.7540000000000002,1.0041195802811325
933,1.7540000000000002,1.0041195802811325
934,1.7540000000000002,1.0041195802811325
935,1.7540000000000002,1.0041195802811325
936,1.7540000000000002,1.0041195802811325
937,1.7540000000000002,1.0041195802811325
938,1.7540000000000002,1.0041195802811325
939,1.7540000000000002,1.0041195802811325
940,1.7540000000000002,1.0041195802811325
941,1.7540000000000002,1.0041195802811325
942,1.7540000000000002,1.0041195802811325
943,1.7540000000000002,1.0041195802811325
944,1.7540000000000002,1.0041195802811325
945,1.7540000000000002,1.0041195802811325
946,1.7540000000000002,1.0041195802811325
947,1.7540000000000002,1.0041195802811325
948,1.7540000000000002,1.0041195802811325
949,1.7540000000000002,1.0041195802811325
950,1.7540000000000002,1.0041195802811325
951,1.7540000000000002,1.0041195802811325
952,1.7540000000000002,1.0041195802811325
953,1.7540000000000002,1.0041195802811325
954,1.7540000000000002,1.0041195802811325
955,1.7540000000000002,1.0041195802811325
956,1.7540000000000002,1.0041195802811325
957,1.7540000000000002,1.0041195802811325
958,1.7540000000000002,1.0041195802811325
959,1.7540000000000002,1.0041195802811325
960,1.7540000000000002,1.0041195802811325
961,1.7540000000000002,1.0041195802811325
962,1.7540000000000002,1.0041195802811325
963,1.7540000000000002,1.0041195802811325
964,1.7540000000000002,1.0041195802811325
965,1.7540000000000002,1.0041195802811325
966,1.7540000000000002,1.0041195802811325
967,1.7540000000000002,1.0041195802811325
968,1.7540000000000002,1.0041195802811325
969,1.7540000000000002,1.0041195802811325
970,1.7540000000000002,1.0041195802811325
971,1.7540000000000002,1.0041195802811325
972,1.7540000000000002,1.0041195802811325
973,1.7540000000000002,1.0041195802811325
974,1.7540000000000002,1.0041195802811325
975,1.7540000000000002,1.0041195802811325
976,1.7540000000000002,1.0041195802811325
977,1.7540000000000002,1.0041195802811325
978,1.7540000000000002,1.0041195802811325
979,1.7540000000000002,1.0041195802811325
980,1.7540000000000002,1.0041195802811325
981,1.7540000000000002,1.0041195802811325
982,1.7540000000000002,1.0041195802811325
983,1.7540000000000002,1.0041195802811325
984,1.7540000000000002,1.0041195802811325
985,1.7540000000000002,1.0041195802811325
986,1.7540000000000002,1.0041195802811325
987,1.7540000000000002,1.0041195802811325
988,1.7540000000000002,1.0041195802811325
989,1.7540000000000002,1.0041195802811325
990,1.7540000000000002,1.0041195802811325
991,1.7540000000000002,1.0041195802811325
992,1.7540000000000002,1.0041195802811325
993,1.7540000000000002,1.0041195802811325
994,1.7540000000000002,1.0041195802811325
995,1.7540000000000002,1.0041195802811325
996,1.7540000000000002,1.0041195802811325
997,1.7540000000000002,1.0041195802811325
998,1.7540000000000002,1.0041195802811325
999,1.7540000000000002,1.0041195802811325
1000,1.7540000000000002,1.0041195802811325
1001,1.7540000000000002,1.0041195802811325
1002,1.7540000000000002,1.0041195802811325
1003,1.7540000000000002,1.0041195802811325
1004,1.7540000000000002,1.0041195802811325
1005,1.7540000000000002,1.0041195802811325
1006,1.7540000000000002,1.0041195802811325
1007,1.7540000000000002,1.0041195802811325
1008,1.7540000000000002,1.0041195802811325
1009,1.7540000000000002,1.0041195802811325
1010,1.7540000000000002,1.0041195802811325
1011,1.7540000000000002,1.0041195802811325
1012,1.7540000000000002,1.0041195802811325
1013,1.7540000000000002,1.0041195802811325
1014,1.7540000000000002,1.0041195802811325
1015,1.7540000000000002,1.0041195802811325
1016,1.7540000000000002,1.0041195802811325
1017,1.7540000000000002,1.0041195802811325
1018,1.7540000000000002,1.0041195802811325
1019,1.7540000000000002,1.0041195802811325
1020,1.7540000000000002,1.0041195802811325
1021,1.7540000000000002,1.0041195802811325
1022,1.7540000000000002,1.0041195802811325
1023,1.7540000000000002,1.0041195802811325
1024,1.7540000000000002,1.0041195802811325
1025,1.7540000000000002,1.0041195802811325
1026,1.7540000000000002,1.0041195802811325
1027,1.7540000000000002,1.0041195802811325
1028,1.7540000000000002,1.0041195802811325
1029,1.7540000000000002,1.0041195802811325
1030,1.7540000000000002,1.0041195802811325
1031,1.7540000000000002,1.0041195802811325
1032,1.7540000000000002,1.0041195802811325
1033,1.7540000000000002,1.0041195802811325
1034,1.7540000000000002,1.0041195802811325
1035,1.7540000000000002,1.0041195802811325
1036,1.7540000000000002,1.0041195802811325
1037,1.7540000000000002,1.0041195802811325
1038,1.7540000000000002,1.0041195802811325
1039,1.6400000000000001,1.0041195802811325
1040,1.6400000000000001,1.0041195802811325
1041,1.6400000000000001,1.0041195802811325
1042,1.6400000000000001,1.0041195802811325
1043,1.6400000000000001,1.0041195802811325
1044,1.6400000000000001,1.0041195802811325
1045,1.6400000000000001,1.0041195802811325
1046,1.6400000000000001,1.0041195802811325
1047,1.6400000000000001,1.0041195802811325
1048,1.6400000000000001,1.0041195802811325
1049,1.6400000000000001,1.0041195802811325
1050,1.6400000000000001,1.0041195802811325
1051,1.6400000000000001,1.0041195802811325
1052,1.6400000000000001,1.0041195802811325
1053,1.6400000000000001,1.0041195802811325
1054,1.6400000000000001,1.0041195802811325
1055,1.6400000000000001,1.0041195802811325
1056,1.6400000000000001,1.0041195802811325
1057,1.6400000000000001,1.0041195802811325
1058,1.6400000000000001,1.0041195802811325
1059,1.6400000000000001,1.0041195802811325
1060,1.6400000000000001,1.0041195802811325
1061,1.6400000000000001,1.0041195802811325
1062,1.6400000000000001,1.0041195802811325
1063,1.6400000000000001,1.0041195802811325
1064,1.6400000000000001,1.0041195802811325
1065,1.6400000000000001,1.0041195802811325
1066,1.6400000000000001,1.0041195802811325
1067,1.6400000000000001,1.0041195802811325
1068,1.6400000000000001,1.0041195802811325
1069,1.6400000000000001,1.0041195802811325
1070,1.6400000000000001,1.0041195802811325
1071,1.6400000000000001,1.0041195802811325
1072,1.6400000000000001,1.0041195802811325
1073,1.6400000000000001,1.0041195802811325
1074,1.6400000000000001,1.0041195802811325
1075,1.6400000000000001,1.0041195802811325
1076,1.6400000000000001,1.0041195802811325
1077,1.6400000000000001,1.0041195802811325
1078,1.6400000000000001,1.0041195802811325
1079,1.6400000000000001,1.0041195802811325
1080,1.6400000000000001,1.0041195802811325
1081,1.6400000000000001,1.0041195802811325
1082,1.6400000000000001,1.0041195802811325
1083,1.6400000000000001,1.0041195802811325
1084,1.6400000000000001,1.0041195802811325
1085,1.6400000000000001,1.0041195802811325
1086,1.6400000000000001,1.0041195802811325
1087,1.6400000000000001,1.0041195802811325
1088,1.6400000000000001,1.0041195802811325
1089,1.6400000000000001,1.0041195802811325
1090,1.6400000000000001,1.0041195802811325
1091,1.6400000000000001,1.0041195802811325
1092,1.6400000000000001,1.0041195802811325
1093,1.6400000000000001,1.0041195802811325
1094,1.6400000000000001,1.0041195802811325
1095,1.6400000000000001,1.0041195802811325
1096,1.6400000000000001,1.0041195802811325
1097,1.6400000000000001,1.0041195802811325
1098,1.6400000000000001,1.0041195802811325
1099,1.6400000000000001,1.0041195802811325
1100,1.6400000000000001,1.0041195802811325
1101,1.6400000000000001,1.0041195802811325
1102,1.6400000000000001,1.0041195802811325
1103,1.6400000000000001,1.0041195802811325
1104,1.6400000000000001,1.0041195802811325
1105,1.6400000000000001,1.0041195802811325
1106,1.6400000000000001,1.0041195802811325
1107,1.6400000000000001,1.0041195802811325
1108,1.6400000000000001,1.0041195802811325
1109,1.6400000000000001,1.0041195802811325
1110,1.6400000000000001,1.0041195802811325
1111,1.6400000000000001,1.0041195802811325
1112,1.6400000000000001,1.0041195802811325
1113,1.6400000000000001,1.0041195802811325
1114,1.6400000000000001,1.0041195802811325
1115,1.6400000000000001,1.0041195802811325
1116,1.6400000000000001,1.0041195802811325
1117,1.6400000000000001,1.0041195802811325
1118,1.6400000000000001,1.0041195802811325
1119,1.6400000000000001,1.0041195802811325
1120,1.6400000000000001,1.0041195802811325
1121,1.6400000000000001,1.0041195802811325
1122,1.6400000000000001,1.0041195802811325
1123,1.6400000000000001,1.0041195802811325
1124,1.6400000000000001,1.0041195802811325
1125,1.6400000000000001,1.0041195802811325
1126,1.6400000000000001,1.0041195802811325
1127,1.6400000000000001,1.0041195802811325
1128,1.6400000000000001,1.0041195802811325
1129,1.6400000000000001,1.0041195802811325
1130,1.6400000000000001,1.0041195802811325
1131,1.6400000000000001,1.0041195802811325
1132,1.6400000000000001,1.0041195802811325
1133,1.6400000000000001,1.0041195802811325
1134,1.6400000000000001,1.0041195802811325
1135,1.6400000000000001,1.0041195802811325
1136,1.6400000000000001,1.0041195802811325
1137,1.6400000000000001,1.0041195802811325
1138,1.6400000000000001,1.0041195802811325
1139,1.6400000000000001,1.0041195802811325
1140,1.6400000000000001,1.0041195802811325
1141,1.6400000000000001,1.0041195802811325
1142,1.6400000000000001,1.0041195802811325
1143,1.6400000000000001,1.0041195802811325
1144,1.6400000000000001,1.0041195802811325
1145,1.6400000000000001,1.0041195802811325
1146,1.6400000000000001,1.0041195802811325
1147,1.6400000000000001,1.0041195802811325
1148,1.6400000000000001,1.0041195802811325
1149,1.6400000000000001,1.0041195802811325
1150,1.6400000000000001,1.0041195802811325
1151,1.6400000000000001,1.0041195802811325
1152,1.6400000000000001,1.0041195802811325
1153,1.6400000000000001,1.0041195802811325
1154,1.6400000000000001,1.0041195802811325
1155,1.6400000000000001,1.0041195802811325
1156,1.6400000000000001,1.0041195802811325
1157,1.6400000000000001,1.0041195802811325
1158,1.6400000000000001,1.0041195802811325
1159,1.6400000000000001,1.0041195802811325
1160,1.6400000000000001,1.0041195802811325
1161,1.6400000000000001,1.0041195802811325
1162,1.6400000000000001,1.0041195802811325
1163,1.6400000000000001,1.0041195802811325
1164,1.6400000000000001,1.0041195802811325
1165,1.6400000000000001,1.0041195802811325
1166,1.6400000000000001,1.0041195802811325
1167,1.6400000000000001,1.0041195802811325
1168,1.6400000000000001,1.0041195802811325
1169,1.6400000000000001,1.0041195802811325
1170,1.6400000000000001,1.0041195802811325
1171,1.6400000000000001,1.0041195802811325
1172,1.6400000000000001,1.0041195802811325
1173,1.6400000000000001,1.0041195802811325
1174,1.6400000000000001,1.0041195802811325
1175,1.6400000000000001,1.0041195802811325
1176,1.6400000000000001,1.0041195802811325
1177,1.6400000000000001,1.0041195802811325
1178,1.6400000000000001,1.0041195802811325
1179,1.6400000000000001,1.0041195802811325
1180,1.6400000000000001,1.0041195802811325
1181,1.6400000000000001,1.0041195802811325
1182,1.6400000000000001,1.0041195802811325
1183,1.6400000000000001,1.0041195802811325
1184,1.6400000000000001,1.0041195802811325
1185,1.6400000000000001,1.0041195802811325
1186,1.6400000000000001,1.0041195802811325
1187,1.6400000000000001,1.0041195802811325
1188,1.6400000000000001,1.0041195802811325
1189,1.6400000000000001,1.0041195802811325
1190,1.6400000000000001,1.0041195802811325
1191,1.6400000000000001,1.0041195802811325
1192,1.6400000000000001,1.0041195802811325
1193,1.6400000000000001,1.0041195802811325
1194,1.6400000000000001,1.0041195802811325
1195,1.6400000000000001,1.0041195802811325
1196,1.6400000000000001,1.0041195802811325
1197,1.6400000000000001,1.0041195802811325
1198,1.6400000000000001,1.0041195802811325
1199,1.6400000000000001,1.0041195802811325
1200,1.6400000000000001,1.0041195802811325
1201,1.6400000000000001,1.0041195802811325
1202,1.6400000000000001,1.0041195802811325
1203,1.6400000000000001,1.0041195802811325
1204,1.6400000000000001,1.0041195802811325
1205,1.6400000000000001,1.0041195802811325
1206,1.6400000000000001,1.0041195802811325
1207,1.6400000000000001,1.0041195802811325
1208,1.6400000000000001,1.0041195802811325
1209,1.6400000000000001,1.0041195802811325
1210,1.6400000000000001,1.0041195802811325
1211,1.6400000000000001,1.0041195802811325
1212,1.6400000000000001,1.0041195802811325
1213,1.6400000000000001,1.0041195802811325
1214,1.6400000000000001,1.0041195802811325
1215,1.6400000000000001,1.0041195802811325
1216,1.6400000000000001,1.0041195802811325
1217,1.6400000000000001,1.0041195802811325
1218,1.6400000000000001,1.0041195802811325
1219,1.6400000000000001,1.0041195802811325
1220,1.6400000000000001,1.0041195802811325
1221,1.6400000000000001,1.0041195802811325
1222,1.6400000000000001,1.0041195802811325
1223,1.6400000000000001,1.0041195802811325
1224,1.6400000000000001,1.0041195802811325
1225,1.6400000000000001,1.0041195802811325
1226,1.6400000000000001,1.0041195802811325
1227,1.6400000000000001,1.0041195802811325
1228,1.6400000000000001,1.0041195802811325
1229,1.6400000000000001,1.0041195802811325
1230,1.6400000000000001,1.0041195802811325
1231,1.6400000000000001,1.0041195802811325
1232,1.6400000000000001,1.0041195802811325
1233,1.6400000000000001,1.0041195802811325
1234,1.6400000000000001,1.0041195802811325
1235,1.6400000000000001,1.0041195802811325
1236,1.6400000000000001,1.0041195802811325
1237,1.6400000000000001,1.0041195802811325
1238,1.6400000000000001,1.0041195802811325
1239,1.6400000000000001,1.0041195802811325
1240,1.6400000000000001,1.0041195802811325
1241,1.6400000000000001,1.0041195802811325
1242,1.6400000000000001,1.0041195802811325
1243,1.6400000000000001,1.0041195802811325
1244,1.6400000000000001,1.0041195802811325
1245,1.6400000000000001,1.0041195802811325
1246,1.6400000000000001,1.0041195802811325
1247,1.6400000000000001,1.0041195802811325
1248,1.6400000000000001,1.0041195802811325
1249,1.6400000000000001,1.0041195802811325
1250,1.6400000000000001,1.0041195802811325
1251,1.6400000000000001,1.0041195802811325
1252,1.6400000000000001,1.0041195802811325
1253,1.6400000000000001,1.0041195802811325
1254,1.6400000000000001,1.0041195802811325
1255,1.6400000000000001,1.0041195802811325
1256,1.6400000000000001,1.0041195802811325
1257,1.6400000000000001,1.0041195802811325
1258,1.6400000000000001,1.0041195802811325
1259,1.6400000000000001,1.0041195802811325
1260,1.6400000000000001,1.0041195802811325
1261,1.6400000000000001,1.0041195802811325
1262,1.6400000000000001,1.0041195802811325
1263,1.6400000000000001,1.0041195802811325
1264,1.6400000000000001,1.0041195802811325
1265,1.6400000000000001,1.0041195802811325
1266,1.6400000000000001,1.0041195802811325
1267,1.6400000000000001,1.0041195802811325
1268,1.6400000000000001,1.0041195802811325
1269,1.6400000000000001,1.0041195802811325
1270,1.6400000000000001,1.0041195802811325
1271,1.6400000000000001,1.0041195802811325
1272,1.6400000000000001,1.0041195802811325
1273,1.6400000000000001,1.0041195802811325
1274,1.6400000000000001,1.0041195802811325
1275,1.6400000000000001,1.0041195802811325
1276,1.6400000000000001,1.0041195802811325
1277,1.6400000000000001,1.0041195802811325
1278,1.6400000000000001,1.0041195802811325
1279,1.6400000000000001,1.0041195802811325
1280,1.6400000000000001,1.0041195802811325
1281,1.6400000000000001,1.0041195802811325
1282,1.6400000000000001,1.0041195802811325
1283,1.6400000000000001,1.0041195802811325
1284,1.6400000000000001,1.0041195802811325
1285,1.6400000000000001,1.0041195802811325
1286,1.6400000000000001,1.0041195802811325
1287,1.6400000000000001,1.0041195802811325
1288,1.6400000000000001,1.0041195802811325
1289,1.6400000000000001,1.0041195802811325
1290,1.6400000000000001,1.0041195802811325
1291,1.6400000000000001,1.0041195802811325
1292,1.6400000000000001,1.0041195802811325
1293,1.6400000000000001,1.0041195802811325
1294,1.6400000000000001,1.0041195802811325
1295,1.6400000000000001,1.0041195802811325
1296,1.6400000000000001,1.0041195802811325
1297,1.6400000000000001,1.0041195802811325
1298,1.6400000000000001,1.0041195802811325
1299,1.6400000000000001,1.0041195802811325
1300,1.6400000000000001,1.0041195802811325
1301,1.6400000000000001,1.0041195802811325
1302,1.6400000000000001,1.0041195802811325
1303,1.6400000000000001,1.0041195802811325
1304,1.6400000000000001,1.0041195802811325
1305,1.6400000000000001,1.0041195802811325
1306,1.6400000000000001,1.0041195802811325
1307,1.6400000000000001,1.0041195802811325
1308,1.6400000000000001,1.0041195802811325
1309,1.6400000000000001,1.0041195802811325
1310,1.6400000000000001,1.0041195802811325
1311,1.6400000000000001,1.0041195802811325
1312,1.6400000000000001,1.0041195802811325
1313,1.6400000000000001,1.0041195802811325
1314,1.6400000000000001,1.0041195802811325
1315,1.6400000000000001,1.0041195802811325
1316,1.6400000000000001,1.0041195802811325
1317,1.6400000000000001,1.0041195802811325
1318,1.6400000000000001,1.0041195802811325
1319,1.6400000000000001,1.0041195802811325
1320,1.6400000000000001,1.0041195802811325
1321,1.6400000000000001,1.0041195802811325
1322,1.6400000000000001,1.0041195802811325
1323,1.6400000000000001,1.0041195802811325
1324,1.6400000000000001,1.0041195802811325
1325,1.6400000000000001,1.0041195802811325
1326,1.6400000000000001,1.0041195802811325
1327,1.6400000000000001,1.0041195802811325
1328,1.6400000000000001,1.0041195802811325
1329,1.6400000000000001,1.0041195802811325
1330,1.6400000000000001,1.0041195802811325
1331,1.6400000000000001,1.0041195802811325
1332,1.6400000000000001,1.0041195802811325
1333,1.6400000000000001,1.0041195802811325
1334,1.6400000000000001,1.0041195802811325
1335,1.6400000000000001,1.0041195802811325
1336,1.6400000000000001,1.0041195802811325
1337,1.6400000000000001,1.0041195802811325
1338,1.6400000000000001,1.0041195802811325
1339,1.6400000000000001,1.0041195802811325
1340,1.6400000000000001,1.0041195802811325
1341,1.6400000000000001,1.0041195802811325
1342,1.6400000000000001,1.0041195802811325
1343,1.6400000000000001,1.0041195802811325
1344,1.6400000000000001,1.0041195802811325
1345,1.6400000000000001,1.0041195802811325
1346,1.6400000000000001,1.0041195802811325
1347,1.6400000000000001,1.0041195802811325
1348,1.6400000000000001,1.0041195802811325
1349,1.6400000000000001,1.0041195802811325
1350,1.6400000000000001,1.0041195802811325
1351,1.6400000000000001,1.0041195802811325
1352,1.6400000000000001,1.0041195802811325
1353,1.6400000000000001,1.0041195802811325
1354,1.6400000000000001,1.0041195802811325
1355,1.6400000000000001,1.0041195802811325
1356,1.6400000000000001,1.0041195802811325
1357,1.6400000000000001,1.0041195802811325
1358,1.6400000000000001,1.0041195802811325
1359,1.6400000000000001,1.0041195802811325
1360,1.6400000000000001,1.0041195802811325
1361,1.6400000000000001,1.0041195802811325
1362,1.6400000000000001,1.0041195802811325
1363,1.6400000000000001,1.0041195802811325
1364,1.6400000000000001,1.0041195802811325
1365,1.6400000000000001,1.0041195802811325
1366,1.6400000000000001,1.0041195802811325
1367,1.6400000000000001,1.0041195802811325
1368,1.6400000000000001,1.0041195802811325
1369,1.6400000000000001,1.0041195802811325
1370,1.6400000000000001,1.0041195802811325
1371,1.6400000000000001,1.0041195802811325
1372,1.6400000000000001,1.0041195802811325
1373,1.6400000000000001,1.0041195802811325
1374,1.6400000000000001,1.0041195802811325
1375,1.6400000000000001,1.0041195802811325
1376,1.6400000000000001,1.0041195802811325
1377,1.6400000000000001,1.0041195802811325
1378,1.6400000000000001,1.0041195802811325
1379,1.6400000000000001,1.0041195802811325
1380,1.6400000000000001,1.0041195802811325
1381,1.6400000000000001,1.0041195802811325
1382,1.6400000000000001,1.0041195802811325
1383,1.6400000000000001,1.0041195802811325
1384,1.6400000000000001,1.0041195802811325
1385,1.6400000000000001,1.0041195802811325
1386,1.6400000000000001,1.0041195802811325
1387,1.6400000000000001,1.0041195802811325
1388,1.6400000000000001,1.0041195802811325
1389,1.6400000000000001,1.0041195802811325
1390,1.6400000000000001,1.0041195802811325
1391,1.6400000000000001,1.0041195802811325
1392,1.6400000000000001,1.0041195802811325
1393,1.6400000000000001,1.0041195802811325
1394,1.6400000000000001,1.0041195802811325
1395,1.6400000000000001,1.0041195802811325
1396,1.6400000000000001,1.0041195802811325
1397,1.6400000000000001,1.0041195802811325
1398,1.6400000000000001,1.0041195802811325
1399,1.6400000000000001,1.0041195802811325
1400,1.6400000000000001,1.0041195802811325
1401,1.6400000000000001,1.0041195802811325
1402,1.6400000000000001,1.0041195802811325
1403,1.6400000000000001,1.0041195802811325
1404,1.6400000000000001,1.0041195802811325
1405,1.6400000000000001,1.0041195802811325
1406,1.6400000000000001,1.0041195802811325
1407,1.6400000000000001,1.0041195802811325
1408,1.6400000000000001,1.0041195802811325
1409,1.6400000000000001,1.0041195802811325
1410,1.6400000000000001,1.0041195802811325
1411,1.6400000000000001,1.0041195802811325
1412,1.6400000000000001,1.0041195802811325
1413,1.6400000000000001,1.0041195802811325
1414,1.6400000000000001,1.0041195802811325
1415,1.6400000000000001,1.0041195802811325
1416,1.6400000000000001,1.0041195802811325
1417,1.6400000000000001,1.0041195802811325
1418,1.6400000000000001,1.0041195802811325
1419,1.6400000000000001,1.0041195802811325
1420,1.6400000000000001,1.0041195802811325
1421,1.6400000000000001,1.0041195802811325
1422,1.6400000000000001,1.0041195802811325
1423,1.6400000000000001,1.0041195802811325
1424,1.6400000000000001,1.0041195802811325
1425,1.6400000000000001,1.0041195802811325
1426,1.6400000000000001,1.0041195802811325
1427,1.6400000000000001,1.0041195802811325
1428,1.6400000000000001,1.0041195802811325
1429,1.6400000000000001,1.0041195802811325
1430,1.6400000000000001,1.0041195802811325
1431,1.6400000000000001,1.0041195802811325
1432,1.6400000000000001,1.0041195802811325
1433,1.6400000000000001,1.0041195802811325
1434,1.6400000000000001,1.0041195802811325
1435,1.6400000000000001,1.0041195802811325
1436,1.6400000000000001,1.0041195802811325
1437,1.6400000000000001,1.0041195802811325
1438,1.6400000000000001,1.0041195802811325
1439,1.6400000000000001,1.0041195802811325
1440,1.6400000000000001,1.0041195802811325
1441,1.6400000000000001,1.0041195802811325
1442,1.6400000000000001,1.0041195802811325
1443,1.6400000000000001,1.0041195802811325
1444,1.6400000000000001,1.0041195802811325
1445,1.6400000000000001,1.0041195802811325
1446,1.6400000000000001,1.0041195802811325
1447,1.6400000000000001,1.0041195802811325
1448,1.6400000000000001,1.0041195802811325
1449,1.6400000000000001,1.0041195802811325
1450,1.6400000000000001,1.0041195802811325
1451,1.6400000000000001,1.0041195802811325
1452,1.6400000000000001,1.0041195802811325
1453,1.6400000000000001,1.0041195802811325
1454,1.6400000000000001,1.0041195802811325
1455,1.6400000000000001,1.0041195802811325
1456,1.6400000000000001,1.0041195802811325
1457,1.6400000000000001,1.0041195802811325
1458,1.6400000000000001,1.0041195802811325
1459,1.6400000000000001,1.0041195802811325
1460,1.6400000000000001,1.0041195802811325
1461,1.6400000000000001,1.0041195802811325
1462,1.6400000000000001,1.0041195802811325
1463,1.6400000000000001,1.0041195802811325
1464,1.6400000000000001,1.0041195802811325
1465,1.6400000000000001,1.0041195802811325
1466,1.6400000000000001,1.0041195802811325
1467,1.6400000000000001,1.0041195802811325
1468,1.6400000000000001,1.0041195802811325
1469,1.6400000000000001,1.0041195802811325
1470,1.6400000000000001,1.0041195802811325
1471,1.6400000000000001,1.0041195802811325
1472,1.6400000000000001,1.0041195802811325
1473,1.6400000000000001,1.0041195802811325
1474,1.6400000000000001,1.0041195802811325
1475,1.6400000000000001,1.0041195802811325
1476,1.6400000000000001,1.0041195802811325
1477,1.6400000000000001,1.0041195802811325
1478,1.6400000000000001,1.0041195802811325
1479,1.6400000000000001,1.0041195802811325
1480,1.6400000000000001,1.0041195802811325
1481,1.6400000000000001,1.0041195802811325
1482,1.6400000000000001,1.0041195802811325
1483,1.6400000000000001,1.0041195802811325
1484,1.6400000000000001,1.0041195802811325
1485,1.6400000000000001,1.0041195802811325
1486,1.6400000000000001,1.0041195802811325
1487,1.6400000000000001,1.0041195802811325
1488,1.6400000000000001,1.0041195802811325
1489,1.6400000000000001,1.0041195802811325
1490,1.6400000000000001,1.0041195802811325
1491,1.6400000000000001,1.0041195802811325
1492,1.6400000000000001,1.0041195802811325
1493,1.6400000000000001,1.0041195802811325
1494,1.6400000000000001,1.0041195802811325
1495,1.6400000000000001,1.0041195802811325
1496,1.6400000000000001,1.0041195802811325
1497,1.6400000000000001,1.0041195802811325
1498,1.6400000000000001,1.0041195802811325
1499,1.6400000000000001,1.0041195802811325
1500,1.6400000000000001,1.0041195802811325
1501,1.6400000000000001,1.0041195802811325
1502,1.6400000000000001,1.0041195802811325
1503,1.6400000000000001,1.0041195802811325
1504,1.6400000000000001,1.0041195802811325
1505,1.6400000000000001,1.0041195802811325
1506,1.6400000000000001,1.0041195802811325
1507,1.6400000000000001,1.0041195802811325
1508,1.6400000000000001,1.0041195802811325
1509,1.6400000000000001,1.0041195802811325
1510,1.6400000000000001,1.0041195802811325
1511,1.6400000000000001,1.0041195802811325
1512,1.6400000000000001,1.0041195802811325
1513,1.6400000000000001,1.0041195802811325
1514,1.6400000000000001,1.0041195802811325
1515,1.6400000000000001,1.0041195802811325
1516,1.6400000000000001,1.0041195802811325
1517,1.6400000000000001,1.0041195802811325
1518,1.6400000000000001,1.0041195802811325
1519,1.6400000000000001,1.0041195802811325
1520,1.6400000000000001,1.0041195802811325
1521,1.6400000000000001,1.0041195802811325
1522,1.6400000000000001,1.0041195802811325
1523,1.6400000000000001,1.0041195802811325
1524,1.6400000000000001,1.0041195802811325
1525,1.6400000000000001,1.0041195802811325
1526,1.6400000000000001,1.0041195802811325
1527,1.6400000000000001,1.0041195802811325
1528,1.6400000000000001,1.0041195802811325
1529,1.6400000000000001,1.0041195802811325
1530,1.6400000000000001,1.0041195802811325
1531,1.6400000000000001,1.0041195802811325
1532,1.6400000000000001,1.0041195802811325
1533,1.6400000000000001,1.0041195802811325
1534,1.6400000000000001,1.0041195802811325
1535,1.6400000000000001,1.0041195802811325
1536,1.6400000000000001,1.0041195802811325
1537,1.6400000000000001,1.0041195802811325
1538,1.6400000000000001,1.0041195802811325
1539,1.6400000000000001,1.0041195802811325
1540,1.6400000000000001,1.0041195802811325
1541,1.6400000000000001,1.0041195802811325
1542,1.6400000000000001,1.0041195802811325
1543,1.6400000000000001,1.0041195802811325
1544,1.6400000000000001,1.0041195802811325
1545,1.6400000000000001,1.0041195802811325
1546,1.6400000000000001,1.0041195802811325
1547,1.6400000000000001,1.0041195802811325
1548,1.6400000000000001,1.0041195802811325
1549,1.6400000000000001,1.0041195802811325
1550,1.6400000000000001,1.0041195802811325
1551,1.6400000000000001,1.0041195802811325
1552,1.6400000000000001,1.0041195802811325
1553,1.6400000000000001,1.0041195802811325
1554,1.6400000000000001,1.0041195802811325
1555,1.6400000000000001,1.0041195802811325
1556,1.6400000000000001,1.0041195802811325
1557,1.6400000000000001,1.0041195802811325
1558,1.6400000000000001,1.0041195802811325
1559,1.6400000000000001,1.0041195802811325
1560,1.6400000000000001,1.0041195802811325
1561,1.6400000000000001,1.0041195802811325
1562,1.6400000000000001,1.0041195802811325
1563,1.6400000000000001,1.0041195802811325
1564,1.6400000000000001,1.0041195802811325
1565,1.6400000000000001,1.0041195802811325
1566,1.6400000000000001,1.0041195802811325
1567,1.6400000000000001,1.0041195802811325
1568,1.6400000000000001,1.0041195802811325
1569,1.6400000000000001,1.0041195802811325
1570,1.6400000000000001,1.0041195802811325
1571,1.6400000000000001,1.0041195802811325
1572,1.6400000000000001,1.0041195802811325
1573,1.6400000000000001,1.0041195802811325
1574,1.6400000000000001,1.0041195802811325
1575,1.6400000000000001,1.0041195802811325
1576,1.6400000000000001,1.0041195802811325
1577,1.6400000000000001,1.0041195802811325
1578,1.6400000000000001,1.0041195802811325
1579,1.6400000000000001,1.0041195802811325
1580,1.6400000000000001,1.0041195802811325
1581,1.6400000000000001,1.0041195802811325
1582,1.6400000000000001,1.0041195802811325
1583,1.6400000000000001,1.0041195802811325
1584,1.6400000000000001,1.0041195802811325
1585,1.6400000000000001,1.0041195802811325
1586,1.6400000000000001,1.0041195802811325
1587,1.6400000000000001,1.0041195802811325
1588,1.6400000000000001,1.0041195802811325
1589,1.6400000000000001,1.0041195802811325
1590,1.6400000000000001,1.0041195802811325
1591,1.6400000000000001,1.0041195802811325
1592,1.6400000000000001,1.0041195802811325
1593,1.6400000000000001,1.0041195802811325
1594,1.6400000000000001,1.0041195802811325
1595,1.6400000000000001,1.0041195802811325
1596,1.6400000000000001,1.0041195802811325
1597,1.6400000000000001,1.0041195802811325
1598,1.6400000000000001,1.0041195802811325
1599,1.6400000000000001,1.0041195802811325
1600,1.6400000000000001,1.0041195802811325
1601,1.6400000000000001,1.0041195802811325
1602,1.6400000000000001,1.0041195802811325
1603,1.6400000000000001,1.0041195802811325
1604,1.6400000000000001,1.0041195802811325
1605,1.6400000000000001,1.0041195802811325
1606,1.6400000000000001,1.0041195802811325
1607,1.6400000000000001,1.0041195802811325
1608,1.6400000000000001,1.0041195802811325
1609,1.6400000000000001,1.0041195802811325
1610,1.6400000000000001,1.0041195802811325
1611,1.6400000000000001,1.0041195802811325
1612,1.6400000000000001,1.0041195802811325
1613,1.6400000000000001,1.0041195802811325
1614,1.6400000000000001,1.0041195802811325
1615,1.6400000000000001,1.0041195802811325
1616,1.6400000000000001,1.0041195802811325
1617,1.6400000000000001,1.0041195802811325
1618,1.6400000000000001,1.0041195802811325
1619,1.6400000000000001,1.0041195802811325
1620,1.6400000000000001,1.0041195802811325
1621,1.6400000000000001,1.0041195802811325
1622,1.6400000000000001,1.0041195802811325
1623,1.6400000000000001,1.0041195802811325
1624,1.6400000000000001,1.0041195802811325
1625,1.6400000000000001,1.0041195802811325
1626,1.6400000000000001,1.0041195802811325
1627,1.6400000000000001,1.0041195802811325
1628,1.6400000000000001,1.0041195802811325
1629,1.6400000000000001,1.0041195802811325
1630,1.6400000000000001,1.0041195802811325
1631,1.6400000000000001,1.0041195802811325
1632,1.6400000000000001,1.0041195802811325
1633,1.6400000000000001,1.0041195802811325
1634,1.6400000000000001,1.0041195802811325
1635,1.6400000000000001,1.0041195802811325
1636,1.6400000000000001,1.0041195802811325
1637,1.6400000000000001,1.0041195802811325
1638,1.6400000000000001,1.0041195802811325
1639,1.6400000000000001,1.0041195802811325
1640,1.6400000000000001,1.0041195802811325
1641,1.6400000000000001,1.0041195802811325
1642,1.6400000000000001,1.0041195802811325
1643,1.6400000000000001,1.0041195802811325
1644,1.6400000000000001,1.0041195802811325
1645,1.6400000000000001,1.0041195802811325
1646,1.6400000000000001,1.0041195802811325
1647,1.6400000000000001,1.0041195802811325
1648,1.6400000000000001,1.0041195802811325
1649,1.6400000000000001,1.0041195802811325
1650,1.6400000000000001,1.0041195802811325
1651,1.6400000000000001,1.0041195802811325
1652,1.6400000000000001,1.0041195802811325
1653,1.6400000000000001,1.0041195802811325
1654,1.6400000000000001,1.0041195802811325
1655,1.6400000000000001,1.0041195802811325
1656,1.6400000000000001,1.0041195802811325
1657,1.6400000000000001,1.0041195802811325
1658,1.6400000000000001,1.0041195802811325
1659,1.6400000000000001,1.0041195802811325
1660,1.6400000000000001,1.0041195802811325
1661,1.6400000000000001,1.0041195802811325
1662,1.6400000000000001,1.0041195802811325
1663,1.6400000000000001,1.0041195802811325
1664,1.6400000000000001,1.0041195802811325
1665,1.6400000000000001,1.0041195802811325
1666,1.6400000000000001,1.0041195802811325
1667,1.6400000000000001,1.0041195802811325
1668,1.6400000000000001,1.0041195802811325
1669,1.6400000000000001,1.0041195802811325
1670,1.6400000000000001,1.0041195802811325
1671,1.6400000000000001,1.0041195802811325
1672,1.6400000000000001,1.0041195802811325
1673,1.6400000000000001,1.0041195802811325
1674,1.6400000000000001,1.0041195802811325
1675,1.6400000000000001,1.0041195802811325
1676,1.6400000000000001,1.0041195802811325
1677,1.6400000000000001,1.0041195802811325
1678,1.6400000000000001,1.0041195802811325
1679,1.6400000000000001,1.0041195802811325
1680,1.6400000000000001,1.0041195802811325
1681,1.6400000000000001,1.0041195802811325
1682,1.6400000000000001,1.0041195802811325
1683,1.6400000000000001,1.0041195802811325
1684,1.6400000000000001,1.0041195802811325
1685,1.6400000000000001,1.0041195802811325
1686,1.6400000000000001,1.0041195802811325
1687,1.6400000000000001,1.0041195802811325
1688,1.6400000000000001,1.0041195802811325
1689,1.6400000000000001,1.0041195802811325
1690,1.6400000000000001,1.0041195802811325
1691,1.6400000000000001,1.0041195802811325
1692,1.6400000000000001,1.0041195802811325
1693,1.6400000000000001,1.0041195802811325
1694,1.619,1.0041195802811325
1695,1.5050000000000001,1.0041195802811325
1696,1.5050000000000001,1.0041195802811325
1697,1.5050000000000001,1.0041195802811325
1698,1.5050000000000001,1.0041195802811325
1699,1.5050000000000001,1.0041195802811325
1700,1.5050000000000001,1.0041195802811325
1701,1.5050000000000001,1.0041195802811325
1702,1.5050000000000001,1.0041195802811325
1703,1.5050000000000001,1.0041195802811325
1704,1.5050000000000001,1.0041195802811325
1705,1.5050000000000001,1.0041195802811325
1706,1.5050000000000001,1.0041195802811325
1707,1.5050000000000001,1.0041195802811325
1708,1.5050000000000001,1.0041195802811325
1709,1.5050000000000001,1.0041195802811325
1710,1.5050000000000001,1.0041195802811325
1711,1.5050000000000001,1.0041195802811325
1712,1.5050000000000001,1.0041195802811325
1713,1.5050000000000001,1.0041195802811325
1714,1.5050000000000001,1.0041195802811325
1715,1.5050000000000001,1.0041195802811325
1716,1.5050000000000001,1.0041195802811325
1717,1.5050000000000001,1.0041195802811325
1718,1.5050000000000001,1.0041195802811325
1719,1.5050000000000001,1.0041195802811325
1720,1.5050000000000001,1.0041195802811325
1721,1.5050000000000001,1.0041195802811325
1722,1.5050000000000001,1.0041195802811325
1723,1.5050000000000001,1.0041195802811325
1724,1.5050000000000001,1.0041195802811325
1725,1.5050000000000001,1.0041195802811325
1726,1.5050000000000001,1.0041195802811325
1727,1.5050000000000001,1.0041195802811325
1728,1.5050000000000001,1.0041195802811325
1729,1.5050000000000001,1.0041195802811325
1730,1.5050000000000001,1.0041195802811325
1731,1.5050000000000001,1.0041195802811325
1732,1.5050000000000001,1.0041195802811325
1733,1.5050000000000001,1.0041195802811325
1734,1.5050000000000001,1.0041195802811325
1735,1.5050000000000001,1.0041195802811325
1736,1.5050000000000001,1.0041195802811325
1737,1.5050000000000001,1.0041195802811325
1738,1.5050000000000001,1.0041195802811325
1739,1.5050000000000001,1.0041195802811325
1740,1.5050000000000001,1.0041195802811325
1741,1.5050000000000001,1.0041195802811325
1742,1.5050000000000001,1.0041195802811325
1743,1.5050000000000001,1.0041195802811325
1744,1.5050000000000001,1.0041195802811325
1745,1.5050000000000001,1.0041195802811325
1746,1.5050000000000001,1.0041195802811325
1747,1.5050000000000001,1.0041195802811325
1748,1.5050000000000001,1.0041195802811325
1749,1.5050000000000001,1.0041195802811325
1750,1.5050000000000001,1.0041195802811325
1751,1.5050000000000001,1.0041195802811325
1752,1.5050000000000001,1.0041195802811325
1753,1.5050000000000001,1.0041195802811325
1754,1.5050000000000001,1.0041195802811325
1755,1.5050000000000001,1.0041195802811325
1756,1.5050000000000001,1.0041195802811325
1757,1.5050000000000001,1.0041195802811325
1758,1.5050000000000001,1.0041195802811325
1759,1.5050000000000001,1.0041195802811325
1760,1.5050000000000001,1.0041195802811325
1761,1.5050000000000001,1.0041195802811325
1762,1.5050000000000001,1.0041195802811325
1763,1.5050000000000001,1.0041195802811325
1764,1.5050000000000001,1.0041195802811325
1765,1.5050000000000001,1.0041195802811325
1766,1.5050000000000001,1.0041195802811325
1767,1.5050000000000001,1.0041195802811325
1768,1.5050000000000001,1.0041195802811325
1769,1.5050000000000001,1.0041195802811325
1770,1.5050000000000001,1.0041195802811325
1771,1.5050000000000001,1.0041195802811325
1772,1.5050000000000001,1.0041195802811325
1773,1.5050000000000001,1.0041195802811325
1774,1.5050000000000001,1.0041195802811325
1775,1.5050000000000001,1.0041195802811325
1776,1.5050000000000001,1.0041195802811325
1777,1.5050000000000001,1.0041195802811325
1778,1.5050000000000001,1.0041195802811325
1779,1.5050000000000001,1.0041195802811325
1780,1.5050000000000001,1.0041195802811325
1781,1.5050000000000001,1.0041195802811325
1782,1.5050000000000001,1.0041195802811325
1783,1.5050000000000001,1.0041195802811325
1784,1.5050000000000001,1.0041195802811325
1785,1.5050000000000001,1.0041195802811325
1786,1.5050000000000001,1.0041195802811325
1787,1.5050000000000001,1.0041195802811325
1788,1.5050000000000001,1.0041195802811325
1789,1.5050000000000001,1.0041195802811325
1790,1.5050000000000001,1.0041195802811325
1791,1.5050000000000001,1.0041195802811325
1792,1.5050000000000001,1.0041195802811325
1793,1.5050000000000001,1.0041195802811325
1794,1.5050000000000001,1.0041195802811325
1795,1.5050000000000001,1.0041195802811325
1796,1.5050000000000001,1.0041195802811325
1797,1.5050000000000001,1.0041195802811325
1798,1.5050000000000001,1.0041195802811325
1799,1.5050000000000001,1.0041195802811325
1800,1.5050000000000001,1.0041195802811325
1801,1.5050000000000001,1.0041195802811325
1802,1.5050000000000001,1.0041195802811325
1803,1.5050000000000001,1.0041195802811325
1804,1.5050000000000001,1.0041195802811325
1805,1.5050000000000001,1.0041195802811325
1806,1.5050000000000001,1.0041195802811325
1807,1.5050000000000001,1.0041195802811325
1808,1.5050000000000001,1.0041195802811325
1809,1.5050000000000001,1.0041195802811325
1810,1.5050000000000001,1.0041195802811325
1811,1.5050000000000001,1.0041195802811325
1812,1.5050000000000001,1.0041195802811325
1813,1.5050000000000001,1.0041195802811325
1814,1.5050000000000001,1.0041195802811325
1815,1.5050000000000001,1.0041195802811325
1816,1.5050000000000001,1.0041195802811325
1817,1.5050000000000001,1.0041195802811325
1818,1.5050000000000001,1.0041195802811325
1819,1.5050000000000001,1.0041195802811325
1820,1.5050000000000001,1.0041195802811325
1821,1.5050000000000001,1.0041195802811325
1822,1.5050000000000001,1.0041195802811325
1823,1.5050000000000001,1.0041195802811325
1824,1.5050000000000001,1.0041195802811325
1825,1.5050000000000001,1.0041195802811325
1826,1.5050000000000001,1.0041195802811325
1827,1.5050000000000001,1.0041195802811325
1828,1.5050000000000001,1.0041195802811325
1829,1.5050000000000001,1.0041195802811325
1830,1.5050000000000001,1.0041195802811325
1831,1.5050000000000001,1.0041195802811325
1832,1.5050000000000001,1.0041195802811325
1833,1.5050000000000001,1.0041195802811325
1834,1.5050000000000001,1.0041195802811325
1835,1.5050000000000001,1.0041195802811325
1836,1.5050000000000001,1.0041195802811325
1837,1.5050000000000001,1.0041195802811325
1838,1.5050000000000001,1.0041195802811325
1839,1.5050000000000001,1.0041195802811325
1840,1.5050000000000001,1.0041195802811325
1841,1.5050000000000001,1.0041195802811325
1842,1.5050000000000001,1.0041195802811325
1843,1.5050000000000001,1.0041195802811325
1844,1.5050000000000001,1.0041195802811325
1845,1.5050000000000001,1.0041195802811325
1846,1.5050000000000001,1.0041195802811325
1847,1.5050000000000001,1.0041195802811325
1848,1.5050000000000001,1.0041195802811325
1849,1.5050000000000001,1.0041195802811325
1850,1.5050000000000001,1.0041195802811325
1851,1.5050000000000001,1.0041195802811325
1852,1.5050000000000001,1.0041195802811325
1853,1.5050000000000001,1.0041195802811325
1854,1.5050000000000001,1.0041195802811325
1855,1.5050000000000001,1.0041195802811325
1856,1.5050000000000001,1.0041195802811325
1857,1.5050000000000001,1.0041195802811325
1858,1.5050000000000001,1.0041195802811325
1859,1.5050000000000001,1.0041195802811325
1860,1.5050000000000001,1.0041195802811325
1861,1.5050000000000001,1.0041195802811325
1862,1.5050000000000001,1.0041195802811325
1863,1.5050000000000001,1.0041195802811325
1864,1.5050000000000001,1.0041195802811325
1865,1.5050000000000001,1.0041195802811325
1866,1.5050000000000001,1.0041195802811325
1867,1.5050000000000001,1.0041195802811325
1868,1.5050000000000001,1.0041195802811325
1869,1.5050000000000001,1.0041195802811325
1870,1.5050000000000001,1.0041195802811325
1871,1.5050000000000001,1.0041195802811325
1872,1.5050000000000001,1.0041195802811325
1873,1.5050000000000001,1.0041195802811325
1874,1.5050000000000001,1.0041195802811325
1875,1.5050000000000001,1.0041195802811325
1876,1.5050000000000001,1.0041195802811325
1877,1.5050000000000001,1.0041195802811325
1878,1.5050000000000001,1.0041195802811325
1879,1.5050000000000001,1.0041195802811325
1880,1.5050000000000001,1.0041195802811325
1881,1.5050000000000001,1.0041195802811325
1882,1.5050000000000001,1.0041195802811325
1883,1.5050000000000001,1.0041195802811325
1884,1.5050000000000001,1.0041195802811325
1885,1.5050000000000001,1.0041195802811325
1886,1.5050000000000001,1.0041195802811325
1887,1.5050000000000001,1.0041195802811325
1888,1.5050000000000001,1.0041195802811325
1889,1.5050000000000001,1.0041195802811325
1890,1.5050000000000001,1.0041195802811325
1891,1.5050000000000001,1.0041195802811325
1892,1.5050000000000001,1.0041195802811325
1893,1.5050000000000001,1.0041195802811325
1894,1.5050000000000001,1.0041195802811325
1895,1.5050000000000001,1.0041195802811325
1896,1.5050000000000001,1.0041195802811325
1897,1.5050000000000001,1.0041195802811325
1898,1.5050000000000001,1.0041195802811325
1899,1.5050000000000001,1.0041195802811325
1900,1.5050000000000001,1.0041195802811325
1901,1.5050000000000001,1.0041195802811325
1902,1.5050000000000001,1.0041195802811325
1903,1.5050000000000001,1.0041195802811325
1904,1.5050000000000001,1.0041195802811325
1905,1.5050000000000001,1.0041195802811325
1906,1.5050000000000001,1.0041195802811325
1907,1.5050000000000001,1.0041195802811325
1908,1.5050000000000001,1.0041195802811325
1909,1.5050000000000001,1.0041195802811325
1910,1.5050000000000001,1.0041195802811325
1911,1.5050000000000001,1.0041195802811325
1912,1.5050000000000001,1.0041195802811325
1913,1.5050000000000001,1.0041195802811325
1914,1.5050000000000001,1.0041195802811325
1915,1.5050000000000001,1.0041195802811325
1916,1.5050000000000001,1.0041195802811325
1917,1.5050000000000001,1.0041195802811325
1918,1.5050000000000001,1.0041195802811325
1919,1.5050000000000001,1.0041195802811325
1920,1.5050000000000001,1.0041195802811325
1921,1.5050000000000001,1.0041195802811325
1922,1.5050000000000001,1.0041195802811325
1923,1.5050000000000001,1.0041195802811325
1924,1.5050000000000001,1.0041195802811325
1925,1.5050000000000001,1.0041195802811325
1926,1.5050000000000001,1.0041195802811325
1927,1.5050000000000001,1.0041195802811325
1928,1.5050000000000001,1.0041195802811325
1929,1.5050000000000001,1.0041195802811325
1930,1.5050000000000001,1.0041195802811325
1931,1.5050000000000001,1.0041195802811325
1932,1.5050000000000001,1.0041195802811325
1933,1.5050000000000001,1.0041195802811325
1934,1.5050000000000001,1.0041195802811325
1935,1.5050000000000001,1.0041195802811325
1936,1.5050000000000001,1.0041195802811325
1937,1.5050000000000001,1.0041195802811325
1938,1.5050000000000001,1.0041195802811325
1939,1.5050000000000001,1.0041195802811325
1940,1.5050000000000001,1.0041195802811325
1941,1.5050000000000001,1.0041195802811325
1942,1.5050000000000001,1.0041195802811325
1943,1.5050000000000001,1.0041195802811325
1944,1.5050000000000001,1.0041195802811325
1945,1.5050000000000001,1.0041195802811325
1946,1.5050000000000001,1.0041195802811325
1947,1.5050000000000001,1.0041195802811325
1948,1.5050000000000001,1.0041195802811325
1949,1.5050000000000001,1.0041195802811325
1950,1.5050000000000001,1.0041195802811325
1951,1.5050000000000001,1.0041195802811325
1952,1.5050000000000001,1.0041195802811325
1953,1.5050000000000001,1.0041195802811325
1954,1.5050000000000001,1.0041195802811325
1955,1.5050000000000001,1.0041195802811325
1956,1.5050000000000001,1.0041195802811325
1957,1.5050000000000001,1.0041195802811325
1958,1.5050000000000001,1.0041195802811325
1959,1.5050000000000001,1.0041195802811325
1960,1.5050000000000001,1.0041195802811325
1961,1.5050000000000001,1.0041195802811325
1962,1.5050000000000001,1.0041195802811325
1963,1.5050000000000001,1.0041195802811325
1964,1.5050000000000001,1.0041195802811325
1965,1.5050000000000001,1.0041195802811325
1966,1.5050000000000001,1.0041195802811325
1967,1.5050000000000001,1.0041195802811325
1968,1.5050000000000001,1.0041195802811325
1969,1.5050000000000001,1.0041195802811325
1970,1.5050000000000001,1.0041195802811325
1971,1.5050000000000001,1.0041195802811325
1972,1.5050000000000001,1.0041195802811325
1973,1.5050000000000001,1.0041195802811325
1974,1.5050000000000001,1.0041195802811325
1975,1.5050000000000001,1.0041195802811325
1976,1.5050000000000001,1.0041195802811325
1977,1.5050000000000001,1.0041195802811325
1978,1.5050000000000001,1.0041195802811325
1979,1.5050000000000001,1.0041195802811325
1980,1.5050000000000001,1.0041195802811325
1981,1.5050000000000001,1.0041195802811325
1982,1.5050000000000001,1.0041195802811325
1983,1.5050000000000001,1.0041195802811325
1984,1.5050000000000001,1.0041195802811325
1985,1.5050000000000001,1.0041195802811325
1986,1.5050000000000001,1.0041195802811325
1987,1.5050000000000001,1.0041195802811325
1988,1.37,1.0041195802811325
1989,1.37,1.0041195802811325
1990,1.37,1.0041195802811325
1991,1.37,1.0041195802811325
1992,1.37,1.0041195802811325
1993,1.37,1.0041195802811325
1994,1.37,1.0041195802811325
1995,1.37,1.0041195802811325
1996,1.37,1.0041195802811325
1997,1.37,1.0041195802811325
1998,1.37,1.0041195802811325
1999,1.37,1.0041195802811325
2000,1.37,1.0041195802811325
2001,1.37,1.0041195802811325
2002,1.37,1.0041195802811325
2003,1.37,1.0041195802811325
2004,1.37,1.0041195802811325
2005,1.37,1.0041195802811325
2006,1.37,1.0041195802811325
2007,1.37,1.0041195802811325
2008,1.37,1.0041195802811325
2009,1.37,1.0041195802811325
2010,1.37,1.0041195802811325
2011,1.37,1.0041195802811325
2012,1.37,1.0041195802811325
2013,1.37,1.0041195802811325
2014,1.37,1.0041195802811325
2015,1.37,1.0041195802811325
2016,1.37,1.0041195802811325
2017,1.37,1.0041195802811325
2018,1.37,1.0041195802811325
2019,1.37,1.0041195802811325
2020,1.37,1.0041195802811325
2021,1.37,1.0041195802811325
2022,1.37,1.0041195802811325
2023,1.37,1.0041195802811325
2024,1.37,1.0041195802811325
2025,1.37,1.0041195802811325
2026,1.37,1.0041195802811325
2027,1.37,1.0041195802811325
2028,1.37,1.0041195802811325
2029,1.37,1.0041195802811325
2030,1.37,1.0041195802811325
2031,1.37,1.0041195802811325
2032,1.37,1.0041195802811325
2033,1.37,1.0041195802811325
2034,1.37,1.0041195802811325
2035,1.37,1.0041195802811325
2036,1.37,1.0041195802811325
2037,1.37,1.0041195802811325
2038,1.37,1.0041195802811325
2039,1.37,1.0041195802811325
2040,1.37,1.0041195802811325
2041,1.37,1.0041195802811325
2042,1.37,1.0041195802811325
2043,1.37,1.0041195802811325
2044,1.37,1.0041195802811325
2045,1.37,1.0041195802811325
2046,1.37,1.0041195802811325
2047,1.37,1.0041195802811325
2048,1.37,1.0041195802811325
2049,1.37,1.0041195802811325
2050,1.37,1.0041195802811325
2051,1.37,1.0041195802811325
2052,1.37,1.0041195802811325
2053,1.37,1.0041195802811325
2054,1.37,1.0041195802811325
2055,1.37,1.0041195802811325
2056,1.37,1.0041195802811325
2057,1.37,1.0041195802811325
2058,1.37,1.0041195802811325
2059,1.37,1.0041195802811325
2060,1.37,1.0041195802811325
2061,1.37,1.0041195802811325
2062,1.37,1.0041195802811325
2063,1.37,1.0041195802811325
2064,1.37,1.0041195802811325
2065,1.37,1.0041195802811325
2066,1.37,1.0041195802811325
2067,1.37,1.0041195802811325
2068,1.37,1.0041195802811325
2069,1.37,1.0041195802811325
2070,1.37,1.0041195802811325
2071,1.37,1.0041195802811325
2072,1.37,1.0041195802811325
2073,1.37,1.0041195802811325
2074,1.37,1.0041195802811325
2075,1.37,1.0041195802811325
2076,1.37,1.0041195802811325
2077,1.37,1.0041195802811325
2078,1.37,1.0041195802811325
2079,1.37,1.0041195802811325
2080,1.37,1.0041195802811325
2081,1.37,1.0041195802811325
2082,1.37,1.0041195802811325
2083,1.37,1.0041195802811325
2084,1.37,1.0041195802811325
2085,1.37,1.0041195802811325
2086,1.37,1.0041195802811325
2087,1.235,1.0041195802811325
2088,1.235,1.0041195802811325
2089,1.235,1.0041195802811325
2090,1.235,1.0041195802811325
2091,1.235,1.0041195802811325
2092,1.235,1.0041195802811325
2093,1.235,1.0041195802811325
2094,1.235,1.0041195802811325
2095,1.235,1.0041195802811325
2096,1.235,1.0041195802811325
2097,1.235,1.0041195802811325
2098,1.235,1.0041195802811325
2099,1.235,1.0041195802811325
2100,1.235,1.0041195802811325
2101,1.235,1.0041195802811325
2102,1.235,1.0041195802811325
2103,1.235,1.0041195802811325
2104,1.235,1.0041195802811325
2105,1.235,1.0041195802811325
2106,1.235,1.0041195802811325
2107,1.235,1.0041195802811325
2108,1.235,1.0041195802811325
2109,1.235,1.0041195802811325
2110,1.235,1.0041195802811325
2111,1.235,1.0041195802811325
2112,1.235,1.0041195802811325
2113,1.235,1.0041195802811325
2114,1.235,1.0041195802811325
2115,1.235,1.0041195802811325
2116,1.235,1.0041195802811325
2117,1.235,1.0041195802811325
2118,1.235,1.0041195802811325
2119,1.235,1.0041195802811325
2120,1.235,1.0041195802811325
2121,1.235,1.0041195802811325
2122,1.235,1.0041195802811325
2123,1.235,1.0041195802811325
2124,1.235,1.0041195802811325
2125,1.235,1.0041195802811325
2126,1.235,1.0041195802811325
2127,1.235,1.0041195802811325
2128,1.235,1.0041195802811325
2129,1.235,1.0041195802811325
2130,1.235,1.0041195802811325
2131,1.235,1.0041195802811325
2132,1.235,1.0041195802811325
2133,1.235,1.0041195802811325
2134,1.235,1.0041195802811325
2135,1.235,1.0041195802811325
2136,1.235,1.0041195802811325
2137,1.235,1.0041195802811325
2138,1.235,1.0041195802811325
2139,1.235,1.0041195802811325
2140,1.235,1.0041195802811325
2141,1.235,1.0041195802811325
2142,1.235,1.0041195802811325
2143,1.235,1.0041195802811325
2144,1.235,1.0041195802811325
2145,1.235,1.0041195802811325
2146,1.235,1.0041195802811325
2147,1.235,1.0041195802811325
2148,1.235,1.0041195802811325
2149,1.235,1.0041195802811325
2150,1.235,1.0041195802811325
2151,1.235,1.0041195802811325
2152,1.235,1.0041195802811325
2153,1.235,1.0041195802811325
2154,1.235,1.0041195802811325
2155,1.235,1.0041195802811325
2156,1.235,1.0041195802811325
2157,1.235,1.0041195802811325
2158,1.235,1.0041195802811325
2159,1.235,1.0041195802811325
2160,1.235,1.0041195802811325
2161,1.235,1.0041195802811325
2162,1.235,1.0041195802811325
2163,1.235,1.0041195802811325
2164,1.235,1.0041195802811325
2165,1.235,1.0041195802811325
2166,1.235,1.0041195802811325
2167,1.235,1.0041195802811325
2168,1.235,1.0041195802811325
2169,1.235,1.0041195802811325
2170,1.235,1.0041195802811325
2171,1.235,1.0041195802811325
2172,1.235,1.0041195802811325
2173,1.235,1.0041195802811325
2174,1.235,1.0041195802811325
2175,1.235,1.0041195802811325
2176,1.235,1.0041195802811325
2177,1.235,1.0041195802811325
2178,1.235,1.0041195802811325
2179,1.235,1.0041195802811325
2180,1.235,1.0041195802811325
2181,1.235,1.0041195802811325
2182,1.235,1.0041195802811325
2183,1.235,1.0041195802811325
2184,1.235,1.0041195802811325
2185,1.235,1.0041195802811325
2186,1.235,1.0041195802811325
2187,1.235,1.0041195802811325
2188,1.235,1.0041195802811325
2189,1.235,1.0041195802811325
2190,1.235,1.0041195802811325
2191,1.235,1.0041195802811325
2192,1.235,1.0041195802811325
2193,1.235,1.0041195802811325
2194,1.235,1.0041195802811325
2195,1.235,1.0041195802811325
2196,1.235,1.0041195802811325
2197,1.235,1.0041195802811325
2198,1.235,1.0041195802811325
2199,1.235,1.0041195802811325
2200,1.235,1.0041195802811325
2201,1.235,1.0041195802811325
2202,1.235,1.0041195802811325
2203,1.235,1.0041195802811325
2204,1.235,1.0041195802811325
2205,1.235,1.0041195802811325
2206,1.235,1.0041195802811325
2207,1.235,1.0041195802811325
2208,1.235,1.0041195802811325
2209,1.235,1.0041195802811325
2210,1.235,1.0041195802811325
2211,1.235,1.0041195802811325
2212,1.235,1.0041195802811325
2213,1.235,1.0041195802811325
2214,1.235,1.0041195802811325
2215,1.235,1.0041195802811325
2216,1.235,1.0041195802811325
2217,1.235,1.0041195802811325
2218,1.235,1.0041195802811325
2219,1.235,1.0041195802811325
2220,1.235,1.0041195802811325
2221,1.235,1.0041195802811325
2222,1.235,1.0041195802811325
2223,1.235,1.0041195802811325
2224,1.235,1.0041195802811325
2225,1.235,1.0041195802811325
2226,1.235,1.0041195802811325
2227,1.235,1.0041195802811325
2228,1.235,1.0041195802811325
2229,1.235,1.0041195802811325
2230,1.235,1.0041195802811325
2231,1.235,1.0041195802811325
2232,1.235,1.0041195802811325
2233,1.235,1.0041195802811325
2234,1.235,1.0041195802811325
2235,1.235,1.0041195802811325
2236,1.235,1.0041195802811325
2237,1.235,1.0041195802811325
2238,1.235,1.0041195802811325
2239,1.235,1.0041195802811325
2240,1.235,1.0041195802811325
2241,1.235,1.0041195802811325
2242,1.235,1.0041195802811325
2243,1.235,1.0041195802811325
2244,1.235,1.0041195802811325
2245,1.235,1.0041195802811325
2246,1.235,1.0041195802811325
2247,1.235,1.0041195802811325
2248,1.235,1.0041195802811325
2249,1.235,1.0041195802811325
2250,1.235,1.0041195802811325
2251,1.235,1.0041195802811325
2252,1.235,1.0041195802811325
2253,1.235,1.0041195802811325
2254,1.235,1.0041195802811325
2255,1.235,1.0041195802811325
2256,1.235,1.0041195802811325
2257,1.235,1.0041195802811325
2258,1.235,1.0041195802811325
2259,1.235,1.0041195802811325
2260,1.235,1.0041195802811325
2261,1.235,1.0041195802811325
2262,1.235,1.0041195802811325
2263,1.235,1.0041195802811325
2264,1.235,1.0041195802811325
2265,1.235,1.0041195802811325
2266,1.235,1.0041195802811325
2267,1.235,1.0041195802811325
2268,1.235,1.0041195802811325
2269,1.235,1.0041195802811325
2270,1.235,1.0041195802811325
2271,1.235,1.0041195802811325
2272,1.235,1.0041195802811325
2273,1.235,1.0041195802811325
2274,1.235,1.0041195802811325
2275,1.235,1.0041195802811325
2276,1.235,1.0041195802811325
2277,1.235,1.0041195802811325
2278,1.235,1.0041195802811325
2279,1.235,1.0041195802811325
2280,1.235,1.0041195802811325
2281,1.235,1.0041195802811325
2282,1.235,1.0041195802811325
2283,1.235,1.0041195802811325
2284,1.235,1.0041195802811325
2285,1.235,1.0041195802811325
2286,1.235,1.0041195802811325
2287,1.235,1.0041195802811325
2288,1.235,1.0041195802811325
2289,1.235,1.0041195802811325
2290,1.235,1.0041195802811325
2291,1.235,1.0041195802811325
2292,1.235,1.0041195802811325
2293,1.235,1.0041195802811325
2294,1.235,1.0041195802811325
2295,1.235,1.0041195802811325
2296,1.235,1.0041195802811325
2297,1.235,1.0041195802811325
2298,1.235,1.0041195802811325
2299,1.235,1.0041195802811325
2300,1.235,1.0041195802811325
2301,1.235,1.0041195802811325
2302,1.235,1.0041195802811325
2303,1.235,1.0041195802811325
2304,1.235,1.0041195802811325
2305,1.235,1.0041195802811325
2306,1.235,1.0041195802811325
2307,1.235,1.0041195802811325
2308,1.235,1.0041195802811325
2309,1.235,1.0041195802811325
2310,1.235,1.0041195802811325
2311,1.235,1.0041195802811325
2312,1.235,1.0041195802811325
2313,1.235,1.0041195802811325
2314,1.235,1.0041195802811325
2315,1.235,1.0041195802811325
2316,1.235,1.0041195802811325
2317,1.235,1.0041195802811325
2318,1.235,1.0041195802811325
2319,1.235,1.0041195802811325
2320,1.235,1.0041195802811325
2321,1.235,1.0041195802811325
2322,1.235,1.0041195802811325
2323,1.235,1.0041195802811325
2324,1.235,1.0041195802811325
2325,1.235,1.0041195802811325
2326,1.235,1.0041195802811325
2327,1.235,1.0041195802811325
2328,1.235,1.0041195802811325
2329,1.235,1.0041195802811325
2330,1.235,1.0041195802811325
2331,1.235,1.0041195802811325
2332,1.235,1.0041195802811325
2333,1.235,1.0041195802811325
2334,1.235,1.0041195802811325
2335,1.235,1.0041195802811325
2336,1.235,1.0041195802811325
2337,1.235,1.0041195802811325
2338,1.235,1.0041195802811325
2339,1.235,1.0041195802811325
2340,1.235,1.0041195802811325
2341,1.235,1.0041195802811325
2342,1.235,1.0041195802811325
2343,1.235,1.0041195802811325
2344,1.235,1.0041195802811325
2345,1.235,1.0041195802811325
2346,1.235,1.0041195802811325
2347,1.235,1.0041195802811325
2348,1.235,1.0041195802811325
2349,1.235,1.0041195802811325
2350,1.235,1.0041195802811325
2351,1.235,1.0041195802811325
2352,1.235,1.0041195802811325
2353,1.235,1.0041195802811325
2354,1.235,1.0041195802811325
2355,1.235,1.0041195802811325
2356,1.235,1.0041195802811325
2357,1.235,1.0041195802811325
2358,1.235,1.0041195802811325
2359,1.235,1.0041195802811325
2360,1.235,1.0041195802811325
2361,1.235,1.0041195802811325
2362,1.235,1.0041195802811325
2363,1.235,1.0041195802811325
2364,1.235,1.0041195802811325
2365,1.235,1.0041195802811325
2366,1.235,1.0041195802811325
2367,1.235,1.0041195802811325
2368,1.235,1.0041195802811325
2369,1.235,1.0041195802811325
2370,1.235,1.0041195802811325
2371,1.235,1.0041195802811325
2372,1.235,1.0041195802811325
2373,1.235,1.0041195802811325
2374,1.235,1.0041195802811325
2375,1.235,1.0041195802811325
2376,1.235,1.0041195802811325
2377,1.235,1.0041195802811325
2378,1.235,1.0041195802811325
2379,1.235,1.0041195802811325
2380,1.235,1.0041195802811325
2381,1.235,1.0041195802811325
2382,1.235,1.0041195802811325
2383,1.235,1.0041195802811325
2384,1.235,1.0041195802811325
2385,1.235,1.0041195802811325
2386,1.235,1.0041195802811325
2387,1.235,1.0041195802811325
2388,1.235,1.0041195802811325
2389,1.235,1.0041195802811325
2390,1.235,1.0041195802811325
2391,1.235,1.0041195802811325
2392,1.235,1.0041195802811325
2393,1.235,1.0041195802811325
2394,1.235,1.0041195802811325
2395,1.235,1.0041195802811325
2396,1.235,1.0041195802811325
2397,1.235,1.0041195802811325
2398,1.235,1.0041195802811325
2399,1.235,1.0041195802811325
2400,1.235,1.0041195802811325
2401,1.235,1.0041195802811325
2402,1.235,1.0041195802811325
2403,1.235,1.0041195802811325
2404,1.235,1.0041195802811325
2405,1.235,1.0041195802811325
2406,1.235,1.0041195802811325
2407,1.235,1.0041195802811325
2408,1.235,1.0041195802811325
2409,1.235,1.0041195802811325
2410,1.235,1.0041195802811325
2411,1.235,1.0041195802811325
2412,1.235,1.0041195802811325
2413,1.235,1.0041195802811325
2414,1.235,1.0041195802811325
2415,1.235,1.0041195802811325
2416,1.235,1.0041195802811325
2417,1.235,1.0041195802811325
2418,1.235,1.0041195802811325
2419,1.235,1.0041195802811325
2420,1.235,1.0041195802811325
2421,1.235,1.0041195802811325
2422,1.235,1.0041195802811325
2423,1.235,1.0041195802811325
2424,1.235,1.0041195802811325
2425,1.235,1.0041195802811325
2426,1.235,1.0041195802811325
2427,1.235,1.0041195802811325
2428,1.235,1.0041195802811325
2429,1.235,1.0041195802811325
2430,1.235,1.0041195802811325
2431,1.235,1.0041195802811325
2432,1.235,1.0041195802811325
2433,1.235,1.0041195802811325
2434,1.235,1.0041195802811325
2435,1.235,1.0041195802811325
2436,1.235,1.0041195802811325
2437,1.235,1.0041195802811325
2438,1.235,1.0041195802811325
2439,1.235,1.0041195802811325
2440,1.235,1.0041195802811325
2441,1.235,1.0041195802811325
2442,1.235,1.0041195802811325
2443,1.235,1.0041195802811325
2444,1.235,1.0041195802811325
2445,1.235,1.0041195802811325
2446,1.235,1.0041195802811325
2447,1.235,1.0041195802811325
2448,1.235,1.0041195802811325
2449,1.235,1.0041195802811325
2450,1.235,1.0041195802811325
2451,1.235,1.0041195802811325
2452,1.235,1.0041195802811325
2453,1.235,1.0041195802811325
2454,1.235,1.0041195802811325
2455,1.235,1.0041195802811325
2456,1.235,1.0041195802811325
2457,1.235,1.0041195802811325
2458,1.235,1.0041195802811325
2459,1.235,1.0041195802811325
2460,1.235,1.0041195802811325
2461,1.235,1.0041195802811325
2462,1.235,1.0041195802811325
2463,1.235,1.0041195802811325
2464,1.235,1.0041195802811325
2465,1.235,1.0041195802811325
2466,1.235,1.0041195802811325
2467,1.235,1.0041195802811325
2468,1.235,1.0041195802811325
2469,1.235,1.0041195802811325
2470,1.235,1.0041195802811325
2471,1.235,1.0041195802811325
2472,1.235,1.0041195802811325
2473,1.235,1.0041195802811325
2474,1.235,1.0041195802811325
2475,1.235,1.0041195802811325
2476,1.235,1.0041195802811325
2477,1.235,1.0041195802811325
2478,1.235,1.0041195802811325
2479,1.235,1.0041195802811325
2480,1.1,1.0041195802811325
2481,1.1,1.0041195802811325
2482,1.1,1.0041195802811325
2483,1.1,1.0041195802811325
2484,1.1,1.0041195802811325
2485,1.1,1.0041195802811325
2486,1.1,1.0041195802811325
2487,1.1,1.0041195802811325
2488,1.1,1.0041195802811325
2489,1.1,1.0041195802811325
2490,1.1,1.0041195802811325
2491,1.1,1.0041195802811325
2492,1.1,1.0041195802811325
2493,1.1,1.0041195802811325
2494,1.1,1.0041195802811325
2495,1.1,1.0041195802811325
2496,1.1,1.0041195802811325
2497,1.1,1.0041195802811325
2498,1.1,1.0041195802811325
2499,1.1,1.0041195802811325
2500,1.1,1.0041195802811325
2501,1.1,1.0041195802811325
2502,1.1,1.0041195802811325
2503,1.1,1.0041195802811325
2504,1.1,1.0041195802811325
2505,1.1,1.0041195802811325
2506,1.1,1.0041195802811325
2507,1.1,1.0041195802811325
2508,1.1,1.0041195802811325
2509,1.1,1.0041195802811325
2510,1.1,1.0041195802811325
2511,1.1,1.0041195802811325
2512,1.1,1.0041195802811325
2513,1.1,1.0041195802811325
2514,1.1,1.0041195802811325
2515,1.1,1.0041195802811325
2516,1.1,1.0041195802811325
2517,1.1,1.0041195802811325
2518,1.1,1.0041195802811325
2519,1.1,1.0041195802811325
2520,1.1,1.0041195802811325
2521,1.1,1.0041195802811325
2522,1.1,1.0041195802811325
2523,1.1,1.0041195802811325
2524,1.1,1.0041195802811325
2525,1.1,1.0041195802811325
2526,1.1,1.0041195802811325
2527,1.1,1.0041195802811325
2528,1.1,1.0041195802811325
2529,1.1,1.0041195802811325
2530,1.1,1.0041195802811325
2531,1.1,1.0041195802811325
2532,1.1,1.0041195802811325
2533,1.1,1.0041195802811325
2534,1.1,1.0041195802811325
2535,1.1,1.0041195802811325
2536,1.1,1.0041195802811325
2537,1.1,1.0041195802811325
2538,1.1,1.0041195802811325
2539,1.1,1.0041195802811325
2540,1.1,1.0041195802811325
2541,1.1,1.0041195802811325
2542,1.1,1.0041195802811325
2543,1.1,1.0041195802811325
2544,1.1,1.0041195802811325
2545,1.1,1.0041195802811325
2546,1.1,1.0041195802811325
2547,1.1,1.0041195802811325
2548,1.1,1.0041195802811325
2549,1.1,1.0041195802811325
2550,1.1,1.0041195802811325
2551,1.1,1.0041195802811325
2552,1.1,1.0041195802811325
2553,1.1,1.0041195802811325
2554,1.1,1.0041195802811325
2555,1.1,1.0041195802811325
2556,1.1,1.0041195802811325
2557,1.1,1.0041195802811325
2558,1.1,1.0041195802811325
2559,1.1,1.0041195802811325
2560,1.1,1.0041195802811325
2561,1.1,1.0041195802811325
2562,1.1,1.0041195802811325
2563,1.1,1.0041195802811325
2564,1.1,1.0041195802811325
2565,1.1,1.0041195802811325
2566,1.1,1.0041195802811325
2567,1.1,1.0041195802811325
2568,1.1,1.0041195802811325
2569,1.1,1.0041195802811325
2570,1.1,1.0041195802811325
2571,1.1,1.0041195802811325
2572,1.1,1.0041195802811325
2573,1.1,1.0041195802811325
2574,1.1,1.0041195802811325
2575,1.1,1.0041195802811325
2576,1.1,1.0041195802811325
2577,1.1,1.0041195802811325
2578,1.1,1.0041195802811325
2579,1.1,1.0041195802811325
2580,1.1,1.0041195802811325
2581,1.1,1.0041195802811325
2582,1.1,1.0041195802811325
2583,1.1,1.0041195802811325
2584,1.1,1.0041195802811325
2585,1.1,1.0041195802811325
2586,1.1,1.0041195802811325
2587,1.1,1.0041195802811325
2588,1.1,1.0041195802811325
2589,1.1,1.0041195802811325
2590,1.1,1.0041195802811325
2591,1.1,1.0041195802811325
2592,1.1,1.0041195802811325
2593,1.1,1.0041195802811325
2594,1.1,1.0041195802811325
2595,1.1,1.0041195802811325
2596,1.1,1.0041195802811325
2597,1.1,1.0041195802811325
2598,1.1,1.0041195802811325
2599,1.1,1.0041195802811325
2600,1.1,1.0041195802811325
2601,1.1,1.0041195802811325
2602,1.1,1.0041195802811325
2603,1.1,1.0041195802811325
2604,1.1,1.0041195802811325
2605,1.1,1.0041195802811325
2606,1.1,1.0041195802811325
2607,1.1,1.0041195802811325
2608,1.1,1.0041195802811325
2609,1.1,1.0041195802811325
2610,1.1,1.0041195802811325
2611,1.1,1.0041195802811325
2612,1.1,1.0041195802811325
2613,1.1,1.0041195802811325
2614,1.1,1.0041195802811325
2615,1.1,1.0041195802811325
2616,1.1,1.0041195802811325
2617,1.1,1.0041195802811325
2618,1.1,1.0041195802811325
2619,1.1,1.0041195802811325
2620,1.1,1.0041195802811325
2621,1.1,1.0041195802811325
2622,1.1,1.0041195802811325
2623,1.1,1.0041195802811325
2624,1.1,1.0041195802811325
2625,1.1,1.0041195802811325
2626,1.1,1.0041195802811325
2627,1.1,1.0041195802811325
2628,1.1,1.0041195802811325
2629,1.1,1.0041195802811325
2630,1.1,1.0041195802811325
2631,1.1,1.0041195802811325
2632,1.1,1.0041195802811325
2633,1.1,1.0041195802811325
2634,1.1,1.0041195802811325
2635,1.1,1.0041195802811325
2636,1.1,1.0041195802811325
2637,1.1,1.0041195802811325
2638,1.1,1.0041195802811325
2639,1.1,1.0041195802811325
2640,1.1,1.0041195802811325
2641,1.1,1.0041195802811325
2642,1.1,1.0041195802811325
2643,1.1,1.0041195802811325
2644,1.1,1.0041195802811325
2645,1.1,1.0041195802811325
2646,1.1,1.0041195802811325
2647,1.1,1.0041195802811325
2648,1.1,1.0041195802811325
2649,1.1,1.0041195802811325
2650,1.1,1.0041195802811325
2651,1.1,1.0041195802811325
2652,1.1,1.0041195802811325
2653,1.1,1.0041195802811325
2654,1.1,1.0041195802811325
2655,1.1,1.0041195802811325
2656,1.1,1.0041195802811325
2657,1.1,1.0041195802811325
2658,1.1,1.0041195802811325
2659,1.1,1.0041195802811325
2660,1.1,1.0041195802811325
2661,1.1,1.0041195802811325
2662,1.1,1.0041195802811325
2663,1.1,1.0041195802811325
2664,1.1,1.0041195802811325
2665,1.1,1.0041195802811325
2666,1.1,1.0041195802811325
2667,1.1,1.0041195802811325
2668,1.1,1.0041195802811325
2669,1.1,1.0041195802811325
2670,1.1,1.0041195802811325
2671,1.1,1.0041195802811325
2672,1.1,1.0041195802811325
2673,1.1,1.0041195802811325
2674,1.1,1.0041195802811325
2675,1.1,1.0041195802811325
2676,1.1,1.0041195802811325
2677,1.1,1.0041195802811325
2678,1.1,1.0041195802811325
2679,1.1,1.0041195802811325
2680,1.1,1.0041195802811325
2681,1.1,1.0041195802811325
2682,1.1,1.0041195802811325
2683,1.1,1.0041195802811325
2684,1.1,1.0041195802811325
2685,1.1,1.0041195802811325
2686,1.1,1.0041195802811325
2687,1.1,1.0041195802811325
2688,1.1,1.0041195802811325
2689,1.1,1.0041195802811325
2690,1.1,1.0041195802811325
2691,1.1,1.0041195802811325
2692,1.1,1.0041195802811325
2693,1.1,1.0041195802811325
2694,1.1,1.0041195802811325
2695,1.1,1.0041195802811325
2696,1.1,1.0041195802811325
2697,1.1,1.0041195802811325
2698,1.1,1.0041195802811325
2699,1.1,1.0041195802811325
2700,1.1,1.0041195802811325
2701,1.1,1.0041195802811325
2702,1.1,1.0041195802811325
2703,1.1,1.0041195802811325
2704,1.1,1.0041195802811325
2705,1.1,1.0041195802811325
2706,1.1,1.0041195802811325
2707,1.1,1.0041195802811325
2708,1.1,1.0041195802811325
2709,1.1,1.0041195802811325
2710,1.1,1.0041195802811325
2711,1.1,1.0041195802811325
2712,1.1,1.0041195802811325
2713,1.1,1.0041195802811325
2714,1.1,1.0041195802811325
2715,1.1,1.0041195802811325
2716,1.1,1.0041195802811325
2717,1.1,1.0041195802811325
2718,1.1,1.0041195802811325
2719,1.1,1.0041195802811325
2720,1.1,1.0041195802811325
2721,1.1,1.0041195802811325
2722,1.1,1.0041195802811325
2723,1.1,1.0041195802811325
2724,1.1,1.0041195802811325
2725,1.1,1.0041195802811325
2726,1.1,1.0041195802811325
2727,1.1,1.0041195802811325
2728,1.1,1.0041195802811325
2729,1.1,1.0041195802811325
2730,1.1,1.0041195802811325
2731,1.1,1.0041195802811325
2732,1.1,1.0041195802811325
2733,1.1,1.0041195802811325
2734,1.1,1.0041195802811325
2735,1.1,1.0041195802811325
2736,1.1,1.0041195802811325
2737,1.1,1.0041195802811325
2738,1.1,1.0041195802811325
2739,1.1,1.0041195802811325
2740,1.1,1.0041195802811325
2741,1.1,1.0041195802811325
2742,1.1,1.0041195802811325
2743,1.1,1.0041195802811325
2744,1.1,1.0041195802811325
2745,1.1,1.0041195802811325
2746,1.1,1.0041195802811325
2747,1.1,1.0041195802811325
2748,1.1,1.0041195802811325
2749,1.1,1.0041195802811325
2750,1.1,1.0041195802811325
2751,1.1,1.0041195802811325
2752,1.1,1.0041195802811325
2753,1.1,1.0041195802811325
2754,1.1,1.0041195802811325
2755,1.1,1.0041195802811325
2756,1.1,1.0041195802811325
2757,1.1,1.0041195802811325
2758,1.1,1.0041195802811325
2759,1.1,1.0041195802811325
2760,1.1,1.0041195802811325
2761,1.1,1.0041195802811325
2762,1.1,1.0041195802811325
2763,1.1,1.0041195802811325
2764,1.1,1.0041195802811325
2765,1.1,1.0041195802811325
2766,1.1,1.0041195802811325
2767,1.1,1.0041195802811325
2768,1.1,1.0041195802811325
2769,1.1,1.0041195802811325
2770,1.1,1.0041195802811325
2771,1.1,1.0041195802811325
2772,1.1,1.0041195802811325
2773,1.1,1.0041195802811325
2774,1.1,1.0041195802811325
2775,1.1,1.0041195802811325
2776,1.1,1.0041195802811325
2777,0.8300000000000001,1.0041195802811325
2778,0.8300000000000001,1.0041195802811325
2779,0.8300000000000001,1.0041195802811325
2780,0.8300000000000001,1.0041195802811325
2781,0.8300000000000001,1.0041195802811325
2782,0.8300000000000001,1.0041195802811325
2783,0.8300000000000001,1.0041195802811325
2784,0.8300000000000001,1.0041195802811325
2785,0.8300000000000001,1.0041195802811325
2786,0.8300000000000001,1.0041195802811325
2787,0.8300000000000001,1.0041195802811325
2788,0.8300000000000001,1.0041195802811325
2789,0.8300000000000001,1.0041195802811325
2790,0.8300000000000001,1.0041195802811325
2791,0.8300000000000001,1.0041195802811325
2792,0.8300000000000001,1.0041195802811325
2793,0.8300000000000001,1.0041195802811325
2794,0.8300000000000001,1.0041195802811325
2795,0.8300000000000001,1.0041195802811325
2796,0.8300000000000001,1.0041195802811325
2797,0.8300000000000001,1.0041195802811325
2798,0.8300000000000001,1.0041195802811325
2799,0.8300000000000001,1.0041195802811325
2800,0.8300000000000001,1.0041195802811325
2801,0.8300000000000001,1.0041195802811325
2802,0.8300000000000001,1.0041195802811325
2803,0.8300000000000001,1.0041195802811325
2804,0.8300000000000001,1.0041195802811325
2805,0.8300000000000001,1.0041195802811325
2806,0.8300000000000001,1.0041195802811325
2807,0.8300000000000001,1.0041195802811325
2808,0.8300000000000001,1.0041195802811325
2809,0.8300000000000001,1.0041195802811325
2810,0.8300000000000001,1.0041195802811325
2811,0.8300000000000001,1.0041195802811325
2812,0.8300000000000001,1.0041195802811325
2813,0.8300000000000001,1.0041195802811325
2814,0.8300000000000001,1.0041195802811325
2815,0.8300000000000001,1.0041195802811325
2816,0.8300000000000001,1.0041195802811325
2817,0.8300000000000001,1.0041195802811325
2818,0.8300000000000001,1.0041195802811325
2819,0.8300000000000001,1.0041195802811325
2820,0.8300000000000001,1.0041195802811325
2821,0.8300000000000001,1.0041195802811325
2822,0.8300000000000001,1.0041195802811325
2823,0.8300000000000001,1.0041195802811325
2824,0.8300000000000001,1.0041195802811325
2825,0.8300000000000001,1.0041195802811325
2826,0.8300000000000001,1.0041195802811325
2827,0.8300000000000001,1.0041195802811325
2828,0.8300000000000001,1.0041195802811325
2829,0.8300000000000001,1.0041195802811325
2830,0.8300000000000001,1.0041195802811325
2831,0.8300000000000001,1.0041195802811325
2832,0.8300000000000001,1.0041195802811325
2833,0.8300000000000001,1.0041195802811325
2834,0.8300000000000001,1.0041195802811325
2835,0.8300000000000001,1.0041195802811325
2836,0.8300000000000001,1.0041195802811325
2837,0.8300000000000001,1.0041195802811325
2838,0.8300000000000001,1.0041195802811325
2839,0.8300000000000001,1.0041195802811325
2840,0.8300000000000001,1.0041195802811325
2841,0.8300000000000001,1.0041195802811325
2842,0.8300000000000001,1.0041195802811325
2843,0.8300000000000001,1.0041195802811325
2844,0.8300000000000001,1.0041195802811325
2845,0.8300000000000001,1.0041195802811325
2846,0.8300000000000001,1.0041195802811325
2847,0.8300000000000001,1.0041195802811325
2848,0.8300000000000001,1.0041195802811325
2849,0.8300000000000001,1.0041195802811325
2850,0.8300000000000001,1.0041195802811325
2851,0.8300000000000001,1.0041195802811325
2852,0.8300000000000001,1.0041195802811325
2853,0.8300000000000001,1.0041195802811325
2854,0.8300000000000001,1.0041195802811325
2855,0.8300000000000001,1.0041195802811325
2856,0.8300000000000001,1.0041195802811325
2857,0.8300000000000001,1.0041195802811325
2858,0.8300000000000001,1.0041195802811325
2859,0.8300000000000001,1.0041195802811325
2860,0.8300000000000001,1.0041195802811325
2861,0.8300000000000001,1.0041195802811325
2862,0.8300000000000001,1.0041195802811325
2863,0.8300000000000001,1.0041195802811325
2864,0.8300000000000001,1.0041195802811325
2865,0.8300000000000001,1.0041195802811325
2866,0.8300000000000001,1.0041195802811325
2867,0.8300000000000001,1.0041195802811325
2868,0.8300000000000001,1.0041195802811325
2869,0.8300000000000001,1.0041195802811325
2870,0.8300000000000001,1.0041195802811325
2871,0.8300000000000001,1.0041195802811325
2872,0.8300000000000001,1.0041195802811325
2873,0.8300000000000001,1.0041195802811325
2874,0.8300000000000001,1.0041195802811325
2875,0.8300000000000001,1.0041195802811325
2876,0.6950000000000001,1.0041195802811325
2877,0.6950000000000001,1.0041195802811325
2878,0.6950000000000001,1.0041195802811325
2879,0.6950000000000001,1.0041195802811325
2880,0.6950000000000001,1.0041195802811325
2881,0.6950000000000001,1.0041195802811325
2882,0.6950000000000001,1.0041195802811325
2883,0.6950000000000001,1.0041195802811325
2884,0.6950000000000001,1.0041195802811325
2885,0.6950000000000001,1.0041195802811325
2886,0.6950000000000001,1.0041195802811325
2887,0.6950000000000001,1.0041195802811325
2888,0.6950000000000001,1.0041195802811325
2889,0.6950000000000001,1.0041195802811325
2890,0.6950000000000001,1.0041195802811325
2891,0.6950000000000001,1.0041195802811325
2892,0.6950000000000001,1.0041195802811325
2893,0.6950000000000001,1.0041195802811325
2894,0.6950000000000001,1.0041195802811325
2895,0.6950000000000001,1.0041195802811325
2896,0.6950000000000001,1.0041195802811325
2897,0.6950000000000001,1.0041195802811325
2898,0.6950000000000001,1.0041195802811325
2899,0.6950000000000001,1.0041195802811325
2900,0.6950000000000001,1.0041195802811325
2901,0.6950000000000001,1.0041195802811325
2902,0.6950000000000001,1.0041195802811325
2903,0.6950000000000001,1.0041195802811325
2904,0.6950000000000001,1.0041195802811325
2905,0.6950000000000001,1.0041195802811325
2906,0.6950000000000001,1.0041195802811325
2907,0.6950000000000001,1.0041195802811325
2908,0.6950000000000001,1.0041195802811325
2909,0.6950000000000001,1.0041195802811325
2910,0.6950000000000001,1.0041195802811325
2911,0.6950000000000001,1.0041195802811325
2912,0.6950000000000001,1.0041195802811325
2913,0.6950000000000001,1.0041195802811325
2914,0.6950000000000001,1.0041195802811325
2915,0.6950000000000001,1.0041195802811325
2916,0.6950000000000001,1.0041195802811325
2917,0.6950000000000001,1.0041195802811325
2918,0.6950000000000001,1.0041195802811325
2919,0.6950000000000001,1.0041195802811325
2920,0.6950000000000001,1.0041195802811325
2921,0.6950000000000001,1.0041195802811325
2922,0.6950000000000001,1.0041195802811325
2923,0.6950000000000001,1.0041195802811325
2924,0.6950000000000001,1.0041195802811325
2925,0.6950000000000001,1.0041195802811325
2926,0.6950000000000001,1.0041195802811325
2927,0.6950000000000001,1.0041195802811325
2928,0.6950000000000001,1.0041195802811325
2929,0.6950000000000001,1.0041195802811325
2930,0.6950000000000001,1.0041195802811325
2931,0.6950000000000001,1.0041195802811325
2932,0.6950000000000001,1.0041195802811325
2933,0.6950000000000001,1.0041195802811325
2934,0.6950000000000001,1.0041195802811325
2935,0.6950000000000001,1.0041195802811325
2936,0.6950000000000001,1.0041195802811325
2937,0.6950000000000001,1.0041195802811325
2938,0.6950000000000001,1.0041195802811325
2939,0.6950000000000001,1.0041195802811325
2940,0.6950000000000001,1.0041195802811325
2941,0.6950000000000001,1.0041195802811325
2942,0.6950000000000001,1.0041195802811325
2943,0.6950000000000001,1.0041195802811325
2944,0.6950000000000001,1.0041195802811325
2945,0.6950000000000001,1.0041195802811325
2946,0.6950000000000001,1.0041195802811325
2947,0.6950000000000001,1.0041195802811325
2948,0.6950000000000001,1.0041195802811325
2949,0.6950000000000001,1.0041195802811325
2950,0.6950000000000001,1.0041195802811325
2951,0.6950000000000001,1.0041195802811325
2952,0.6950000000000001,1.0041195802811325
2953,0.6950000000000001,1.0041195802811325
2954,0.6950000000000001,1.0041195802811325
2955,0.6950000000000001,1.0041195802811325
2956,0.6950000000000001,1.0041195802811325
2957,0.6950000000000001,1.0041195802811325
2958,0.6950000000000001,1.0041195802811325
2959,0.6950000000000001,1.0041195802811325
2960,0.6950000000000001,1.0041195802811325
2961,0.6950000000000001,1.0041195802811325
2962,0.6950000000000001,1.0041195802811325
2963,0.6950000000000001,1.0041195802811325
2964,0.6950000000000001,1.0041195802811325
2965,0.6950000000000001,1.0041195802811325
2966,0.6950000000000001,1.0041195802811325
2967,0.6950000000000001,1.0041195802811325
2968,0.6950000000000001,1.0041195802811325
2969,0.6950000000000001,1.0041195802811325
2970,0.6950000000000001,1.0041195802811325
2971,0.6950000000000001,1.0041195802811325
2972,0.6950000000000001,1.0041195802811325
2973,0.6950000000000001,1.0041195802811325
2974,0.6950000000000001,1.0041195802811325
2975,0.6950000000000001,1.0041195802811325
2976,0.6950000000000001,1.0041195802811325
2977,0.6950000000000001,1.0041195802811325
2978,0.6950000000000001,1.0041195802811325
2979,0.6950000000000001,1.0041195802811325
2980,0.6950000000000001,1.0041195802811325
2981,0.6950000000000001,1.0041195802811325
2982,0.6950000000000001,1.0041195802811325
2983,0.6950000000000001,1.0041195802811325
2984,0.6950000000000001,1.0041195802811325
2985,0.6950000000000001,1.0041195802811325
2986,0.6950000000000001,1.0041195802811325
2987,0.6950000000000001,1.0041195802811325
2988,0.6950000000000001,1.0041195802811325
2989,0.6950000000000001,1.0041195802811325
2990,0.6950000000000001,1.0041195802811325
2991,0.6950000000000001,1.0041195802811325
2992,0.6950000000000001,1.0041195802811325
2993,0.6950000000000001,1.0041195802811325
2994,0.6950000000000001,1.0041195802811325
2995,0.6950000000000001,1.0041195802811325
2996,0.6950000000000001,1.0041195802811325
2997,0.6950000000000001,1.0041195802811325
2998,0.6950000000000001,1.0041195802811325
2999,0.6950000000000001,1.0041195802811325
3000,0.6950000000000001,1.0041195802811325
3001,0.6950000000000001,1.0041195802811325
3002,0.6950000000000001,1.0041195802811325
3003,0.6950000000000001,1.0041195802811325
3004,0.6950000000000001,1.0041195802811325
3005,0.6950000000000001,1.0041195802811325
3006,0.6950000000000001,1.0041195802811325
3007,0.6950000000000001,1.0041195802811325
3008,0.6950000000000001,1.0041195802811325
3009,0.6950000000000001,1.0041195802811325
3010,0.6950000000000001,1.0041195802811325
3011,0.6950000000000001,1.0041195802811325
3012,0.6950000000000001,1.0041195802811325
3013,0.6950000000000001,1.0041195802811325
3014,0.6950000000000001,1.0041195802811325
3015,0.6950000000000001,1.0041195802811325
3016,0.6950000000000001,1.0041195802811325
3017,0.6950000000000001,1.0041195802811325
3018,0.6950000000000001,1.0041195802811325
3019,0.6950000000000001,1.0041195802811325
3020,0.6950000000000001,1.0041195802811325
3021,0.6950000000000001,1.0041195802811325
3022,0.6950000000000001,1.0041195802811325
3023,0.6950000000000001,1.0041195802811325
3024,0.6950000000000001,1.0041195802811325
3025,0.6950000000000001,1.0041195802811325
3026,0.6950000000000001,1.0041195802811325
3027,0.6950000000000001,1.0041195802811325
3028,0.6950000000000001,1.0041195802811325
3029,0.6950000000000001,1.0041195802811325
3030,0.6950000000000001,1.0041195802811325
3031,0.6950000000000001,1.0041195802811325
3032,0.6950000000000001,1.0041195802811325
3033,0.6950000000000001,1.0041195802811325
3034,0.6950000000000001,1.0041195802811325
3035,0.6950000000000001,1.0041195802811325
3036,0.6950000000000001,1.0041195802811325
3037,0.6950000000000001,1.0041195802811325
3038,0.6950000000000001,1.0041195802811325
3039,0.6950000000000001,1.0041195802811325
3040,0.6950000000000001,1.0041195802811325
3041,0.6950000000000001,1.0041195802811325
3042,0.6950000000000001,1.0041195802811325
3043,0.6950000000000001,1.0041195802811325
3044,0.6950000000000001,1.0041195802811325
3045,0.6950000000000001,1.0041195802811325
3046,0.6950000000000001,1.0041195802811325
3047,0.6950000000000001,1.0041195802811325
3048,0.6950000000000001,1.0041195802811325
3049,0.6950000000000001,1.0041195802811325
3050,0.6950000000000001,1.0041195802811325
3051,0.6950000000000001,1.0041195802811325
3052,0.6950000000000001,1.0041195802811325
3053,0.6950000000000001,1.0041195802811325
3054,0.6950000000000001,1.0041195802811325
3055,0.6950000000000001,1.0041195802811325
3056,0.6950000000000001,1.0041195802811325
3057,0.6950000000000001,1.0041195802811325
3058,0.6950000000000001,1.0041195802811325
3059,0.6950000000000001,1.0041195802811325
3060,0.6950000000000001,1.0041195802811325
3061,0.6950000000000001,1.0041195802811325
3062,0.6950000000000001,1.0041195802811325
3063,0.6950000000000001,1.0041195802811325
3064,0.6950000000000001,1.0041195802811325
3065,0.6950000000000001,1.0041195802811325
3066,0.6950000000000001,1.0041195802811325
3067,0.6950000000000001,1.0041195802811325
3068,0.6950000000000001,1.0041195802811325
3069,0.6950000000000001,1.0041195802811325
3070,0.56,1.0041195802811325
3071,0.56,1.0041195802811325
3072,0.56,1.0041195802811325
3073,0.42500000000000004,1.0041195802811325
3074,0.42500000000000004,1.0041195802811325
3075,0.42500000000000004,1.0041195802811325
3076,0.42500000000000004,1.0041195802811325
3077,0.42500000000000004,1.0041195802811325
3078,0.42500000000000004,1.0041195802811325
3079,0.42500000000000004,1.0041195802811325
3080,0.42500000000000004,1.0041195802811325
3081,0.42500000000000004,1.0041195802811325
3082,0.42500000000000004,1.0041195802811325
3083,0.42500000000000004,1.0041195802811325
3084,0.42500000000000004,1.0041195802811325
3085,0.42500000000000004,1.0041195802811325
3086,0.42500000000000004,1.0041195802811325
3087,0.42500000000000004,1.0041195802811325
3088,0.42500000000000004,1.0041195802811325
3089,0.42500000000000004,1.0041195802811325
3090,0.42500000000000004,1.0041195802811325
3091,0.42500000000000004,1.0041195802811325
3092,0.42500000000000004,1.0041195802811325
3093,0.42500000000000004,1.0041195802811325
3094,0.42500000000000004,1.0041195802811325
3095,0.42500000000000004,1.0041195802811325
3096,0.42500000000000004,1.0041195802811325
3097,0.42500000000000004,1.0041195802811325
3098,0.42500000000000004,1.0041195802811325
3099,0.42500000000000004,1.0041195802811325
3100,0.42500000000000004,1.0041195802811325
3101,0.42500000000000004,1.0041195802811325
3102,0.42500000000000004,1.0041195802811325
3103,0.42500000000000004,1.0041195802811325
3104,0.42500000000000004,1.0041195802811325
3105,0.42500000000000004,1.0041195802811325
3106,0.42500000000000004,1.0041195802811325
3107,0.42500000000000004,1.0041195802811325
3108,0.42500000000000004,1.0041195802811325
3109,0.42500000000000004,1.0041195802811325
3110,0.42500000000000004,1.0041195802811325
3111,0.42500000000000004,1.0041195802811325
3112,0.42500000000000004,1.0041195802811325
3113,0.42500000000000004,1.0041195802811325
3114,0.42500000000000004,1.0041195802811325
3115,0.42500000000000004,1.0041195802811325
3116,0.42500000000000004,1.0041195802811325
3117,0.42500000000000004,1.0041195802811325
3118,0.42500000000000004,1.0041195802811325
3119,0.42500000000000004,1.0041195802811325
3120,0.42500000000000004,1.0041195802811325
3121,0.42500000000000004,1.0041195802811325
3122,0.42500000000000004,1.0041195802811325
3123,0.42500000000000004,1.0041195802811325
3124,0.42500000000000004,1.0041195802811325
3125,0.42500000000000004,1.0041195802811325
3126,0.42500000000000004,1.0041195802811325
3127,0.42500000000000004,1.0041195802811325
3128,0.42500000000000004,1.0041195802811325
3129,0.42500000000000004,1.0041195802811325
3130,0.42500000000000004,1.0041195802811325
3131,0.42500000000000004,1.0041195802811325
3132,0.42500000000000004,1.0041195802811325
3133,0.42500000000000004,1.0041195802811325
3134,0.42500000000000004,1.0041195802811325
3135,0.42500000000000004,1.0041195802811325
3136,0.42500000000000004,1.0041195802811325
3137,0.42500000000000004,1.0041195802811325
3138,0.42500000000000004,1.0041195802811325
3139,0.42500000000000004,1.0041195802811325
3140,0.42500000000000004,1.0041195802811325
3141,0.42500000000000004,1.0041195802811325
3142,0.42500000000000004,1.0041195802811325
3143,0.42500000000000004,1.0041195802811325
3144,0.42500000000000004,1.0041195802811325
3145,0.42500000000000004,1.0041195802811325
3146,0.42500000000000004,1.0041195802811325
3147,0.42500000000000004,1.0041195802811325
3148,0.42500000000000004,1.0041195802811325
3149,0.42500000000000004,1.0041195802811325
3150,0.42500000000000004,1.0041195802811325
3151,0.42500000000000004,1.0041195802811325
3152,0.42500000000000004,1.0041195802811325
3153,0.42500000000000004,1.0041195802811325
3154,0.42500000000000004,1.0041195802811325
3155,0.42500000000000004,1.0041195802811325
3156,0.42500000000000004,1.0041195802811325
3157,0.42500000000000004,1.0041195802811325
3158,0.42500000000000004,1.0041195802811325
3159,0.42500000000000004,1.0041195802811325
3160,0.42500000000000004,1.0041195802811325
3161,0.42500000000000004,1.0041195802811325
3162,0.42500000000000004,1.0041195802811325
3163,0.42500000000000004,1.0041195802811325
3164,0.42500000000000004,1.0041195802811325
3165,0.42500000000000004,1.0041195802811325
3166,0.42500000000000004,1.0041195802811325
3167,0.42500000000000004,1.0041195802811325
3168,0.42500000000000004,1.0041195802811325
3169,0.42500000000000004,1.0041195802811325
3170,0.42500000000000004,1.0041195802811325
3171,0.42500000000000004,1.0041195802811325
3172,0.42500000000000004,1.0041195802811325
3173,0.42500000000000004,1.0041195802811325
3174,0.42500000000000004,1.0041195802811325
3175,0.42500000000000004,1.0041195802811325
3176,0.42500000000000004,1.0041195802811325
3177,0.42500000000000004,1.0041195802811325
3178,0.42500000000000004,1.0041195802811325
3179,0.42500000000000004,1.0041195802811325
3180,0.42500000000000004,1.0041195802811325
3181,0.42500000000000004,1.0041195802811325
3182,0.42500000000000004,1.0041195802811325
3183,0.42500000000000004,1.0041195802811325
3184,0.42500000000000004,1.0041195802811325
3185,0.42500000000000004,1.0041195802811325
3186,0.42500000000000004,1.0041195802811325
3187,0.42500000000000004,1.0041195802811325
3188,0.42500000000000004,1.0041195802811325
3189,0.42500000000000004,1.0041195802811325
3190,0.42500000000000004,1.0041195802811325
3191,0.42500000000000004,1.0041195802811325
3192,0.42500000000000004,1.0041195802811325
3193,0.42500000000000004,1.0041195802811325
3194,0.42500000000000004,1.0041195802811325
3195,0.42500000000000004,1.0041195802811325
3196,0.42500000000000004,1.0041195802811325
3197,0.42500000000000004,1.0041195802811325
3198,0.42500000000000004,1.0041195802811325
3199,0.42500000000000004,1.0041195802811325
3200,0.42500000000000004,1.0041195802811325
3201,0.42500000000000004,1.0041195802811325
3202,0.42500000000000004,1.0041195802811325
3203,0.42500000000000004,1.0041195802811325
3204,0.42500000000000004,1.0041195802811325
3205,0.42500000000000004,1.0041195802811325
3206,0.42500000000000004,1.0041195802811325
3207,0.42500000000000004,1.0041195802811325
3208,0.42500000000000004,1.0041195802811325
3209,0.42500000000000004,1.0041195802811325
3210,0.42500000000000004,1.0041195802811325
3211,0.42500000000000004,1.0041195802811325
3212,0.42500000000000004,1.0041195802811325
3213,0.42500000000000004,1.0041195802811325
3214,0.42500000000000004,1.0041195802811325
3215,0.42500000000000004,1.0041195802811325
3216,0.42500000000000004,1.0041195802811325
3217,0.42500000000000004,1.0041195802811325
3218,0.42500000000000004,1.0041195802811325
3219,0.42500000000000004,1.0041195802811325
3220,0.42500000000000004,1.0041195802811325
3221,0.42500000000000004,1.0041195802811325
3222,0.42500000000000004,1.0041195802811325
3223,0.42500000000000004,1.0041195802811325
3224,0.42500000000000004,1.0041195802811325
3225,0.42500000000000004,1.0041195802811325
3226,0.42500000000000004,1.0041195802811325
3227,0.42500000000000004,1.0041195802811325
3228,0.42500000000000004,1.0041195802811325
3229,0.42500000000000004,1.0041195802811325
3230,0.42500000000000004,1.0041195802811325
3231,0.42500000000000004,1.0041195802811325
3232,0.42500000000000004,1.0041195802811325
3233,0.42500000000000004,1.0041195802811325
3234,0.42500000000000004,1.0041195802811325
3235,0.42500000000000004,1.0041195802811325
3236,0.42500000000000004,1.0041195802811325
3237,0.42500000000000004,1.0041195802811325
3238,0.42500000000000004,1.0041195802811325
3239,0.42500000000000004,1.0041195802811325
3240,0.42500000000000004,1.0041195802811325
3241,0.42500000000000004,1.0041195802811325
3242,0.42500000000000004,1.0041195802811325
3243,0.42500000000000004,1.0041195802811325
3244,0.42500000000000004,1.0041195802811325
3245,0.42500000000000004,1.0041195802811325
3246,0.42500000000000004,1.0041195802811325
3247,0.42500000000000004,1.0041195802811325
3248,0.42500000000000004,1.0041195802811325
3249,0.42500000000000004,1.0041195802811325
3250,0.42500000000000004,1.0041195802811325
3251,0.42500000000000004,1.0041195802811325
3252,0.42500000000000004,1.0041195802811325
3253,0.42500000000000004,1.0041195802811325
3254,0.42500000000000004,1.0041195802811325
3255,0.42500000000000004,1.0041195802811325
3256,0.42500000000000004,1.0041195802811325
3257,0.42500000000000004,1.0041195802811325
3258,0.42500000000000004,1.0041195802811325
3259,0.42500000000000004,1.0041195802811325
3260,0.42500000000000004,1.0041195802811325
3261,0.42500000000000004,1.0041195802811325
3262,0.42500000000000004,1.0041195802811325
3263,0.42500000000000004,1.0041195802811325
3264,0.42500000000000004,1.0041195802811325
3265,0.42500000000000004,1.0041195802811325
3266,0.42500000000000004,1.0041195802811325
3267,0.42500000000000004,1.0041195802811325
3268,0.42500000000000004,1.0041195802811325
3269,0.42500000000000004,1.0041195802811325
3270,0.42500000000000004,1.0041195802811325
3271,0.42500000000000004,1.0041195802811325
3272,0.42500000000000004,1.0041195802811325
3273,0.42500000000000004,1.0041195802811325
3274,0.42500000000000004,1.0041195802811325
3275,0.42500000000000004,1.0041195802811325
3276,0.42500000000000004,1.0041195802811325
3277,0.42500000000000004,1.0041195802811325
3278,0.42500000000000004,1.0041195802811325
3279,0.42500000000000004,1.0041195802811325
3280,0.42500000000000004,1.0041195802811325
3281,0.42500000000000004,1.0041195802811325
3282,0.42500000000000004,1.0041195802811325
3283,0.42500000000000004,1.0041195802811325
3284,0.42500000000000004,1.0041195802811325
3285,0.42500000000000004,1.0041195802811325
3286,0.42500000000000004,1.0041195802811325
3287,0.42500000000000004,1.0041195802811325
3288,0.42500000000000004,1.0041195802811325
3289,0.42500000000000004,1.0041195802811325
3290,0.42500000000000004,1.0041195802811325
3291,0.42500000000000004,1.0041195802811325
3292,0.42500000000000004,1.0041195802811325
3293,0.42500000000000004,1.0041195802811325
3294,0.42500000000000004,1.0041195802811325
3295,0.42500000000000004,1.0041195802811325
3296,0.42500000000000004,1.0041195802811325
3297,0.42500000000000004,1.0041195802811325
3298,0.42500000000000004,1.0041195802811325
3299,0.42500000000000004,1.0041195802811325
3300,0.42500000000000004,1.0041195802811325
3301,0.42500000000000004,1.0041195802811325
3302,0.42500000000000004,1.0041195802811325
3303,0.42500000000000004,1.0041195802811325
3304,0.42500000000000004,1.0041195802811325
3305,0.42500000000000004,1.0041195802811325
3306,0.42500000000000004,1.0041195802811325
3307,0.42500000000000004,1.0041195802811325
3308,0.42500000000000004,1.0041195802811325
3309,0.42500000000000004,1.0041195802811325
3310,0.42500000000000004,1.0041195802811325
3311,0.42500000000000004,1.0041195802811325
3312,0.42500000000000004,1.0041195802811325
3313,0.42500000000000004,1.0041195802811325
3314,0.42500000000000004,1.0041195802811325
3315,0.42500000000000004,1.0041195802811325
3316,0.42500000000000004,1.0041195802811325
3317,0.42500000000000004,1.0041195802811325
3318,0.42500000000000004,1.0041195802811325
3319,0.42500000000000004,1.0041195802811325
3320,0.42500000000000004,1.0041195802811325
3321,0.42500000000000004,1.0041195802811325
3322,0.42500000000000004,1.0041195802811325
3323,0.42500000000000004,1.0041195802811325
3324,0.42500000000000004,1.0041195802811325
3325,0.42500000000000004,1.0041195802811325
3326,0.42500000000000004,1.0041195802811325
3327,0.42500000000000004,1.0041195802811325
3328,0.42500000000000004,1.0041195802811325
3329,0.42500000000000004,1.0041195802811325
3330,0.42500000000000004,1.0041195802811325
3331,0.42500000000000004,1.0041195802811325
3332,0.42500000000000004,1.0041195802811325
3333,0.42500000000000004,1.0041195802811325
3334,0.42500000000000004,1.0041195802811325
3335,0.42500000000000004,1.0041195802811325
3336,0.42500000000000004,1.0041195802811325
3337,0.42500000000000004,1.0041195802811325
3338,0.42500000000000004,1.0041195802811325
3339,0.42500000000000004,1.0041195802811325
3340,0.42500000000000004,1.0041195802811325
3341,0.42500000000000004,1.0041195802811325
3342,0.42500000000000004,1.0041195802811325
3343,0.42500000000000004,1.0041195802811325
3344,0.42500000000000004,1.0041195802811325
3345,0.42500000000000004,1.0041195802811325
3346,0.42500000000000004,1.0041195802811325
3347,0.42500000000000004,1.0041195802811325
3348,0.42500000000000004,1.0041195802811325
3349,0.42500000000000004,1.0041195802811325
3350,0.42500000000000004,1.0041195802811325
3351,0.42500000000000004,1.0041195802811325
3352,0.42500000000000004,1.0041195802811325
3353,0.42500000000000004,1.0041195802811325
3354,0.42500000000000004,1.0041195802811325
3355,0.42500000000000004,1.0041195802811325
3356,0.42500000000000004,1.0041195802811325
3357,0.42500000000000004,1.0041195802811325
3358,0.42500000000000004,1.0041195802811325
3359,0.42500000000000004,1.0041195802811325
3360,0.42500000000000004,1.0041195802811325
3361,0.42500000000000004,1.0041195802811325
3362,0.42500000000000004,1.0041195802811325
3363,0.42500000000000004,1.0041195802811325
3364,0.42500000000000004,1.0041195802811325
3365,0.42500000000000004,1.0041195802811325
3366,0.42500000000000004,1.0041195802811325
3367,0.42500000000000004,1.0041195802811325
3368,0.42500000000000004,1.0041195802811325
3369,0.42500000000000004,1.0041195802811325
3370,0.42500000000000004,1.0041195802811325
3371,0.42500000000000004,1.0041195802811325
3372,0.42500000000000004,1.0041195802811325
3373,0.42500000000000004,1.0041195802811325
3374,0.42500000000000004,1.0041195802811325
3375,0.42500000000000004,1.0041195802811325
3376,0.42500000000000004,1.0041195802811325
3377,0.42500000000000004,1.0041195802811325
3378,0.42500000000000004,1.0041195802811325
3379,0.42500000000000004,1.0041195802811325
3380,0.42500000000000004,1.0041195802811325
3381,0.42500000000000004,1.0041195802811325
3382,0.42500000000000004,1.0041195802811325
3383,0.42500000000000004,1.0041195802811325
3384,0.42500000000000004,1.0041195802811325
3385,0.42500000000000004,1.0041195802811325
3386,0.42500000000000004,1.0041195802811325
3387,0.42500000000000004,1.0041195802811325
3388,0.42500000000000004,1.0041195802811325
3389,0.42500000000000004,1.0041195802811325
3390,0.42500000000000004,1.0041195802811325
3391,0.42500000000000004,1.0041195802811325
3392,0.42500000000000004,1.0041195802811325
3393,0.42500000000000004,1.0041195802811325
3394,0.42500000000000004,1.0041195802811325
3395,0.42500000000000004,1.0041195802811325
3396,0.42500000000000004,1.0041195802811325
3397,0.42500000000000004,1.0041195802811325
3398,0.42500000000000004,1.0041195802811325
3399,0.42500000000000004,1.0041195802811325
3400,0.42500000000000004,1.0041195802811325
3401,0.42500000000000004,1.0041195802811325
3402,0.42500000000000004,1.0041195802811325
3403,0.42500000000000004,1.0041195802811325
3404,0.42500000000000004,1.0041195802811325
3405,0.42500000000000004,1.0041195802811325
3406,0.42500000000000004,1.0041195802811325
3407,0.42500000000000004,1.0041195802811325
3408,0.42500000000000004,1.0041195802811325
3409,0.42500000000000004,1.0041195802811325
3410,0.42500000000000004,1.0041195802811325
3411,0.42500000000000004,1.0041195802811325
3412,0.42500000000000004,1.0041195802811325
3413,0.42500000000000004,1.0041195802811325
3414,0.42500000000000004,1.0041195802811325
3415,0.42500000000000004,1.0041195802811325
3416,0.42500000000000004,1.0041195802811325
3417,0.42500000000000004,1.0041195802811325
3418,0.42500000000000004,1.0041195802811325
3419,0.42500000000000004,1.0041195802811325
3420,0.42500000000000004,1.0041195802811325
3421,0.42500000000000004,1.0041195802811325
3422,0.42500000000000004,1.0041195802811325
3423,0.42500000000000004,1.0041195802811325
3424,0.42500000000000004,1.0041195802811325
3425,0.42500000000000004,1.0041195802811325
3426,0.42500000000000004,1.0041195802811325
3427,0.42500000000000004,1.0041195802811325
3428,0.42500000000000004,1.0041195802811325
3429,0.42500000000000004,1.0041195802811325
3430,0.42500000000000004,1.0041195802811325
3431,0.42500000000000004,1.0041195802811325
3432,0.42500000000000004,1.0041195802811325
3433,0.42500000000000004,1.0041195802811325
3434,0.42500000000000004,1.0041195802811325
3435,0.42500000000000004,1.0041195802811325
3436,0.42500000000000004,1.0041195802811325
3437,0.42500000000000004,1.0041195802811325
3438,0.42500000000000004,1.0041195802811325
3439,0.42500000000000004,1.0041195802811325
3440,0.42500000000000004,1.0041195802811325
3441,0.42500000000000004,1.0041195802811325
3442,0.42500000000000004,1.0041195802811325
3443,0.42500000000000004,1.0041195802811325
3444,0.42500000000000004,1.0041195802811325
3445,0.42500000000000004,1.0041195802811325
3446,0.42500000000000004,1.0041195802811325
3447,0.42500000000000004,1.0041195802811325
3448,0.42500000000000004,1.0041195802811325
3449,0.42500000000000004,1.0041195802811325
3450,0.42500000000000004,1.0041195802811325
3451,0.42500000000000004,1.0041195802811325
3452,0.42500000000000004,1.0041195802811325
3453,0.42500000000000004,1.0041195802811325
3454,0.42500000000000004,1.0041195802811325
3455,0.42500000000000004,1.0041195802811325
3456,0.42500000000000004,1.0041195802811325
3457,0.42500000000000004,1.0041195802811325
3458,0.42500000000000004,1.0041195802811325
3459,0.42500000000000004,1.0041195802811325
3460,0.42500000000000004,1.0041195802811325
3461,0.42500000000000004,1.0041195802811325
3462,0.42500000000000004,1.0041195802811325
3463,0.42500000000000004,1.0041195802811325
3464,0.42500000000000004,1.0041195802811325
3465,0.42500000000000004,1.0041195802811325
3466,0.42500000000000004,1.0041195802811325
3467,0.42500000000000004,1.0041195802811325
3468,0.42500000000000004,1.0041195802811325
3469,0.42500000000000004,1.0041195802811325
3470,0.42500000000000004,1.0041195802811325
3471,0.42500000000000004,1.0041195802811325
3472,0.42500000000000004,1.0041195802811325
3473,0.42500000000000004,1.0041195802811325
3474,0.42500000000000004,1.0041195802811325
3475,0.42500000000000004,1.0041195802811325
3476,0.42500000000000004,1.0041195802811325
3477,0.42500000000000004,1.0041195802811325
3478,0.42500000000000004,1.0041195802811325
3479,0.42500000000000004,1.0041195802811325
3480,0.42500000000000004,1.0041195802811325
3481,0.42500000000000004,1.0041195802811325
3482,0.42500000000000004,1.0041195802811325
3483,0.42500000000000004,1.0041195802811325
3484,0.42500000000000004,1.0041195802811325
3485,0.42500000000000004,1.0041195802811325
3486,0.42500000000000004,1.0041195802811325
3487,0.42500000000000004,1.0041195802811325
3488,0.42500000000000004,1.0041195802811325
3489,0.42500000000000004,1.0041195802811325
3490,0.42500000000000004,1.0041195802811325
3491,0.42500000000000004,1.0041195802811325
3492,0.42500000000000004,1.0041195802811325
3493,0.42500000000000004,1.0041195802811325
3494,0.42500000000000004,1.0041195802811325
3495,0.42500000000000004,1.0041195802811325
3496,0.42500000000000004,1.0041195802811325
3497,0.42500000000000004,1.0041195802811325
3498,0.42500000000000004,1.0041195802811325
3499,0.42500000000000004,1.0041195802811325
3500,0.42500000000000004,1.0041195802811325
3501,0.42500000000000004,1.0041195802811325
3502,0.42500000000000004,1.0041195802811325
3503,0.42500000000000004,1.0041195802811325
3504,0.42500000000000004,1.0041195802811325
3505,0.42500000000000004,1.0041195802811325
3506,0.42500000000000004,1.0041195802811325
3507,0.42500000000000004,1.0041195802811325
3508,0.42500000000000004,1.0041195802811325
3509,0.42500000000000004,1.0041195802811325
3510,0.42500000000000004,1.0041195802811325
3511,0.42500000000000004,1.0041195802811325
3512,0.42500000000000004,1.0041195802811325
3513,0.42500000000000004,1.0041195802811325
3514,0.42500000000000004,1.0041195802811325
3515,0.42500000000000004,1.0041195802811325
3516,0.42500000000000004,1.0041195802811325
3517,0.42500000000000004,1.0041195802811325
3518,0.42500000000000004,1.0041195802811325
3519,0.42500000000000004,1.0041195802811325
3520,0.42500000000000004,1.0041195802811325
3521,0.42500000000000004,1.0041195802811325
3522,0.42500000000000004,1.0041195802811325
3523,0.42500000000000004,1.0041195802811325
3524,0.42500000000000004,1.0041195802811325
3525,0.42500000000000004,1.0041195802811325
3526,0.42500000000000004,1.0041195802811325
3527,0.42500000000000004,1.0041195802811325
3528,0.42500000000000004,1.0041195802811325
3529,0.42500000000000004,1.0041195802811325
3530,0.42500000000000004,1.0041195802811325
3531,0.42500000000000004,1.0041195802811325
3532,0.42500000000000004,1.0041195802811325
3533,0.42500000000000004,1.0041195802811325
3534,0.42500000000000004,1.0041195802811325
3535,0.42500000000000004,1.0041195802811325
3536,0.42500000000000004,1.0041195802811325
3537,0.42500000000000004,1.0041195802811325
3538,0.42500000000000004,1.0041195802811325
3539,0.42500000000000004,1.0041195802811325
3540,0.42500000000000004,1.0041195802811325
3541,0.42500000000000004,1.0041195802811325
3542,0.42500000000000004,1.0041195802811325
3543,0.42500000000000004,1.0041195802811325
3544,0.42500000000000004,1.0041195802811325
3545,0.42500000000000004,1.0041195802811325
3546,0.42500000000000004,1.0041195802811325
3547,0.42500000000000004,1.0041195802811325
3548,0.42500000000000004,1.0041195802811325
3549,0.42500000000000004,1.0041195802811325
3550,0.42500000000000004,1.0041195802811325
3551,0.42500000000000004,1.0041195802811325
3552,0.42500000000000004,1.0041195802811325
3553,0.42500000000000004,1.0041195802811325
3554,0.42500000000000004,1.0041195802811325
3555,0.42500000000000004,1.0041195802811325
3556,0.42500000000000004,1.0041195802811325
3557,0.42500000000000004,1.0041195802811325
3558,0.42500000000000004,1.0041195802811325
3559,0.42500000000000004,1.0041195802811325
3560,0.42500000000000004,1.0041195802811325
3561,0.42500000000000004,1.0041195802811325
3562,0.42500000000000004,1.0041195802811325
3563,0.42500000000000004,1.0041195802811325
3564,0.42500000000000004,1.0041195802811325
3565,0.42500000000000004,1.0041195802811325
3566,0.42500000000000004,1.0041195802811325
3567,0.42500000000000004,1.0041195802811325
3568,0.42500000000000004,1.0041195802811325
3569,0.42500000000000004,1.0041195802811325
3570,0.42500000000000004,1.0041195802811325
3571,0.42500000000000004,1.0041195802811325
3572,0.42500000000000004,1.0041195802811325
3573,0.42500000000000004,1.0041195802811325
3574,0.42500000000000004,1.0041195802811325
3575,0.42500000000000004,1.0041195802811325
3576,0.42500000000000004,1.0041195802811325
3577,0.42500000000000004,1.0041195802811325
3578,0.42500000000000004,1.0041195802811325
3579,0.42500000000000004,1.0041195802811325
3580,0.42500000000000004,1.0041195802811325
3581,0.42500000000000004,1.0041195802811325
3582,0.42500000000000004,1.0041195802811325
3583,0.42500000000000004,1.0041195802811325
3584,0.42500000000000004,1.0041195802811325
3585,0.42500000000000004,1.0041195802811325
3586,0.42500000000000004,1.0041195802811325
3587,0.42500000000000004,1.0041195802811325
3588,0.42500000000000004,1.0041195802811325
3589,0.42500000000000004,1.0041195802811325
3590,0.42500000000000004,1.0041195802811325
3591,0.42500000000000004,1.0041195802811325
3592,0.42500000000000004,1.0041195802811325
3593,0.42500000000000004,1.0041195802811325
3594,0.42500000000000004,1.0041195802811325
3595,0.42500000000000004,1.0041195802811325
3596,0.42500000000000004,1.0041195802811325
3597,0.42500000000000004,1.0041195802811325
3598,0.42500000000000004,1.0041195802811325
3599,0.42500000000000004,1.0041195802811325
3600,0.42500000000000004,1.0041195802811325
3601,0.42500000000000004,1.0041195802811325
3602,0.42500000000000004,1.0041195802811325
3603,0.42500000000000004,1.0041195802811325
3604,0.42500000000000004,1.0041195802811325
3605,0.42500000000000004,1.0041195802811325
3606,0.42500000000000004,1.0041195802811325
3607,0.42500000000000004,1.0041195802811325
3608,0.42500000000000004,1.0041195802811325
3609,0.42500000000000004,1.0041195802811325
3610,0.42500000000000004,1.0041195802811325
3611,0.42500000000000004,1.0041195802811325
3612,0.42500000000000004,1.0041195802811325
3613,0.42500000000000004,1.0041195802811325
3614,0.42500000000000004,1.0041195802811325
3615,0.42500000000000004,1.0041195802811325
3616,0.42500000000000004,1.0041195802811325
3617,0.42500000000000004,1.0041195802811325
3618,0.42500000000000004,1.0041195802811325
3619,0.42500000000000004,1.0041195802811325
3620,0.42500000000000004,1.0041195802811325
3621,0.42500000000000004,1.0041195802811325
3622,0.42500000000000004,1.0041195802811325
3623,0.42500000000000004,1.0041195802811325
3624,0.42500000000000004,1.0041195802811325
3625,0.42500000000000004,1.0041195802811325
3626,0.42500000000000004,1.0041195802811325
3627,0.42500000000000004,1.0041195802811325
3628,0.42500000000000004,1.0041195802811325
3629,0.42500000000000004,1.0041195802811325
3630,0.42500000000000004,1.0041195802811325
3631,0.42500000000000004,1.0041195802811325
3632,0.42500000000000004,1.0041195802811325
3633,0.42500000000000004,1.0041195802811325
3634,0.42500000000000004,1.0041195802811325
3635,0.42500000000000004,1.0041195802811325
3636,0.42500000000000004,1.0041195802811325
3637,0.42500000000000004,1.0041195802811325
3638,0.42500000000000004,1.0041195802811325
3639,0.42500000000000004,1.0041195802811325
3640,0.42500000000000004,1.0041195802811325
3641,0.42500000000000004,1.0041195802811325
3642,0.42500000000000004,1.0041195802811325
3643,0.42500000000000004,1.0041195802811325
3644,0.42500000000000004,1.0041195802811325
3645,0.42500000000000004,1.0041195802811325
3646,0.42500000000000004,1.0041195802811325
3647,0.42500000000000004,1.0041195802811325
3648,0.42500000000000004,1.0041195802811325
3649,0.42500000000000004,1.0041195802811325
3650,0.42500000000000004,1.0041195802811325
3651,0.42500000000000004,1.0041195802811325
3652,0.42500000000000004,1.0041195802811325
3653,0.42500000000000004,1.0041195802811325
3654,0.42500000000000004,1.0041195802811325
3655,0.42500000000000004,1.0041195802811325
3656,0.42500000000000004,1.0041195802811325
3657,0.42500000000000004,1.0041195802811325
3658,0.42500000000000004,1.0041195802811325
3659,0.42500000000000004,1.0041195802811325
3660,0.42500000000000004,1.0041195802811325
3661,0.42500000000000004,1.0041195802811325
3662,0.42500000000000004,1.0041195802811325
3663,0.42500000000000004,1.0041195802811325
3664,0.42500000000000004,1.0041195802811325
3665,0.42500000000000004,1.0041195802811325
3666,0.42500000000000004,1.0041195802811325
3667,0.42500000000000004,1.0041195802811325
3668,0.42500000000000004,1.0041195802811325
3669,0.42500000000000004,1.0041195802811325
3670,0.42500000000000004,1.0041195802811325
3671,0.42500000000000004,1.0041195802811325
3672,0.42500000000000004,1.0041195802811325
3673,0.42500000000000004,1.0041195802811325
3674,0.42500000000000004,1.0041195802811325
3675,0.42500000000000004,1.0041195802811325
3676,0.42500000000000004,1.0041195802811325
3677,0.42500000000000004,1.0041195802811325
3678,0.42500000000000004,1.0041195802811325
3679,0.42500000000000004,1.0041195802811325
3680,0.42500000000000004,1.0041195802811325
3681,0.42500000000000004,1.0041195802811325
3682,0.42500000000000004,1.0041195802811325
3683,0.42500000000000004,1.0041195802811325
3684,0.42500000000000004,1.0041195802811325
3685,0.42500000000000004,1.0041195802811325
3686,0.42500000000000004,1.0041195802811325
3687,0.42500000000000004,1.0041195802811325
3688,0.42500000000000004,1.0041195802811325
3689,0.42500000000000004,1.0041195802811325
3690,0.42500000000000004,1.0041195802811325
3691,0.42500000000000004,1.0041195802811325
3692,0.42500000000000004,1.0041195802811325
3693,0.42500000000000004,1.0041195802811325
3694,0.42500000000000004,1.0041195802811325
3695,0.42500000000000004,1.0041195802811325
3696,0.42500000000000004,1.0041195802811325
3697,0.42500000000000004,1.0041195802811325
3698,0.42500000000000004,1.0041195802811325
3699,0.42500000000000004,1.0041195802811325
3700,0.42500000000000004,1.0041195802811325
3701,0.42500000000000004,1.0041195802811325
3702,0.42500000000000004,1.0041195802811325
3703,0.42500000000000004,1.0041195802811325
3704,0.42500000000000004,1.0041195802811325
3705,0.42500000000000004,1.0041195802811325
3706,0.42500000000000004,1.0041195802811325
3707,0.42500000000000004,1.0041195802811325
3708,0.42500000000000004,1.0041195802811325
3709,0.42500000000000004,1.0041195802811325
3710,0.42500000000000004,1.0041195802811325
3711,0.42500000000000004,1.0041195802811325
3712,0.42500000000000004,1.0041195802811325
3713,0.42500000000000004,1.0041195802811325
3714,0.42500000000000004,1.0041195802811325
3715,0.42500000000000004,1.0041195802811325
3716,0.42500000000000004,1.0041195802811325
3717,0.42500000000000004,1.0041195802811325
3718,0.42500000000000004,1.0041195802811325
3719,0.42500000000000004,1.0041195802811325
3720,0.42500000000000004,1.0041195802811325
3721,0.42500000000000004,1.0041195802811325
3722,0.42500000000000004,1.0041195802811325
3723,0.42500000000000004,1.0041195802811325
3724,0.42500000000000004,1.0041195802811325
3725,0.42500000000000004,1.0041195802811325
3726,0.42500000000000004,1.0041195802811325
3727,0.42500000000000004,1.0041195802811325
3728,0.42500000000000004,1.0041195802811325
3729,0.42500000000000004,1.0041195802811325
3730,0.42500000000000004,1.0041195802811325
3731,0.42500000000000004,1.0041195802811325
3732,0.42500000000000004,1.0041195802811325
3733,0.42500000000000004,1.0041195802811325
3734,0.42500000000000004,1.0041195802811325
3735,0.42500000000000004,1.0041195802811325
3736,0.42500000000000004,1.0041195802811325
3737,0.42500000000000004,1.0041195802811325
3738,0.42500000000000004,1.0041195802811325
3739,0.42500000000000004,1.0041195802811325
3740,0.42500000000000004,1.0041195802811325
3741,0.42500000000000004,1.0041195802811325
3742,0.42500000000000004,1.0041195802811325
3743,0.42500000000000004,1.0041195802811325
3744,0.42500000000000004,1.0041195802811325
3745,0.42500000000000004,1.0041195802811325
3746,0.42500000000000004,1.0041195802811325
3747,0.42500000000000004,1.0041195802811325
3748,0.42500000000000004,1.0041195802811325
3749,0.42500000000000004,1.0041195802811325
3750,0.42500000000000004,1.0041195802811325
3751,0.42500000000000004,1.0041195802811325
3752,0.42500000000000004,1.0041195802811325
3753,0.42500000000000004,1.0041195802811325
3754,0.42500000000000004,1.0041195802811325
3755,0.42500000000000004,1.0041195802811325
3756,0.42500000000000004,1.0041195802811325
3757,0.42500000000000004,1.0041195802811325
3758,0.42500000000000004,1.0041195802811325
3759,0.42500000000000004,1.0041195802811325
3760,0.42500000000000004,1.0041195802811325
3761,0.42500000000000004,1.0041195802811325
3762,0.42500000000000004,1.0041195802811325
3763,0.42500000000000004,1.0041195802811325
3764,0.42500000000000004,1.0041195802811325
3765,0.29,1.0041195802811325
3766,0.29,1.0041195802811325
3767,0.29,1.0041195802811325
3768,0.29,1.0041195802811325
3769,0.29,1.0041195802811325
3770,0.29,1.0041195802811325
3771,0.29,1.0041195802811325
3772,0.29,1.0041195802811325
3773,0.29,1.0041195802811325
3774,0.29,1.0041195802811325
3775,0.29,1.0041195802811325
3776,0.29,1.0041195802811325
3777,0.29,1.0041195802811325
3778,0.29,1.0041195802811325
3779,0.29,1.0041195802811325
3780,0.29,1.0041195802811325
3781,0.29,1.0041195802811325
3782,0.29,1.0041195802811325
3783,0.29,1.0041195802811325
3784,0.29,1.0041195802811325
3785,0.29,1.0041195802811325
3786,0.29,1.0041195802811325
3787,0.29,1.0041195802811325
3788,0.29,1.0041195802811325
3789,0.29,1.0041195802811325
3790,0.29,1.0041195802811325
3791,0.29,1.0041195802811325
3792,0.29,1.0041195802811325
3793,0.29,1.0041195802811325
3794,0.29,1.0041195802811325
3795,0.29,1.0041195802811325
3796,0.29,1.0041195802811325
3797,0.29,1.0041195802811325
3798,0.29,1.0041195802811325
3799,0.29,1.0041195802811325
3800,0.29,1.0041195802811325
3801,0.29,1.0041195802811325
3802,0.29,1.0041195802811325
3803,0.29,1.0041195802811325
3804,0.29,1.0041195802811325
3805,0.29,1.0041195802811325
3806,0.29,1.0041195802811325
3807,0.29,1.0041195802811325
3808,0.29,1.0041195802811325
3809,0.29,1.0041195802811325
3810,0.29,1.0041195802811325
3811,0.29,1.0041195802811325
3812,0.29,1.0041195802811325
3813,0.29,1.0041195802811325
3814,0.29,1.0041195802811325
3815,0.29,1.0041195802811325
3816,0.29,1.0041195802811325
3817,0.29,1.0041195802811325
3818,0.29,1.0041195802811325
3819,0.29,1.0041195802811325
3820,0.29,1.0041195802811325
3821,0.29,1.0041195802811325
3822,0.29,1.0041195802811325
3823,0.29,1.0041195802811325
3824,0.29,1.0041195802811325
3825,0.29,1.0041195802811325
3826,0.29,1.0041195802811325
3827,0.29,1.0041195802811325
3828,0.29,1.0041195802811325
3829,0.29,1.0041195802811325
3830,0.29,1.0041195802811325
3831,0.29,1.0041195802811325
3832,0.29,1.0041195802811325
3833,0.29,1.0041195802811325
3834,0.29,1.0041195802811325
3835,0.29,1.0041195802811325
3836,0.29,1.0041195802811325
3837,0.29,1.0041195802811325
3838,0.29,1.0041195802811325
3839,0.29,1.0041195802811325
3840,0.29,1.0041195802811325
3841,0.29,1.0041195802811325
3842,0.29,1.0041195802811325
3843,0.29,1.0041195802811325
3844,0.29,1.0041195802811325
3845,0.29,1.0041195802811325
3846,0.29,1.0041195802811325
3847,0.29,1.0041195802811325
3848,0.29,1.0041195802811325
3849,0.29,1.0041195802811325
3850,0.29,1.0041195802811325
3851,0.29,1.0041195802811325
3852,0.29,1.0041195802811325
3853,0.29,1.0041195802811325
3854,0.29,1.0041195802811325
3855,0.29,1.0041195802811325
3856,0.29,1.0041195802811325
3857,0.29,1.0041195802811325
3858,0.29,1.0041195802811325
3859,0.29,1.0041195802811325
3860,0.29,1.0041195802811325
3861,0.29,1.0041195802811325
3862,0.29,1.0041195802811325
3863,0.29,1.0041195802811325
3864,0.29,1.0041195802811325
3865,0.29,1.0041195802811325
3866,0.29,1.0041195802811325
3867,0.29,1.0041195802811325
3868,0.29,1.0041195802811325
3869,0.29,1.0041195802811325
3870,0.29,1.0041195802811325
3871,0.29,1.0041195802811325
3872,0.29,1.0041195802811325
3873,0.29,1.0041195802811325
3874,0.29,1.0041195802811325
3875,0.29,1.0041195802811325
3876,0.29,1.0041195802811325
3877,0.29,1.0041195802811325
3878,0.29,1.0041195802811325
3879,0.29,1.0041195802811325
3880,0.29,1.0041195802811325
3881,0.29,1.0041195802811325
3882,0.29,1.0041195802811325
3883,0.29,1.0041195802811325
3884,0.29,1.0041195802811325
3885,0.29,1.0041195802811325
3886,0.29,1.0041195802811325
3887,0.29,1.0041195802811325
3888,0.29,1.0041195802811325
3889,0.29,1.0041195802811325
3890,0.29,1.0041195802811325
3891,0.29,1.0041195802811325
3892,0.29,1.0041195802811325
3893,0.29,1.0041195802811325
3894,0.29,1.0041195802811325
3895,0.29,1.0041195802811325
3896,0.29,1.0041195802811325
3897,0.29,1.0041195802811325
3898,0.29,1.0041195802811325
3899,0.29,1.0041195802811325
3900,0.29,1.0041195802811325
3901,0.29,1.0041195802811325
3902,0.29,1.0041195802811325
3903,0.29,1.0041195802811325
3904,0.29,1.0041195802811325
3905,0.29,1.0041195802811325
3906,0.29,1.0041195802811325
3907,0.29,1.0041195802811325
3908,0.29,1.0041195802811325
3909,0.29,1.0041195802811325
3910,0.29,1.0041195802811325
3911,0.29,1.0041195802811325
3912,0.29,1.0041195802811325
3913,0.29,1.0041195802811325
3914,0.29,1.0041195802811325
3915,0.29,1.0041195802811325
3916,0.29,1.0041195802811325
3917,0.29,1.0041195802811325
3918,0.29,1.0041195802811325
3919,0.29,1.0041195802811325
3920,0.29,1.0041195802811325
3921,0.29,1.0041195802811325
3922,0.29,1.0041195802811325
3923,0.29,1.0041195802811325
3924,0.29,1.0041195802811325
3925,0.29,1.0041195802811325
3926,0.29,1.0041195802811325
3927,0.29,1.0041195802811325
3928,0.29,1.0041195802811325
3929,0.29,1.0041195802811325
3930,0.29,1.0041195802811325
3931,0.29,1.0041195802811325
3932,0.29,1.0041195802811325
3933,0.29,1.0041195802811325
3934,0.29,1.0041195802811325
3935,0.29,1.0041195802811325
3936,0.29,1.0041195802811325
3937,0.29,1.0041195802811325
3938,0.29,1.0041195802811325
3939,0.29,1.0041195802811325
3940,0.29,1.0041195802811325
3941,0.29,1.0041195802811325
3942,0.29,1.0041195802811325
3943,0.29,1.0041195802811325
3944,0.29,1.0041195802811325
3945,0.29,1.0041195802811325
3946,0.29,1.0041195802811325
3947,0.29,1.0041195802811325
3948,0.29,1.0041195802811325
3949,0.29,1.0041195802811325
3950,0.29,1.0041195802811325
3951,0.29,1.0041195802811325
3952,0.29,1.0041195802811325
3953,0.29,1.0041195802811325
3954,0.29,1.0041195802811325
3955,0.29,1.0041195802811325
3956,0.29,1.0041195802811325
3957,0.29,1.0041195802811325
3958,0.29,1.0041195802811325
3959,0.29,1.0041195802811325
3960,0.29,1.0041195802811325
3961,0.29,1.0041195802811325
3962,0.29,1.0041195802811325
3963,0.29,1.0041195802811325
3964,0.29,1.0041195802811325
3965,0.29,1.0041195802811325
3966,0.29,1.0041195802811325
3967,0.29,1.0041195802811325
3968,0.29,1.0041195802811325
3969,0.29,1.0041195802811325
3970,0.29,1.0041195802811325
3971,0.29,1.0041195802811325
3972,0.29,1.0041195802811325
3973,0.29,1.0041195802811325
3974,0.29,1.0041195802811325
3975,0.29,1.0041195802811325
3976,0.29,1.0041195802811325
3977,0.29,1.0041195802811325
3978,0.29,1.0041195802811325
3979,0.29,1.0041195802811325
3980,0.29,1.0041195802811325
3981,0.29,1.0041195802811325
3982,0.29,1.0041195802811325
3983,0.29,1.0041195802811325
3984,0.29,1.0041195802811325
3985,0.29,1.0041195802811325
3986,0.29,1.0041195802811325
3987,0.29,1.0041195802811325
3988,0.29,1.0041195802811325
3989,0.29,1.0041195802811325
3990,0.29,1.0041195802811325
3991,0.29,1.0041195802811325
3992,0.29,1.0041195802811325
3993,0.29,1.0041195802811325
3994,0.29,1.0041195802811325
3995,0.29,1.0041195802811325
3996,0.29,1.0041195802811325
3997,0.29,1.0041195802811325
3998,0.29,1.0041195802811325
3999,0.29,1.0041195802811325
4000,0.29,1.0041195802811325
4001,0.29,1.0041195802811325
4002,0.29,1.0041195802811325
4003,0.29,1.0041195802811325
4004,0.29,1.0041195802811325
4005,0.29,1.0041195802811325
4006,0.29,1.0041195802811325
4007,0.29,1.0041195802811325
4008,0.29,1.0041195802811325
4009,0.29,1.0041195802811325
4010,0.29,1.0041195802811325
4011,0.29,1.0041195802811325
4012,0.29,1.0041195802811325
4013,0.29,1.0041195802811325
4014,0.29,1.0041195802811325
4015,0.29,1.0041195802811325
4016,0.29,1.0041195802811325
4017,0.29,1.0041195802811325
4018,0.29,1.0041195802811325
4019,0.29,1.0041195802811325
4020,0.29,1.0041195802811325
4021,0.29,1.0041195802811325
4022,0.29,1.0041195802811325
4023,0.29,1.0041195802811325
4024,0.29,1.0041195802811325
4025,0.29,1.0041195802811325
4026,0.29,1.0041195802811325
4027,0.29,1.0041195802811325
4028,0.29,1.0041195802811325
4029,0.29,1.0041195802811325
4030,0.29,1.0041195802811325
4031,0.29,1.0041195802811325
4032,0.29,1.0041195802811325
4033,0.29,1.0041195802811325
4034,0.29,1.0041195802811325
4035,0.29,1.0041195802811325
4036,0.29,1.0041195802811325
4037,0.29,1.0041195802811325
4038,0.29,1.0041195802811325
4039,0.29,1.0041195802811325
4040,0.29,1.0041195802811325
4041,0.29,1.0041195802811325
4042,0.29,1.0041195802811325
4043,0.29,1.0041195802811325
4044,0.29,1.0041195802811325
4045,0.29,1.0041195802811325
4046,0.29,1.0041195802811325
4047,0.29,1.0041195802811325
4048,0.29,1.0041195802811325
4049,0.29,1.0041195802811325
4050,0.29,1.0041195802811325
4051,0.29,1.0041195802811325
4052,0.29,1.0041195802811325
4053,0.29,1.0041195802811325
4054,0.29,1.0041195802811325
4055,0.29,1.0041195802811325
4056,0.29,1.0041195802811325
4057,0.29,1.0041195802811325
4058,0.29,1.0041195802811325
4059,0.29,1.0041195802811325
4060,0.29,1.0041195802811325
4061,0.29,1.0041195802811325
4062,0.29,1.0041195802811325
4063,0.29,1.0041195802811325
4064,0.29,1.0041195802811325
4065,0.29,1.0041195802811325
4066,0.29,1.0041195802811325
4067,0.29,1.0041195802811325
4068,0.29,1.0041195802811325
4069,0.29,1.0041195802811325
4070,0.29,1.0041195802811325
4071,0.29,1.0041195802811325
4072,0.29,1.0041195802811325
4073,0.29,1.0041195802811325
4074,0.29,1.0041195802811325
4075,0.29,1.0041195802811325
4076,0.29,1.0041195802811325
4077,0.29,1.0041195802811325
4078,0.29,1.0041195802811325
4079,0.29,1.0041195802811325
4080,0.29,1.0041195802811325
4081,0.29,1.0041195802811325
4082,0.29,1.0041195802811325
4083,0.29,1.0041195802811325
4084,0.29,1.0041195802811325
4085,0.29,1.0041195802811325
4086,0.29,1.0041195802811325
4087,0.29,1.0041195802811325
4088,0.29,1.0041195802811325
4089,0.29,1.0041195802811325
4090,0.29,1.0041195802811325
4091,0.29,1.0041195802811325
4092,0.29,1.0041195802811325
4093,0.29,1.0041195802811325
4094,0.29,1.0041195802811325
4095,0.29,1.0041195802811325
4096,0.29,1.0041195802811325
4097,0.29,1.0041195802811325
4098,0.29,1.0041195802811325
4099,0.29,1.0041195802811325
4100,0.29,1.0041195802811325
4101,0.29,1.0041195802811325
4102,0.29,1.0041195802811325
4103,0.29,1.0041195802811325
4104,0.29,1.0041195802811325
4105,0.29,1.0041195802811325
4106,0.29,1.0041195802811325
4107,0.29,1.0041195802811325
4108,0.29,1.0041195802811325
4109,0.29,1.0041195802811325
4110,0.29,1.0041195802811325
4111,0.29,1.0041195802811325
4112,0.29,1.0041195802811325
4113,0.29,1.0041195802811325
4114,0.29,1.0041195802811325
4115,0.29,1.0041195802811325
4116,0.29,1.0041195802811325
4117,0.29,1.0041195802811325
4118,0.29,1.0041195802811325
4119,0.29,1.0041195802811325
4120,0.29,1.0041195802811325
4121,0.29,1.0041195802811325
4122,0.29,1.0041195802811325
4123,0.29,1.0041195802811325
4124,0.29,1.0041195802811325
4125,0.29,1.0041195802811325
4126,0.29,1.0041195802811325
4127,0.29,1.0041195802811325
4128,0.29,1.0041195802811325
4129,0.29,1.0041195802811325
4130,0.29,1.0041195802811325
4131,0.29,1.0041195802811325
4132,0.29,1.0041195802811325
4133,0.29,1.0041195802811325
4134,0.29,1.0041195802811325
4135,0.29,1.0041195802811325
4136,0.29,1.0041195802811325
4137,0.29,1.0041195802811325
4138,0.29,1.0041195802811325
4139,0.29,1.0041195802811325
4140,0.29,1.0041195802811325
4141,0.29,1.0041195802811325
4142,0.29,1.0041195802811325
4143,0.29,1.0041195802811325
4144,0.29,1.0041195802811325
4145,0.29,1.0041195802811325
4146,0.29,1.0041195802811325
4147,0.29,1.0041195802811325
4148,0.29,1.0041195802811325
4149,0.29,1.0041195802811325
4150,0.29,1.0041195802811325
4151,0.29,1.0041195802811325
4152,0.29,1.0041195802811325
4153,0.29,1.0041195802811325
4154,0.29,1.0041195802811325
4155,0.29,1.0041195802811325
4156,0.29,1.0041195802811325
4157,0.29,1.0041195802811325
4158,0.29,1.0041195802811325
4159,0.29,1.0041195802811325
4160,0.29,1.0041195802811325
4161,0.29,1.0041195802811325
4162,0.29,1.0041195802811325
4163,0.29,1.0041195802811325
4164,0.29,1.0041195802811325
4165,0.29,1.0041195802811325
4166,0.29,1.0041195802811325
4167,0.29,1.0041195802811325
4168,0.29,1.0041195802811325
4169,0.29,1.0041195802811325
4170,0.29,1.0041195802811325
4171,0.29,1.0041195802811325
4172,0.29,1.0041195802811325
4173,0.29,1.0041195802811325
4174,0.29,1.0041195802811325
4175,0.29,1.0041195802811325
4176,0.29,1.0041195802811325
4177,0.29,1.0041195802811325
4178,0.29,1.0041195802811325
4179,0.29,1.0041195802811325
4180,0.29,1.0041195802811325
4181,0.29,1.0041195802811325
4182,0.29,1.0041195802811325
4183,0.29,1.0041195802811325
4184,0.29,1.0041195802811325
4185,0.29,1.0041195802811325
4186,0.29,1.0041195802811325
4187,0.29,1.0041195802811325
4188,0.29,1.0041195802811325
4189,0.29,1.0041195802811325
4190,0.29,1.0041195802811325
4191,0.29,1.0041195802811325
4192,0.29,1.0041195802811325
4193,0.29,1.0041195802811325
4194,0.29,1.0041195802811325
4195,0.29,1.0041195802811325
4196,0.29,1.0041195802811325
4197,0.29,1.0041195802811325
4198,0.29,1.0041195802811325
4199,0.29,1.0041195802811325
4200,0.29,1.0041195802811325
4201,0.29,1.0041195802811325
4202,0.29,1.0041195802811325
4203,0.29,1.0041195802811325
4204,0.29,1.0041195802811325
4205,0.29,1.0041195802811325
4206,0.29,1.0041195802811325
4207,0.29,1.0041195802811325
4208,0.29,1.0041195802811325
4209,0.29,1.0041195802811325
4210,0.29,1.0041195802811325
4211,0.29,1.0041195802811325
4212,0.29,1.0041195802811325
4213,0.29,1.0041195802811325
4214,0.29,1.0041195802811325
4215,0.29,1.0041195802811325
4216,0.29,1.0041195802811325
4217,0.29,1.0041195802811325
4218,0.29,1.0041195802811325
4219,0.29,1.0041195802811325
4220,0.29,1.0041195802811325
4221,0.29,1.0041195802811325
4222,0.29,1.0041195802811325
4223,0.29,1.0041195802811325
4224,0.29,1.0041195802811325
4225,0.29,1.0041195802811325
4226,0.29,1.0041195802811325
4227,0.29,1.0041195802811325
4228,0.29,1.0041195802811325
4229,0.29,1.0041195802811325
4230,0.29,1.0041195802811325
4231,0.29,1.0041195802811325
4232,0.29,1.0041195802811325
4233,0.29,1.0041195802811325
4234,0.29,1.0041195802811325
4235,0.29,1.0041195802811325
4236,0.29,1.0041195802811325
4237,0.29,1.0041195802811325
4238,0.29,1.0041195802811325
4239,0.29,1.0041195802811325
4240,0.29,1.0041195802811325
4241,0.29,1.0041195802811325
4242,0.29,1.0041195802811325
4243,0.29,1.0041195802811325
4244,0.29,1.0041195802811325
4245,0.29,1.0041195802811325
4246,0.29,1.0041195802811325
4247,0.29,1.0041195802811325
4248,0.29,1.0041195802811325
4249,0.29,1.0041195802811325
4250,0.29,1.0041195802811325
4251,0.29,1.0041195802811325
4252,0.29,1.0041195802811325
4253,0.29,1.0041195802811325
4254,0.29,1.0041195802811325
4255,0.29,1.0041195802811325
4256,0.29,1.0041195802811325
4257,0.29,1.0041195802811325
4258,0.29,1.0041195802811325
4259,0.29,1.0041195802811325
4260,0.29,1.0041195802811325
4261,0.29,1.0041195802811325
4262,0.29,1.0041195802811325
4263,0.29,1.0041195802811325
4264,0.29,1.0041195802811325
4265,0.29,1.0041195802811325
4266,0.29,1.0041195802811325
4267,0.29,1.0041195802811325
4268,0.29,1.0041195802811325
4269,0.29,1.0041195802811325
4270,0.29,1.0041195802811325
4271,0.29,1.0041195802811325
4272,0.29,1.0041195802811325
4273,0.29,1.0041195802811325
4274,0.29,1.0041195802811325
4275,0.29,1.0041195802811325
4276,0.29,1.0041195802811325
4277,0.29,1.0041195802811325
4278,0.29,1.0041195802811325
4279,0.29,1.0041195802811325
4280,0.29,1.0041195802811325
4281,0.29,1.0041195802811325
4282,0.29,1.0041195802811325
4283,0.29,1.0041195802811325
4284,0.29,1.0041195802811325
4285,0.29,1.0041195802811325
4286,0.29,1.0041195802811325
4287,0.29,1.0041195802811325
4288,0.29,1.0041195802811325
4289,0.29,1.0041195802811325
4290,0.29,1.0041195802811325
4291,0.29,1.0041195802811325
4292,0.29,1.0041195802811325
4293,0.29,1.0041195802811325
4294,0.29,1.0041195802811325
4295,0.29,1.0041195802811325
4296,0.29,1.0041195802811325
4297,0.29,1.0041195802811325
4298,0.29,1.0041195802811325
4299,0.29,1.0041195802811325
4300,0.29,1.0041195802811325
4301,0.29,1.0041195802811325
4302,0.29,1.0041195802811325
4303,0.29,1.0041195802811325
4304,0.29,1.0041195802811325
4305,0.29,1.0041195802811325
4306,0.29,1.0041195802811325
4307,0.29,1.0041195802811325
4308,0.29,1.0041195802811325
4309,0.29,1.0041195802811325
4310,0.29,1.0041195802811325
4311,0.29,1.0041195802811325
4312,0.29,1.0041195802811325
4313,0.29,1.0041195802811325
4314,0.29,1.0041195802811325
4315,0.29,1.0041195802811325
4316,0.29,1.0041195802811325
4317,0.29,1.0041195802811325
4318,0.29,1.0041195802811325
4319,0.29,1.0041195802811325
4320,0.29,1.0041195802811325
4321,0.29,1.0041195802811325
4322,0.29,1.0041195802811325
4323,0.29,1.0041195802811325
4324,0.29,1.0041195802811325
4325,0.29,1.0041195802811325
4326,0.29,1.0041195802811325
4327,0.29,1.0041195802811325
4328,0.29,1.0041195802811325
4329,0.29,1.0041195802811325
4330,0.29,1.0041195802811325
4331,0.29,1.0041195802811325
4332,0.29,1.0041195802811325
4333,0.29,1.0041195802811325
4334,0.29,1.0041195802811325
4335,0.29,1.0041195802811325
4336,0.29,1.0041195802811325
4337,0.29,1.0041195802811325
4338,0.29,1.0041195802811325
4339,0.29,1.0041195802811325
4340,0.29,1.0041195802811325
4341,0.29,1.0041195802811325
4342,0.29,1.0041195802811325
4343,0.29,1.0041195802811325
4344,0.29,1.0041195802811325
4345,0.29,1.0041195802811325
4346,0.29,1.0041195802811325
4347,0.29,1.0041195802811325
4348,0.29,1.0041195802811325
4349,0.29,1.0041195802811325
4350,0.29,1.0041195802811325
4351,0.29,1.0041195802811325
4352,0.29,1.0041195802811325
4353,0.29,1.0041195802811325
4354,0.29,1.0041195802811325
4355,0.29,1.0041195802811325
4356,0.29,1.0041195802811325
4357,0.28,1.0041195802811325
4358,0.145,1.0041195802811325
4359,0.145,1.0041195802811325
4360,0.145,1.0041195802811325
4361,0.145,1.0041195802811325
4362,0.145,1.0041195802811325
4363,0.145,1.0041195802811325
4364,0.145,1.0041195802811325
4365,0.145,1.0041195802811325
4366,0.145,1.0041195802811325
4367,0.145,1.0041195802811325
4368,0.145,1.0041195802811325
4369,0.145,1.0041195802811325
4370,0.145,1.0041195802811325
4371,0.145,1.0041195802811325
4372,0.145,1.0041195802811325
4373,0.145,1.0041195802811325
4374,0.145,1.0041195802811325
4375,0.145,1.0041195802811325
4376,0.145,1.0041195802811325
4377,0.145,1.0041195802811325
4378,0.145,1.0041195802811325
4379,0.145,1.0041195802811325
4380,0.145,1.0041195802811325
4381,0.145,1.0041195802811325
4382,0.145,1.0041195802811325
4383,0.145,1.0041195802811325
4384,0.145,1.0041195802811325
4385,0.145,1.0041195802811325
4386,0.145,1.0041195802811325
4387,0.145,1.0041195802811325
4388,0.145,1.0041195802811325
4389,0.145,1.0041195802811325
4390,0.145,1.0041195802811325
4391,0.145,1.0041195802811325
4392,0.145,1.0041195802811325
4393,0.145,1.0041195802811325
4394,0.145,1.0041195802811325
4395,0.145,1.0041195802811325
4396,0.145,1.0041195802811325
4397,0.145,1.0041195802811325
4398,0.145,1.0041195802811325
4399,0.145,1.0041195802811325
4400,0.145,1.0041195802811325
4401,0.145,1.0041195802811325
4402,0.145,1.0041195802811325
4403,0.145,1.0041195802811325
4404,0.145,1.0041195802811325
4405,0.145,1.0041195802811325
4406,0.145,1.0041195802811325
4407,0.145,1.0041195802811325
4408,0.145,1.0041195802811325
4409,0.145,1.0041195802811325
4410,0.145,1.0041195802811325
4411,0.145,1.0041195802811325
4412,0.145,1.0041195802811325
4413,0.145,1.0041195802811325
4414,0.145,1.0041195802811325
4415,0.145,1.0041195802811325
4416,0.145,1.0041195802811325
4417,0.145,1.0041195802811325
4418,0.145,1.0041195802811325
4419,0.145,1.0041195802811325
4420,0.145,1.0041195802811325
4421,0.145,1.0041195802811325
4422,0.145,1.0041195802811325
4423,0.145,1.0041195802811325
4424,0.145,1.0041195802811325
4425,0.145,1.0041195802811325
4426,0.145,1.0041195802811325
4427,0.145,1.0041195802811325
4428,0.145,1.0041195802811325
4429,0.145,1.0041195802811325
4430,0.145,1.0041195802811325
4431,0.145,1.0041195802811325
4432,0.145,1.0041195802811325
4433,0.145,1.0041195802811325
4434,0.145,1.0041195802811325
4435,0.145,1.0041195802811325
4436,0.145,1.0041195802811325
4437,0.145,1.0041195802811325
4438,0.145,1.0041195802811325
4439,0.145,1.0041195802811325
4440,0.145,1.0041195802811325
4441,0.145,1.0041195802811325
4442,0.145,1.0041195802811325
4443,0.145,1.0041195802811325
4444,0.145,1.0041195802811325
4445,0.145,1.0041195802811325
4446,0.145,1.0041195802811325
4447,0.145,1.0041195802811325
4448,0.145,1.0041195802811325
4449,0.145,1.0041195802811325
4450,0.145,1.0041195802811325
4451,0.145,1.0041195802811325
4452,0.145,1.0041195802811325
4453,0.145,1.0041195802811325
4454,0.145,1.0041195802811325
4455,0.145,1.0041195802811325
4456,0.145,1.0041195802811325
4457,0.145,1.0041195802811325
4458,0.145,1.0041195802811325
4459,0.145,1.0041195802811325
4460,0.145,1.0041195802811325
4461,0.145,1.0041195802811325
4462,0.145,1.0041195802811325
4463,0.145,1.0041195802811325
4464,0.145,1.0041195802811325
4465,0.145,1.0041195802811325
4466,0.145,1.0041195802811325
4467,0.145,1.0041195802811325
4468,0.145,1.0041195802811325
4469,0.145,1.0041195802811325
4470,0.145,1.0041195802811325
4471,0.145,1.0041195802811325
4472,0.145,1.0041195802811325
4473,0.145,1.0041195802811325
4474,0.145,1.0041195802811325
4475,0.145,1.0041195802811325
4476,0.145,1.0041195802811325
4477,0.145,1.0041195802811325
4478,0.145,1.0041195802811325
4479,0.145,1.0041195802811325
4480,0.145,1.0041195802811325
4481,0.145,1.0041195802811325
4482,0.145,1.0041195802811325
4483,0.145,1.0041195802811325
4484,0.145,1.0041195802811325
4485,0.145,1.0041195802811325
4486,0.145,1.0041195802811325
4487,0.145,1.0041195802811325
4488,0.145,1.0041195802811325
4489,0.145,1.0041195802811325
4490,0.145,1.0041195802811325
4491,0.145,1.0041195802811325
4492,0.145,1.0041195802811325
4493,0.145,1.0041195802811325
4494,0.145,1.0041195802811325
4495,0.145,1.0041195802811325
4496,0.145,1.0041195802811325
4497,0.145,1.0041195802811325
4498,0.145,1.0041195802811325
4499,0.145,1.0041195802811325
4500,0.145,1.0041195802811325
4501,0.145,1.0041195802811325
4502,0.145,1.0041195802811325
4503,0.145,1.0041195802811325
4504,0.145,1.0041195802811325
4505,0.145,1.0041195802811325
4506,0.145,1.0041195802811325
4507,0.145,1.0041195802811325
4508,0.145,1.0041195802811325
4509,0.145,1.0041195802811325
4510,0.145,1.0041195802811325
4511,0.145,1.0041195802811325
4512,0.145,1.0041195802811325
4513,0.145,1.0041195802811325
4514,0.145,1.0041195802811325
4515,0.145,1.0041195802811325
4516,0.145,1.0041195802811325
4517,0.145,1.0041195802811325
4518,0.145,1.0041195802811325
4519,0.145,1.0041195802811325
4520,0.145,1.0041195802811325
4521,0.145,1.0041195802811325
4522,0.145,1.0041195802811325
4523,0.145,1.0041195802811325
4524,0.145,1.0041195802811325
4525,0.145,1.0041195802811325
4526,0.145,1.0041195802811325
4527,0.145,1.0041195802811325
4528,0.145,1.0041195802811325
4529,0.145,1.0041195802811325
4530,0.145,1.0041195802811325
4531,0.145,1.0041195802811325
4532,0.145,1.0041195802811325
4533,0.145,1.0041195802811325
4534,0.145,1.0041195802811325
4535,0.145,1.0041195802811325
4536,0.145,1.0041195802811325
4537,0.145,1.0041195802811325
4538,0.145,1.0041195802811325
4539,0.145,1.0041195802811325
4540,0.145,1.0041195802811325
4541,0.145,1.0041195802811325
4542,0.145,1.0041195802811325
4543,0.145,1.0041195802811325
4544,0.145,1.0041195802811325
4545,0.145,1.0041195802811325
4546,0.145,1.0041195802811325
4547,0.145,1.0041195802811325
4548,0.145,1.0041195802811325
4549,0.145,1.0041195802811325
4550,0.145,1.0041195802811325
4551,0.145,1.0041195802811325
4552,0.145,1.0041195802811325
4553,0.145,1.0041195802811325
4554,0.145,1.0041195802811325
4555,0.145,1.0041195802811325
4556,0.145,1.0041195802811325
4557,0.145,1.0041195802811325
4558,0.145,1.0041195802811325
4559,0.145,1.0041195802811325
4560,0.145,1.0041195802811325
4561,0.145,1.0041195802811325
4562,0.145,1.0041195802811325
4563,0.145,1.0041195802811325
4564,0.145,1.0041195802811325
4565,0.145,1.0041195802811325
4566,0.145,1.0041195802811325
4567,0.145,1.0041195802811325
4568,0.145,1.0041195802811325
4569,0.145,1.0041195802811325
4570,0.145,1.0041195802811325
4571,0.145,1.0041195802811325
4572,0.145,1.0041195802811325
4573,0.145,1.0041195802811325
4574,0.145,1.0041195802811325
4575,0.145,1.0041195802811325
4576,0.145,1.0041195802811325
4577,0.145,1.0041195802811325
4578,0.145,1.0041195802811325
4579,0.145,1.0041195802811325
4580,0.145,1.0041195802811325
4581,0.145,1.0041195802811325
4582,0.145,1.0041195802811325
4583,0.145,1.0041195802811325
4584,0.145,1.0041195802811325
4585,0.145,1.0041195802811325
4586,0.145,1.0041195802811325
4587,0.145,1.0041195802811325
4588,0.145,1.0041195802811325
4589,0.145,1.0041195802811325
4590,0.145,1.0041195802811325
4591,0.145,1.0041195802811325
4592,0.145,1.0041195802811325
4593,0.145,1.0041195802811325
4594,0.145,1.0041195802811325
4595,0.145,1.0041195802811325
4596,0.145,1.0041195802811325
4597,0.145,1.0041195802811325
4598,0.145,1.0041195802811325
4599,0.145,1.0041195802811325
4600,0.145,1.0041195802811325
4601,0.145,1.0041195802811325
4602,0.145,1.0041195802811325
4603,0.145,1.0041195802811325
4604,0.145,1.0041195802811325
4605,0.145,1.0041195802811325
4606,0.145,1.0041195802811325
4607,0.145,1.0041195802811325
4608,0.145,1.0041195802811325
4609,0.145,1.0041195802811325
4610,0.145,1.0041195802811325
4611,0.145,1.0041195802811325
4612,0.145,1.0041195802811325
4613,0.145,1.0041195802811325
4614,0.145,1.0041195802811325
4615,0.145,1.0041195802811325
4616,0.145,1.0041195802811325
4617,0.145,1.0041195802811325
4618,0.145,1.0041195802811325
4619,0.145,1.0041195802811325
4620,0.145,1.0041195802811325
4621,0.145,1.0041195802811325
4622,0.145,1.0041195802811325
4623,0.145,1.0041195802811325
4624,0.145,1.0041195802811325
4625,0.145,1.0041195802811325
4626,0.145,1.0041195802811325
4627,0.145,1.0041195802811325
4628,0.145,1.0041195802811325
4629,0.145,1.0041195802811325
4630,0.145,1.0041195802811325
4631,0.145,1.0041195802811325
4632,0.145,1.0041195802811325
4633,0.145,1.0041195802811325
4634,0.145,1.0041195802811325
4635,0.145,1.0041195802811325
4636,0.145,1.0041195802811325
4637,0.145,1.0041195802811325
4638,0.145,1.0041195802811325
4639,0.145,1.0041195802811325
4640,0.145,1.0041195802811325
4641,0.145,1.0041195802811325
4642,0.145,1.0041195802811325
4643,0.145,1.0041195802811325
4644,0.145,1.0041195802811325
4645,0.145,1.0041195802811325
4646,0.145,1.0041195802811325
4647,0.145,1.0041195802811325
4648,0.145,1.0041195802811325
4649,0.145,1.0041195802811325
4650,0.145,1.0041195802811325
4651,0.145,1.0041195802811325
4652,0.145,1.0041195802811325
4653,0.145,1.0041195802811325
4654,0.145,1.0041195802811325
4655,0.145,1.0041195802811325
4656,0.145,1.0041195802811325
4657,0.145,1.0041195802811325
4658,0.145,1.0041195802811325
4659,0.145,1.0041195802811325
4660,0.145,1.0041195802811325
4661,0.145,1.0041195802811325
4662,0.145,1.0041195802811325
4663,0.145,1.0041195802811325
4664,0.145,1.0041195802811325
4665,0.145,1.0041195802811325
4666,0.145,1.0041195802811325
4667,0.145,1.0041195802811325
4668,0.145,1.0041195802811325
4669,0.145,1.0041195802811325
4670,0.145,1.0041195802811325
4671,0.145,1.0041195802811325
4672,0.145,1.0041195802811325
4673,0.145,1.0041195802811325
4674,0.145,1.0041195802811325
4675,0.145,1.0041195802811325
4676,0.145,1.0041195802811325
4677,0.145,1.0041195802811325
4678,0.145,1.0041195802811325
4679,0.145,1.0041195802811325
4680,0.145,1.0041195802811325
4681,0.145,1.0041195802811325
4682,0.145,1.0041195802811325
4683,0.145,1.0041195802811325
4684,0.145,1.0041195802811325
4685,0.145,1.0041195802811325
4686,0.145,1.0041195802811325
4687,0.145,1.0041195802811325
4688,0.145,1.0041195802811325
4689,0.145,1.0041195802811325
4690,0.145,1.0041195802811325
4691,0.145,1.0041195802811325
4692,0.145,1.0041195802811325
4693,0.145,1.0041195802811325
4694,0.145,1.0041195802811325
4695,0.145,1.0041195802811325
4696,0.145,1.0041195802811325
4697,0.145,1.0041195802811325
4698,0.145,1.0041195802811325
4699,0.145,1.0041195802811325
4700,0.145,1.0041195802811325
4701,0.145,1.0041195802811325
4702,0.145,1.0041195802811325
4703,0.145,1.0041195802811325
4704,0.145,1.0041195802811325
4705,0.145,1.0041195802811325
4706,0.145,1.0041195802811325
4707,0.145,1.0041195802811325
4708,0.145,1.0041195802811325
4709,0.145,1.0041195802811325
4710,0.145,1.0041195802811325
4711,0.145,1.0041195802811325
4712,0.145,1.0041195802811325
4713,0.145,1.0041195802811325
4714,0.145,1.0041195802811325
4715,0.145,1.0041195802811325
4716,0.145,1.0041195802811325
4717,0.145,1.0041195802811325
4718,0.145,1.0041195802811325
4719,0.145,1.0041195802811325
4720,0.145,1.0041195802811325
4721,0.145,1.0041195802811325
4722,0.145,1.0041195802811325
4723,0.145,1.0041195802811325
4724,0.145,1.0041195802811325
4725,0.145,1.0041195802811325
4726,0.145,1.0041195802811325
4727,0.145,1.0041195802811325
4728,0.145,1.0041195802811325
4729,0.145,1.0041195802811325
4730,0.145,1.0041195802811325
4731,0.145,1.0041195802811325
4732,0.145,1.0041195802811325
4733,0.145,1.0041195802811325
4734,0.145,1.0041195802811325
4735,0.145,1.0041195802811325
4736,0.145,1.0041195802811325
4737,0.145,1.0041195802811325
4738,0.145,1.0041195802811325
4739,0.145,1.0041195802811325
4740,0.145,1.0041195802811325
4741,0.145,1.0041195802811325
4742,0.145,1.0041195802811325
4743,0.145,1.0041195802811325
4744,0.145,1.0041195802811325
4745,0.145,1.0041195802811325
4746,0.145,1.0041195802811325
4747,0.145,1.0041195802811325
4748,0.145,1.0041195802811325
4749,0.145,1.0041195802811325
4750,0.145,1.0041195802811325
4751,0.145,1.0041195802811325
4752,0.145,1.0041195802811325
4753,0.145,1.0041195802811325
4754,0.145,1.0041195802811325
4755,0.145,1.0041195802811325
4756,0.145,1.0041195802811325
4757,0.145,1.0041195802811325
4758,0.145,1.0041195802811325
4759,0.145,1.0041195802811325
4760,0.145,1.0041195802811325
4761,0.145,1.0041195802811325
4762,0.145,1.0041195802811325
4763,0.145,1.0041195802811325
4764,0.145,1.0041195802811325
4765,0.145,1.0041195802811325
4766,0.145,1.0041195802811325
4767,0.145,1.0041195802811325
4768,0.145,1.0041195802811325
4769,0.145,1.0041195802811325
4770,0.145,1.0041195802811325
4771,0.145,1.0041195802811325
4772,0.145,1.0041195802811325
4773,0.145,1.0041195802811325
4774,0.145,1.0041195802811325
4775,0.145,1.0041195802811325
4776,0.145,1.0041195802811325
4777,0.145,1.0041195802811325
4778,0.145,1.0041195802811325
4779,0.145,1.0041195802811325
4780,0.145,1.0041195802811325
4781,0.145,1.0041195802811325
4782,0.145,1.0041195802811325
4783,0.145,1.0041195802811325
4784,0.145,1.0041195802811325
4785,0.145,1.0041195802811325
4786,0.145,1.0041195802811325
4787,0.145,1.0041195802811325
4788,0.145,1.0041195802811325
4789,0.145,1.0041195802811325
4790,0.145,1.0041195802811325
4791,0.145,1.0041195802811325
4792,0.145,1.0041195802811325
4793,0.145,1.0041195802811325
4794,0.145,1.0041195802811325
4795,0.145,1.0041195802811325
4796,0.145,1.0041195802811325
4797,0.145,1.0041195802811325
4798,0.145,1.0041195802811325
4799,0.145,1.0041195802811325
4800,0.145,1.0041195802811325
4801,0.145,1.0041195802811325
4802,0.145,1.0041195802811325
4803,0.145,1.0041195802811325
4804,0.145,1.0041195802811325
4805,0.145,1.0041195802811325
4806,0.145,1.0041195802811325
4807,0.145,1.0041195802811325
4808,0.145,1.0041195802811325
4809,0.145,1.0041195802811325
4810,0.145,1.0041195802811325
4811,0.145,1.0041195802811325
4812,0.145,1.0041195802811325
4813,0.145,1.0041195802811325
4814,0.145,1.0041195802811325
4815,0.145,1.0041195802811325
4816,0.145,1.0041195802811325
4817,0.145,1.0041195802811325
4818,0.145,1.0041195802811325
4819,0.145,1.0041195802811325
4820,0.145,1.0041195802811325
4821,0.145,1.0041195802811325
4822,0.145,1.0041195802811325
4823,0.145,1.0041195802811325
4824,0.145,1.0041195802811325
4825,0.145,1.0041195802811325
4826,0.145,1.0041195802811325
4827,0.145,1.0041195802811325
4828,0.145,1.0041195802811325
4829,0.145,1.0041195802811325
4830,0.145,1.0041195802811325
4831,0.145,1.0041195802811325
4832,0.145,1.0041195802811325
4833,0.145,1.0041195802811325
4834,0.145,1.0041195802811325
4835,0.145,1.0041195802811325
4836,0.145,1.0041195802811325
4837,0.145,1.0041195802811325
4838,0.145,1.0041195802811325
4839,0.145,1.0041195802811325
4840,0.145,1.0041195802811325
4841,0.145,1.0041195802811325
4842,0.145,1.0041195802811325
4843,0.145,1.0041195802811325
4844,0.145,1.0041195802811325
4845,0.145,1.0041195802811325
4846,0.145,1.0041195802811325
4847,0.145,1.0041195802811325
4848,0.145,1.0041195802811325
4849,0.145,1.0041195802811325
4850,0.145,1.0041195802811325
4851,0.145,1.0041195802811325
4852,0.145,1.0041195802811325
4853,0.145,1.0041195802811325
4854,0.145,1.0041195802811325
4855,0.145,1.0041195802811325
4856,0.145,1.0041195802811325
4857,0.145,1.0041195802811325
4858,0.145,1.0041195802811325
4859,0.145,1.0041195802811325
4860,0.145,1.0041195802811325
4861,0.145,1.0041195802811325
4862,0.145,1.0041195802811325
4863,0.145,1.0041195802811325
4864,0.145,1.0041195802811325
4865,0.145,1.0041195802811325
4866,0.145,1.0041195802811325
4867,0.145,1.0041195802811325
4868,0.145,1.0041195802811325
4869,0.145,1.0041195802811325
4870,0.145,1.0041195802811325
4871,0.145,1.0041195802811325
4872,0.145,1.0041195802811325
4873,0.145,1.0041195802811325
4874,0.145,1.0041195802811325
4875,0.145,1.0041195802811325
4876,0.145,1.0041195802811325
4877,0.145,1.0041195802811325
4878,0.145,1.0041195802811325
4879,0.145,1.0041195802811325
4880,0.145,1.0041195802811325
4881,0.145,1.0041195802811325
4882,0.145,1.0041195802811325
4883,0.145,1.0041195802811325
4884,0.145,1.0041195802811325
4885,0.145,1.0041195802811325
4886,0.145,1.0041195802811325
4887,0.145,1.0041195802811325
4888,0.145,1.0041195802811325
4889,0.145,1.0041195802811325
4890,0.145,1.0041195802811325
4891,0.145,1.0041195802811325
4892,0.145,1.0041195802811325
4893,0.145,1.0041195802811325
4894,0.145,1.0041195802811325
4895,0.145,1.0041195802811325
4896,0.145,1.0041195802811325
4897,0.145,1.0041195802811325
4898,0.145,1.0041195802811325
4899,0.145,1.0041195802811325
4900,0.145,1.0041195802811325
4901,0.145,1.0041195802811325
4902,0.145,1.0041195802811325
4903,0.145,1.0041195802811325
4904,0.145,1.0041195802811325
4905,0.145,1.0041195802811325
4906,0.145,1.0041195802811325
4907,0.145,1.0041195802811325
4908,0.145,1.0041195802811325
4909,0.145,1.0041195802811325
4910,0.145,1.0041195802811325
4911,0.145,1.0041195802811325
4912,0.145,1.0041195802811325
4913,0.145,1.0041195802811325
4914,0.145,1.0041195802811325
4915,0.145,1.0041195802811325
4916,0.145,1.0041195802811325
4917,0.145,1.0041195802811325
4918,0.145,1.0041195802811325
4919,0.145,1.0041195802811325
4920,0.145,1.0041195802811325
4921,0.145,1.0041195802811325
4922,0.145,1.0041195802811325
4923,0.145,1.0041195802811325
4924,0.145,1.0041195802811325
4925,0.145,1.0041195802811325
4926,0.145,1.0041195802811325
4927,0.145,1.0041195802811325
4928,0.145,1.0041195802811325
4929,0.145,1.0041195802811325
4930,0.145,1.0041195802811325
4931,0.145,1.0041195802811325
4932,0.145,1.0041195802811325
4933,0.145,1.0041195802811325
4934,0.145,1.0041195802811325
4935,0.145,1.0041195802811325
4936,0.145,1.0041195802811325
4937,0.145,1.0041195802811325
4938,0.145,1.0041195802811325
4939,0.145,1.0041195802811325
4940,0.145,1.0041195802811325
4941,0.145,1.0041195802811325
4942,0.145,1.0041195802811325
4943,0.145,1.0041195802811325
4944,0.145,1.0041195802811325
4945,0.145,1.0041195802811325
4946,0.145,1.0041195802811325
4947,0.145,1.0041195802811325
4948,0.145,1.0041195802811325
4949,0.145,1.0041195802811325
4950,0.145,1.0041195802811325
4951,0.145,1.0041195802811325
4952,0.145,1.0041195802811325
4953,0.145,1.0041195802811325
4954,0.145,1.0041195802811325
4955,0.145,1.0041195802811325
4956,0.145,1.0041195802811325
4957,0.145,1.0041195802811325
4958,0.145,1.0041195802811325
4959,0.145,1.0041195802811325
4960,0.145,1.0041195802811325
4961,0.145,1.0041195802811325
4962,0.145,1.0041195802811325
4963,0.145,1.0041195802811325
4964,0.145,1.0041195802811325
4965,0.145,1.0041195802811325
4966,0.145,1.0041195802811325
4967,0.145,1.0041195802811325
4968,0.145,1.0041195802811325
4969,0.145,1.0041195802811325
4970,0.145,1.0041195802811325
4971,0.145,1.0041195802811325
4972,0.145,1.0041195802811325
4973,0.145,1.0041195802811325
4974,0.145,1.0041195802811325
4975,0.145,1.0041195802811325
4976,0.145,1.0041195802811325
4977,0.145,1.0041195802811325
4978,0.145,1.0041195802811325
4979,0.145,1.0041195802811325
4980,0.145,1.0041195802811325
4981,0.145,1.0041195802811325
4982,0.145,1.0041195802811325
4983,0.145,1.0041195802811325
4984,0.145,1.0041195802811325
4985,0.145,1.0041195802811325
4986,0.145,1.0041195802811325
4987,0.145,1.0041195802811325
4988,0.145,1.0041195802811325
4989,0.145,1.0041195802811325
4990,0.145,1.0041195802811325
4991,0.145,1.0041195802811325
4992,0.145,1.0041195802811325
4993,0.145,1.0041195802811325
4994,0.145,1.0041195802811325
4995,0.145,1.0041195802811325
4996,0.145,1.0041195802811325
4997,0.145,1.0041195802811325
4998,0.145,1.0041195802811325
4999,0.145,1.0041195802811325
5000,0.145,1.0041195802811325
5001,0.145,1.0041195802811325
5002,0.145,1.0041195802811325
5003,0.145,1.0041195802811325
5004,0.145,1.0041195802811325
5005,0.145,1.0041195802811325
5006,0.145,1.0041195802811325
5007,0.145,1.0041195802811325
5008,0.145,1.0041195802811325
5009,0.145,1.0041195802811325
5010,0.145,1.0041195802811325
5011,0.145,1.0041195802811325
5012,0.145,1.0041195802811325
5013,0.145,1.0041195802811325
5014,0.145,1.0041195802811325
5015,0.145,1.0041195802811325
5016,0.145,1.0041195802811325
5017,0.145,1.0041195802811325
5018,0.145,1.0041195802811325
5019,0.145,1.0041195802811325
5020,0.145,1.0041195802811325
5021,0.145,1.0041195802811325
5022,0.145,1.0041195802811325
5023,0.145,1.0041195802811325
5024,0.145,1.0041195802811325
5025,0.145,1.0041195802811325
5026,0.145,1.0041195802811325
5027,0.145,1.0041195802811325
5028,0.145,1.0041195802811325
5029,0.145,1.0041195802811325
5030,0.145,1.0041195802811325
5031,0.145,1.0041195802811325
5032,0.145,1.0041195802811325
5033,0.145,1.0041195802811325
5034,0.145,1.0041195802811325
5035,0.145,1.0041195802811325
5036,0.145,1.0041195802811325
5037,0.145,1.0041195802811325
5038,0.145,1.0041195802811325
5039,0.145,1.0041195802811325
5040,0.145,1.0041195802811325
5041,0.145,1.0041195802811325
5042,0.145,1.0041195802811325
5043,0.145,1.0041195802811325
5044,0.145,1.0041195802811325
5045,0.145,1.0041195802811325
5046,0.145,1.0041195802811325
5047,0.145,1.0041195802811325
5048,0.145,1.0041195802811325
5049,0.145,1.0041195802811325
5050,0.135,1.0041195802811325
