Tick,TotalEnergy(kWh),AverageEnergy(kWh)
0,1.4820000000000004,0.9817915793484473
1,1.7440000000000002,0.9817915793484473
2,1.7440000000000002,0.9817915793484473
3,1.7440000000000002,0.9817915793484473
4,1.7440000000000002,0.9817915793484473
5,1.7440000000000002,0.9817915793484473
6,1.7440000000000002,0.9817915793484473
7,1.7440000000000002,0.9817915793484473
8,1.7440000000000002,0.9817915793484473
9,1.7440000000000002,0.9817915793484473
10,1.7440000000000002,0.9817915793484473
11,1.7440000000000002,0.9817915793484473
12,1.7440000000000002,0.9817915793484473
13,1.7440000000000002,0.9817915793484473
14,1.7440000000000002,0.9817915793484473
15,1.7440000000000002,0.9817915793484473
16,1.7440000000000002,0.9817915793484473
17,1.7440000000000002,0.9817915793484473
18,1.7440000000000002,0.9817915793484473
19,1.7440000000000002,0.9817915793484473
20,1.7440000000000002,0.9817915793484473
21,1.7440000000000002,0.9817915793484473
22,1.7440000000000002,0.9817915793484473
23,1.7440000000000002,0.9817915793484473
24,1.7440000000000002,0.9817915793484473
25,1.7440000000000002,0.9817915793484473
26,1.7440000000000002,0.9817915793484473
27,1.7440000000000002,0.9817915793484473
28,1.7440000000000002,0.9817915793484473
29,1.7440000000000002,0.9817915793484473
30,1.7440000000000002,0.9817915793484473
31,1.7440000000000002,0.9817915793484473
32,1.7440000000000002,0.9817915793484473
33,1.7440000000000002,0.9817915793484473
34,1.7440000000000002,0.9817915793484473
35,1.7440000000000002,0.9817915793484473
36,1.7440000000000002,0.9817915793484473
37,1.7440000000000002,0.9817915793484473
38,1.7440000000000002,0.9817915793484473
39,1.7440000000000002,0.9817915793484473
40,1.7440000000000002,0.9817915793484473
41,1.7440000000000002,0.9817915793484473
42,1.7440000000000002,0.9817915793484473
43,1.7440000000000002,0.9817915793484473
44,1.7440000000000002,0.9817915793484473
45,1.7440000000000002,0.9817915793484473
46,1.7440000000000002,0.9817915793484473
47,1.7440000000000002,0.9817915793484473
48,1.7440000000000002,0.9817915793484473
49,1.7440000000000002,0.9817915793484473
50,1.7440000000000002,0.9817915793484473
51,1.7440000000000002,0.9817915793484473
52,1.7440000000000002,0.9817915793484473
53,1.7440000000000002,0.9817915793484473
54,1.7440000000000002,0.9817915793484473
55,1.7440000000000002,0.9817915793484473
56,1.7440000000000002,0.9817915793484473
57,1.7440000000000002,0.9817915793484473
58,1.7440000000000002,0.9817915793484473
59,1.7440000000000002,0.9817915793484473
60,1.7440000000000002,0.9817915793484473
61,1.7440000000000002,0.9817915793484473
62,1.7440000000000002,0.9817915793484473
63,1.7440000000000002,0.9817915793484473
64,1.7440000000000002,0.9817915793484473
65,1.7440000000000002,0.9817915793484473
66,1.7440000000000002,0.9817915793484473
67,1.7440000000000002,0.9817915793484473
68,1.7440000000000002,0.9817915793484473
69,1.7440000000000002,0.9817915793484473
70,1.7440000000000002,0.9817915793484473
71,1.7440000000000002,0.9817915793484473
72,1.7440000000000002,0.9817915793484473
73,1.7440000000000002,0.9817915793484473
74,1.7440000000000002,0.9817915793484473
75,1.7440000000000002,0.9817915793484473
76,1.7440000000000002,0.9817915793484473
77,1.7440000000000002,0.9817915793484473
78,1.7440000000000002,0.9817915793484473
79,1.7440000000000002,0.9817915793484473
80,1.7440000000000002,0.9817915793484473
81,1.7440000000000002,0.9817915793484473
82,1.7440000000000002,0.9817915793484473
83,1.7440000000000002,0.9817915793484473
84,1.7440000000000002,0.9817915793484473
85,1.7440000000000002,0.9817915793484473
86,1.7440000000000002,0.9817915793484473
87,1.7440000000000002,0.9817915793484473
88,1.7440000000000002,0.9817915793484473
89,1.7440000000000002,0.9817915793484473
90,1.7440000000000002,0.9817915793484473
91,1.7440000000000002,0.9817915793484473
92,1.7440000000000002,0.9817915793484473
93,1.7440000000000002,0.9817915793484473
94,1.7440000000000002,0.9817915793484473
95,1.7440000000000002,0.9817915793484473
96,1.7440000000000002,0.9817915793484473
97,1.7440000000000002,0.9817915793484473
98,1.7440000000000002,0.9817915793484473
99,1.7440000000000002,0.9817915793484473
100,1.7440000000000002,0.9817915793484473
101,1.7440000000000002,0.9817915793484473
102,1.7440000000000002,0.9817915793484473
103,1.7440000000000002,0.9817915793484473
104,1.7440000000000002,0.9817915793484473
105,1.7440000000000002,0.9817915793484473
106,1.7440000000000002,0.9817915793484473
107,1.7440000000000002,0.9817915793484473
108,1.7440000000000002,0.9817915793484473
109,1.7440000000000002,0.9817915793484473
110,1.7440000000000002,0.9817915793484473
111,1.7440000000000002,0.9817915793484473
112,1.7440000000000002,0.9817915793484473
113,1.7440000000000002,0.9817915793484473
114,1.7440000000000002,0.9817915793484473
115,1.7440000000000002,0.9817915793484473
116,1.7440000000000002,0.9817915793484473
117,1.7440000000000002,0.9817915793484473
118,1.7440000000000002,0.9817915793484473
119,1.7440000000000002,0.9817915793484473
120,1.7440000000000002,0.9817915793484473
121,1.7440000000000002,0.9817915793484473
122,1.7440000000000002,0.9817915793484473
123,1.7440000000000002,0.9817915793484473
124,1.7440000000000002,0.9817915793484473
125,1.7440000000000002,0.9817915793484473
126,1.7440000000000002,0.9817915793484473
127,1.7440000000000002,0.9817915793484473
128,1.7440000000000002,0.9817915793484473
129,1.7440000000000002,0.9817915793484473
130,1.7440000000000002,0.9817915793484473
131,1.7440000000000002,0.9817915793484473
132,1.7440000000000002,0.9817915793484473
133,1.7440000000000002,0.9817915793484473
134,1.7440000000000002,0.9817915793484473
135,1.7440000000000002,0.9817915793484473
136,1.7440000000000002,0.9817915793484473
137,1.7440000000000002,0.9817915793484473
138,1.7440000000000002,0.9817915793484473
139,1.7440000000000002,0.9817915793484473
140,1.7440000000000002,0.9817915793484473
141,1.7440000000000002,0.9817915793484473
142,1.7440000000000002,0.9817915793484473
143,1.7440000000000002,0.9817915793484473
144,1.7440000000000002,0.9817915793484473
145,1.7440000000000002,0.9817915793484473
146,1.7440000000000002,0.9817915793484473
147,1.7440000000000002,0.9817915793484473
148,1.7440000000000002,0.9817915793484473
149,1.7440000000000002,0.9817915793484473
150,1.7440000000000002,0.9817915793484473
151,1.7440000000000002,0.9817915793484473
152,1.7440000000000002,0.9817915793484473
153,1.7440000000000002,0.9817915793484473
154,1.7440000000000002,0.9817915793484473
155,1.7440000000000002,0.9817915793484473
156,1.7440000000000002,0.9817915793484473
157,1.7440000000000002,0.9817915793484473
158,1.7440000000000002,0.9817915793484473
159,1.7440000000000002,0.9817915793484473
160,1.7440000000000002,0.9817915793484473
161,1.7440000000000002,0.9817915793484473
162,1.7440000000000002,0.9817915793484473
163,1.7440000000000002,0.9817915793484473
164,1.7440000000000002,0.9817915793484473
165,1.7440000000000002,0.9817915793484473
166,1.7440000000000002,0.9817915793484473
167,1.7440000000000002,0.9817915793484473
168,1.7440000000000002,0.9817915793484473
169,1.7440000000000002,0.9817915793484473
170,1.7440000000000002,0.9817915793484473
171,1.7440000000000002,0.9817915793484473
172,1.7440000000000002,0.9817915793484473
173,1.7440000000000002,0.9817915793484473
174,1.7440000000000002,0.9817915793484473
175,1.7440000000000002,0.9817915793484473
176,1.7440000000000002,0.9817915793484473
177,1.7440000000000002,0.9817915793484473
178,1.7440000000000002,0.9817915793484473
179,1.7440000000000002,0.9817915793484473
180,1.7440000000000002,0.9817915793484473
181,1.7440000000000002,0.9817915793484473
182,1.7440000000000002,0.9817915793484473
183,1.7440000000000002,0.9817915793484473
184,1.7440000000000002,0.9817915793484473
185,1.7440000000000002,0.9817915793484473
186,1.7440000000000002,0.9817915793484473
187,1.7440000000000002,0.9817915793484473
188,1.7440000000000002,0.9817915793484473
189,1.7440000000000002,0.9817915793484473
190,1.7440000000000002,0.9817915793484473
191,1.7440000000000002,0.9817915793484473
192,1.7440000000000002,0.9817915793484473
193,1.7440000000000002,0.9817915793484473
194,1.7440000000000002,0.9817915793484473
195,1.7440000000000002,0.9817915793484473
196,1.7440000000000002,0.9817915793484473
197,1.7440000000000002,0.9817915793484473
198,1.7440000000000002,0.9817915793484473
199,1.7440000000000002,0.9817915793484473
200,1.7440000000000002,0.9817915793484473
201,1.7440000000000002,0.9817915793484473
202,1.7440000000000002,0.9817915793484473
203,1.7440000000000002,0.9817915793484473
204,1.7440000000000002,0.9817915793484473
205,1.7440000000000002,0.9817915793484473
206,1.7440000000000002,0.9817915793484473
207,1.7440000000000002,0.9817915793484473
208,1.7440000000000002,0.9817915793484473
209,1.7440000000000002,0.9817915793484473
210,1.7440000000000002,0.9817915793484473
211,1.7440000000000002,0.9817915793484473
212,1.7440000000000002,0.9817915793484473
213,1.7440000000000002,0.9817915793484473
214,1.7440000000000002,0.9817915793484473
215,1.7440000000000002,0.9817915793484473
216,1.7440000000000002,0.9817915793484473
217,1.7440000000000002,0.9817915793484473
218,1.7440000000000002,0.9817915793484473
219,1.7440000000000002,0.9817915793484473
220,1.7440000000000002,0.9817915793484473
221,1.7440000000000002,0.9817915793484473
222,1.7440000000000002,0.9817915793484473
223,1.7440000000000002,0.9817915793484473
224,1.7440000000000002,0.9817915793484473
225,1.7440000000000002,0.9817915793484473
226,1.7440000000000002,0.9817915793484473
227,1.7440000000000002,0.9817915793484473
228,1.7440000000000002,0.9817915793484473
229,1.7440000000000002,0.9817915793484473
230,1.7440000000000002,0.9817915793484473
231,1.7440000000000002,0.9817915793484473
232,1.7440000000000002,0.9817915793484473
233,1.7440000000000002,0.9817915793484473
234,1.7440000000000002,0.9817915793484473
235,1.7440000000000002,0.9817915793484473
236,1.7440000000000002,0.9817915793484473
237,1.7440000000000002,0.9817915793484473
238,1.7440000000000002,0.9817915793484473
239,1.7440000000000002,0.9817915793484473
240,1.7440000000000002,0.9817915793484473
241,1.7440000000000002,0.9817915793484473
242,1.7440000000000002,0.9817915793484473
243,1.7440000000000002,0.9817915793484473
244,1.7440000000000002,0.9817915793484473
245,1.7440000000000002,0.9817915793484473
246,1.7440000000000002,0.9817915793484473
247,1.7440000000000002,0.9817915793484473
248,1.7440000000000002,0.9817915793484473
249,1.7440000000000002,0.9817915793484473
250,1.7440000000000002,0.9817915793484473
251,1.7440000000000002,0.9817915793484473
252,1.7440000000000002,0.9817915793484473
253,1.7440000000000002,0.9817915793484473
254,1.7440000000000002,0.9817915793484473
255,1.7440000000000002,0.9817915793484473
256,1.7440000000000002,0.9817915793484473
257,1.7440000000000002,0.9817915793484473
258,1.7440000000000002,0.9817915793484473
259,1.7440000000000002,0.9817915793484473
260,1.7440000000000002,0.9817915793484473
261,1.7440000000000002,0.9817915793484473
262,1.7440000000000002,0.9817915793484473
263,1.7440000000000002,0.9817915793484473
264,1.7440000000000002,0.9817915793484473
265,1.7440000000000002,0.9817915793484473
266,1.7440000000000002,0.9817915793484473
267,1.7440000000000002,0.9817915793484473
268,1.7440000000000002,0.9817915793484473
269,1.7440000000000002,0.9817915793484473
270,1.7440000000000002,0.9817915793484473
271,1.7440000000000002,0.9817915793484473
272,1.7440000000000002,0.9817915793484473
273,1.7440000000000002,0.9817915793484473
274,1.7440000000000002,0.9817915793484473
275,1.7440000000000002,0.9817915793484473
276,1.7440000000000002,0.9817915793484473
277,1.7440000000000002,0.9817915793484473
278,1.7440000000000002,0.9817915793484473
279,1.7440000000000002,0.9817915793484473
280,1.7440000000000002,0.9817915793484473
281,1.7440000000000002,0.9817915793484473
282,1.7440000000000002,0.9817915793484473
283,1.7440000000000002,0.9817915793484473
284,1.7440000000000002,0.9817915793484473
285,1.7440000000000002,0.9817915793484473
286,1.7440000000000002,0.9817915793484473
287,1.7440000000000002,0.9817915793484473
288,1.7440000000000002,0.9817915793484473
289,1.7440000000000002,0.9817915793484473
290,1.7440000000000002,0.9817915793484473
291,1.7440000000000002,0.9817915793484473
292,1.7440000000000002,0.9817915793484473
293,1.7440000000000002,0.9817915793484473
294,1.7440000000000002,0.9817915793484473
295,1.7440000000000002,0.9817915793484473
296,1.7440000000000002,0.9817915793484473
297,1.7440000000000002,0.9817915793484473
298,1.7440000000000002,0.9817915793484473
299,1.7440000000000002,0.9817915793484473
300,1.7440000000000002,0.9817915793484473
301,1.7440000000000002,0.9817915793484473
302,1.7440000000000002,0.9817915793484473
303,1.7440000000000002,0.9817915793484473
304,1.7440000000000002,0.9817915793484473
305,1.7440000000000002,0.9817915793484473
306,1.7440000000000002,0.9817915793484473
307,1.7440000000000002,0.9817915793484473
308,1.7440000000000002,0.9817915793484473
309,1.7440000000000002,0.9817915793484473
310,1.7440000000000002,0.9817915793484473
311,1.7440000000000002,0.9817915793484473
312,1.7440000000000002,0.9817915793484473
313,1.7440000000000002,0.9817915793484473
314,1.7440000000000002,0.9817915793484473
315,1.7440000000000002,0.9817915793484473
316,1.7440000000000002,0.9817915793484473
317,1.7440000000000002,0.9817915793484473
318,1.7440000000000002,0.9817915793484473
319,1.7440000000000002,0.9817915793484473
320,1.7440000000000002,0.9817915793484473
321,1.7440000000000002,0.9817915793484473
322,1.7440000000000002,0.9817915793484473
323,1.7440000000000002,0.9817915793484473
324,1.7440000000000002,0.9817915793484473
325,1.7440000000000002,0.9817915793484473
326,1.7440000000000002,0.9817915793484473
327,1.7440000000000002,0.9817915793484473
328,1.7440000000000002,0.9817915793484473
329,1.7440000000000002,0.9817915793484473
330,1.7440000000000002,0.9817915793484473
331,1.7440000000000002,0.9817915793484473
332,1.7440000000000002,0.9817915793484473
333,1.7440000000000002,0.9817915793484473
334,1.7440000000000002,0.9817915793484473
335,1.7440000000000002,0.9817915793484473
336,1.7440000000000002,0.9817915793484473
337,1.7440000000000002,0.9817915793484473
338,1.7440000000000002,0.9817915793484473
339,1.7440000000000002,0.9817915793484473
340,1.7440000000000002,0.9817915793484473
341,1.7440000000000002,0.9817915793484473
342,1.7440000000000002,0.9817915793484473
343,1.7440000000000002,0.9817915793484473
344,1.7440000000000002,0.9817915793484473
345,1.7440000000000002,0.9817915793484473
346,1.7440000000000002,0.9817915793484473
347,1.7440000000000002,0.9817915793484473
348,1.7440000000000002,0.9817915793484473
349,1.7440000000000002,0.9817915793484473
350,1.7440000000000002,0.9817915793484473
351,1.7440000000000002,0.9817915793484473
352,1.7440000000000002,0.9817915793484473
353,1.7440000000000002,0.9817915793484473
354,1.7440000000000002,0.9817915793484473
355,1.7440000000000002,0.9817915793484473
356,1.7440000000000002,0.9817915793484473
357,1.7440000000000002,0.9817915793484473
358,1.7440000000000002,0.9817915793484473
359,1.7440000000000002,0.9817915793484473
360,1.7440000000000002,0.9817915793484473
361,1.7440000000000002,0.9817915793484473
362,1.7440000000000002,0.9817915793484473
363,1.7440000000000002,0.9817915793484473
364,1.7440000000000002,0.9817915793484473
365,1.7440000000000002,0.9817915793484473
366,1.7440000000000002,0.9817915793484473
367,1.7440000000000002,0.9817915793484473
368,1.7440000000000002,0.9817915793484473
369,1.7440000000000002,0.9817915793484473
370,1.7440000000000002,0.9817915793484473
371,1.7440000000000002,0.9817915793484473
372,1.7440000000000002,0.9817915793484473
373,1.7440000000000002,0.9817915793484473
374,1.7440000000000002,0.9817915793484473
375,1.7440000000000002,0.9817915793484473
376,1.7440000000000002,0.9817915793484473
377,1.7440000000000002,0.9817915793484473
378,1.7440000000000002,0.9817915793484473
379,1.7440000000000002,0.9817915793484473
380,1.7440000000000002,0.9817915793484473
381,1.7440000000000002,0.9817915793484473
382,1.7440000000000002,0.9817915793484473
383,1.7440000000000002,0.9817915793484473
384,1.7440000000000002,0.9817915793484473
385,1.7440000000000002,0.9817915793484473
386,1.7440000000000002,0.9817915793484473
387,1.7440000000000002,0.9817915793484473
388,1.7440000000000002,0.9817915793484473
389,1.7440000000000002,0.9817915793484473
390,1.7440000000000002,0.9817915793484473
391,1.7440000000000002,0.9817915793484473
392,1.7440000000000002,0.9817915793484473
393,1.7440000000000002,0.9817915793484473
394,1.7440000000000002,0.9817915793484473
395,1.7440000000000002,0.9817915793484473
396,1.7440000000000002,0.9817915793484473
397,1.7440000000000002,0.9817915793484473
398,1.7440000000000002,0.9817915793484473
399,1.7440000000000002,0.9817915793484473
400,1.7440000000000002,0.9817915793484473
401,1.7440000000000002,0.9817915793484473
402,1.7440000000000002,0.9817915793484473
403,1.7440000000000002,0.9817915793484473
404,1.7440000000000002,0.9817915793484473
405,1.7440000000000002,0.9817915793484473
406,1.7440000000000002,0.9817915793484473
407,1.7440000000000002,0.9817915793484473
408,1.7440000000000002,0.9817915793484473
409,1.7440000000000002,0.9817915793484473
410,1.7440000000000002,0.9817915793484473
411,1.7440000000000002,0.9817915793484473
412,1.7440000000000002,0.9817915793484473
413,1.7440000000000002,0.9817915793484473
414,1.7440000000000002,0.9817915793484473
415,1.7440000000000002,0.9817915793484473
416,1.7440000000000002,0.9817915793484473
417,1.7440000000000002,0.9817915793484473
418,1.7440000000000002,0.9817915793484473
419,1.7440000000000002,0.9817915793484473
420,1.7440000000000002,0.9817915793484473
421,1.7440000000000002,0.9817915793484473
422,1.7440000000000002,0.9817915793484473
423,1.7440000000000002,0.9817915793484473
424,1.7440000000000002,0.9817915793484473
425,1.7440000000000002,0.9817915793484473
426,1.7440000000000002,0.9817915793484473
427,1.7440000000000002,0.9817915793484473
428,1.7440000000000002,0.9817915793484473
429,1.7440000000000002,0.9817915793484473
430,1.7440000000000002,0.9817915793484473
431,1.7440000000000002,0.9817915793484473
432,1.7440000000000002,0.9817915793484473
433,1.7440000000000002,0.9817915793484473
434,1.7440000000000002,0.9817915793484473
435,1.7440000000000002,0.9817915793484473
436,1.7440000000000002,0.9817915793484473
437,1.7440000000000002,0.9817915793484473
438,1.7440000000000002,0.9817915793484473
439,1.7440000000000002,0.9817915793484473
440,1.7440000000000002,0.9817915793484473
441,1.7440000000000002,0.9817915793484473
442,1.7440000000000002,0.9817915793484473
443,1.7440000000000002,0.9817915793484473
444,1.7440000000000002,0.9817915793484473
445,1.7440000000000002,0.9817915793484473
446,1.7440000000000002,0.9817915793484473
447,1.7440000000000002,0.9817915793484473
448,1.7440000000000002,0.9817915793484473
449,1.7440000000000002,0.9817915793484473
450,1.7440000000000002,0.9817915793484473
451,1.7440000000000002,0.9817915793484473
452,1.7440000000000002,0.9817915793484473
453,1.7440000000000002,0.9817915793484473
454,1.7440000000000002,0.9817915793484473
455,1.7440000000000002,0.9817915793484473
456,1.7440000000000002,0.9817915793484473
457,1.7440000000000002,0.9817915793484473
458,1.7440000000000002,0.9817915793484473
459,1.7440000000000002,0.9817915793484473
460,1.7440000000000002,0.9817915793484473
461,1.7440000000000002,0.9817915793484473
462,1.7440000000000002,0.9817915793484473
463,1.7440000000000002,0.9817915793484473
464,1.7440000000000002,0.9817915793484473
465,1.7440000000000002,0.9817915793484473
466,1.7440000000000002,0.9817915793484473
467,1.7440000000000002,0.9817915793484473
468,1.7440000000000002,0.9817915793484473
469,1.7440000000000002,0.9817915793484473
470,1.7440000000000002,0.9817915793484473
471,1.7440000000000002,0.9817915793484473
472,1.7440000000000002,0.9817915793484473
473,1.7440000000000002,0.9817915793484473
474,1.7440000000000002,0.9817915793484473
475,1.7440000000000002,0.9817915793484473
476,1.7440000000000002,0.9817915793484473
477,1.7440000000000002,0.9817915793484473
478,1.7440000000000002,0.9817915793484473
479,1.7440000000000002,0.9817915793484473
480,1.7440000000000002,0.9817915793484473
481,1.7440000000000002,0.9817915793484473
482,1.7440000000000002,0.9817915793484473
483,1.7440000000000002,0.9817915793484473
484,1.7440000000000002,0.9817915793484473
485,1.7440000000000002,0.9817915793484473
486,1.7440000000000002,0.9817915793484473
487,1.7440000000000002,0.9817915793484473
488,1.7440000000000002,0.9817915793484473
489,1.7440000000000002,0.9817915793484473
490,1.7440000000000002,0.9817915793484473
491,1.7440000000000002,0.9817915793484473
492,1.7440000000000002,0.9817915793484473
493,1.7440000000000002,0.9817915793484473
494,1.7440000000000002,0.9817915793484473
495,1.7440000000000002,0.9817915793484473
496,1.7440000000000002,0.9817915793484473
497,1.7440000000000002,0.9817915793484473
498,1.7440000000000002,0.9817915793484473
499,1.7440000000000002,0.9817915793484473
500,1.7440000000000002,0.9817915793484473
501,1.7440000000000002,0.9817915793484473
502,1.7440000000000002,0.9817915793484473
503,1.7440000000000002,0.9817915793484473
504,1.7440000000000002,0.9817915793484473
505,1.7440000000000002,0.9817915793484473
506,1.7440000000000002,0.9817915793484473
507,1.7440000000000002,0.9817915793484473
508,1.7440000000000002,0.9817915793484473
509,1.7440000000000002,0.9817915793484473
510,1.7440000000000002,0.9817915793484473
511,1.7440000000000002,0.9817915793484473
512,1.7440000000000002,0.9817915793484473
513,1.7440000000000002,0.9817915793484473
514,1.7440000000000002,0.9817915793484473
515,1.7440000000000002,0.9817915793484473
516,1.7440000000000002,0.9817915793484473
517,1.7440000000000002,0.9817915793484473
518,1.7440000000000002,0.9817915793484473
519,1.7440000000000002,0.9817915793484473
520,1.7440000000000002,0.9817915793484473
521,1.7440000000000002,0.9817915793484473
522,1.7440000000000002,0.9817915793484473
523,1.7440000000000002,0.9817915793484473
524,1.7440000000000002,0.9817915793484473
525,1.7440000000000002,0.9817915793484473
526,1.7440000000000002,0.9817915793484473
527,1.7440000000000002,0.9817915793484473
528,1.7440000000000002,0.9817915793484473
529,1.7440000000000002,0.9817915793484473
530,1.7440000000000002,0.9817915793484473
531,1.7440000000000002,0.9817915793484473
532,1.7440000000000002,0.9817915793484473
533,1.7440000000000002,0.9817915793484473
534,1.7440000000000002,0.9817915793484473
535,1.7440000000000002,0.9817915793484473
536,1.7440000000000002,0.9817915793484473
537,1.7440000000000002,0.9817915793484473
538,1.7440000000000002,0.9817915793484473
539,1.7440000000000002,0.9817915793484473
540,1.7440000000000002,0.9817915793484473
541,1.7440000000000002,0.9817915793484473
542,1.7440000000000002,0.9817915793484473
543,1.7440000000000002,0.9817915793484473
544,1.7440000000000002,0.9817915793484473
545,1.7440000000000002,0.9817915793484473
546,1.7440000000000002,0.9817915793484473
547,1.7440000000000002,0.9817915793484473
548,1.7440000000000002,0.9817915793484473
549,1.7440000000000002,0.9817915793484473
550,1.7440000000000002,0.9817915793484473
551,1.7440000000000002,0.9817915793484473
552,1.7440000000000002,0.9817915793484473
553,1.7440000000000002,0.9817915793484473
554,1.7440000000000002,0.9817915793484473
555,1.7440000000000002,0.9817915793484473
556,1.7440000000000002,0.9817915793484473
557,1.7440000000000002,0.9817915793484473
558,1.7440000000000002,0.9817915793484473
559,1.7440000000000002,0.9817915793484473
560,1.7440000000000002,0.9817915793484473
561,1.7440000000000002,0.9817915793484473
562,1.7440000000000002,0.9817915793484473
563,1.7440000000000002,0.9817915793484473
564,1.7440000000000002,0.9817915793484473
565,1.7440000000000002,0.9817915793484473
566,1.7440000000000002,0.9817915793484473
567,1.7440000000000002,0.9817915793484473
568,1.7440000000000002,0.9817915793484473
569,1.7440000000000002,0.9817915793484473
570,1.7440000000000002,0.9817915793484473
571,1.7440000000000002,0.9817915793484473
572,1.7440000000000002,0.9817915793484473
573,1.7440000000000002,0.9817915793484473
574,1.7440000000000002,0.9817915793484473
575,1.7440000000000002,0.9817915793484473
576,1.7440000000000002,0.9817915793484473
577,1.7440000000000002,0.9817915793484473
578,1.7440000000000002,0.9817915793484473
579,1.7440000000000002,0.9817915793484473
580,1.7440000000000002,0.9817915793484473
581,1.7440000000000002,0.9817915793484473
582,1.7440000000000002,0.9817915793484473
583,1.7440000000000002,0.9817915793484473
584,1.7440000000000002,0.9817915793484473
585,1.7440000000000002,0.9817915793484473
586,1.7440000000000002,0.9817915793484473
587,1.7440000000000002,0.9817915793484473
588,1.7440000000000002,0.9817915793484473
589,1.7440000000000002,0.9817915793484473
590,1.7440000000000002,0.9817915793484473
591,1.7440000000000002,0.9817915793484473
592,1.7440000000000002,0.9817915793484473
593,1.7440000000000002,0.9817915793484473
594,1.7440000000000002,0.9817915793484473
595,1.7440000000000002,0.9817915793484473
596,1.7440000000000002,0.9817915793484473
597,1.7440000000000002,0.9817915793484473
598,1.7440000000000002,0.9817915793484473
599,1.7440000000000002,0.9817915793484473
600,1.7440000000000002,0.9817915793484473
601,1.7440000000000002,0.9817915793484473
602,1.7440000000000002,0.9817915793484473
603,1.7440000000000002,0.9817915793484473
604,1.7440000000000002,0.9817915793484473
605,1.7440000000000002,0.9817915793484473
606,1.7440000000000002,0.9817915793484473
607,1.7440000000000002,0.9817915793484473
608,1.7440000000000002,0.9817915793484473
609,1.7440000000000002,0.9817915793484473
610,1.7440000000000002,0.9817915793484473
611,1.7440000000000002,0.9817915793484473
612,1.7440000000000002,0.9817915793484473
613,1.7440000000000002,0.9817915793484473
614,1.7440000000000002,0.9817915793484473
615,1.7440000000000002,0.9817915793484473
616,1.7440000000000002,0.9817915793484473
617,1.7440000000000002,0.9817915793484473
618,1.7440000000000002,0.9817915793484473
619,1.7440000000000002,0.9817915793484473
620,1.7440000000000002,0.9817915793484473
621,1.7440000000000002,0.9817915793484473
622,1.7440000000000002,0.9817915793484473
623,1.7440000000000002,0.9817915793484473
624,1.7440000000000002,0.9817915793484473
625,1.7440000000000002,0.9817915793484473
626,1.7440000000000002,0.9817915793484473
627,1.7440000000000002,0.9817915793484473
628,1.7440000000000002,0.9817915793484473
629,1.7440000000000002,0.9817915793484473
630,1.7440000000000002,0.9817915793484473
631,1.7440000000000002,0.9817915793484473
632,1.7440000000000002,0.9817915793484473
633,1.7440000000000002,0.9817915793484473
634,1.7440000000000002,0.9817915793484473
635,1.7440000000000002,0.9817915793484473
636,1.7440000000000002,0.9817915793484473
637,1.7440000000000002,0.9817915793484473
638,1.7440000000000002,0.9817915793484473
639,1.7440000000000002,0.9817915793484473
640,1.7440000000000002,0.9817915793484473
641,1.7440000000000002,0.9817915793484473
642,1.7440000000000002,0.9817915793484473
643,1.7440000000000002,0.9817915793484473
644,1.7440000000000002,0.9817915793484473
645,1.7440000000000002,0.9817915793484473
646,1.7440000000000002,0.9817915793484473
647,1.7440000000000002,0.9817915793484473
648,1.7440000000000002,0.9817915793484473
649,1.7440000000000002,0.9817915793484473
650,1.7440000000000002,0.9817915793484473
651,1.7440000000000002,0.9817915793484473
652,1.7440000000000002,0.9817915793484473
653,1.7440000000000002,0.9817915793484473
654,1.7440000000000002,0.9817915793484473
655,1.7440000000000002,0.9817915793484473
656,1.7440000000000002,0.9817915793484473
657,1.7440000000000002,0.9817915793484473
658,1.7440000000000002,0.9817915793484473
659,1.7440000000000002,0.9817915793484473
660,1.7440000000000002,0.9817915793484473
661,1.7440000000000002,0.9817915793484473
662,1.7440000000000002,0.9817915793484473
663,1.7440000000000002,0.9817915793484473
664,1.7440000000000002,0.9817915793484473
665,1.7440000000000002,0.9817915793484473
666,1.7440000000000002,0.9817915793484473
667,1.7440000000000002,0.9817915793484473
668,1.7440000000000002,0.9817915793484473
669,1.7440000000000002,0.9817915793484473
670,1.7440000000000002,0.9817915793484473
671,1.7440000000000002,0.9817915793484473
672,1.7440000000000002,0.9817915793484473
673,1.7440000000000002,0.9817915793484473
674,1.7440000000000002,0.9817915793484473
675,1.7440000000000002,0.9817915793484473
676,1.7440000000000002,0.9817915793484473
677,1.7440000000000002,0.9817915793484473
678,1.7440000000000002,0.9817915793484473
679,1.7440000000000002,0.9817915793484473
680,1.7440000000000002,0.9817915793484473
681,1.7440000000000002,0.9817915793484473
682,1.7440000000000002,0.9817915793484473
683,1.7440000000000002,0.9817915793484473
684,1.7440000000000002,0.9817915793484473
685,1.7440000000000002,0.9817915793484473
686,1.7440000000000002,0.9817915793484473
687,1.7440000000000002,0.9817915793484473
688,1.7440000000000002,0.9817915793484473
689,1.7440000000000002,0.9817915793484473
690,1.7440000000000002,0.9817915793484473
691,1.7440000000000002,0.9817915793484473
692,1.7440000000000002,0.9817915793484473
693,1.7440000000000002,0.9817915793484473
694,1.7440000000000002,0.9817915793484473
695,1.7440000000000002,0.9817915793484473
696,1.7440000000000002,0.9817915793484473
697,1.7440000000000002,0.9817915793484473
698,1.7440000000000002,0.9817915793484473
699,1.7440000000000002,0.9817915793484473
700,1.7440000000000002,0.9817915793484473
701,1.7440000000000002,0.9817915793484473
702,1.7440000000000002,0.9817915793484473
703,1.7440000000000002,0.9817915793484473
704,1.7440000000000002,0.9817915793484473
705,1.7440000000000002,0.9817915793484473
706,1.7440000000000002,0.9817915793484473
707,1.7440000000000002,0.9817915793484473
708,1.7440000000000002,0.9817915793484473
709,1.7440000000000002,0.9817915793484473
710,1.7440000000000002,0.9817915793484473
711,1.7440000000000002,0.9817915793484473
712,1.7440000000000002,0.9817915793484473
713,1.7440000000000002,0.9817915793484473
714,1.7440000000000002,0.9817915793484473
715,1.7440000000000002,0.9817915793484473
716,1.7440000000000002,0.9817915793484473
717,1.7440000000000002,0.9817915793484473
718,1.7440000000000002,0.9817915793484473
719,1.7440000000000002,0.9817915793484473
720,1.7440000000000002,0.9817915793484473
721,1.7440000000000002,0.9817915793484473
722,1.7440000000000002,0.9817915793484473
723,1.7440000000000002,0.9817915793484473
724,1.7440000000000002,0.9817915793484473
725,1.7440000000000002,0.9817915793484473
726,1.7440000000000002,0.9817915793484473
727,1.7440000000000002,0.9817915793484473
728,1.7440000000000002,0.9817915793484473
729,1.7440000000000002,0.9817915793484473
730,1.7440000000000002,0.9817915793484473
731,1.7440000000000002,0.9817915793484473
732,1.7440000000000002,0.9817915793484473
733,1.7440000000000002,0.9817915793484473
734,1.7440000000000002,0.9817915793484473
735,1.7440000000000002,0.9817915793484473
736,1.7440000000000002,0.9817915793484473
737,1.7440000000000002,0.9817915793484473
738,1.7440000000000002,0.9817915793484473
739,1.7440000000000002,0.9817915793484473
740,1.7440000000000002,0.9817915793484473
741,1.7440000000000002,0.9817915793484473
742,1.7440000000000002,0.9817915793484473
743,1.7440000000000002,0.9817915793484473
744,1.7440000000000002,0.9817915793484473
745,1.7440000000000002,0.9817915793484473
746,1.7440000000000002,0.9817915793484473
747,1.7440000000000002,0.9817915793484473
748,1.7440000000000002,0.9817915793484473
749,1.7440000000000002,0.9817915793484473
750,1.7440000000000002,0.9817915793484473
751,1.7440000000000002,0.9817915793484473
752,1.7440000000000002,0.9817915793484473
753,1.7440000000000002,0.9817915793484473
754,1.7440000000000002,0.9817915793484473
755,1.7440000000000002,0.9817915793484473
756,1.7440000000000002,0.9817915793484473
757,1.7440000000000002,0.9817915793484473
758,1.7440000000000002,0.9817915793484473
759,1.7440000000000002,0.9817915793484473
760,1.7440000000000002,0.9817915793484473
761,1.7440000000000002,0.9817915793484473
762,1.7440000000000002,0.9817915793484473
763,1.7440000000000002,0.9817915793484473
764,1.7440000000000002,0.9817915793484473
765,1.7440000000000002,0.9817915793484473
766,1.7440000000000002,0.9817915793484473
767,1.7440000000000002,0.9817915793484473
768,1.7440000000000002,0.9817915793484473
769,1.7440000000000002,0.9817915793484473
770,1.7440000000000002,0.9817915793484473
771,1.7440000000000002,0.9817915793484473
772,1.7440000000000002,0.9817915793484473
773,1.7440000000000002,0.9817915793484473
774,1.7440000000000002,0.9817915793484473
775,1.7440000000000002,0.9817915793484473
776,1.7440000000000002,0.9817915793484473
777,1.7440000000000002,0.9817915793484473
778,1.7440000000000002,0.9817915793484473
779,1.7440000000000002,0.9817915793484473
780,1.7440000000000002,0.9817915793484473
781,1.7440000000000002,0.9817915793484473
782,1.7440000000000002,0.9817915793484473
783,1.7440000000000002,0.9817915793484473
784,1.7440000000000002,0.9817915793484473
785,1.7440000000000002,0.9817915793484473
786,1.7440000000000002,0.9817915793484473
787,1.7440000000000002,0.9817915793484473
788,1.7440000000000002,0.9817915793484473
789,1.7440000000000002,0.9817915793484473
790,1.7440000000000002,0.9817915793484473
791,1.7440000000000002,0.9817915793484473
792,1.7440000000000002,0.9817915793484473
793,1.7440000000000002,0.9817915793484473
794,1.7440000000000002,0.9817915793484473
795,1.7440000000000002,0.9817915793484473
796,1.7440000000000002,0.9817915793484473
797,1.7440000000000002,0.9817915793484473
798,1.7440000000000002,0.9817915793484473
799,1.7440000000000002,0.9817915793484473
800,1.7440000000000002,0.9817915793484473
801,1.7440000000000002,0.9817915793484473
802,1.7440000000000002,0.9817915793484473
803,1.7440000000000002,0.9817915793484473
804,1.7440000000000002,0.9817915793484473
805,1.7440000000000002,0.9817915793484473
806,1.7440000000000002,0.9817915793484473
807,1.7440000000000002,0.9817915793484473
808,1.7440000000000002,0.9817915793484473
809,1.7440000000000002,0.9817915793484473
810,1.7440000000000002,0.9817915793484473
811,1.7440000000000002,0.9817915793484473
812,1.7440000000000002,0.9817915793484473
813,1.7440000000000002,0.9817915793484473
814,1.7440000000000002,0.9817915793484473
815,1.7440000000000002,0.9817915793484473
816,1.7440000000000002,0.9817915793484473
817,1.7440000000000002,0.9817915793484473
818,1.7440000000000002,0.9817915793484473
819,1.7440000000000002,0.9817915793484473
820,1.7440000000000002,0.9817915793484473
821,1.7440000000000002,0.9817915793484473
822,1.7440000000000002,0.9817915793484473
823,1.7440000000000002,0.9817915793484473
824,1.7440000000000002,0.9817915793484473
825,1.7440000000000002,0.9817915793484473
826,1.7440000000000002,0.9817915793484473
827,1.7440000000000002,0.9817915793484473
828,1.7440000000000002,0.9817915793484473
829,1.7440000000000002,0.9817915793484473
830,1.7440000000000002,0.9817915793484473
831,1.7440000000000002,0.9817915793484473
832,1.7440000000000002,0.9817915793484473
833,1.7440000000000002,0.9817915793484473
834,1.7440000000000002,0.9817915793484473
835,1.7440000000000002,0.9817915793484473
836,1.7440000000000002,0.9817915793484473
837,1.7440000000000002,0.9817915793484473
838,1.7440000000000002,0.9817915793484473
839,1.7440000000000002,0.9817915793484473
840,1.7440000000000002,0.9817915793484473
841,1.7440000000000002,0.9817915793484473
842,1.7440000000000002,0.9817915793484473
843,1.7440000000000002,0.9817915793484473
844,1.7440000000000002,0.9817915793484473
845,1.7440000000000002,0.9817915793484473
846,1.7440000000000002,0.9817915793484473
847,1.7440000000000002,0.9817915793484473
848,1.7440000000000002,0.9817915793484473
849,1.7440000000000002,0.9817915793484473
850,1.7440000000000002,0.9817915793484473
851,1.7440000000000002,0.9817915793484473
852,1.7440000000000002,0.9817915793484473
853,1.7440000000000002,0.9817915793484473
854,1.7440000000000002,0.9817915793484473
855,1.7440000000000002,0.9817915793484473
856,1.7440000000000002,0.9817915793484473
857,1.7440000000000002,0.9817915793484473
858,1.7440000000000002,0.9817915793484473
859,1.7440000000000002,0.9817915793484473
860,1.7440000000000002,0.9817915793484473
861,1.7440000000000002,0.9817915793484473
862,1.7440000000000002,0.9817915793484473
863,1.7440000000000002,0.9817915793484473
864,1.7440000000000002,0.9817915793484473
865,1.7440000000000002,0.9817915793484473
866,1.7440000000000002,0.9817915793484473
867,1.7440000000000002,0.9817915793484473
868,1.7440000000000002,0.9817915793484473
869,1.7440000000000002,0.9817915793484473
870,1.7440000000000002,0.9817915793484473
871,1.7440000000000002,0.9817915793484473
872,1.7440000000000002,0.9817915793484473
873,1.7440000000000002,0.9817915793484473
874,1.7440000000000002,0.9817915793484473
875,1.7440000000000002,0.9817915793484473
876,1.7440000000000002,0.9817915793484473
877,1.7440000000000002,0.9817915793484473
878,1.7440000000000002,0.9817915793484473
879,1.7440000000000002,0.9817915793484473
880,1.7440000000000002,0.9817915793484473
881,1.7440000000000002,0.9817915793484473
882,1.7440000000000002,0.9817915793484473
883,1.7440000000000002,0.9817915793484473
884,1.7440000000000002,0.9817915793484473
885,1.7440000000000002,0.9817915793484473
886,1.7440000000000002,0.9817915793484473
887,1.7440000000000002,0.9817915793484473
888,1.7440000000000002,0.9817915793484473
889,1.7440000000000002,0.9817915793484473
890,1.7440000000000002,0.9817915793484473
891,1.7440000000000002,0.9817915793484473
892,1.7440000000000002,0.9817915793484473
893,1.7440000000000002,0.9817915793484473
894,1.7440000000000002,0.9817915793484473
895,1.7440000000000002,0.9817915793484473
896,1.7440000000000002,0.9817915793484473
897,1.7440000000000002,0.9817915793484473
898,1.7440000000000002,0.9817915793484473
899,1.7440000000000002,0.9817915793484473
900,1.7440000000000002,0.9817915793484473
901,1.7440000000000002,0.9817915793484473
902,1.7440000000000002,0.9817915793484473
903,1.7440000000000002,0.9817915793484473
904,1.7440000000000002,0.9817915793484473
905,1.7440000000000002,0.9817915793484473
906,1.7440000000000002,0.9817915793484473
907,1.7440000000000002,0.9817915793484473
908,1.7440000000000002,0.9817915793484473
909,1.7440000000000002,0.9817915793484473
910,1.7440000000000002,0.9817915793484473
911,1.7440000000000002,0.9817915793484473
912,1.7440000000000002,0.9817915793484473
913,1.7440000000000002,0.9817915793484473
914,1.7440000000000002,0.9817915793484473
915,1.7440000000000002,0.9817915793484473
916,1.7440000000000002,0.9817915793484473
917,1.7440000000000002,0.9817915793484473
918,1.7440000000000002,0.9817915793484473
919,1.7440000000000002,0.9817915793484473
920,1.7440000000000002,0.9817915793484473
921,1.7440000000000002,0.9817915793484473
922,1.7440000000000002,0.9817915793484473
923,1.7440000000000002,0.9817915793484473
924,1.7440000000000002,0.9817915793484473
925,1.7440000000000002,0.9817915793484473
926,1.7440000000000002,0.9817915793484473
927,1.7440000000000002,0.9817915793484473
928,1.7440000000000002,0.9817915793484473
929,1.7440000000000002,0.9817915793484473
930,1.7440000000000002,0.9817915793484473
931,1.7440000000000002,0.9817915793484473
932,1.7440000000000002,0.9817915793484473
933,1.7440000000000002,0.9817915793484473
934,1.7440000000000002,0.9817915793484473
935,1.7440000000000002,0.9817915793484473
936,1.7440000000000002,0.9817915793484473
937,1.7440000000000002,0.9817915793484473
938,1.7440000000000002,0.9817915793484473
939,1.7440000000000002,0.9817915793484473
940,1.7440000000000002,0.9817915793484473
941,1.7440000000000002,0.9817915793484473
942,1.7440000000000002,0.9817915793484473
943,1.7440000000000002,0.9817915793484473
944,1.7440000000000002,0.9817915793484473
945,1.7440000000000002,0.9817915793484473
946,1.7440000000000002,0.9817915793484473
947,1.7440000000000002,0.9817915793484473
948,1.7440000000000002,0.9817915793484473
949,1.7440000000000002,0.9817915793484473
950,1.7440000000000002,0.9817915793484473
951,1.7440000000000002,0.9817915793484473
952,1.7440000000000002,0.9817915793484473
953,1.7440000000000002,0.9817915793484473
954,1.7440000000000002,0.9817915793484473
955,1.7440000000000002,0.9817915793484473
956,1.7440000000000002,0.9817915793484473
957,1.7440000000000002,0.9817915793484473
958,1.7440000000000002,0.9817915793484473
959,1.7440000000000002,0.9817915793484473
960,1.7440000000000002,0.9817915793484473
961,1.7440000000000002,0.9817915793484473
962,1.7440000000000002,0.9817915793484473
963,1.7440000000000002,0.9817915793484473
964,1.7440000000000002,0.9817915793484473
965,1.7440000000000002,0.9817915793484473
966,1.7440000000000002,0.9817915793484473
967,1.7440000000000002,0.9817915793484473
968,1.7440000000000002,0.9817915793484473
969,1.7440000000000002,0.9817915793484473
970,1.7440000000000002,0.9817915793484473
971,1.7440000000000002,0.9817915793484473
972,1.7440000000000002,0.9817915793484473
973,1.7440000000000002,0.9817915793484473
974,1.7440000000000002,0.9817915793484473
975,1.7440000000000002,0.9817915793484473
976,1.7440000000000002,0.9817915793484473
977,1.7440000000000002,0.9817915793484473
978,1.7440000000000002,0.9817915793484473
979,1.7440000000000002,0.9817915793484473
980,1.7440000000000002,0.9817915793484473
981,1.7440000000000002,0.9817915793484473
982,1.7440000000000002,0.9817915793484473
983,1.7440000000000002,0.9817915793484473
984,1.7440000000000002,0.9817915793484473
985,1.7440000000000002,0.9817915793484473
986,1.7440000000000002,0.9817915793484473
987,1.7440000000000002,0.9817915793484473
988,1.7440000000000002,0.9817915793484473
989,1.7440000000000002,0.9817915793484473
990,1.7440000000000002,0.9817915793484473
991,1.7440000000000002,0.9817915793484473
992,1.7440000000000002,0.9817915793484473
993,1.7440000000000002,0.9817915793484473
994,1.7440000000000002,0.9817915793484473
995,1.7440000000000002,0.9817915793484473
996,1.7440000000000002,0.9817915793484473
997,1.7440000000000002,0.9817915793484473
998,1.7440000000000002,0.9817915793484473
999,1.7440000000000002,0.9817915793484473
1000,1.7440000000000002,0.9817915793484473
1001,1.7440000000000002,0.9817915793484473
1002,1.7440000000000002,0.9817915793484473
1003,1.7440000000000002,0.9817915793484473
1004,1.7440000000000002,0.9817915793484473
1005,1.7440000000000002,0.9817915793484473
1006,1.7440000000000002,0.9817915793484473
1007,1.7440000000000002,0.9817915793484473
1008,1.7440000000000002,0.9817915793484473
1009,1.7440000000000002,0.9817915793484473
1010,1.7440000000000002,0.9817915793484473
1011,1.7440000000000002,0.9817915793484473
1012,1.7440000000000002,0.9817915793484473
1013,1.7440000000000002,0.9817915793484473
1014,1.7440000000000002,0.9817915793484473
1015,1.7440000000000002,0.9817915793484473
1016,1.7440000000000002,0.9817915793484473
1017,1.7440000000000002,0.9817915793484473
1018,1.7440000000000002,0.9817915793484473
1019,1.7440000000000002,0.9817915793484473
1020,1.7440000000000002,0.9817915793484473
1021,1.7440000000000002,0.9817915793484473
1022,1.7440000000000002,0.9817915793484473
1023,1.7440000000000002,0.9817915793484473
1024,1.7440000000000002,0.9817915793484473
1025,1.7440000000000002,0.9817915793484473
1026,1.7440000000000002,0.9817915793484473
1027,1.7440000000000002,0.9817915793484473
1028,1.7440000000000002,0.9817915793484473
1029,1.7440000000000002,0.9817915793484473
1030,1.7440000000000002,0.9817915793484473
1031,1.7440000000000002,0.9817915793484473
1032,1.7440000000000002,0.9817915793484473
1033,1.7440000000000002,0.9817915793484473
1034,1.7440000000000002,0.9817915793484473
1035,1.7440000000000002,0.9817915793484473
1036,1.7440000000000002,0.9817915793484473
1037,1.7440000000000002,0.9817915793484473
1038,1.7440000000000002,0.9817915793484473
1039,1.7440000000000002,0.9817915793484473
1040,1.7440000000000002,0.9817915793484473
1041,1.7440000000000002,0.9817915793484473
1042,1.7440000000000002,0.9817915793484473
1043,1.7440000000000002,0.9817915793484473
1044,1.7440000000000002,0.9817915793484473
1045,1.7440000000000002,0.9817915793484473
1046,1.7440000000000002,0.9817915793484473
1047,1.7440000000000002,0.9817915793484473
1048,1.7440000000000002,0.9817915793484473
1049,1.7440000000000002,0.9817915793484473
1050,1.7440000000000002,0.9817915793484473
1051,1.7440000000000002,0.9817915793484473
1052,1.7440000000000002,0.9817915793484473
1053,1.7440000000000002,0.9817915793484473
1054,1.7440000000000002,0.9817915793484473
1055,1.7440000000000002,0.9817915793484473
1056,1.7440000000000002,0.9817915793484473
1057,1.7440000000000002,0.9817915793484473
1058,1.7440000000000002,0.9817915793484473
1059,1.7440000000000002,0.9817915793484473
1060,1.7440000000000002,0.9817915793484473
1061,1.7440000000000002,0.9817915793484473
1062,1.7440000000000002,0.9817915793484473
1063,1.7440000000000002,0.9817915793484473
1064,1.7440000000000002,0.9817915793484473
1065,1.7440000000000002,0.9817915793484473
1066,1.7440000000000002,0.9817915793484473
1067,1.6300000000000001,0.9817915793484473
1068,1.6300000000000001,0.9817915793484473
1069,1.6300000000000001,0.9817915793484473
1070,1.6300000000000001,0.9817915793484473
1071,1.6300000000000001,0.9817915793484473
1072,1.6300000000000001,0.9817915793484473
1073,1.6300000000000001,0.9817915793484473
1074,1.6300000000000001,0.9817915793484473
1075,1.6300000000000001,0.9817915793484473
1076,1.6300000000000001,0.9817915793484473
1077,1.6300000000000001,0.9817915793484473
1078,1.6300000000000001,0.9817915793484473
1079,1.6300000000000001,0.9817915793484473
1080,1.6300000000000001,0.9817915793484473
1081,1.6300000000000001,0.9817915793484473
1082,1.6300000000000001,0.9817915793484473
1083,1.6300000000000001,0.9817915793484473
1084,1.6300000000000001,0.9817915793484473
1085,1.6300000000000001,0.9817915793484473
1086,1.6300000000000001,0.9817915793484473
1087,1.6300000000000001,0.9817915793484473
1088,1.6300000000000001,0.9817915793484473
1089,1.6300000000000001,0.9817915793484473
1090,1.6300000000000001,0.9817915793484473
1091,1.6300000000000001,0.9817915793484473
1092,1.6300000000000001,0.9817915793484473
1093,1.6300000000000001,0.9817915793484473
1094,1.6300000000000001,0.9817915793484473
1095,1.6300000000000001,0.9817915793484473
1096,1.6300000000000001,0.9817915793484473
1097,1.6300000000000001,0.9817915793484473
1098,1.6300000000000001,0.9817915793484473
1099,1.6300000000000001,0.9817915793484473
1100,1.6300000000000001,0.9817915793484473
1101,1.6300000000000001,0.9817915793484473
1102,1.6300000000000001,0.9817915793484473
1103,1.6300000000000001,0.9817915793484473
1104,1.6300000000000001,0.9817915793484473
1105,1.6300000000000001,0.9817915793484473
1106,1.6300000000000001,0.9817915793484473
1107,1.6300000000000001,0.9817915793484473
1108,1.6300000000000001,0.9817915793484473
1109,1.6300000000000001,0.9817915793484473
1110,1.6300000000000001,0.9817915793484473
1111,1.6300000000000001,0.9817915793484473
1112,1.6300000000000001,0.9817915793484473
1113,1.6300000000000001,0.9817915793484473
1114,1.6300000000000001,0.9817915793484473
1115,1.6300000000000001,0.9817915793484473
1116,1.6300000000000001,0.9817915793484473
1117,1.6300000000000001,0.9817915793484473
1118,1.6300000000000001,0.9817915793484473
1119,1.6300000000000001,0.9817915793484473
1120,1.6300000000000001,0.9817915793484473
1121,1.6300000000000001,0.9817915793484473
1122,1.6300000000000001,0.9817915793484473
1123,1.6300000000000001,0.9817915793484473
1124,1.6300000000000001,0.9817915793484473
1125,1.6300000000000001,0.9817915793484473
1126,1.6300000000000001,0.9817915793484473
1127,1.6300000000000001,0.9817915793484473
1128,1.6300000000000001,0.9817915793484473
1129,1.6300000000000001,0.9817915793484473
1130,1.6300000000000001,0.9817915793484473
1131,1.6300000000000001,0.9817915793484473
1132,1.6300000000000001,0.9817915793484473
1133,1.6300000000000001,0.9817915793484473
1134,1.6300000000000001,0.9817915793484473
1135,1.6300000000000001,0.9817915793484473
1136,1.6300000000000001,0.9817915793484473
1137,1.6300000000000001,0.9817915793484473
1138,1.6300000000000001,0.9817915793484473
1139,1.6300000000000001,0.9817915793484473
1140,1.6300000000000001,0.9817915793484473
1141,1.6300000000000001,0.9817915793484473
1142,1.6300000000000001,0.9817915793484473
1143,1.6300000000000001,0.9817915793484473
1144,1.6300000000000001,0.9817915793484473
1145,1.6300000000000001,0.9817915793484473
1146,1.6300000000000001,0.9817915793484473
1147,1.6300000000000001,0.9817915793484473
1148,1.6300000000000001,0.9817915793484473
1149,1.6300000000000001,0.9817915793484473
1150,1.6300000000000001,0.9817915793484473
1151,1.6300000000000001,0.9817915793484473
1152,1.6300000000000001,0.9817915793484473
1153,1.6300000000000001,0.9817915793484473
1154,1.6300000000000001,0.9817915793484473
1155,1.6300000000000001,0.9817915793484473
1156,1.6300000000000001,0.9817915793484473
1157,1.6300000000000001,0.9817915793484473
1158,1.6300000000000001,0.9817915793484473
1159,1.6300000000000001,0.9817915793484473
1160,1.6300000000000001,0.9817915793484473
1161,1.6300000000000001,0.9817915793484473
1162,1.6300000000000001,0.9817915793484473
1163,1.6300000000000001,0.9817915793484473
1164,1.6300000000000001,0.9817915793484473
1165,1.6300000000000001,0.9817915793484473
1166,1.6300000000000001,0.9817915793484473
1167,1.6300000000000001,0.9817915793484473
1168,1.6300000000000001,0.9817915793484473
1169,1.6300000000000001,0.9817915793484473
1170,1.6300000000000001,0.9817915793484473
1171,1.6300000000000001,0.9817915793484473
1172,1.6300000000000001,0.9817915793484473
1173,1.6300000000000001,0.9817915793484473
1174,1.6300000000000001,0.9817915793484473
1175,1.6300000000000001,0.9817915793484473
1176,1.6300000000000001,0.9817915793484473
1177,1.6300000000000001,0.9817915793484473
1178,1.6300000000000001,0.9817915793484473
1179,1.6300000000000001,0.9817915793484473
1180,1.6300000000000001,0.9817915793484473
1181,1.6300000000000001,0.9817915793484473
1182,1.6300000000000001,0.9817915793484473
1183,1.6300000000000001,0.9817915793484473
1184,1.6300000000000001,0.9817915793484473
1185,1.6300000000000001,0.9817915793484473
1186,1.6300000000000001,0.9817915793484473
1187,1.6300000000000001,0.9817915793484473
1188,1.6300000000000001,0.9817915793484473
1189,1.6300000000000001,0.9817915793484473
1190,1.6300000000000001,0.9817915793484473
1191,1.6300000000000001,0.9817915793484473
1192,1.6300000000000001,0.9817915793484473
1193,1.6300000000000001,0.9817915793484473
1194,1.6300000000000001,0.9817915793484473
1195,1.6300000000000001,0.9817915793484473
1196,1.6300000000000001,0.9817915793484473
1197,1.6300000000000001,0.9817915793484473
1198,1.6300000000000001,0.9817915793484473
1199,1.6300000000000001,0.9817915793484473
1200,1.6300000000000001,0.9817915793484473
1201,1.6300000000000001,0.9817915793484473
1202,1.6300000000000001,0.9817915793484473
1203,1.6300000000000001,0.9817915793484473
1204,1.6300000000000001,0.9817915793484473
1205,1.6300000000000001,0.9817915793484473
1206,1.6300000000000001,0.9817915793484473
1207,1.6300000000000001,0.9817915793484473
1208,1.6300000000000001,0.9817915793484473
1209,1.6300000000000001,0.9817915793484473
1210,1.6300000000000001,0.9817915793484473
1211,1.6300000000000001,0.9817915793484473
1212,1.6300000000000001,0.9817915793484473
1213,1.6300000000000001,0.9817915793484473
1214,1.6300000000000001,0.9817915793484473
1215,1.6300000000000001,0.9817915793484473
1216,1.6300000000000001,0.9817915793484473
1217,1.6300000000000001,0.9817915793484473
1218,1.6300000000000001,0.9817915793484473
1219,1.6300000000000001,0.9817915793484473
1220,1.6300000000000001,0.9817915793484473
1221,1.6300000000000001,0.9817915793484473
1222,1.6300000000000001,0.9817915793484473
1223,1.6300000000000001,0.9817915793484473
1224,1.6300000000000001,0.9817915793484473
1225,1.6300000000000001,0.9817915793484473
1226,1.6300000000000001,0.9817915793484473
1227,1.6300000000000001,0.9817915793484473
1228,1.6300000000000001,0.9817915793484473
1229,1.6300000000000001,0.9817915793484473
1230,1.6300000000000001,0.9817915793484473
1231,1.6300000000000001,0.9817915793484473
1232,1.6300000000000001,0.9817915793484473
1233,1.6300000000000001,0.9817915793484473
1234,1.6300000000000001,0.9817915793484473
1235,1.6300000000000001,0.9817915793484473
1236,1.6300000000000001,0.9817915793484473
1237,1.6300000000000001,0.9817915793484473
1238,1.6300000000000001,0.9817915793484473
1239,1.6300000000000001,0.9817915793484473
1240,1.6300000000000001,0.9817915793484473
1241,1.6300000000000001,0.9817915793484473
1242,1.6300000000000001,0.9817915793484473
1243,1.6300000000000001,0.9817915793484473
1244,1.6300000000000001,0.9817915793484473
1245,1.6300000000000001,0.9817915793484473
1246,1.6300000000000001,0.9817915793484473
1247,1.6300000000000001,0.9817915793484473
1248,1.6300000000000001,0.9817915793484473
1249,1.6300000000000001,0.9817915793484473
1250,1.6300000000000001,0.9817915793484473
1251,1.6300000000000001,0.9817915793484473
1252,1.6300000000000001,0.9817915793484473
1253,1.6300000000000001,0.9817915793484473
1254,1.6300000000000001,0.9817915793484473
1255,1.6300000000000001,0.9817915793484473
1256,1.6300000000000001,0.9817915793484473
1257,1.6300000000000001,0.9817915793484473
1258,1.6300000000000001,0.9817915793484473
1259,1.6300000000000001,0.9817915793484473
1260,1.6300000000000001,0.9817915793484473
1261,1.6300000000000001,0.9817915793484473
1262,1.6300000000000001,0.9817915793484473
1263,1.6300000000000001,0.9817915793484473
1264,1.6300000000000001,0.9817915793484473
1265,1.6300000000000001,0.9817915793484473
1266,1.6300000000000001,0.9817915793484473
1267,1.6300000000000001,0.9817915793484473
1268,1.6300000000000001,0.9817915793484473
1269,1.6300000000000001,0.9817915793484473
1270,1.6300000000000001,0.9817915793484473
1271,1.6300000000000001,0.9817915793484473
1272,1.6300000000000001,0.9817915793484473
1273,1.6300000000000001,0.9817915793484473
1274,1.6300000000000001,0.9817915793484473
1275,1.6300000000000001,0.9817915793484473
1276,1.6300000000000001,0.9817915793484473
1277,1.6300000000000001,0.9817915793484473
1278,1.6300000000000001,0.9817915793484473
1279,1.6300000000000001,0.9817915793484473
1280,1.6300000000000001,0.9817915793484473
1281,1.6300000000000001,0.9817915793484473
1282,1.6300000000000001,0.9817915793484473
1283,1.6300000000000001,0.9817915793484473
1284,1.6300000000000001,0.9817915793484473
1285,1.6300000000000001,0.9817915793484473
1286,1.6300000000000001,0.9817915793484473
1287,1.6300000000000001,0.9817915793484473
1288,1.6300000000000001,0.9817915793484473
1289,1.6300000000000001,0.9817915793484473
1290,1.6300000000000001,0.9817915793484473
1291,1.6300000000000001,0.9817915793484473
1292,1.6300000000000001,0.9817915793484473
1293,1.6300000000000001,0.9817915793484473
1294,1.6300000000000001,0.9817915793484473
1295,1.6300000000000001,0.9817915793484473
1296,1.6300000000000001,0.9817915793484473
1297,1.6300000000000001,0.9817915793484473
1298,1.6300000000000001,0.9817915793484473
1299,1.6300000000000001,0.9817915793484473
1300,1.6300000000000001,0.9817915793484473
1301,1.6300000000000001,0.9817915793484473
1302,1.6300000000000001,0.9817915793484473
1303,1.6300000000000001,0.9817915793484473
1304,1.6300000000000001,0.9817915793484473
1305,1.6300000000000001,0.9817915793484473
1306,1.6300000000000001,0.9817915793484473
1307,1.6300000000000001,0.9817915793484473
1308,1.6300000000000001,0.9817915793484473
1309,1.6300000000000001,0.9817915793484473
1310,1.6300000000000001,0.9817915793484473
1311,1.6300000000000001,0.9817915793484473
1312,1.6300000000000001,0.9817915793484473
1313,1.6300000000000001,0.9817915793484473
1314,1.6300000000000001,0.9817915793484473
1315,1.6300000000000001,0.9817915793484473
1316,1.6300000000000001,0.9817915793484473
1317,1.6300000000000001,0.9817915793484473
1318,1.6300000000000001,0.9817915793484473
1319,1.6300000000000001,0.9817915793484473
1320,1.6300000000000001,0.9817915793484473
1321,1.6300000000000001,0.9817915793484473
1322,1.6300000000000001,0.9817915793484473
1323,1.6300000000000001,0.9817915793484473
1324,1.6300000000000001,0.9817915793484473
1325,1.6300000000000001,0.9817915793484473
1326,1.6300000000000001,0.9817915793484473
1327,1.6300000000000001,0.9817915793484473
1328,1.6300000000000001,0.9817915793484473
1329,1.6300000000000001,0.9817915793484473
1330,1.6300000000000001,0.9817915793484473
1331,1.6300000000000001,0.9817915793484473
1332,1.6300000000000001,0.9817915793484473
1333,1.6300000000000001,0.9817915793484473
1334,1.6300000000000001,0.9817915793484473
1335,1.6300000000000001,0.9817915793484473
1336,1.6300000000000001,0.9817915793484473
1337,1.6300000000000001,0.9817915793484473
1338,1.6300000000000001,0.9817915793484473
1339,1.6300000000000001,0.9817915793484473
1340,1.6300000000000001,0.9817915793484473
1341,1.6300000000000001,0.9817915793484473
1342,1.6300000000000001,0.9817915793484473
1343,1.6300000000000001,0.9817915793484473
1344,1.6300000000000001,0.9817915793484473
1345,1.6300000000000001,0.9817915793484473
1346,1.6300000000000001,0.9817915793484473
1347,1.6300000000000001,0.9817915793484473
1348,1.6300000000000001,0.9817915793484473
1349,1.6300000000000001,0.9817915793484473
1350,1.6300000000000001,0.9817915793484473
1351,1.6300000000000001,0.9817915793484473
1352,1.6300000000000001,0.9817915793484473
1353,1.6300000000000001,0.9817915793484473
1354,1.6300000000000001,0.9817915793484473
1355,1.6300000000000001,0.9817915793484473
1356,1.6300000000000001,0.9817915793484473
1357,1.6300000000000001,0.9817915793484473
1358,1.6300000000000001,0.9817915793484473
1359,1.6300000000000001,0.9817915793484473
1360,1.6300000000000001,0.9817915793484473
1361,1.6300000000000001,0.9817915793484473
1362,1.6300000000000001,0.9817915793484473
1363,1.6300000000000001,0.9817915793484473
1364,1.6300000000000001,0.9817915793484473
1365,1.6300000000000001,0.9817915793484473
1366,1.6300000000000001,0.9817915793484473
1367,1.6300000000000001,0.9817915793484473
1368,1.6300000000000001,0.9817915793484473
1369,1.6300000000000001,0.9817915793484473
1370,1.6300000000000001,0.9817915793484473
1371,1.6300000000000001,0.9817915793484473
1372,1.6300000000000001,0.9817915793484473
1373,1.6300000000000001,0.9817915793484473
1374,1.6300000000000001,0.9817915793484473
1375,1.6300000000000001,0.9817915793484473
1376,1.6300000000000001,0.9817915793484473
1377,1.6300000000000001,0.9817915793484473
1378,1.6300000000000001,0.9817915793484473
1379,1.6300000000000001,0.9817915793484473
1380,1.6300000000000001,0.9817915793484473
1381,1.6300000000000001,0.9817915793484473
1382,1.6300000000000001,0.9817915793484473
1383,1.6300000000000001,0.9817915793484473
1384,1.6300000000000001,0.9817915793484473
1385,1.6300000000000001,0.9817915793484473
1386,1.6300000000000001,0.9817915793484473
1387,1.6300000000000001,0.9817915793484473
1388,1.6300000000000001,0.9817915793484473
1389,1.6300000000000001,0.9817915793484473
1390,1.6300000000000001,0.9817915793484473
1391,1.6300000000000001,0.9817915793484473
1392,1.6300000000000001,0.9817915793484473
1393,1.6300000000000001,0.9817915793484473
1394,1.6300000000000001,0.9817915793484473
1395,1.6300000000000001,0.9817915793484473
1396,1.6300000000000001,0.9817915793484473
1397,1.6300000000000001,0.9817915793484473
1398,1.6300000000000001,0.9817915793484473
1399,1.6300000000000001,0.9817915793484473
1400,1.6300000000000001,0.9817915793484473
1401,1.6300000000000001,0.9817915793484473
1402,1.6300000000000001,0.9817915793484473
1403,1.6300000000000001,0.9817915793484473
1404,1.6300000000000001,0.9817915793484473
1405,1.6300000000000001,0.9817915793484473
1406,1.6300000000000001,0.9817915793484473
1407,1.6300000000000001,0.9817915793484473
1408,1.6300000000000001,0.9817915793484473
1409,1.6300000000000001,0.9817915793484473
1410,1.6300000000000001,0.9817915793484473
1411,1.6300000000000001,0.9817915793484473
1412,1.6300000000000001,0.9817915793484473
1413,1.6300000000000001,0.9817915793484473
1414,1.6300000000000001,0.9817915793484473
1415,1.6300000000000001,0.9817915793484473
1416,1.6300000000000001,0.9817915793484473
1417,1.6300000000000001,0.9817915793484473
1418,1.6300000000000001,0.9817915793484473
1419,1.6300000000000001,0.9817915793484473
1420,1.6300000000000001,0.9817915793484473
1421,1.6300000000000001,0.9817915793484473
1422,1.6300000000000001,0.9817915793484473
1423,1.6300000000000001,0.9817915793484473
1424,1.6300000000000001,0.9817915793484473
1425,1.6300000000000001,0.9817915793484473
1426,1.6300000000000001,0.9817915793484473
1427,1.6300000000000001,0.9817915793484473
1428,1.6300000000000001,0.9817915793484473
1429,1.6300000000000001,0.9817915793484473
1430,1.6300000000000001,0.9817915793484473
1431,1.6300000000000001,0.9817915793484473
1432,1.6300000000000001,0.9817915793484473
1433,1.6300000000000001,0.9817915793484473
1434,1.6300000000000001,0.9817915793484473
1435,1.6300000000000001,0.9817915793484473
1436,1.6300000000000001,0.9817915793484473
1437,1.6300000000000001,0.9817915793484473
1438,1.6300000000000001,0.9817915793484473
1439,1.6300000000000001,0.9817915793484473
1440,1.6300000000000001,0.9817915793484473
1441,1.6300000000000001,0.9817915793484473
1442,1.6300000000000001,0.9817915793484473
1443,1.6300000000000001,0.9817915793484473
1444,1.6300000000000001,0.9817915793484473
1445,1.6300000000000001,0.9817915793484473
1446,1.6300000000000001,0.9817915793484473
1447,1.6300000000000001,0.9817915793484473
1448,1.6300000000000001,0.9817915793484473
1449,1.6300000000000001,0.9817915793484473
1450,1.6300000000000001,0.9817915793484473
1451,1.6300000000000001,0.9817915793484473
1452,1.6300000000000001,0.9817915793484473
1453,1.6300000000000001,0.9817915793484473
1454,1.6300000000000001,0.9817915793484473
1455,1.6300000000000001,0.9817915793484473
1456,1.6300000000000001,0.9817915793484473
1457,1.6300000000000001,0.9817915793484473
1458,1.6300000000000001,0.9817915793484473
1459,1.6300000000000001,0.9817915793484473
1460,1.6300000000000001,0.9817915793484473
1461,1.6300000000000001,0.9817915793484473
1462,1.6300000000000001,0.9817915793484473
1463,1.6300000000000001,0.9817915793484473
1464,1.6300000000000001,0.9817915793484473
1465,1.6300000000000001,0.9817915793484473
1466,1.6300000000000001,0.9817915793484473
1467,1.6300000000000001,0.9817915793484473
1468,1.6300000000000001,0.9817915793484473
1469,1.6300000000000001,0.9817915793484473
1470,1.6300000000000001,0.9817915793484473
1471,1.6300000000000001,0.9817915793484473
1472,1.6300000000000001,0.9817915793484473
1473,1.6300000000000001,0.9817915793484473
1474,1.6300000000000001,0.9817915793484473
1475,1.6300000000000001,0.9817915793484473
1476,1.6300000000000001,0.9817915793484473
1477,1.6300000000000001,0.9817915793484473
1478,1.6300000000000001,0.9817915793484473
1479,1.6300000000000001,0.9817915793484473
1480,1.6300000000000001,0.9817915793484473
1481,1.6300000000000001,0.9817915793484473
1482,1.6300000000000001,0.9817915793484473
1483,1.6300000000000001,0.9817915793484473
1484,1.6300000000000001,0.9817915793484473
1485,1.6300000000000001,0.9817915793484473
1486,1.6300000000000001,0.9817915793484473
1487,1.6300000000000001,0.9817915793484473
1488,1.6300000000000001,0.9817915793484473
1489,1.6300000000000001,0.9817915793484473
1490,1.6300000000000001,0.9817915793484473
1491,1.6300000000000001,0.9817915793484473
1492,1.6300000000000001,0.9817915793484473
1493,1.6300000000000001,0.9817915793484473
1494,1.6300000000000001,0.9817915793484473
1495,1.6300000000000001,0.9817915793484473
1496,1.6300000000000001,0.9817915793484473
1497,1.6300000000000001,0.9817915793484473
1498,1.6300000000000001,0.9817915793484473
1499,1.6300000000000001,0.9817915793484473
1500,1.6300000000000001,0.9817915793484473
1501,1.6300000000000001,0.9817915793484473
1502,1.6300000000000001,0.9817915793484473
1503,1.6300000000000001,0.9817915793484473
1504,1.6300000000000001,0.9817915793484473
1505,1.6300000000000001,0.9817915793484473
1506,1.6300000000000001,0.9817915793484473
1507,1.6300000000000001,0.9817915793484473
1508,1.6300000000000001,0.9817915793484473
1509,1.6300000000000001,0.9817915793484473
1510,1.6300000000000001,0.9817915793484473
1511,1.6300000000000001,0.9817915793484473
1512,1.6300000000000001,0.9817915793484473
1513,1.6300000000000001,0.9817915793484473
1514,1.6300000000000001,0.9817915793484473
1515,1.6300000000000001,0.9817915793484473
1516,1.6300000000000001,0.9817915793484473
1517,1.6300000000000001,0.9817915793484473
1518,1.6300000000000001,0.9817915793484473
1519,1.6300000000000001,0.9817915793484473
1520,1.6300000000000001,0.9817915793484473
1521,1.6300000000000001,0.9817915793484473
1522,1.6300000000000001,0.9817915793484473
1523,1.6300000000000001,0.9817915793484473
1524,1.6300000000000001,0.9817915793484473
1525,1.6300000000000001,0.9817915793484473
1526,1.6300000000000001,0.9817915793484473
1527,1.6300000000000001,0.9817915793484473
1528,1.6300000000000001,0.9817915793484473
1529,1.6300000000000001,0.9817915793484473
1530,1.6300000000000001,0.9817915793484473
1531,1.6300000000000001,0.9817915793484473
1532,1.6300000000000001,0.9817915793484473
1533,1.6300000000000001,0.9817915793484473
1534,1.6300000000000001,0.9817915793484473
1535,1.6300000000000001,0.9817915793484473
1536,1.6300000000000001,0.9817915793484473
1537,1.6300000000000001,0.9817915793484473
1538,1.6300000000000001,0.9817915793484473
1539,1.6300000000000001,0.9817915793484473
1540,1.6300000000000001,0.9817915793484473
1541,1.6300000000000001,0.9817915793484473
1542,1.6300000000000001,0.9817915793484473
1543,1.6300000000000001,0.9817915793484473
1544,1.6300000000000001,0.9817915793484473
1545,1.6300000000000001,0.9817915793484473
1546,1.6300000000000001,0.9817915793484473
1547,1.6300000000000001,0.9817915793484473
1548,1.6300000000000001,0.9817915793484473
1549,1.6300000000000001,0.9817915793484473
1550,1.6300000000000001,0.9817915793484473
1551,1.6300000000000001,0.9817915793484473
1552,1.6300000000000001,0.9817915793484473
1553,1.6300000000000001,0.9817915793484473
1554,1.6300000000000001,0.9817915793484473
1555,1.6300000000000001,0.9817915793484473
1556,1.6300000000000001,0.9817915793484473
1557,1.6300000000000001,0.9817915793484473
1558,1.6300000000000001,0.9817915793484473
1559,1.6300000000000001,0.9817915793484473
1560,1.6300000000000001,0.9817915793484473
1561,1.6300000000000001,0.9817915793484473
1562,1.6300000000000001,0.9817915793484473
1563,1.6300000000000001,0.9817915793484473
1564,1.6300000000000001,0.9817915793484473
1565,1.6300000000000001,0.9817915793484473
1566,1.6300000000000001,0.9817915793484473
1567,1.6300000000000001,0.9817915793484473
1568,1.6300000000000001,0.9817915793484473
1569,1.6300000000000001,0.9817915793484473
1570,1.6300000000000001,0.9817915793484473
1571,1.6300000000000001,0.9817915793484473
1572,1.6300000000000001,0.9817915793484473
1573,1.6300000000000001,0.9817915793484473
1574,1.6300000000000001,0.9817915793484473
1575,1.6300000000000001,0.9817915793484473
1576,1.6300000000000001,0.9817915793484473
1577,1.6300000000000001,0.9817915793484473
1578,1.6300000000000001,0.9817915793484473
1579,1.6300000000000001,0.9817915793484473
1580,1.6300000000000001,0.9817915793484473
1581,1.6300000000000001,0.9817915793484473
1582,1.6300000000000001,0.9817915793484473
1583,1.6300000000000001,0.9817915793484473
1584,1.6300000000000001,0.9817915793484473
1585,1.6300000000000001,0.9817915793484473
1586,1.6300000000000001,0.9817915793484473
1587,1.6300000000000001,0.9817915793484473
1588,1.6300000000000001,0.9817915793484473
1589,1.6300000000000001,0.9817915793484473
1590,1.6300000000000001,0.9817915793484473
1591,1.6300000000000001,0.9817915793484473
1592,1.6300000000000001,0.9817915793484473
1593,1.6300000000000001,0.9817915793484473
1594,1.6300000000000001,0.9817915793484473
1595,1.6300000000000001,0.9817915793484473
1596,1.6300000000000001,0.9817915793484473
1597,1.6300000000000001,0.9817915793484473
1598,1.6300000000000001,0.9817915793484473
1599,1.6300000000000001,0.9817915793484473
1600,1.6300000000000001,0.9817915793484473
1601,1.6300000000000001,0.9817915793484473
1602,1.6300000000000001,0.9817915793484473
1603,1.6300000000000001,0.9817915793484473
1604,1.6300000000000001,0.9817915793484473
1605,1.6300000000000001,0.9817915793484473
1606,1.6300000000000001,0.9817915793484473
1607,1.6300000000000001,0.9817915793484473
1608,1.6300000000000001,0.9817915793484473
1609,1.6300000000000001,0.9817915793484473
1610,1.6300000000000001,0.9817915793484473
1611,1.6300000000000001,0.9817915793484473
1612,1.6300000000000001,0.9817915793484473
1613,1.6300000000000001,0.9817915793484473
1614,1.6300000000000001,0.9817915793484473
1615,1.6300000000000001,0.9817915793484473
1616,1.6300000000000001,0.9817915793484473
1617,1.6300000000000001,0.9817915793484473
1618,1.6300000000000001,0.9817915793484473
1619,1.6300000000000001,0.9817915793484473
1620,1.6300000000000001,0.9817915793484473
1621,1.6300000000000001,0.9817915793484473
1622,1.6300000000000001,0.9817915793484473
1623,1.6300000000000001,0.9817915793484473
1624,1.6300000000000001,0.9817915793484473
1625,1.6300000000000001,0.9817915793484473
1626,1.6300000000000001,0.9817915793484473
1627,1.6300000000000001,0.9817915793484473
1628,1.6300000000000001,0.9817915793484473
1629,1.6300000000000001,0.9817915793484473
1630,1.6300000000000001,0.9817915793484473
1631,1.6300000000000001,0.9817915793484473
1632,1.6300000000000001,0.9817915793484473
1633,1.6300000000000001,0.9817915793484473
1634,1.6300000000000001,0.9817915793484473
1635,1.6300000000000001,0.9817915793484473
1636,1.6300000000000001,0.9817915793484473
1637,1.6300000000000001,0.9817915793484473
1638,1.6300000000000001,0.9817915793484473
1639,1.6300000000000001,0.9817915793484473
1640,1.6300000000000001,0.9817915793484473
1641,1.6300000000000001,0.9817915793484473
1642,1.6300000000000001,0.9817915793484473
1643,1.6300000000000001,0.9817915793484473
1644,1.6300000000000001,0.9817915793484473
1645,1.6300000000000001,0.9817915793484473
1646,1.6300000000000001,0.9817915793484473
1647,1.6300000000000001,0.9817915793484473
1648,1.6300000000000001,0.9817915793484473
1649,1.6300000000000001,0.9817915793484473
1650,1.6300000000000001,0.9817915793484473
1651,1.6300000000000001,0.9817915793484473
1652,1.6300000000000001,0.9817915793484473
1653,1.6300000000000001,0.9817915793484473
1654,1.6300000000000001,0.9817915793484473
1655,1.6300000000000001,0.9817915793484473
1656,1.6300000000000001,0.9817915793484473
1657,1.6300000000000001,0.9817915793484473
1658,1.6300000000000001,0.9817915793484473
1659,1.6300000000000001,0.9817915793484473
1660,1.6300000000000001,0.9817915793484473
1661,1.6300000000000001,0.9817915793484473
1662,1.6300000000000001,0.9817915793484473
1663,1.6300000000000001,0.9817915793484473
1664,1.6300000000000001,0.9817915793484473
1665,1.6300000000000001,0.9817915793484473
1666,1.6300000000000001,0.9817915793484473
1667,1.6300000000000001,0.9817915793484473
1668,1.6300000000000001,0.9817915793484473
1669,1.6300000000000001,0.9817915793484473
1670,1.6300000000000001,0.9817915793484473
1671,1.6300000000000001,0.9817915793484473
1672,1.6300000000000001,0.9817915793484473
1673,1.6300000000000001,0.9817915793484473
1674,1.6300000000000001,0.9817915793484473
1675,1.6300000000000001,0.9817915793484473
1676,1.6300000000000001,0.9817915793484473
1677,1.6300000000000001,0.9817915793484473
1678,1.6300000000000001,0.9817915793484473
1679,1.6300000000000001,0.9817915793484473
1680,1.6300000000000001,0.9817915793484473
1681,1.6300000000000001,0.9817915793484473
1682,1.6300000000000001,0.9817915793484473
1683,1.6300000000000001,0.9817915793484473
1684,1.6300000000000001,0.9817915793484473
1685,1.6300000000000001,0.9817915793484473
1686,1.6300000000000001,0.9817915793484473
1687,1.6300000000000001,0.9817915793484473
1688,1.6300000000000001,0.9817915793484473
1689,1.6300000000000001,0.9817915793484473
1690,1.6300000000000001,0.9817915793484473
1691,1.6300000000000001,0.9817915793484473
1692,1.609,0.9817915793484473
1693,1.495,0.9817915793484473
1694,1.495,0.9817915793484473
1695,1.495,0.9817915793484473
1696,1.495,0.9817915793484473
1697,1.495,0.9817915793484473
1698,1.495,0.9817915793484473
1699,1.495,0.9817915793484473
1700,1.495,0.9817915793484473
1701,1.495,0.9817915793484473
1702,1.495,0.9817915793484473
1703,1.495,0.9817915793484473
1704,1.495,0.9817915793484473
1705,1.495,0.9817915793484473
1706,1.495,0.9817915793484473
1707,1.495,0.9817915793484473
1708,1.495,0.9817915793484473
1709,1.495,0.9817915793484473
1710,1.495,0.9817915793484473
1711,1.495,0.9817915793484473
1712,1.495,0.9817915793484473
1713,1.495,0.9817915793484473
1714,1.495,0.9817915793484473
1715,1.495,0.9817915793484473
1716,1.495,0.9817915793484473
1717,1.495,0.9817915793484473
1718,1.495,0.9817915793484473
1719,1.495,0.9817915793484473
1720,1.495,0.9817915793484473
1721,1.495,0.9817915793484473
1722,1.495,0.9817915793484473
1723,1.495,0.9817915793484473
1724,1.495,0.9817915793484473
1725,1.495,0.9817915793484473
1726,1.495,0.9817915793484473
1727,1.495,0.9817915793484473
1728,1.495,0.9817915793484473
1729,1.495,0.9817915793484473
1730,1.495,0.9817915793484473
1731,1.495,0.9817915793484473
1732,1.495,0.9817915793484473
1733,1.495,0.9817915793484473
1734,1.495,0.9817915793484473
1735,1.495,0.9817915793484473
1736,1.495,0.9817915793484473
1737,1.495,0.9817915793484473
1738,1.495,0.9817915793484473
1739,1.495,0.9817915793484473
1740,1.495,0.9817915793484473
1741,1.495,0.9817915793484473
1742,1.495,0.9817915793484473
1743,1.495,0.9817915793484473
1744,1.495,0.9817915793484473
1745,1.495,0.9817915793484473
1746,1.495,0.9817915793484473
1747,1.495,0.9817915793484473
1748,1.495,0.9817915793484473
1749,1.495,0.9817915793484473
1750,1.495,0.9817915793484473
1751,1.495,0.9817915793484473
1752,1.495,0.9817915793484473
1753,1.495,0.9817915793484473
1754,1.495,0.9817915793484473
1755,1.495,0.9817915793484473
1756,1.495,0.9817915793484473
1757,1.495,0.9817915793484473
1758,1.495,0.9817915793484473
1759,1.495,0.9817915793484473
1760,1.495,0.9817915793484473
1761,1.495,0.9817915793484473
1762,1.495,0.9817915793484473
1763,1.495,0.9817915793484473
1764,1.495,0.9817915793484473
1765,1.495,0.9817915793484473
1766,1.495,0.9817915793484473
1767,1.495,0.9817915793484473
1768,1.495,0.9817915793484473
1769,1.495,0.9817915793484473
1770,1.495,0.9817915793484473
1771,1.495,0.9817915793484473
1772,1.495,0.9817915793484473
1773,1.495,0.9817915793484473
1774,1.495,0.9817915793484473
1775,1.495,0.9817915793484473
1776,1.495,0.9817915793484473
1777,1.495,0.9817915793484473
1778,1.495,0.9817915793484473
1779,1.495,0.9817915793484473
1780,1.495,0.9817915793484473
1781,1.495,0.9817915793484473
1782,1.495,0.9817915793484473
1783,1.495,0.9817915793484473
1784,1.495,0.9817915793484473
1785,1.495,0.9817915793484473
1786,1.495,0.9817915793484473
1787,1.495,0.9817915793484473
1788,1.495,0.9817915793484473
1789,1.495,0.9817915793484473
1790,1.495,0.9817915793484473
1791,1.495,0.9817915793484473
1792,1.495,0.9817915793484473
1793,1.495,0.9817915793484473
1794,1.495,0.9817915793484473
1795,1.495,0.9817915793484473
1796,1.495,0.9817915793484473
1797,1.495,0.9817915793484473
1798,1.495,0.9817915793484473
1799,1.495,0.9817915793484473
1800,1.495,0.9817915793484473
1801,1.495,0.9817915793484473
1802,1.495,0.9817915793484473
1803,1.495,0.9817915793484473
1804,1.495,0.9817915793484473
1805,1.495,0.9817915793484473
1806,1.495,0.9817915793484473
1807,1.495,0.9817915793484473
1808,1.495,0.9817915793484473
1809,1.495,0.9817915793484473
1810,1.495,0.9817915793484473
1811,1.495,0.9817915793484473
1812,1.495,0.9817915793484473
1813,1.495,0.9817915793484473
1814,1.495,0.9817915793484473
1815,1.495,0.9817915793484473
1816,1.495,0.9817915793484473
1817,1.495,0.9817915793484473
1818,1.495,0.9817915793484473
1819,1.495,0.9817915793484473
1820,1.495,0.9817915793484473
1821,1.495,0.9817915793484473
1822,1.495,0.9817915793484473
1823,1.495,0.9817915793484473
1824,1.495,0.9817915793484473
1825,1.495,0.9817915793484473
1826,1.495,0.9817915793484473
1827,1.495,0.9817915793484473
1828,1.495,0.9817915793484473
1829,1.495,0.9817915793484473
1830,1.495,0.9817915793484473
1831,1.495,0.9817915793484473
1832,1.495,0.9817915793484473
1833,1.495,0.9817915793484473
1834,1.495,0.9817915793484473
1835,1.495,0.9817915793484473
1836,1.495,0.9817915793484473
1837,1.495,0.9817915793484473
1838,1.495,0.9817915793484473
1839,1.495,0.9817915793484473
1840,1.495,0.9817915793484473
1841,1.495,0.9817915793484473
1842,1.495,0.9817915793484473
1843,1.495,0.9817915793484473
1844,1.495,0.9817915793484473
1845,1.495,0.9817915793484473
1846,1.495,0.9817915793484473
1847,1.495,0.9817915793484473
1848,1.495,0.9817915793484473
1849,1.495,0.9817915793484473
1850,1.495,0.9817915793484473
1851,1.495,0.9817915793484473
1852,1.495,0.9817915793484473
1853,1.495,0.9817915793484473
1854,1.495,0.9817915793484473
1855,1.495,0.9817915793484473
1856,1.495,0.9817915793484473
1857,1.495,0.9817915793484473
1858,1.495,0.9817915793484473
1859,1.495,0.9817915793484473
1860,1.495,0.9817915793484473
1861,1.495,0.9817915793484473
1862,1.495,0.9817915793484473
1863,1.495,0.9817915793484473
1864,1.495,0.9817915793484473
1865,1.495,0.9817915793484473
1866,1.495,0.9817915793484473
1867,1.495,0.9817915793484473
1868,1.495,0.9817915793484473
1869,1.495,0.9817915793484473
1870,1.495,0.9817915793484473
1871,1.495,0.9817915793484473
1872,1.495,0.9817915793484473
1873,1.495,0.9817915793484473
1874,1.495,0.9817915793484473
1875,1.495,0.9817915793484473
1876,1.495,0.9817915793484473
1877,1.495,0.9817915793484473
1878,1.495,0.9817915793484473
1879,1.495,0.9817915793484473
1880,1.495,0.9817915793484473
1881,1.495,0.9817915793484473
1882,1.495,0.9817915793484473
1883,1.495,0.9817915793484473
1884,1.495,0.9817915793484473
1885,1.495,0.9817915793484473
1886,1.495,0.9817915793484473
1887,1.495,0.9817915793484473
1888,1.495,0.9817915793484473
1889,1.495,0.9817915793484473
1890,1.495,0.9817915793484473
1891,1.495,0.9817915793484473
1892,1.495,0.9817915793484473
1893,1.495,0.9817915793484473
1894,1.495,0.9817915793484473
1895,1.495,0.9817915793484473
1896,1.495,0.9817915793484473
1897,1.495,0.9817915793484473
1898,1.495,0.9817915793484473
1899,1.495,0.9817915793484473
1900,1.495,0.9817915793484473
1901,1.495,0.9817915793484473
1902,1.495,0.9817915793484473
1903,1.495,0.9817915793484473
1904,1.495,0.9817915793484473
1905,1.495,0.9817915793484473
1906,1.495,0.9817915793484473
1907,1.495,0.9817915793484473
1908,1.495,0.9817915793484473
1909,1.495,0.9817915793484473
1910,1.495,0.9817915793484473
1911,1.495,0.9817915793484473
1912,1.495,0.9817915793484473
1913,1.495,0.9817915793484473
1914,1.495,0.9817915793484473
1915,1.495,0.9817915793484473
1916,1.495,0.9817915793484473
1917,1.495,0.9817915793484473
1918,1.495,0.9817915793484473
1919,1.495,0.9817915793484473
1920,1.495,0.9817915793484473
1921,1.495,0.9817915793484473
1922,1.495,0.9817915793484473
1923,1.495,0.9817915793484473
1924,1.495,0.9817915793484473
1925,1.495,0.9817915793484473
1926,1.495,0.9817915793484473
1927,1.495,0.9817915793484473
1928,1.495,0.9817915793484473
1929,1.495,0.9817915793484473
1930,1.495,0.9817915793484473
1931,1.495,0.9817915793484473
1932,1.495,0.9817915793484473
1933,1.495,0.9817915793484473
1934,1.495,0.9817915793484473
1935,1.495,0.9817915793484473
1936,1.495,0.9817915793484473
1937,1.495,0.9817915793484473
1938,1.495,0.9817915793484473
1939,1.495,0.9817915793484473
1940,1.495,0.9817915793484473
1941,1.495,0.9817915793484473
1942,1.495,0.9817915793484473
1943,1.495,0.9817915793484473
1944,1.495,0.9817915793484473
1945,1.495,0.9817915793484473
1946,1.495,0.9817915793484473
1947,1.495,0.9817915793484473
1948,1.495,0.9817915793484473
1949,1.495,0.9817915793484473
1950,1.495,0.9817915793484473
1951,1.495,0.9817915793484473
1952,1.495,0.9817915793484473
1953,1.495,0.9817915793484473
1954,1.495,0.9817915793484473
1955,1.495,0.9817915793484473
1956,1.495,0.9817915793484473
1957,1.495,0.9817915793484473
1958,1.495,0.9817915793484473
1959,1.495,0.9817915793484473
1960,1.495,0.9817915793484473
1961,1.495,0.9817915793484473
1962,1.495,0.9817915793484473
1963,1.495,0.9817915793484473
1964,1.495,0.9817915793484473
1965,1.495,0.9817915793484473
1966,1.495,0.9817915793484473
1967,1.495,0.9817915793484473
1968,1.495,0.9817915793484473
1969,1.495,0.9817915793484473
1970,1.495,0.9817915793484473
1971,1.495,0.9817915793484473
1972,1.495,0.9817915793484473
1973,1.495,0.9817915793484473
1974,1.495,0.9817915793484473
1975,1.495,0.9817915793484473
1976,1.495,0.9817915793484473
1977,1.495,0.9817915793484473
1978,1.495,0.9817915793484473
1979,1.495,0.9817915793484473
1980,1.495,0.9817915793484473
1981,1.495,0.9817915793484473
1982,1.495,0.9817915793484473
1983,1.495,0.9817915793484473
1984,1.495,0.9817915793484473
1985,1.495,0.9817915793484473
1986,1.495,0.9817915793484473
1987,1.495,0.9817915793484473
1988,1.495,0.9817915793484473
1989,1.4740000000000002,0.9817915793484473
1990,1.36,0.9817915793484473
1991,1.36,0.9817915793484473
1992,1.36,0.9817915793484473
1993,1.36,0.9817915793484473
1994,1.36,0.9817915793484473
1995,1.36,0.9817915793484473
1996,1.36,0.9817915793484473
1997,1.36,0.9817915793484473
1998,1.36,0.9817915793484473
1999,1.36,0.9817915793484473
2000,1.36,0.9817915793484473
2001,1.36,0.9817915793484473
2002,1.36,0.9817915793484473
2003,1.36,0.9817915793484473
2004,1.36,0.9817915793484473
2005,1.36,0.9817915793484473
2006,1.36,0.9817915793484473
2007,1.36,0.9817915793484473
2008,1.36,0.9817915793484473
2009,1.36,0.9817915793484473
2010,1.36,0.9817915793484473
2011,1.36,0.9817915793484473
2012,1.36,0.9817915793484473
2013,1.36,0.9817915793484473
2014,1.36,0.9817915793484473
2015,1.36,0.9817915793484473
2016,1.36,0.9817915793484473
2017,1.36,0.9817915793484473
2018,1.36,0.9817915793484473
2019,1.36,0.9817915793484473
2020,1.36,0.9817915793484473
2021,1.36,0.9817915793484473
2022,1.36,0.9817915793484473
2023,1.36,0.9817915793484473
2024,1.36,0.9817915793484473
2025,1.36,0.9817915793484473
2026,1.36,0.9817915793484473
2027,1.36,0.9817915793484473
2028,1.36,0.9817915793484473
2029,1.36,0.9817915793484473
2030,1.36,0.9817915793484473
2031,1.36,0.9817915793484473
2032,1.36,0.9817915793484473
2033,1.36,0.9817915793484473
2034,1.36,0.9817915793484473
2035,1.36,0.9817915793484473
2036,1.36,0.9817915793484473
2037,1.36,0.9817915793484473
2038,1.36,0.9817915793484473
2039,1.36,0.9817915793484473
2040,1.36,0.9817915793484473
2041,1.36,0.9817915793484473
2042,1.36,0.9817915793484473
2043,1.36,0.9817915793484473
2044,1.36,0.9817915793484473
2045,1.36,0.9817915793484473
2046,1.36,0.9817915793484473
2047,1.36,0.9817915793484473
2048,1.36,0.9817915793484473
2049,1.36,0.9817915793484473
2050,1.36,0.9817915793484473
2051,1.36,0.9817915793484473
2052,1.36,0.9817915793484473
2053,1.36,0.9817915793484473
2054,1.36,0.9817915793484473
2055,1.36,0.9817915793484473
2056,1.36,0.9817915793484473
2057,1.36,0.9817915793484473
2058,1.36,0.9817915793484473
2059,1.36,0.9817915793484473
2060,1.36,0.9817915793484473
2061,1.36,0.9817915793484473
2062,1.36,0.9817915793484473
2063,1.36,0.9817915793484473
2064,1.36,0.9817915793484473
2065,1.36,0.9817915793484473
2066,1.36,0.9817915793484473
2067,1.36,0.9817915793484473
2068,1.36,0.9817915793484473
2069,1.36,0.9817915793484473
2070,1.36,0.9817915793484473
2071,1.36,0.9817915793484473
2072,1.36,0.9817915793484473
2073,1.36,0.9817915793484473
2074,1.36,0.9817915793484473
2075,1.36,0.9817915793484473
2076,1.36,0.9817915793484473
2077,1.36,0.9817915793484473
2078,1.36,0.9817915793484473
2079,1.36,0.9817915793484473
2080,1.36,0.9817915793484473
2081,1.36,0.9817915793484473
2082,1.36,0.9817915793484473
2083,1.36,0.9817915793484473
2084,1.36,0.9817915793484473
2085,1.36,0.9817915793484473
2086,1.36,0.9817915793484473
2087,1.36,0.9817915793484473
2088,1.36,0.9817915793484473
2089,1.36,0.9817915793484473
2090,1.36,0.9817915793484473
2091,1.36,0.9817915793484473
2092,1.36,0.9817915793484473
2093,1.36,0.9817915793484473
2094,1.36,0.9817915793484473
2095,1.36,0.9817915793484473
2096,1.36,0.9817915793484473
2097,1.36,0.9817915793484473
2098,1.36,0.9817915793484473
2099,1.36,0.9817915793484473
2100,1.36,0.9817915793484473
2101,1.36,0.9817915793484473
2102,1.36,0.9817915793484473
2103,1.36,0.9817915793484473
2104,1.36,0.9817915793484473
2105,1.36,0.9817915793484473
2106,1.36,0.9817915793484473
2107,1.36,0.9817915793484473
2108,1.36,0.9817915793484473
2109,1.36,0.9817915793484473
2110,1.36,0.9817915793484473
2111,1.36,0.9817915793484473
2112,1.36,0.9817915793484473
2113,1.36,0.9817915793484473
2114,1.36,0.9817915793484473
2115,1.36,0.9817915793484473
2116,1.36,0.9817915793484473
2117,1.36,0.9817915793484473
2118,1.36,0.9817915793484473
2119,1.36,0.9817915793484473
2120,1.36,0.9817915793484473
2121,1.36,0.9817915793484473
2122,1.36,0.9817915793484473
2123,1.36,0.9817915793484473
2124,1.36,0.9817915793484473
2125,1.36,0.9817915793484473
2126,1.36,0.9817915793484473
2127,1.36,0.9817915793484473
2128,1.36,0.9817915793484473
2129,1.36,0.9817915793484473
2130,1.36,0.9817915793484473
2131,1.36,0.9817915793484473
2132,1.36,0.9817915793484473
2133,1.36,0.9817915793484473
2134,1.36,0.9817915793484473
2135,1.36,0.9817915793484473
2136,1.36,0.9817915793484473
2137,1.36,0.9817915793484473
2138,1.36,0.9817915793484473
2139,1.36,0.9817915793484473
2140,1.36,0.9817915793484473
2141,1.36,0.9817915793484473
2142,1.36,0.9817915793484473
2143,1.36,0.9817915793484473
2144,1.36,0.9817915793484473
2145,1.36,0.9817915793484473
2146,1.36,0.9817915793484473
2147,1.36,0.9817915793484473
2148,1.36,0.9817915793484473
2149,1.36,0.9817915793484473
2150,1.36,0.9817915793484473
2151,1.36,0.9817915793484473
2152,1.36,0.9817915793484473
2153,1.36,0.9817915793484473
2154,1.36,0.9817915793484473
2155,1.36,0.9817915793484473
2156,1.36,0.9817915793484473
2157,1.36,0.9817915793484473
2158,1.36,0.9817915793484473
2159,1.36,0.9817915793484473
2160,1.36,0.9817915793484473
2161,1.36,0.9817915793484473
2162,1.36,0.9817915793484473
2163,1.36,0.9817915793484473
2164,1.36,0.9817915793484473
2165,1.36,0.9817915793484473
2166,1.36,0.9817915793484473
2167,1.36,0.9817915793484473
2168,1.36,0.9817915793484473
2169,1.36,0.9817915793484473
2170,1.36,0.9817915793484473
2171,1.36,0.9817915793484473
2172,1.36,0.9817915793484473
2173,1.36,0.9817915793484473
2174,1.36,0.9817915793484473
2175,1.36,0.9817915793484473
2176,1.36,0.9817915793484473
2177,1.36,0.9817915793484473
2178,1.36,0.9817915793484473
2179,1.36,0.9817915793484473
2180,1.36,0.9817915793484473
2181,1.36,0.9817915793484473
2182,1.36,0.9817915793484473
2183,1.36,0.9817915793484473
2184,1.36,0.9817915793484473
2185,1.225,0.9817915793484473
2186,1.225,0.9817915793484473
2187,1.225,0.9817915793484473
2188,1.225,0.9817915793484473
2189,1.225,0.9817915793484473
2190,1.225,0.9817915793484473
2191,1.225,0.9817915793484473
2192,1.225,0.9817915793484473
2193,1.225,0.9817915793484473
2194,1.225,0.9817915793484473
2195,1.225,0.9817915793484473
2196,1.225,0.9817915793484473
2197,1.225,0.9817915793484473
2198,1.225,0.9817915793484473
2199,1.225,0.9817915793484473
2200,1.225,0.9817915793484473
2201,1.225,0.9817915793484473
2202,1.225,0.9817915793484473
2203,1.225,0.9817915793484473
2204,1.225,0.9817915793484473
2205,1.225,0.9817915793484473
2206,1.225,0.9817915793484473
2207,1.225,0.9817915793484473
2208,1.225,0.9817915793484473
2209,1.225,0.9817915793484473
2210,1.225,0.9817915793484473
2211,1.225,0.9817915793484473
2212,1.225,0.9817915793484473
2213,1.225,0.9817915793484473
2214,1.225,0.9817915793484473
2215,1.225,0.9817915793484473
2216,1.225,0.9817915793484473
2217,1.225,0.9817915793484473
2218,1.225,0.9817915793484473
2219,1.225,0.9817915793484473
2220,1.225,0.9817915793484473
2221,1.225,0.9817915793484473
2222,1.225,0.9817915793484473
2223,1.225,0.9817915793484473
2224,1.225,0.9817915793484473
2225,1.225,0.9817915793484473
2226,1.225,0.9817915793484473
2227,1.225,0.9817915793484473
2228,1.225,0.9817915793484473
2229,1.225,0.9817915793484473
2230,1.225,0.9817915793484473
2231,1.225,0.9817915793484473
2232,1.225,0.9817915793484473
2233,1.225,0.9817915793484473
2234,1.225,0.9817915793484473
2235,1.225,0.9817915793484473
2236,1.225,0.9817915793484473
2237,1.225,0.9817915793484473
2238,1.225,0.9817915793484473
2239,1.225,0.9817915793484473
2240,1.225,0.9817915793484473
2241,1.225,0.9817915793484473
2242,1.225,0.9817915793484473
2243,1.225,0.9817915793484473
2244,1.225,0.9817915793484473
2245,1.225,0.9817915793484473
2246,1.225,0.9817915793484473
2247,1.225,0.9817915793484473
2248,1.225,0.9817915793484473
2249,1.225,0.9817915793484473
2250,1.225,0.9817915793484473
2251,1.225,0.9817915793484473
2252,1.225,0.9817915793484473
2253,1.225,0.9817915793484473
2254,1.225,0.9817915793484473
2255,1.225,0.9817915793484473
2256,1.225,0.9817915793484473
2257,1.225,0.9817915793484473
2258,1.225,0.9817915793484473
2259,1.225,0.9817915793484473
2260,1.225,0.9817915793484473
2261,1.225,0.9817915793484473
2262,1.225,0.9817915793484473
2263,1.225,0.9817915793484473
2264,1.225,0.9817915793484473
2265,1.225,0.9817915793484473
2266,1.225,0.9817915793484473
2267,1.225,0.9817915793484473
2268,1.225,0.9817915793484473
2269,1.225,0.9817915793484473
2270,1.225,0.9817915793484473
2271,1.225,0.9817915793484473
2272,1.225,0.9817915793484473
2273,1.225,0.9817915793484473
2274,1.225,0.9817915793484473
2275,1.225,0.9817915793484473
2276,1.225,0.9817915793484473
2277,1.225,0.9817915793484473
2278,1.225,0.9817915793484473
2279,1.225,0.9817915793484473
2280,1.225,0.9817915793484473
2281,1.225,0.9817915793484473
2282,1.225,0.9817915793484473
2283,1.225,0.9817915793484473
2284,1.225,0.9817915793484473
2285,1.225,0.9817915793484473
2286,1.225,0.9817915793484473
2287,1.225,0.9817915793484473
2288,1.225,0.9817915793484473
2289,1.225,0.9817915793484473
2290,1.225,0.9817915793484473
2291,1.225,0.9817915793484473
2292,1.225,0.9817915793484473
2293,1.225,0.9817915793484473
2294,1.225,0.9817915793484473
2295,1.225,0.9817915793484473
2296,1.225,0.9817915793484473
2297,1.225,0.9817915793484473
2298,1.225,0.9817915793484473
2299,1.225,0.9817915793484473
2300,1.225,0.9817915793484473
2301,1.225,0.9817915793484473
2302,1.225,0.9817915793484473
2303,1.225,0.9817915793484473
2304,1.225,0.9817915793484473
2305,1.225,0.9817915793484473
2306,1.225,0.9817915793484473
2307,1.225,0.9817915793484473
2308,1.225,0.9817915793484473
2309,1.225,0.9817915793484473
2310,1.225,0.9817915793484473
2311,1.225,0.9817915793484473
2312,1.225,0.9817915793484473
2313,1.225,0.9817915793484473
2314,1.225,0.9817915793484473
2315,1.225,0.9817915793484473
2316,1.225,0.9817915793484473
2317,1.225,0.9817915793484473
2318,1.225,0.9817915793484473
2319,1.225,0.9817915793484473
2320,1.225,0.9817915793484473
2321,1.225,0.9817915793484473
2322,1.225,0.9817915793484473
2323,1.225,0.9817915793484473
2324,1.225,0.9817915793484473
2325,1.225,0.9817915793484473
2326,1.225,0.9817915793484473
2327,1.225,0.9817915793484473
2328,1.225,0.9817915793484473
2329,1.225,0.9817915793484473
2330,1.225,0.9817915793484473
2331,1.225,0.9817915793484473
2332,1.225,0.9817915793484473
2333,1.225,0.9817915793484473
2334,1.225,0.9817915793484473
2335,1.225,0.9817915793484473
2336,1.225,0.9817915793484473
2337,1.225,0.9817915793484473
2338,1.225,0.9817915793484473
2339,1.225,0.9817915793484473
2340,1.225,0.9817915793484473
2341,1.225,0.9817915793484473
2342,1.225,0.9817915793484473
2343,1.225,0.9817915793484473
2344,1.225,0.9817915793484473
2345,1.225,0.9817915793484473
2346,1.225,0.9817915793484473
2347,1.225,0.9817915793484473
2348,1.225,0.9817915793484473
2349,1.225,0.9817915793484473
2350,1.225,0.9817915793484473
2351,1.225,0.9817915793484473
2352,1.225,0.9817915793484473
2353,1.225,0.9817915793484473
2354,1.225,0.9817915793484473
2355,1.225,0.9817915793484473
2356,1.225,0.9817915793484473
2357,1.225,0.9817915793484473
2358,1.225,0.9817915793484473
2359,1.225,0.9817915793484473
2360,1.225,0.9817915793484473
2361,1.225,0.9817915793484473
2362,1.225,0.9817915793484473
2363,1.225,0.9817915793484473
2364,1.225,0.9817915793484473
2365,1.225,0.9817915793484473
2366,1.225,0.9817915793484473
2367,1.225,0.9817915793484473
2368,1.225,0.9817915793484473
2369,1.225,0.9817915793484473
2370,1.225,0.9817915793484473
2371,1.225,0.9817915793484473
2372,1.225,0.9817915793484473
2373,1.225,0.9817915793484473
2374,1.225,0.9817915793484473
2375,1.225,0.9817915793484473
2376,1.225,0.9817915793484473
2377,1.225,0.9817915793484473
2378,1.225,0.9817915793484473
2379,1.225,0.9817915793484473
2380,1.225,0.9817915793484473
2381,1.225,0.9817915793484473
2382,1.225,0.9817915793484473
2383,1.225,0.9817915793484473
2384,1.225,0.9817915793484473
2385,1.225,0.9817915793484473
2386,1.225,0.9817915793484473
2387,1.225,0.9817915793484473
2388,1.225,0.9817915793484473
2389,1.225,0.9817915793484473
2390,1.225,0.9817915793484473
2391,1.225,0.9817915793484473
2392,1.225,0.9817915793484473
2393,1.225,0.9817915793484473
2394,1.225,0.9817915793484473
2395,1.225,0.9817915793484473
2396,1.225,0.9817915793484473
2397,1.225,0.9817915793484473
2398,1.225,0.9817915793484473
2399,1.225,0.9817915793484473
2400,1.225,0.9817915793484473
2401,1.225,0.9817915793484473
2402,1.225,0.9817915793484473
2403,1.225,0.9817915793484473
2404,1.225,0.9817915793484473
2405,1.225,0.9817915793484473
2406,1.225,0.9817915793484473
2407,1.225,0.9817915793484473
2408,1.225,0.9817915793484473
2409,1.225,0.9817915793484473
2410,1.225,0.9817915793484473
2411,1.225,0.9817915793484473
2412,1.225,0.9817915793484473
2413,1.225,0.9817915793484473
2414,1.225,0.9817915793484473
2415,1.225,0.9817915793484473
2416,1.225,0.9817915793484473
2417,1.225,0.9817915793484473
2418,1.225,0.9817915793484473
2419,1.225,0.9817915793484473
2420,1.225,0.9817915793484473
2421,1.225,0.9817915793484473
2422,1.225,0.9817915793484473
2423,1.225,0.9817915793484473
2424,1.225,0.9817915793484473
2425,1.225,0.9817915793484473
2426,1.225,0.9817915793484473
2427,1.225,0.9817915793484473
2428,1.225,0.9817915793484473
2429,1.225,0.9817915793484473
2430,1.225,0.9817915793484473
2431,1.225,0.9817915793484473
2432,1.225,0.9817915793484473
2433,1.225,0.9817915793484473
2434,1.225,0.9817915793484473
2435,1.225,0.9817915793484473
2436,1.225,0.9817915793484473
2437,1.225,0.9817915793484473
2438,1.225,0.9817915793484473
2439,1.225,0.9817915793484473
2440,1.225,0.9817915793484473
2441,1.225,0.9817915793484473
2442,1.225,0.9817915793484473
2443,1.225,0.9817915793484473
2444,1.225,0.9817915793484473
2445,1.225,0.9817915793484473
2446,1.225,0.9817915793484473
2447,1.225,0.9817915793484473
2448,1.225,0.9817915793484473
2449,1.225,0.9817915793484473
2450,1.225,0.9817915793484473
2451,1.225,0.9817915793484473
2452,1.225,0.9817915793484473
2453,1.225,0.9817915793484473
2454,1.225,0.9817915793484473
2455,1.225,0.9817915793484473
2456,1.225,0.9817915793484473
2457,1.225,0.9817915793484473
2458,1.225,0.9817915793484473
2459,1.225,0.9817915793484473
2460,1.225,0.9817915793484473
2461,1.225,0.9817915793484473
2462,1.225,0.9817915793484473
2463,1.225,0.9817915793484473
2464,1.225,0.9817915793484473
2465,1.225,0.9817915793484473
2466,1.225,0.9817915793484473
2467,1.225,0.9817915793484473
2468,1.225,0.9817915793484473
2469,1.225,0.9817915793484473
2470,1.225,0.9817915793484473
2471,1.225,0.9817915793484473
2472,1.225,0.9817915793484473
2473,1.225,0.9817915793484473
2474,1.225,0.9817915793484473
2475,1.225,0.9817915793484473
2476,1.225,0.9817915793484473
2477,1.225,0.9817915793484473
2478,1.225,0.9817915793484473
2479,1.225,0.9817915793484473
2480,1.225,0.9817915793484473
2481,1.225,0.9817915793484473
2482,1.225,0.9817915793484473
2483,1.225,0.9817915793484473
2484,1.225,0.9817915793484473
2485,1.225,0.9817915793484473
2486,1.225,0.9817915793484473
2487,1.225,0.9817915793484473
2488,1.225,0.9817915793484473
2489,1.225,0.9817915793484473
2490,1.225,0.9817915793484473
2491,1.225,0.9817915793484473
2492,1.225,0.9817915793484473
2493,1.225,0.9817915793484473
2494,1.225,0.9817915793484473
2495,1.225,0.9817915793484473
2496,1.225,0.9817915793484473
2497,1.225,0.9817915793484473
2498,1.225,0.9817915793484473
2499,1.225,0.9817915793484473
2500,1.225,0.9817915793484473
2501,1.225,0.9817915793484473
2502,1.225,0.9817915793484473
2503,1.225,0.9817915793484473
2504,1.225,0.9817915793484473
2505,1.225,0.9817915793484473
2506,1.225,0.9817915793484473
2507,1.225,0.9817915793484473
2508,1.225,0.9817915793484473
2509,1.225,0.9817915793484473
2510,1.225,0.9817915793484473
2511,1.225,0.9817915793484473
2512,1.225,0.9817915793484473
2513,1.225,0.9817915793484473
2514,1.225,0.9817915793484473
2515,1.225,0.9817915793484473
2516,1.225,0.9817915793484473
2517,1.225,0.9817915793484473
2518,1.225,0.9817915793484473
2519,1.225,0.9817915793484473
2520,1.225,0.9817915793484473
2521,1.225,0.9817915793484473
2522,1.225,0.9817915793484473
2523,1.225,0.9817915793484473
2524,1.225,0.9817915793484473
2525,1.225,0.9817915793484473
2526,1.225,0.9817915793484473
2527,1.225,0.9817915793484473
2528,1.225,0.9817915793484473
2529,1.225,0.9817915793484473
2530,1.225,0.9817915793484473
2531,1.225,0.9817915793484473
2532,1.225,0.9817915793484473
2533,1.225,0.9817915793484473
2534,1.225,0.9817915793484473
2535,1.225,0.9817915793484473
2536,1.225,0.9817915793484473
2537,1.225,0.9817915793484473
2538,1.225,0.9817915793484473
2539,1.225,0.9817915793484473
2540,1.225,0.9817915793484473
2541,1.225,0.9817915793484473
2542,1.225,0.9817915793484473
2543,1.225,0.9817915793484473
2544,1.225,0.9817915793484473
2545,1.225,0.9817915793484473
2546,1.225,0.9817915793484473
2547,1.225,0.9817915793484473
2548,1.225,0.9817915793484473
2549,1.225,0.9817915793484473
2550,1.225,0.9817915793484473
2551,1.225,0.9817915793484473
2552,1.225,0.9817915793484473
2553,1.225,0.9817915793484473
2554,1.225,0.9817915793484473
2555,1.225,0.9817915793484473
2556,1.225,0.9817915793484473
2557,1.225,0.9817915793484473
2558,1.225,0.9817915793484473
2559,1.225,0.9817915793484473
2560,1.225,0.9817915793484473
2561,1.225,0.9817915793484473
2562,1.225,0.9817915793484473
2563,1.225,0.9817915793484473
2564,1.225,0.9817915793484473
2565,1.225,0.9817915793484473
2566,1.225,0.9817915793484473
2567,1.225,0.9817915793484473
2568,1.225,0.9817915793484473
2569,1.225,0.9817915793484473
2570,1.225,0.9817915793484473
2571,1.225,0.9817915793484473
2572,1.225,0.9817915793484473
2573,1.225,0.9817915793484473
2574,1.225,0.9817915793484473
2575,1.225,0.9817915793484473
2576,1.225,0.9817915793484473
2577,1.225,0.9817915793484473
2578,1.225,0.9817915793484473
2579,1.09,0.9817915793484473
2580,1.09,0.9817915793484473
2581,1.09,0.9817915793484473
2582,1.09,0.9817915793484473
2583,1.09,0.9817915793484473
2584,1.09,0.9817915793484473
2585,1.09,0.9817915793484473
2586,1.09,0.9817915793484473
2587,1.09,0.9817915793484473
2588,1.09,0.9817915793484473
2589,1.09,0.9817915793484473
2590,1.09,0.9817915793484473
2591,1.09,0.9817915793484473
2592,1.09,0.9817915793484473
2593,1.09,0.9817915793484473
2594,1.09,0.9817915793484473
2595,1.09,0.9817915793484473
2596,1.09,0.9817915793484473
2597,1.09,0.9817915793484473
2598,1.09,0.9817915793484473
2599,1.09,0.9817915793484473
2600,1.09,0.9817915793484473
2601,1.09,0.9817915793484473
2602,1.09,0.9817915793484473
2603,1.09,0.9817915793484473
2604,1.09,0.9817915793484473
2605,1.09,0.9817915793484473
2606,1.09,0.9817915793484473
2607,1.09,0.9817915793484473
2608,1.09,0.9817915793484473
2609,1.09,0.9817915793484473
2610,1.09,0.9817915793484473
2611,1.09,0.9817915793484473
2612,1.09,0.9817915793484473
2613,1.09,0.9817915793484473
2614,1.09,0.9817915793484473
2615,1.09,0.9817915793484473
2616,1.09,0.9817915793484473
2617,1.09,0.9817915793484473
2618,1.09,0.9817915793484473
2619,1.09,0.9817915793484473
2620,1.09,0.9817915793484473
2621,1.09,0.9817915793484473
2622,1.09,0.9817915793484473
2623,1.09,0.9817915793484473
2624,1.09,0.9817915793484473
2625,1.09,0.9817915793484473
2626,1.09,0.9817915793484473
2627,1.09,0.9817915793484473
2628,1.09,0.9817915793484473
2629,1.09,0.9817915793484473
2630,1.09,0.9817915793484473
2631,1.09,0.9817915793484473
2632,1.09,0.9817915793484473
2633,1.09,0.9817915793484473
2634,1.09,0.9817915793484473
2635,1.09,0.9817915793484473
2636,1.09,0.9817915793484473
2637,1.09,0.9817915793484473
2638,1.09,0.9817915793484473
2639,1.09,0.9817915793484473
2640,1.09,0.9817915793484473
2641,1.09,0.9817915793484473
2642,1.09,0.9817915793484473
2643,1.09,0.9817915793484473
2644,1.09,0.9817915793484473
2645,1.09,0.9817915793484473
2646,1.09,0.9817915793484473
2647,1.09,0.9817915793484473
2648,1.09,0.9817915793484473
2649,1.09,0.9817915793484473
2650,1.09,0.9817915793484473
2651,1.09,0.9817915793484473
2652,1.09,0.9817915793484473
2653,1.09,0.9817915793484473
2654,1.09,0.9817915793484473
2655,1.09,0.9817915793484473
2656,1.09,0.9817915793484473
2657,1.09,0.9817915793484473
2658,1.09,0.9817915793484473
2659,1.09,0.9817915793484473
2660,1.09,0.9817915793484473
2661,1.09,0.9817915793484473
2662,1.09,0.9817915793484473
2663,1.09,0.9817915793484473
2664,1.09,0.9817915793484473
2665,1.09,0.9817915793484473
2666,1.09,0.9817915793484473
2667,1.09,0.9817915793484473
2668,1.09,0.9817915793484473
2669,1.09,0.9817915793484473
2670,1.09,0.9817915793484473
2671,1.09,0.9817915793484473
2672,1.09,0.9817915793484473
2673,1.09,0.9817915793484473
2674,1.09,0.9817915793484473
2675,1.09,0.9817915793484473
2676,1.09,0.9817915793484473
2677,1.09,0.9817915793484473
2678,1.09,0.9817915793484473
2679,1.09,0.9817915793484473
2680,1.09,0.9817915793484473
2681,1.09,0.9817915793484473
2682,1.09,0.9817915793484473
2683,1.09,0.9817915793484473
2684,1.09,0.9817915793484473
2685,1.09,0.9817915793484473
2686,1.09,0.9817915793484473
2687,1.09,0.9817915793484473
2688,1.09,0.9817915793484473
2689,1.09,0.9817915793484473
2690,1.09,0.9817915793484473
2691,1.09,0.9817915793484473
2692,1.09,0.9817915793484473
2693,1.09,0.9817915793484473
2694,1.09,0.9817915793484473
2695,1.09,0.9817915793484473
2696,1.09,0.9817915793484473
2697,1.09,0.9817915793484473
2698,1.09,0.9817915793484473
2699,1.09,0.9817915793484473
2700,1.09,0.9817915793484473
2701,1.09,0.9817915793484473
2702,1.09,0.9817915793484473
2703,1.09,0.9817915793484473
2704,1.09,0.9817915793484473
2705,1.09,0.9817915793484473
2706,1.09,0.9817915793484473
2707,1.09,0.9817915793484473
2708,1.09,0.9817915793484473
2709,1.09,0.9817915793484473
2710,1.09,0.9817915793484473
2711,1.09,0.9817915793484473
2712,1.09,0.9817915793484473
2713,1.09,0.9817915793484473
2714,1.09,0.9817915793484473
2715,1.09,0.9817915793484473
2716,1.09,0.9817915793484473
2717,1.09,0.9817915793484473
2718,1.09,0.9817915793484473
2719,1.09,0.9817915793484473
2720,1.09,0.9817915793484473
2721,1.09,0.9817915793484473
2722,1.09,0.9817915793484473
2723,1.09,0.9817915793484473
2724,1.09,0.9817915793484473
2725,1.09,0.9817915793484473
2726,1.09,0.9817915793484473
2727,1.09,0.9817915793484473
2728,1.09,0.9817915793484473
2729,1.09,0.9817915793484473
2730,1.09,0.9817915793484473
2731,1.09,0.9817915793484473
2732,1.09,0.9817915793484473
2733,1.09,0.9817915793484473
2734,1.09,0.9817915793484473
2735,1.09,0.9817915793484473
2736,1.09,0.9817915793484473
2737,1.09,0.9817915793484473
2738,1.09,0.9817915793484473
2739,1.09,0.9817915793484473
2740,1.09,0.9817915793484473
2741,1.09,0.9817915793484473
2742,1.09,0.9817915793484473
2743,1.09,0.9817915793484473
2744,1.09,0.9817915793484473
2745,1.09,0.9817915793484473
2746,1.09,0.9817915793484473
2747,1.09,0.9817915793484473
2748,1.09,0.9817915793484473
2749,1.09,0.9817915793484473
2750,1.09,0.9817915793484473
2751,1.09,0.9817915793484473
2752,1.09,0.9817915793484473
2753,1.09,0.9817915793484473
2754,1.09,0.9817915793484473
2755,1.09,0.9817915793484473
2756,1.09,0.9817915793484473
2757,1.09,0.9817915793484473
2758,1.09,0.9817915793484473
2759,1.09,0.9817915793484473
2760,1.09,0.9817915793484473
2761,1.09,0.9817915793484473
2762,1.09,0.9817915793484473
2763,1.09,0.9817915793484473
2764,1.09,0.9817915793484473
2765,1.09,0.9817915793484473
2766,1.09,0.9817915793484473
2767,1.09,0.9817915793484473
2768,1.09,0.9817915793484473
2769,1.09,0.9817915793484473
2770,1.09,0.9817915793484473
2771,1.09,0.9817915793484473
2772,1.09,0.9817915793484473
2773,1.09,0.9817915793484473
2774,1.09,0.9817915793484473
2775,1.09,0.9817915793484473
2776,1.09,0.9817915793484473
2777,1.09,0.9817915793484473
2778,1.09,0.9817915793484473
2779,1.09,0.9817915793484473
2780,1.09,0.9817915793484473
2781,1.09,0.9817915793484473
2782,1.09,0.9817915793484473
2783,1.09,0.9817915793484473
2784,1.09,0.9817915793484473
2785,1.09,0.9817915793484473
2786,1.09,0.9817915793484473
2787,1.09,0.9817915793484473
2788,1.09,0.9817915793484473
2789,1.09,0.9817915793484473
2790,1.09,0.9817915793484473
2791,1.09,0.9817915793484473
2792,1.09,0.9817915793484473
2793,1.09,0.9817915793484473
2794,1.09,0.9817915793484473
2795,1.09,0.9817915793484473
2796,1.09,0.9817915793484473
2797,1.09,0.9817915793484473
2798,1.09,0.9817915793484473
2799,1.09,0.9817915793484473
2800,1.09,0.9817915793484473
2801,1.09,0.9817915793484473
2802,1.09,0.9817915793484473
2803,1.09,0.9817915793484473
2804,1.09,0.9817915793484473
2805,1.09,0.9817915793484473
2806,1.09,0.9817915793484473
2807,1.09,0.9817915793484473
2808,1.09,0.9817915793484473
2809,1.09,0.9817915793484473
2810,1.09,0.9817915793484473
2811,1.09,0.9817915793484473
2812,1.09,0.9817915793484473
2813,1.09,0.9817915793484473
2814,1.09,0.9817915793484473
2815,1.09,0.9817915793484473
2816,1.09,0.9817915793484473
2817,1.09,0.9817915793484473
2818,1.09,0.9817915793484473
2819,1.09,0.9817915793484473
2820,1.09,0.9817915793484473
2821,1.09,0.9817915793484473
2822,1.09,0.9817915793484473
2823,1.09,0.9817915793484473
2824,1.09,0.9817915793484473
2825,1.09,0.9817915793484473
2826,1.09,0.9817915793484473
2827,1.09,0.9817915793484473
2828,1.09,0.9817915793484473
2829,1.09,0.9817915793484473
2830,1.09,0.9817915793484473
2831,1.09,0.9817915793484473
2832,1.09,0.9817915793484473
2833,1.09,0.9817915793484473
2834,1.09,0.9817915793484473
2835,1.09,0.9817915793484473
2836,1.09,0.9817915793484473
2837,1.09,0.9817915793484473
2838,1.09,0.9817915793484473
2839,1.09,0.9817915793484473
2840,1.09,0.9817915793484473
2841,1.09,0.9817915793484473
2842,1.09,0.9817915793484473
2843,1.09,0.9817915793484473
2844,1.09,0.9817915793484473
2845,1.09,0.9817915793484473
2846,1.09,0.9817915793484473
2847,1.09,0.9817915793484473
2848,1.09,0.9817915793484473
2849,1.09,0.9817915793484473
2850,1.09,0.9817915793484473
2851,1.09,0.9817915793484473
2852,1.09,0.9817915793484473
2853,1.09,0.9817915793484473
2854,1.09,0.9817915793484473
2855,1.09,0.9817915793484473
2856,1.09,0.9817915793484473
2857,1.09,0.9817915793484473
2858,1.09,0.9817915793484473
2859,1.09,0.9817915793484473
2860,1.09,0.9817915793484473
2861,1.09,0.9817915793484473
2862,1.09,0.9817915793484473
2863,1.09,0.9817915793484473
2864,1.09,0.9817915793484473
2865,1.09,0.9817915793484473
2866,1.09,0.9817915793484473
2867,1.09,0.9817915793484473
2868,1.09,0.9817915793484473
2869,1.09,0.9817915793484473
2870,1.09,0.9817915793484473
2871,1.09,0.9817915793484473
2872,1.09,0.9817915793484473
2873,1.09,0.9817915793484473
2874,1.09,0.9817915793484473
2875,0.685,0.9817915793484473
2876,0.685,0.9817915793484473
2877,0.685,0.9817915793484473
2878,0.685,0.9817915793484473
2879,0.685,0.9817915793484473
2880,0.685,0.9817915793484473
2881,0.685,0.9817915793484473
2882,0.685,0.9817915793484473
2883,0.685,0.9817915793484473
2884,0.685,0.9817915793484473
2885,0.685,0.9817915793484473
2886,0.685,0.9817915793484473
2887,0.685,0.9817915793484473
2888,0.685,0.9817915793484473
2889,0.685,0.9817915793484473
2890,0.685,0.9817915793484473
2891,0.685,0.9817915793484473
2892,0.685,0.9817915793484473
2893,0.685,0.9817915793484473
2894,0.685,0.9817915793484473
2895,0.685,0.9817915793484473
2896,0.685,0.9817915793484473
2897,0.685,0.9817915793484473
2898,0.685,0.9817915793484473
2899,0.685,0.9817915793484473
2900,0.685,0.9817915793484473
2901,0.685,0.9817915793484473
2902,0.685,0.9817915793484473
2903,0.685,0.9817915793484473
2904,0.685,0.9817915793484473
2905,0.685,0.9817915793484473
2906,0.685,0.9817915793484473
2907,0.685,0.9817915793484473
2908,0.685,0.9817915793484473
2909,0.685,0.9817915793484473
2910,0.685,0.9817915793484473
2911,0.685,0.9817915793484473
2912,0.685,0.9817915793484473
2913,0.685,0.9817915793484473
2914,0.685,0.9817915793484473
2915,0.685,0.9817915793484473
2916,0.685,0.9817915793484473
2917,0.685,0.9817915793484473
2918,0.685,0.9817915793484473
2919,0.685,0.9817915793484473
2920,0.685,0.9817915793484473
2921,0.685,0.9817915793484473
2922,0.685,0.9817915793484473
2923,0.685,0.9817915793484473
2924,0.685,0.9817915793484473
2925,0.685,0.9817915793484473
2926,0.685,0.9817915793484473
2927,0.685,0.9817915793484473
2928,0.685,0.9817915793484473
2929,0.685,0.9817915793484473
2930,0.685,0.9817915793484473
2931,0.685,0.9817915793484473
2932,0.685,0.9817915793484473
2933,0.685,0.9817915793484473
2934,0.685,0.9817915793484473
2935,0.685,0.9817915793484473
2936,0.685,0.9817915793484473
2937,0.685,0.9817915793484473
2938,0.685,0.9817915793484473
2939,0.685,0.9817915793484473
2940,0.685,0.9817915793484473
2941,0.685,0.9817915793484473
2942,0.685,0.9817915793484473
2943,0.685,0.9817915793484473
2944,0.685,0.9817915793484473
2945,0.685,0.9817915793484473
2946,0.685,0.9817915793484473
2947,0.685,0.9817915793484473
2948,0.685,0.9817915793484473
2949,0.685,0.9817915793484473
2950,0.685,0.9817915793484473
2951,0.685,0.9817915793484473
2952,0.685,0.9817915793484473
2953,0.685,0.9817915793484473
2954,0.685,0.9817915793484473
2955,0.685,0.9817915793484473
2956,0.685,0.9817915793484473
2957,0.685,0.9817915793484473
2958,0.685,0.9817915793484473
2959,0.685,0.9817915793484473
2960,0.685,0.9817915793484473
2961,0.685,0.9817915793484473
2962,0.685,0.9817915793484473
2963,0.685,0.9817915793484473
2964,0.685,0.9817915793484473
2965,0.685,0.9817915793484473
2966,0.685,0.9817915793484473
2967,0.685,0.9817915793484473
2968,0.685,0.9817915793484473
2969,0.685,0.9817915793484473
2970,0.685,0.9817915793484473
2971,0.685,0.9817915793484473
2972,0.685,0.9817915793484473
2973,0.685,0.9817915793484473
2974,0.685,0.9817915793484473
2975,0.685,0.9817915793484473
2976,0.685,0.9817915793484473
2977,0.685,0.9817915793484473
2978,0.685,0.9817915793484473
2979,0.685,0.9817915793484473
2980,0.685,0.9817915793484473
2981,0.685,0.9817915793484473
2982,0.685,0.9817915793484473
2983,0.685,0.9817915793484473
2984,0.685,0.9817915793484473
2985,0.685,0.9817915793484473
2986,0.685,0.9817915793484473
2987,0.685,0.9817915793484473
2988,0.685,0.9817915793484473
2989,0.685,0.9817915793484473
2990,0.685,0.9817915793484473
2991,0.685,0.9817915793484473
2992,0.685,0.9817915793484473
2993,0.685,0.9817915793484473
2994,0.685,0.9817915793484473
2995,0.685,0.9817915793484473
2996,0.685,0.9817915793484473
2997,0.685,0.9817915793484473
2998,0.685,0.9817915793484473
2999,0.685,0.9817915793484473
3000,0.685,0.9817915793484473
3001,0.685,0.9817915793484473
3002,0.685,0.9817915793484473
3003,0.685,0.9817915793484473
3004,0.685,0.9817915793484473
3005,0.685,0.9817915793484473
3006,0.685,0.9817915793484473
3007,0.685,0.9817915793484473
3008,0.685,0.9817915793484473
3009,0.685,0.9817915793484473
3010,0.685,0.9817915793484473
3011,0.685,0.9817915793484473
3012,0.685,0.9817915793484473
3013,0.685,0.9817915793484473
3014,0.685,0.9817915793484473
3015,0.685,0.9817915793484473
3016,0.685,0.9817915793484473
3017,0.685,0.9817915793484473
3018,0.685,0.9817915793484473
3019,0.685,0.9817915793484473
3020,0.685,0.9817915793484473
3021,0.685,0.9817915793484473
3022,0.685,0.9817915793484473
3023,0.685,0.9817915793484473
3024,0.685,0.9817915793484473
3025,0.685,0.9817915793484473
3026,0.685,0.9817915793484473
3027,0.685,0.9817915793484473
3028,0.685,0.9817915793484473
3029,0.685,0.9817915793484473
3030,0.685,0.9817915793484473
3031,0.685,0.9817915793484473
3032,0.685,0.9817915793484473
3033,0.685,0.9817915793484473
3034,0.685,0.9817915793484473
3035,0.685,0.9817915793484473
3036,0.685,0.9817915793484473
3037,0.685,0.9817915793484473
3038,0.685,0.9817915793484473
3039,0.685,0.9817915793484473
3040,0.685,0.9817915793484473
3041,0.685,0.9817915793484473
3042,0.685,0.9817915793484473
3043,0.685,0.9817915793484473
3044,0.685,0.9817915793484473
3045,0.685,0.9817915793484473
3046,0.685,0.9817915793484473
3047,0.685,0.9817915793484473
3048,0.685,0.9817915793484473
3049,0.685,0.9817915793484473
3050,0.685,0.9817915793484473
3051,0.685,0.9817915793484473
3052,0.685,0.9817915793484473
3053,0.685,0.9817915793484473
3054,0.685,0.9817915793484473
3055,0.685,0.9817915793484473
3056,0.685,0.9817915793484473
3057,0.685,0.9817915793484473
3058,0.685,0.9817915793484473
3059,0.685,0.9817915793484473
3060,0.685,0.9817915793484473
3061,0.685,0.9817915793484473
3062,0.685,0.9817915793484473
3063,0.685,0.9817915793484473
3064,0.685,0.9817915793484473
3065,0.685,0.9817915793484473
3066,0.685,0.9817915793484473
3067,0.685,0.9817915793484473
3068,0.685,0.9817915793484473
3069,0.685,0.9817915793484473
3070,0.685,0.9817915793484473
3071,0.685,0.9817915793484473
3072,0.685,0.9817915793484473
3073,0.55,0.9817915793484473
3074,0.55,0.9817915793484473
3075,0.55,0.9817915793484473
3076,0.55,0.9817915793484473
3077,0.55,0.9817915793484473
3078,0.55,0.9817915793484473
3079,0.55,0.9817915793484473
3080,0.55,0.9817915793484473
3081,0.55,0.9817915793484473
3082,0.55,0.9817915793484473
3083,0.55,0.9817915793484473
3084,0.55,0.9817915793484473
3085,0.55,0.9817915793484473
3086,0.55,0.9817915793484473
3087,0.55,0.9817915793484473
3088,0.55,0.9817915793484473
3089,0.55,0.9817915793484473
3090,0.55,0.9817915793484473
3091,0.55,0.9817915793484473
3092,0.55,0.9817915793484473
3093,0.55,0.9817915793484473
3094,0.55,0.9817915793484473
3095,0.55,0.9817915793484473
3096,0.55,0.9817915793484473
3097,0.55,0.9817915793484473
3098,0.55,0.9817915793484473
3099,0.55,0.9817915793484473
3100,0.55,0.9817915793484473
3101,0.55,0.9817915793484473
3102,0.55,0.9817915793484473
3103,0.55,0.9817915793484473
3104,0.55,0.9817915793484473
3105,0.55,0.9817915793484473
3106,0.55,0.9817915793484473
3107,0.55,0.9817915793484473
3108,0.55,0.9817915793484473
3109,0.55,0.9817915793484473
3110,0.55,0.9817915793484473
3111,0.55,0.9817915793484473
3112,0.55,0.9817915793484473
3113,0.55,0.9817915793484473
3114,0.55,0.9817915793484473
3115,0.55,0.9817915793484473
3116,0.55,0.9817915793484473
3117,0.55,0.9817915793484473
3118,0.55,0.9817915793484473
3119,0.55,0.9817915793484473
3120,0.55,0.9817915793484473
3121,0.55,0.9817915793484473
3122,0.55,0.9817915793484473
3123,0.55,0.9817915793484473
3124,0.55,0.9817915793484473
3125,0.55,0.9817915793484473
3126,0.55,0.9817915793484473
3127,0.55,0.9817915793484473
3128,0.55,0.9817915793484473
3129,0.55,0.9817915793484473
3130,0.55,0.9817915793484473
3131,0.55,0.9817915793484473
3132,0.55,0.9817915793484473
3133,0.55,0.9817915793484473
3134,0.55,0.9817915793484473
3135,0.55,0.9817915793484473
3136,0.55,0.9817915793484473
3137,0.55,0.9817915793484473
3138,0.55,0.9817915793484473
3139,0.55,0.9817915793484473
3140,0.55,0.9817915793484473
3141,0.55,0.9817915793484473
3142,0.55,0.9817915793484473
3143,0.55,0.9817915793484473
3144,0.55,0.9817915793484473
3145,0.55,0.9817915793484473
3146,0.55,0.9817915793484473
3147,0.55,0.9817915793484473
3148,0.55,0.9817915793484473
3149,0.55,0.9817915793484473
3150,0.55,0.9817915793484473
3151,0.55,0.9817915793484473
3152,0.55,0.9817915793484473
3153,0.55,0.9817915793484473
3154,0.55,0.9817915793484473
3155,0.55,0.9817915793484473
3156,0.55,0.9817915793484473
3157,0.55,0.9817915793484473
3158,0.55,0.9817915793484473
3159,0.55,0.9817915793484473
3160,0.55,0.9817915793484473
3161,0.55,0.9817915793484473
3162,0.55,0.9817915793484473
3163,0.55,0.9817915793484473
3164,0.55,0.9817915793484473
3165,0.55,0.9817915793484473
3166,0.55,0.9817915793484473
3167,0.55,0.9817915793484473
3168,0.55,0.9817915793484473
3169,0.55,0.9817915793484473
3170,0.55,0.9817915793484473
3171,0.55,0.9817915793484473
3172,0.41500000000000004,0.9817915793484473
3173,0.41500000000000004,0.9817915793484473
3174,0.41500000000000004,0.9817915793484473
3175,0.41500000000000004,0.9817915793484473
3176,0.41500000000000004,0.9817915793484473
3177,0.41500000000000004,0.9817915793484473
3178,0.41500000000000004,0.9817915793484473
3179,0.41500000000000004,0.9817915793484473
3180,0.41500000000000004,0.9817915793484473
3181,0.41500000000000004,0.9817915793484473
3182,0.41500000000000004,0.9817915793484473
3183,0.41500000000000004,0.9817915793484473
3184,0.41500000000000004,0.9817915793484473
3185,0.41500000000000004,0.9817915793484473
3186,0.41500000000000004,0.9817915793484473
3187,0.41500000000000004,0.9817915793484473
3188,0.41500000000000004,0.9817915793484473
3189,0.41500000000000004,0.9817915793484473
3190,0.41500000000000004,0.9817915793484473
3191,0.41500000000000004,0.9817915793484473
3192,0.41500000000000004,0.9817915793484473
3193,0.41500000000000004,0.9817915793484473
3194,0.41500000000000004,0.9817915793484473
3195,0.41500000000000004,0.9817915793484473
3196,0.41500000000000004,0.9817915793484473
3197,0.41500000000000004,0.9817915793484473
3198,0.41500000000000004,0.9817915793484473
3199,0.41500000000000004,0.9817915793484473
3200,0.41500000000000004,0.9817915793484473
3201,0.41500000000000004,0.9817915793484473
3202,0.41500000000000004,0.9817915793484473
3203,0.41500000000000004,0.9817915793484473
3204,0.41500000000000004,0.9817915793484473
3205,0.41500000000000004,0.9817915793484473
3206,0.41500000000000004,0.9817915793484473
3207,0.41500000000000004,0.9817915793484473
3208,0.41500000000000004,0.9817915793484473
3209,0.41500000000000004,0.9817915793484473
3210,0.41500000000000004,0.9817915793484473
3211,0.41500000000000004,0.9817915793484473
3212,0.41500000000000004,0.9817915793484473
3213,0.41500000000000004,0.9817915793484473
3214,0.41500000000000004,0.9817915793484473
3215,0.41500000000000004,0.9817915793484473
3216,0.41500000000000004,0.9817915793484473
3217,0.41500000000000004,0.9817915793484473
3218,0.41500000000000004,0.9817915793484473
3219,0.41500000000000004,0.9817915793484473
3220,0.41500000000000004,0.9817915793484473
3221,0.41500000000000004,0.9817915793484473
3222,0.41500000000000004,0.9817915793484473
3223,0.41500000000000004,0.9817915793484473
3224,0.41500000000000004,0.9817915793484473
3225,0.41500000000000004,0.9817915793484473
3226,0.41500000000000004,0.9817915793484473
3227,0.41500000000000004,0.9817915793484473
3228,0.41500000000000004,0.9817915793484473
3229,0.41500000000000004,0.9817915793484473
3230,0.41500000000000004,0.9817915793484473
3231,0.41500000000000004,0.9817915793484473
3232,0.41500000000000004,0.9817915793484473
3233,0.41500000000000004,0.9817915793484473
3234,0.41500000000000004,0.9817915793484473
3235,0.41500000000000004,0.9817915793484473
3236,0.41500000000000004,0.9817915793484473
3237,0.41500000000000004,0.9817915793484473
3238,0.41500000000000004,0.9817915793484473
3239,0.41500000000000004,0.9817915793484473
3240,0.41500000000000004,0.9817915793484473
3241,0.41500000000000004,0.9817915793484473
3242,0.41500000000000004,0.9817915793484473
3243,0.41500000000000004,0.9817915793484473
3244,0.41500000000000004,0.9817915793484473
3245,0.41500000000000004,0.9817915793484473
3246,0.41500000000000004,0.9817915793484473
3247,0.41500000000000004,0.9817915793484473
3248,0.41500000000000004,0.9817915793484473
3249,0.41500000000000004,0.9817915793484473
3250,0.41500000000000004,0.9817915793484473
3251,0.41500000000000004,0.9817915793484473
3252,0.41500000000000004,0.9817915793484473
3253,0.41500000000000004,0.9817915793484473
3254,0.41500000000000004,0.9817915793484473
3255,0.41500000000000004,0.9817915793484473
3256,0.41500000000000004,0.9817915793484473
3257,0.41500000000000004,0.9817915793484473
3258,0.41500000000000004,0.9817915793484473
3259,0.41500000000000004,0.9817915793484473
3260,0.41500000000000004,0.9817915793484473
3261,0.41500000000000004,0.9817915793484473
3262,0.41500000000000004,0.9817915793484473
3263,0.41500000000000004,0.9817915793484473
3264,0.41500000000000004,0.9817915793484473
3265,0.41500000000000004,0.9817915793484473
3266,0.41500000000000004,0.9817915793484473
3267,0.41500000000000004,0.9817915793484473
3268,0.41500000000000004,0.9817915793484473
3269,0.41500000000000004,0.9817915793484473
3270,0.41500000000000004,0.9817915793484473
3271,0.41500000000000004,0.9817915793484473
3272,0.41500000000000004,0.9817915793484473
3273,0.41500000000000004,0.9817915793484473
3274,0.41500000000000004,0.9817915793484473
3275,0.41500000000000004,0.9817915793484473
3276,0.41500000000000004,0.9817915793484473
3277,0.41500000000000004,0.9817915793484473
3278,0.41500000000000004,0.9817915793484473
3279,0.41500000000000004,0.9817915793484473
3280,0.41500000000000004,0.9817915793484473
3281,0.41500000000000004,0.9817915793484473
3282,0.41500000000000004,0.9817915793484473
3283,0.41500000000000004,0.9817915793484473
3284,0.41500000000000004,0.9817915793484473
3285,0.41500000000000004,0.9817915793484473
3286,0.41500000000000004,0.9817915793484473
3287,0.41500000000000004,0.9817915793484473
3288,0.41500000000000004,0.9817915793484473
3289,0.41500000000000004,0.9817915793484473
3290,0.41500000000000004,0.9817915793484473
3291,0.41500000000000004,0.9817915793484473
3292,0.41500000000000004,0.9817915793484473
3293,0.41500000000000004,0.9817915793484473
3294,0.41500000000000004,0.9817915793484473
3295,0.41500000000000004,0.9817915793484473
3296,0.41500000000000004,0.9817915793484473
3297,0.41500000000000004,0.9817915793484473
3298,0.41500000000000004,0.9817915793484473
3299,0.41500000000000004,0.9817915793484473
3300,0.41500000000000004,0.9817915793484473
3301,0.41500000000000004,0.9817915793484473
3302,0.41500000000000004,0.9817915793484473
3303,0.41500000000000004,0.9817915793484473
3304,0.41500000000000004,0.9817915793484473
3305,0.41500000000000004,0.9817915793484473
3306,0.41500000000000004,0.9817915793484473
3307,0.41500000000000004,0.9817915793484473
3308,0.41500000000000004,0.9817915793484473
3309,0.41500000000000004,0.9817915793484473
3310,0.41500000000000004,0.9817915793484473
3311,0.41500000000000004,0.9817915793484473
3312,0.41500000000000004,0.9817915793484473
3313,0.41500000000000004,0.9817915793484473
3314,0.41500000000000004,0.9817915793484473
3315,0.41500000000000004,0.9817915793484473
3316,0.41500000000000004,0.9817915793484473
3317,0.41500000000000004,0.9817915793484473
3318,0.41500000000000004,0.9817915793484473
3319,0.41500000000000004,0.9817915793484473
3320,0.41500000000000004,0.9817915793484473
3321,0.41500000000000004,0.9817915793484473
3322,0.41500000000000004,0.9817915793484473
3323,0.41500000000000004,0.9817915793484473
3324,0.41500000000000004,0.9817915793484473
3325,0.41500000000000004,0.9817915793484473
3326,0.41500000000000004,0.9817915793484473
3327,0.41500000000000004,0.9817915793484473
3328,0.41500000000000004,0.9817915793484473
3329,0.41500000000000004,0.9817915793484473
3330,0.41500000000000004,0.9817915793484473
3331,0.41500000000000004,0.9817915793484473
3332,0.41500000000000004,0.9817915793484473
3333,0.41500000000000004,0.9817915793484473
3334,0.41500000000000004,0.9817915793484473
3335,0.41500000000000004,0.9817915793484473
3336,0.41500000000000004,0.9817915793484473
3337,0.41500000000000004,0.9817915793484473
3338,0.41500000000000004,0.9817915793484473
3339,0.41500000000000004,0.9817915793484473
3340,0.41500000000000004,0.9817915793484473
3341,0.41500000000000004,0.9817915793484473
3342,0.41500000000000004,0.9817915793484473
3343,0.41500000000000004,0.9817915793484473
3344,0.41500000000000004,0.9817915793484473
3345,0.41500000000000004,0.9817915793484473
3346,0.41500000000000004,0.9817915793484473
3347,0.41500000000000004,0.9817915793484473
3348,0.41500000000000004,0.9817915793484473
3349,0.41500000000000004,0.9817915793484473
3350,0.41500000000000004,0.9817915793484473
3351,0.41500000000000004,0.9817915793484473
3352,0.41500000000000004,0.9817915793484473
3353,0.41500000000000004,0.9817915793484473
3354,0.41500000000000004,0.9817915793484473
3355,0.41500000000000004,0.9817915793484473
3356,0.41500000000000004,0.9817915793484473
3357,0.41500000000000004,0.9817915793484473
3358,0.41500000000000004,0.9817915793484473
3359,0.41500000000000004,0.9817915793484473
3360,0.41500000000000004,0.9817915793484473
3361,0.41500000000000004,0.9817915793484473
3362,0.41500000000000004,0.9817915793484473
3363,0.41500000000000004,0.9817915793484473
3364,0.41500000000000004,0.9817915793484473
3365,0.41500000000000004,0.9817915793484473
3366,0.41500000000000004,0.9817915793484473
3367,0.41500000000000004,0.9817915793484473
3368,0.41500000000000004,0.9817915793484473
3369,0.41500000000000004,0.9817915793484473
3370,0.41500000000000004,0.9817915793484473
3371,0.41500000000000004,0.9817915793484473
3372,0.41500000000000004,0.9817915793484473
3373,0.41500000000000004,0.9817915793484473
3374,0.41500000000000004,0.9817915793484473
3375,0.41500000000000004,0.9817915793484473
3376,0.41500000000000004,0.9817915793484473
3377,0.41500000000000004,0.9817915793484473
3378,0.41500000000000004,0.9817915793484473
3379,0.41500000000000004,0.9817915793484473
3380,0.41500000000000004,0.9817915793484473
3381,0.41500000000000004,0.9817915793484473
3382,0.41500000000000004,0.9817915793484473
3383,0.41500000000000004,0.9817915793484473
3384,0.41500000000000004,0.9817915793484473
3385,0.41500000000000004,0.9817915793484473
3386,0.41500000000000004,0.9817915793484473
3387,0.41500000000000004,0.9817915793484473
3388,0.41500000000000004,0.9817915793484473
3389,0.41500000000000004,0.9817915793484473
3390,0.41500000000000004,0.9817915793484473
3391,0.41500000000000004,0.9817915793484473
3392,0.41500000000000004,0.9817915793484473
3393,0.41500000000000004,0.9817915793484473
3394,0.41500000000000004,0.9817915793484473
3395,0.41500000000000004,0.9817915793484473
3396,0.41500000000000004,0.9817915793484473
3397,0.41500000000000004,0.9817915793484473
3398,0.41500000000000004,0.9817915793484473
3399,0.41500000000000004,0.9817915793484473
3400,0.41500000000000004,0.9817915793484473
3401,0.41500000000000004,0.9817915793484473
3402,0.41500000000000004,0.9817915793484473
3403,0.41500000000000004,0.9817915793484473
3404,0.41500000000000004,0.9817915793484473
3405,0.41500000000000004,0.9817915793484473
3406,0.41500000000000004,0.9817915793484473
3407,0.41500000000000004,0.9817915793484473
3408,0.41500000000000004,0.9817915793484473
3409,0.41500000000000004,0.9817915793484473
3410,0.41500000000000004,0.9817915793484473
3411,0.41500000000000004,0.9817915793484473
3412,0.41500000000000004,0.9817915793484473
3413,0.41500000000000004,0.9817915793484473
3414,0.41500000000000004,0.9817915793484473
3415,0.41500000000000004,0.9817915793484473
3416,0.41500000000000004,0.9817915793484473
3417,0.41500000000000004,0.9817915793484473
3418,0.41500000000000004,0.9817915793484473
3419,0.41500000000000004,0.9817915793484473
3420,0.41500000000000004,0.9817915793484473
3421,0.41500000000000004,0.9817915793484473
3422,0.41500000000000004,0.9817915793484473
3423,0.41500000000000004,0.9817915793484473
3424,0.41500000000000004,0.9817915793484473
3425,0.41500000000000004,0.9817915793484473
3426,0.41500000000000004,0.9817915793484473
3427,0.41500000000000004,0.9817915793484473
3428,0.41500000000000004,0.9817915793484473
3429,0.41500000000000004,0.9817915793484473
3430,0.41500000000000004,0.9817915793484473
3431,0.41500000000000004,0.9817915793484473
3432,0.41500000000000004,0.9817915793484473
3433,0.41500000000000004,0.9817915793484473
3434,0.41500000000000004,0.9817915793484473
3435,0.41500000000000004,0.9817915793484473
3436,0.41500000000000004,0.9817915793484473
3437,0.41500000000000004,0.9817915793484473
3438,0.41500000000000004,0.9817915793484473
3439,0.41500000000000004,0.9817915793484473
3440,0.41500000000000004,0.9817915793484473
3441,0.41500000000000004,0.9817915793484473
3442,0.41500000000000004,0.9817915793484473
3443,0.41500000000000004,0.9817915793484473
3444,0.41500000000000004,0.9817915793484473
3445,0.41500000000000004,0.9817915793484473
3446,0.41500000000000004,0.9817915793484473
3447,0.41500000000000004,0.9817915793484473
3448,0.41500000000000004,0.9817915793484473
3449,0.41500000000000004,0.9817915793484473
3450,0.41500000000000004,0.9817915793484473
3451,0.41500000000000004,0.9817915793484473
3452,0.41500000000000004,0.9817915793484473
3453,0.41500000000000004,0.9817915793484473
3454,0.41500000000000004,0.9817915793484473
3455,0.41500000000000004,0.9817915793484473
3456,0.41500000000000004,0.9817915793484473
3457,0.41500000000000004,0.9817915793484473
3458,0.41500000000000004,0.9817915793484473
3459,0.41500000000000004,0.9817915793484473
3460,0.41500000000000004,0.9817915793484473
3461,0.41500000000000004,0.9817915793484473
3462,0.41500000000000004,0.9817915793484473
3463,0.41500000000000004,0.9817915793484473
3464,0.41500000000000004,0.9817915793484473
3465,0.41500000000000004,0.9817915793484473
3466,0.41500000000000004,0.9817915793484473
3467,0.41500000000000004,0.9817915793484473
3468,0.41500000000000004,0.9817915793484473
3469,0.41500000000000004,0.9817915793484473
3470,0.41500000000000004,0.9817915793484473
3471,0.41500000000000004,0.9817915793484473
3472,0.41500000000000004,0.9817915793484473
3473,0.41500000000000004,0.9817915793484473
3474,0.41500000000000004,0.9817915793484473
3475,0.41500000000000004,0.9817915793484473
3476,0.41500000000000004,0.9817915793484473
3477,0.41500000000000004,0.9817915793484473
3478,0.41500000000000004,0.9817915793484473
3479,0.41500000000000004,0.9817915793484473
3480,0.41500000000000004,0.9817915793484473
3481,0.41500000000000004,0.9817915793484473
3482,0.41500000000000004,0.9817915793484473
3483,0.41500000000000004,0.9817915793484473
3484,0.41500000000000004,0.9817915793484473
3485,0.41500000000000004,0.9817915793484473
3486,0.41500000000000004,0.9817915793484473
3487,0.41500000000000004,0.9817915793484473
3488,0.41500000000000004,0.9817915793484473
3489,0.41500000000000004,0.9817915793484473
3490,0.41500000000000004,0.9817915793484473
3491,0.41500000000000004,0.9817915793484473
3492,0.41500000000000004,0.9817915793484473
3493,0.41500000000000004,0.9817915793484473
3494,0.41500000000000004,0.9817915793484473
3495,0.41500000000000004,0.9817915793484473
3496,0.41500000000000004,0.9817915793484473
3497,0.41500000000000004,0.9817915793484473
3498,0.41500000000000004,0.9817915793484473
3499,0.41500000000000004,0.9817915793484473
3500,0.41500000000000004,0.9817915793484473
3501,0.41500000000000004,0.9817915793484473
3502,0.41500000000000004,0.9817915793484473
3503,0.41500000000000004,0.9817915793484473
3504,0.41500000000000004,0.9817915793484473
3505,0.41500000000000004,0.9817915793484473
3506,0.41500000000000004,0.9817915793484473
3507,0.41500000000000004,0.9817915793484473
3508,0.41500000000000004,0.9817915793484473
3509,0.41500000000000004,0.9817915793484473
3510,0.41500000000000004,0.9817915793484473
3511,0.41500000000000004,0.9817915793484473
3512,0.41500000000000004,0.9817915793484473
3513,0.41500000000000004,0.9817915793484473
3514,0.41500000000000004,0.9817915793484473
3515,0.41500000000000004,0.9817915793484473
3516,0.41500000000000004,0.9817915793484473
3517,0.41500000000000004,0.9817915793484473
3518,0.41500000000000004,0.9817915793484473
3519,0.41500000000000004,0.9817915793484473
3520,0.41500000000000004,0.9817915793484473
3521,0.41500000000000004,0.9817915793484473
3522,0.41500000000000004,0.9817915793484473
3523,0.41500000000000004,0.9817915793484473
3524,0.41500000000000004,0.9817915793484473
3525,0.41500000000000004,0.9817915793484473
3526,0.41500000000000004,0.9817915793484473
3527,0.41500000000000004,0.9817915793484473
3528,0.41500000000000004,0.9817915793484473
3529,0.41500000000000004,0.9817915793484473
3530,0.41500000000000004,0.9817915793484473
3531,0.41500000000000004,0.9817915793484473
3532,0.41500000000000004,0.9817915793484473
3533,0.41500000000000004,0.9817915793484473
3534,0.41500000000000004,0.9817915793484473
3535,0.41500000000000004,0.9817915793484473
3536,0.41500000000000004,0.9817915793484473
3537,0.41500000000000004,0.9817915793484473
3538,0.41500000000000004,0.9817915793484473
3539,0.41500000000000004,0.9817915793484473
3540,0.41500000000000004,0.9817915793484473
3541,0.41500000000000004,0.9817915793484473
3542,0.41500000000000004,0.9817915793484473
3543,0.41500000000000004,0.9817915793484473
3544,0.41500000000000004,0.9817915793484473
3545,0.41500000000000004,0.9817915793484473
3546,0.41500000000000004,0.9817915793484473
3547,0.41500000000000004,0.9817915793484473
3548,0.41500000000000004,0.9817915793484473
3549,0.41500000000000004,0.9817915793484473
3550,0.41500000000000004,0.9817915793484473
3551,0.41500000000000004,0.9817915793484473
3552,0.41500000000000004,0.9817915793484473
3553,0.41500000000000004,0.9817915793484473
3554,0.41500000000000004,0.9817915793484473
3555,0.41500000000000004,0.9817915793484473
3556,0.41500000000000004,0.9817915793484473
3557,0.41500000000000004,0.9817915793484473
3558,0.41500000000000004,0.9817915793484473
3559,0.41500000000000004,0.9817915793484473
3560,0.41500000000000004,0.9817915793484473
3561,0.41500000000000004,0.9817915793484473
3562,0.41500000000000004,0.9817915793484473
3563,0.41500000000000004,0.9817915793484473
3564,0.41500000000000004,0.9817915793484473
3565,0.41500000000000004,0.9817915793484473
3566,0.41500000000000004,0.9817915793484473
3567,0.41500000000000004,0.9817915793484473
3568,0.41500000000000004,0.9817915793484473
3569,0.41500000000000004,0.9817915793484473
3570,0.41500000000000004,0.9817915793484473
3571,0.41500000000000004,0.9817915793484473
3572,0.41500000000000004,0.9817915793484473
3573,0.41500000000000004,0.9817915793484473
3574,0.41500000000000004,0.9817915793484473
3575,0.41500000000000004,0.9817915793484473
3576,0.41500000000000004,0.9817915793484473
3577,0.41500000000000004,0.9817915793484473
3578,0.41500000000000004,0.9817915793484473
3579,0.41500000000000004,0.9817915793484473
3580,0.41500000000000004,0.9817915793484473
3581,0.41500000000000004,0.9817915793484473
3582,0.41500000000000004,0.9817915793484473
3583,0.41500000000000004,0.9817915793484473
3584,0.41500000000000004,0.9817915793484473
3585,0.41500000000000004,0.9817915793484473
3586,0.41500000000000004,0.9817915793484473
3587,0.41500000000000004,0.9817915793484473
3588,0.41500000000000004,0.9817915793484473
3589,0.41500000000000004,0.9817915793484473
3590,0.41500000000000004,0.9817915793484473
3591,0.41500000000000004,0.9817915793484473
3592,0.41500000000000004,0.9817915793484473
3593,0.41500000000000004,0.9817915793484473
3594,0.41500000000000004,0.9817915793484473
3595,0.41500000000000004,0.9817915793484473
3596,0.41500000000000004,0.9817915793484473
3597,0.41500000000000004,0.9817915793484473
3598,0.41500000000000004,0.9817915793484473
3599,0.41500000000000004,0.9817915793484473
3600,0.41500000000000004,0.9817915793484473
3601,0.41500000000000004,0.9817915793484473
3602,0.41500000000000004,0.9817915793484473
3603,0.41500000000000004,0.9817915793484473
3604,0.41500000000000004,0.9817915793484473
3605,0.41500000000000004,0.9817915793484473
3606,0.41500000000000004,0.9817915793484473
3607,0.41500000000000004,0.9817915793484473
3608,0.41500000000000004,0.9817915793484473
3609,0.41500000000000004,0.9817915793484473
3610,0.41500000000000004,0.9817915793484473
3611,0.41500000000000004,0.9817915793484473
3612,0.41500000000000004,0.9817915793484473
3613,0.41500000000000004,0.9817915793484473
3614,0.41500000000000004,0.9817915793484473
3615,0.41500000000000004,0.9817915793484473
3616,0.41500000000000004,0.9817915793484473
3617,0.41500000000000004,0.9817915793484473
3618,0.41500000000000004,0.9817915793484473
3619,0.41500000000000004,0.9817915793484473
3620,0.41500000000000004,0.9817915793484473
3621,0.41500000000000004,0.9817915793484473
3622,0.41500000000000004,0.9817915793484473
3623,0.41500000000000004,0.9817915793484473
3624,0.41500000000000004,0.9817915793484473
3625,0.41500000000000004,0.9817915793484473
3626,0.41500000000000004,0.9817915793484473
3627,0.41500000000000004,0.9817915793484473
3628,0.41500000000000004,0.9817915793484473
3629,0.41500000000000004,0.9817915793484473
3630,0.41500000000000004,0.9817915793484473
3631,0.41500000000000004,0.9817915793484473
3632,0.41500000000000004,0.9817915793484473
3633,0.41500000000000004,0.9817915793484473
3634,0.41500000000000004,0.9817915793484473
3635,0.41500000000000004,0.9817915793484473
3636,0.41500000000000004,0.9817915793484473
3637,0.41500000000000004,0.9817915793484473
3638,0.41500000000000004,0.9817915793484473
3639,0.41500000000000004,0.9817915793484473
3640,0.41500000000000004,0.9817915793484473
3641,0.41500000000000004,0.9817915793484473
3642,0.41500000000000004,0.9817915793484473
3643,0.41500000000000004,0.9817915793484473
3644,0.41500000000000004,0.9817915793484473
3645,0.41500000000000004,0.9817915793484473
3646,0.41500000000000004,0.9817915793484473
3647,0.41500000000000004,0.9817915793484473
3648,0.41500000000000004,0.9817915793484473
3649,0.41500000000000004,0.9817915793484473
3650,0.41500000000000004,0.9817915793484473
3651,0.41500000000000004,0.9817915793484473
3652,0.41500000000000004,0.9817915793484473
3653,0.41500000000000004,0.9817915793484473
3654,0.41500000000000004,0.9817915793484473
3655,0.41500000000000004,0.9817915793484473
3656,0.41500000000000004,0.9817915793484473
3657,0.41500000000000004,0.9817915793484473
3658,0.41500000000000004,0.9817915793484473
3659,0.41500000000000004,0.9817915793484473
3660,0.41500000000000004,0.9817915793484473
3661,0.41500000000000004,0.9817915793484473
3662,0.41500000000000004,0.9817915793484473
3663,0.41500000000000004,0.9817915793484473
3664,0.41500000000000004,0.9817915793484473
3665,0.41500000000000004,0.9817915793484473
3666,0.41500000000000004,0.9817915793484473
3667,0.41500000000000004,0.9817915793484473
3668,0.41500000000000004,0.9817915793484473
3669,0.41500000000000004,0.9817915793484473
3670,0.41500000000000004,0.9817915793484473
3671,0.41500000000000004,0.9817915793484473
3672,0.41500000000000004,0.9817915793484473
3673,0.41500000000000004,0.9817915793484473
3674,0.41500000000000004,0.9817915793484473
3675,0.41500000000000004,0.9817915793484473
3676,0.41500000000000004,0.9817915793484473
3677,0.41500000000000004,0.9817915793484473
3678,0.41500000000000004,0.9817915793484473
3679,0.41500000000000004,0.9817915793484473
3680,0.41500000000000004,0.9817915793484473
3681,0.41500000000000004,0.9817915793484473
3682,0.41500000000000004,0.9817915793484473
3683,0.41500000000000004,0.9817915793484473
3684,0.41500000000000004,0.9817915793484473
3685,0.41500000000000004,0.9817915793484473
3686,0.41500000000000004,0.9817915793484473
3687,0.41500000000000004,0.9817915793484473
3688,0.41500000000000004,0.9817915793484473
3689,0.41500000000000004,0.9817915793484473
3690,0.41500000000000004,0.9817915793484473
3691,0.41500000000000004,0.9817915793484473
3692,0.41500000000000004,0.9817915793484473
3693,0.41500000000000004,0.9817915793484473
3694,0.41500000000000004,0.9817915793484473
3695,0.41500000000000004,0.9817915793484473
3696,0.41500000000000004,0.9817915793484473
3697,0.41500000000000004,0.9817915793484473
3698,0.41500000000000004,0.9817915793484473
3699,0.41500000000000004,0.9817915793484473
3700,0.41500000000000004,0.9817915793484473
3701,0.41500000000000004,0.9817915793484473
3702,0.41500000000000004,0.9817915793484473
3703,0.41500000000000004,0.9817915793484473
3704,0.41500000000000004,0.9817915793484473
3705,0.41500000000000004,0.9817915793484473
3706,0.41500000000000004,0.9817915793484473
3707,0.41500000000000004,0.9817915793484473
3708,0.41500000000000004,0.9817915793484473
3709,0.41500000000000004,0.9817915793484473
3710,0.41500000000000004,0.9817915793484473
3711,0.41500000000000004,0.9817915793484473
3712,0.41500000000000004,0.9817915793484473
3713,0.41500000000000004,0.9817915793484473
3714,0.41500000000000004,0.9817915793484473
3715,0.41500000000000004,0.9817915793484473
3716,0.41500000000000004,0.9817915793484473
3717,0.41500000000000004,0.9817915793484473
3718,0.41500000000000004,0.9817915793484473
3719,0.41500000000000004,0.9817915793484473
3720,0.41500000000000004,0.9817915793484473
3721,0.41500000000000004,0.9817915793484473
3722,0.41500000000000004,0.9817915793484473
3723,0.41500000000000004,0.9817915793484473
3724,0.41500000000000004,0.9817915793484473
3725,0.41500000000000004,0.9817915793484473
3726,0.41500000000000004,0.9817915793484473
3727,0.41500000000000004,0.9817915793484473
3728,0.41500000000000004,0.9817915793484473
3729,0.41500000000000004,0.9817915793484473
3730,0.41500000000000004,0.9817915793484473
3731,0.41500000000000004,0.9817915793484473
3732,0.41500000000000004,0.9817915793484473
3733,0.41500000000000004,0.9817915793484473
3734,0.41500000000000004,0.9817915793484473
3735,0.41500000000000004,0.9817915793484473
3736,0.41500000000000004,0.9817915793484473
3737,0.41500000000000004,0.9817915793484473
3738,0.41500000000000004,0.9817915793484473
3739,0.41500000000000004,0.9817915793484473
3740,0.41500000000000004,0.9817915793484473
3741,0.41500000000000004,0.9817915793484473
3742,0.41500000000000004,0.9817915793484473
3743,0.41500000000000004,0.9817915793484473
3744,0.41500000000000004,0.9817915793484473
3745,0.41500000000000004,0.9817915793484473
3746,0.41500000000000004,0.9817915793484473
3747,0.41500000000000004,0.9817915793484473
3748,0.41500000000000004,0.9817915793484473
3749,0.41500000000000004,0.9817915793484473
3750,0.41500000000000004,0.9817915793484473
3751,0.41500000000000004,0.9817915793484473
3752,0.41500000000000004,0.9817915793484473
3753,0.41500000000000004,0.9817915793484473
3754,0.41500000000000004,0.9817915793484473
3755,0.41500000000000004,0.9817915793484473
3756,0.41500000000000004,0.9817915793484473
3757,0.41500000000000004,0.9817915793484473
3758,0.41500000000000004,0.9817915793484473
3759,0.41500000000000004,0.9817915793484473
3760,0.41500000000000004,0.9817915793484473
3761,0.41500000000000004,0.9817915793484473
3762,0.41500000000000004,0.9817915793484473
3763,0.41500000000000004,0.9817915793484473
3764,0.41500000000000004,0.9817915793484473
3765,0.41500000000000004,0.9817915793484473
3766,0.41500000000000004,0.9817915793484473
3767,0.41500000000000004,0.9817915793484473
3768,0.41500000000000004,0.9817915793484473
3769,0.41500000000000004,0.9817915793484473
3770,0.41500000000000004,0.9817915793484473
3771,0.41500000000000004,0.9817915793484473
3772,0.41500000000000004,0.9817915793484473
3773,0.41500000000000004,0.9817915793484473
3774,0.41500000000000004,0.9817915793484473
3775,0.41500000000000004,0.9817915793484473
3776,0.41500000000000004,0.9817915793484473
3777,0.41500000000000004,0.9817915793484473
3778,0.41500000000000004,0.9817915793484473
3779,0.41500000000000004,0.9817915793484473
3780,0.41500000000000004,0.9817915793484473
3781,0.41500000000000004,0.9817915793484473
3782,0.41500000000000004,0.9817915793484473
3783,0.41500000000000004,0.9817915793484473
3784,0.41500000000000004,0.9817915793484473
3785,0.41500000000000004,0.9817915793484473
3786,0.41500000000000004,0.9817915793484473
3787,0.41500000000000004,0.9817915793484473
3788,0.41500000000000004,0.9817915793484473
3789,0.41500000000000004,0.9817915793484473
3790,0.41500000000000004,0.9817915793484473
3791,0.41500000000000004,0.9817915793484473
3792,0.41500000000000004,0.9817915793484473
3793,0.41500000000000004,0.9817915793484473
3794,0.41500000000000004,0.9817915793484473
3795,0.41500000000000004,0.9817915793484473
3796,0.41500000000000004,0.9817915793484473
3797,0.41500000000000004,0.9817915793484473
3798,0.41500000000000004,0.9817915793484473
3799,0.41500000000000004,0.9817915793484473
3800,0.41500000000000004,0.9817915793484473
3801,0.41500000000000004,0.9817915793484473
3802,0.41500000000000004,0.9817915793484473
3803,0.41500000000000004,0.9817915793484473
3804,0.41500000000000004,0.9817915793484473
3805,0.41500000000000004,0.9817915793484473
3806,0.41500000000000004,0.9817915793484473
3807,0.41500000000000004,0.9817915793484473
3808,0.41500000000000004,0.9817915793484473
3809,0.41500000000000004,0.9817915793484473
3810,0.41500000000000004,0.9817915793484473
3811,0.41500000000000004,0.9817915793484473
3812,0.41500000000000004,0.9817915793484473
3813,0.41500000000000004,0.9817915793484473
3814,0.41500000000000004,0.9817915793484473
3815,0.41500000000000004,0.9817915793484473
3816,0.41500000000000004,0.9817915793484473
3817,0.41500000000000004,0.9817915793484473
3818,0.41500000000000004,0.9817915793484473
3819,0.41500000000000004,0.9817915793484473
3820,0.41500000000000004,0.9817915793484473
3821,0.41500000000000004,0.9817915793484473
3822,0.41500000000000004,0.9817915793484473
3823,0.41500000000000004,0.9817915793484473
3824,0.41500000000000004,0.9817915793484473
3825,0.41500000000000004,0.9817915793484473
3826,0.41500000000000004,0.9817915793484473
3827,0.41500000000000004,0.9817915793484473
3828,0.41500000000000004,0.9817915793484473
3829,0.41500000000000004,0.9817915793484473
3830,0.41500000000000004,0.9817915793484473
3831,0.41500000000000004,0.9817915793484473
3832,0.41500000000000004,0.9817915793484473
3833,0.41500000000000004,0.9817915793484473
3834,0.41500000000000004,0.9817915793484473
3835,0.41500000000000004,0.9817915793484473
3836,0.41500000000000004,0.9817915793484473
3837,0.41500000000000004,0.9817915793484473
3838,0.41500000000000004,0.9817915793484473
3839,0.41500000000000004,0.9817915793484473
3840,0.41500000000000004,0.9817915793484473
3841,0.41500000000000004,0.9817915793484473
3842,0.41500000000000004,0.9817915793484473
3843,0.41500000000000004,0.9817915793484473
3844,0.41500000000000004,0.9817915793484473
3845,0.41500000000000004,0.9817915793484473
3846,0.41500000000000004,0.9817915793484473
3847,0.41500000000000004,0.9817915793484473
3848,0.41500000000000004,0.9817915793484473
3849,0.41500000000000004,0.9817915793484473
3850,0.41500000000000004,0.9817915793484473
3851,0.41500000000000004,0.9817915793484473
3852,0.41500000000000004,0.9817915793484473
3853,0.41500000000000004,0.9817915793484473
3854,0.41500000000000004,0.9817915793484473
3855,0.41500000000000004,0.9817915793484473
3856,0.41500000000000004,0.9817915793484473
3857,0.41500000000000004,0.9817915793484473
3858,0.41500000000000004,0.9817915793484473
3859,0.41500000000000004,0.9817915793484473
3860,0.41500000000000004,0.9817915793484473
3861,0.41500000000000004,0.9817915793484473
3862,0.41500000000000004,0.9817915793484473
3863,0.41500000000000004,0.9817915793484473
3864,0.28,0.9817915793484473
3865,0.28,0.9817915793484473
3866,0.28,0.9817915793484473
3867,0.28,0.9817915793484473
3868,0.28,0.9817915793484473
3869,0.28,0.9817915793484473
3870,0.28,0.9817915793484473
3871,0.28,0.9817915793484473
3872,0.28,0.9817915793484473
3873,0.28,0.9817915793484473
3874,0.28,0.9817915793484473
3875,0.28,0.9817915793484473
3876,0.28,0.9817915793484473
3877,0.28,0.9817915793484473
3878,0.28,0.9817915793484473
3879,0.28,0.9817915793484473
3880,0.28,0.9817915793484473
3881,0.28,0.9817915793484473
3882,0.28,0.9817915793484473
3883,0.28,0.9817915793484473
3884,0.28,0.9817915793484473
3885,0.28,0.9817915793484473
3886,0.28,0.9817915793484473
3887,0.28,0.9817915793484473
3888,0.28,0.9817915793484473
3889,0.28,0.9817915793484473
3890,0.28,0.9817915793484473
3891,0.28,0.9817915793484473
3892,0.28,0.9817915793484473
3893,0.28,0.9817915793484473
3894,0.28,0.9817915793484473
3895,0.28,0.9817915793484473
3896,0.28,0.9817915793484473
3897,0.28,0.9817915793484473
3898,0.28,0.9817915793484473
3899,0.28,0.9817915793484473
3900,0.28,0.9817915793484473
3901,0.28,0.9817915793484473
3902,0.28,0.9817915793484473
3903,0.28,0.9817915793484473
3904,0.28,0.9817915793484473
3905,0.28,0.9817915793484473
3906,0.28,0.9817915793484473
3907,0.28,0.9817915793484473
3908,0.28,0.9817915793484473
3909,0.28,0.9817915793484473
3910,0.28,0.9817915793484473
3911,0.28,0.9817915793484473
3912,0.28,0.9817915793484473
3913,0.28,0.9817915793484473
3914,0.28,0.9817915793484473
3915,0.28,0.9817915793484473
3916,0.28,0.9817915793484473
3917,0.28,0.9817915793484473
3918,0.28,0.9817915793484473
3919,0.28,0.9817915793484473
3920,0.28,0.9817915793484473
3921,0.28,0.9817915793484473
3922,0.28,0.9817915793484473
3923,0.28,0.9817915793484473
3924,0.28,0.9817915793484473
3925,0.28,0.9817915793484473
3926,0.28,0.9817915793484473
3927,0.28,0.9817915793484473
3928,0.28,0.9817915793484473
3929,0.28,0.9817915793484473
3930,0.28,0.9817915793484473
3931,0.28,0.9817915793484473
3932,0.28,0.9817915793484473
3933,0.28,0.9817915793484473
3934,0.28,0.9817915793484473
3935,0.28,0.9817915793484473
3936,0.28,0.9817915793484473
3937,0.28,0.9817915793484473
3938,0.28,0.9817915793484473
3939,0.28,0.9817915793484473
3940,0.28,0.9817915793484473
3941,0.28,0.9817915793484473
3942,0.28,0.9817915793484473
3943,0.28,0.9817915793484473
3944,0.28,0.9817915793484473
3945,0.28,0.9817915793484473
3946,0.28,0.9817915793484473
3947,0.28,0.9817915793484473
3948,0.28,0.9817915793484473
3949,0.28,0.9817915793484473
3950,0.28,0.9817915793484473
3951,0.28,0.9817915793484473
3952,0.28,0.9817915793484473
3953,0.28,0.9817915793484473
3954,0.28,0.9817915793484473
3955,0.28,0.9817915793484473
3956,0.28,0.9817915793484473
3957,0.28,0.9817915793484473
3958,0.28,0.9817915793484473
3959,0.28,0.9817915793484473
3960,0.28,0.9817915793484473
3961,0.28,0.9817915793484473
3962,0.28,0.9817915793484473
3963,0.28,0.9817915793484473
3964,0.28,0.9817915793484473
3965,0.28,0.9817915793484473
3966,0.28,0.9817915793484473
3967,0.28,0.9817915793484473
3968,0.28,0.9817915793484473
3969,0.28,0.9817915793484473
3970,0.28,0.9817915793484473
3971,0.28,0.9817915793484473
3972,0.28,0.9817915793484473
3973,0.28,0.9817915793484473
3974,0.28,0.9817915793484473
3975,0.28,0.9817915793484473
3976,0.28,0.9817915793484473
3977,0.28,0.9817915793484473
3978,0.28,0.9817915793484473
3979,0.28,0.9817915793484473
3980,0.28,0.9817915793484473
3981,0.28,0.9817915793484473
3982,0.28,0.9817915793484473
3983,0.28,0.9817915793484473
3984,0.28,0.9817915793484473
3985,0.28,0.9817915793484473
3986,0.28,0.9817915793484473
3987,0.28,0.9817915793484473
3988,0.28,0.9817915793484473
3989,0.28,0.9817915793484473
3990,0.28,0.9817915793484473
3991,0.28,0.9817915793484473
3992,0.28,0.9817915793484473
3993,0.28,0.9817915793484473
3994,0.28,0.9817915793484473
3995,0.28,0.9817915793484473
3996,0.28,0.9817915793484473
3997,0.28,0.9817915793484473
3998,0.28,0.9817915793484473
3999,0.28,0.9817915793484473
4000,0.28,0.9817915793484473
4001,0.28,0.9817915793484473
4002,0.28,0.9817915793484473
4003,0.28,0.9817915793484473
4004,0.28,0.9817915793484473
4005,0.28,0.9817915793484473
4006,0.28,0.9817915793484473
4007,0.28,0.9817915793484473
4008,0.28,0.9817915793484473
4009,0.28,0.9817915793484473
4010,0.28,0.9817915793484473
4011,0.28,0.9817915793484473
4012,0.28,0.9817915793484473
4013,0.28,0.9817915793484473
4014,0.28,0.9817915793484473
4015,0.28,0.9817915793484473
4016,0.28,0.9817915793484473
4017,0.28,0.9817915793484473
4018,0.28,0.9817915793484473
4019,0.28,0.9817915793484473
4020,0.28,0.9817915793484473
4021,0.28,0.9817915793484473
4022,0.28,0.9817915793484473
4023,0.28,0.9817915793484473
4024,0.28,0.9817915793484473
4025,0.28,0.9817915793484473
4026,0.28,0.9817915793484473
4027,0.28,0.9817915793484473
4028,0.28,0.9817915793484473
4029,0.28,0.9817915793484473
4030,0.28,0.9817915793484473
4031,0.28,0.9817915793484473
4032,0.28,0.9817915793484473
4033,0.28,0.9817915793484473
4034,0.28,0.9817915793484473
4035,0.28,0.9817915793484473
4036,0.28,0.9817915793484473
4037,0.28,0.9817915793484473
4038,0.28,0.9817915793484473
4039,0.28,0.9817915793484473
4040,0.28,0.9817915793484473
4041,0.28,0.9817915793484473
4042,0.28,0.9817915793484473
4043,0.28,0.9817915793484473
4044,0.28,0.9817915793484473
4045,0.28,0.9817915793484473
4046,0.28,0.9817915793484473
4047,0.28,0.9817915793484473
4048,0.28,0.9817915793484473
4049,0.28,0.9817915793484473
4050,0.28,0.9817915793484473
4051,0.28,0.9817915793484473
4052,0.28,0.9817915793484473
4053,0.28,0.9817915793484473
4054,0.28,0.9817915793484473
4055,0.28,0.9817915793484473
4056,0.28,0.9817915793484473
4057,0.28,0.9817915793484473
4058,0.28,0.9817915793484473
4059,0.28,0.9817915793484473
4060,0.28,0.9817915793484473
4061,0.28,0.9817915793484473
4062,0.28,0.9817915793484473
4063,0.28,0.9817915793484473
4064,0.28,0.9817915793484473
4065,0.28,0.9817915793484473
4066,0.28,0.9817915793484473
4067,0.28,0.9817915793484473
4068,0.28,0.9817915793484473
4069,0.28,0.9817915793484473
4070,0.28,0.9817915793484473
4071,0.28,0.9817915793484473
4072,0.28,0.9817915793484473
4073,0.28,0.9817915793484473
4074,0.28,0.9817915793484473
4075,0.28,0.9817915793484473
4076,0.28,0.9817915793484473
4077,0.28,0.9817915793484473
4078,0.28,0.9817915793484473
4079,0.28,0.9817915793484473
4080,0.28,0.9817915793484473
4081,0.28,0.9817915793484473
4082,0.28,0.9817915793484473
4083,0.28,0.9817915793484473
4084,0.28,0.9817915793484473
4085,0.28,0.9817915793484473
4086,0.28,0.9817915793484473
4087,0.28,0.9817915793484473
4088,0.28,0.9817915793484473
4089,0.28,0.9817915793484473
4090,0.28,0.9817915793484473
4091,0.28,0.9817915793484473
4092,0.28,0.9817915793484473
4093,0.28,0.9817915793484473
4094,0.28,0.9817915793484473
4095,0.28,0.9817915793484473
4096,0.28,0.9817915793484473
4097,0.28,0.9817915793484473
4098,0.28,0.9817915793484473
4099,0.28,0.9817915793484473
4100,0.28,0.9817915793484473
4101,0.28,0.9817915793484473
4102,0.28,0.9817915793484473
4103,0.28,0.9817915793484473
4104,0.28,0.9817915793484473
4105,0.28,0.9817915793484473
4106,0.28,0.9817915793484473
4107,0.28,0.9817915793484473
4108,0.28,0.9817915793484473
4109,0.28,0.9817915793484473
4110,0.28,0.9817915793484473
4111,0.28,0.9817915793484473
4112,0.28,0.9817915793484473
4113,0.28,0.9817915793484473
4114,0.28,0.9817915793484473
4115,0.28,0.9817915793484473
4116,0.28,0.9817915793484473
4117,0.28,0.9817915793484473
4118,0.28,0.9817915793484473
4119,0.28,0.9817915793484473
4120,0.28,0.9817915793484473
4121,0.28,0.9817915793484473
4122,0.28,0.9817915793484473
4123,0.28,0.9817915793484473
4124,0.28,0.9817915793484473
4125,0.28,0.9817915793484473
4126,0.28,0.9817915793484473
4127,0.28,0.9817915793484473
4128,0.28,0.9817915793484473
4129,0.28,0.9817915793484473
4130,0.28,0.9817915793484473
4131,0.28,0.9817915793484473
4132,0.28,0.9817915793484473
4133,0.28,0.9817915793484473
4134,0.28,0.9817915793484473
4135,0.28,0.9817915793484473
4136,0.28,0.9817915793484473
4137,0.28,0.9817915793484473
4138,0.28,0.9817915793484473
4139,0.28,0.9817915793484473
4140,0.28,0.9817915793484473
4141,0.28,0.9817915793484473
4142,0.28,0.9817915793484473
4143,0.28,0.9817915793484473
4144,0.28,0.9817915793484473
4145,0.28,0.9817915793484473
4146,0.28,0.9817915793484473
4147,0.28,0.9817915793484473
4148,0.28,0.9817915793484473
4149,0.28,0.9817915793484473
4150,0.28,0.9817915793484473
4151,0.28,0.9817915793484473
4152,0.28,0.9817915793484473
4153,0.28,0.9817915793484473
4154,0.28,0.9817915793484473
4155,0.28,0.9817915793484473
4156,0.28,0.9817915793484473
4157,0.28,0.9817915793484473
4158,0.28,0.9817915793484473
4159,0.28,0.9817915793484473
4160,0.28,0.9817915793484473
4161,0.28,0.9817915793484473
4162,0.28,0.9817915793484473
4163,0.28,0.9817915793484473
4164,0.28,0.9817915793484473
4165,0.28,0.9817915793484473
4166,0.28,0.9817915793484473
4167,0.28,0.9817915793484473
4168,0.28,0.9817915793484473
4169,0.28,0.9817915793484473
4170,0.28,0.9817915793484473
4171,0.28,0.9817915793484473
4172,0.28,0.9817915793484473
4173,0.28,0.9817915793484473
4174,0.28,0.9817915793484473
4175,0.28,0.9817915793484473
4176,0.28,0.9817915793484473
4177,0.28,0.9817915793484473
4178,0.28,0.9817915793484473
4179,0.28,0.9817915793484473
4180,0.28,0.9817915793484473
4181,0.28,0.9817915793484473
4182,0.28,0.9817915793484473
4183,0.28,0.9817915793484473
4184,0.28,0.9817915793484473
4185,0.28,0.9817915793484473
4186,0.28,0.9817915793484473
4187,0.28,0.9817915793484473
4188,0.28,0.9817915793484473
4189,0.28,0.9817915793484473
4190,0.28,0.9817915793484473
4191,0.28,0.9817915793484473
4192,0.28,0.9817915793484473
4193,0.28,0.9817915793484473
4194,0.28,0.9817915793484473
4195,0.28,0.9817915793484473
4196,0.28,0.9817915793484473
4197,0.28,0.9817915793484473
4198,0.28,0.9817915793484473
4199,0.28,0.9817915793484473
4200,0.28,0.9817915793484473
4201,0.28,0.9817915793484473
4202,0.28,0.9817915793484473
4203,0.28,0.9817915793484473
4204,0.28,0.9817915793484473
4205,0.28,0.9817915793484473
4206,0.28,0.9817915793484473
4207,0.28,0.9817915793484473
4208,0.28,0.9817915793484473
4209,0.28,0.9817915793484473
4210,0.28,0.9817915793484473
4211,0.28,0.9817915793484473
4212,0.28,0.9817915793484473
4213,0.28,0.9817915793484473
4214,0.28,0.9817915793484473
4215,0.28,0.9817915793484473
4216,0.28,0.9817915793484473
4217,0.28,0.9817915793484473
4218,0.28,0.9817915793484473
4219,0.28,0.9817915793484473
4220,0.28,0.9817915793484473
4221,0.28,0.9817915793484473
4222,0.28,0.9817915793484473
4223,0.28,0.9817915793484473
4224,0.28,0.9817915793484473
4225,0.28,0.9817915793484473
4226,0.28,0.9817915793484473
4227,0.28,0.9817915793484473
4228,0.28,0.9817915793484473
4229,0.28,0.9817915793484473
4230,0.28,0.9817915793484473
4231,0.28,0.9817915793484473
4232,0.28,0.9817915793484473
4233,0.28,0.9817915793484473
4234,0.28,0.9817915793484473
4235,0.28,0.9817915793484473
4236,0.28,0.9817915793484473
4237,0.28,0.9817915793484473
4238,0.28,0.9817915793484473
4239,0.28,0.9817915793484473
4240,0.28,0.9817915793484473
4241,0.28,0.9817915793484473
4242,0.28,0.9817915793484473
4243,0.28,0.9817915793484473
4244,0.28,0.9817915793484473
4245,0.28,0.9817915793484473
4246,0.28,0.9817915793484473
4247,0.28,0.9817915793484473
4248,0.28,0.9817915793484473
4249,0.28,0.9817915793484473
4250,0.28,0.9817915793484473
4251,0.28,0.9817915793484473
4252,0.28,0.9817915793484473
4253,0.28,0.9817915793484473
4254,0.28,0.9817915793484473
4255,0.28,0.9817915793484473
4256,0.28,0.9817915793484473
4257,0.28,0.9817915793484473
4258,0.28,0.9817915793484473
4259,0.28,0.9817915793484473
4260,0.28,0.9817915793484473
4261,0.28,0.9817915793484473
4262,0.28,0.9817915793484473
4263,0.28,0.9817915793484473
4264,0.28,0.9817915793484473
4265,0.28,0.9817915793484473
4266,0.28,0.9817915793484473
4267,0.28,0.9817915793484473
4268,0.28,0.9817915793484473
4269,0.28,0.9817915793484473
4270,0.28,0.9817915793484473
4271,0.28,0.9817915793484473
4272,0.28,0.9817915793484473
4273,0.28,0.9817915793484473
4274,0.28,0.9817915793484473
4275,0.28,0.9817915793484473
4276,0.28,0.9817915793484473
4277,0.28,0.9817915793484473
4278,0.28,0.9817915793484473
4279,0.28,0.9817915793484473
4280,0.28,0.9817915793484473
4281,0.28,0.9817915793484473
4282,0.28,0.9817915793484473
4283,0.28,0.9817915793484473
4284,0.28,0.9817915793484473
4285,0.28,0.9817915793484473
4286,0.28,0.9817915793484473
4287,0.28,0.9817915793484473
4288,0.28,0.9817915793484473
4289,0.28,0.9817915793484473
4290,0.28,0.9817915793484473
4291,0.28,0.9817915793484473
4292,0.28,0.9817915793484473
4293,0.28,0.9817915793484473
4294,0.28,0.9817915793484473
4295,0.28,0.9817915793484473
4296,0.28,0.9817915793484473
4297,0.28,0.9817915793484473
4298,0.28,0.9817915793484473
4299,0.28,0.9817915793484473
4300,0.28,0.9817915793484473
4301,0.28,0.9817915793484473
4302,0.28,0.9817915793484473
4303,0.28,0.9817915793484473
4304,0.28,0.9817915793484473
4305,0.28,0.9817915793484473
4306,0.28,0.9817915793484473
4307,0.28,0.9817915793484473
4308,0.28,0.9817915793484473
4309,0.28,0.9817915793484473
4310,0.28,0.9817915793484473
4311,0.28,0.9817915793484473
4312,0.28,0.9817915793484473
4313,0.28,0.9817915793484473
4314,0.28,0.9817915793484473
4315,0.28,0.9817915793484473
4316,0.28,0.9817915793484473
4317,0.28,0.9817915793484473
4318,0.28,0.9817915793484473
4319,0.28,0.9817915793484473
4320,0.28,0.9817915793484473
4321,0.28,0.9817915793484473
4322,0.28,0.9817915793484473
4323,0.28,0.9817915793484473
4324,0.28,0.9817915793484473
4325,0.28,0.9817915793484473
4326,0.28,0.9817915793484473
4327,0.28,0.9817915793484473
4328,0.28,0.9817915793484473
4329,0.28,0.9817915793484473
4330,0.28,0.9817915793484473
4331,0.28,0.9817915793484473
4332,0.28,0.9817915793484473
4333,0.28,0.9817915793484473
4334,0.28,0.9817915793484473
4335,0.28,0.9817915793484473
4336,0.28,0.9817915793484473
4337,0.28,0.9817915793484473
4338,0.28,0.9817915793484473
4339,0.28,0.9817915793484473
4340,0.28,0.9817915793484473
4341,0.28,0.9817915793484473
4342,0.28,0.9817915793484473
4343,0.28,0.9817915793484473
4344,0.28,0.9817915793484473
4345,0.28,0.9817915793484473
4346,0.28,0.9817915793484473
4347,0.28,0.9817915793484473
4348,0.28,0.9817915793484473
4349,0.28,0.9817915793484473
4350,0.28,0.9817915793484473
4351,0.28,0.9817915793484473
4352,0.28,0.9817915793484473
4353,0.28,0.9817915793484473
4354,0.28,0.9817915793484473
4355,0.28,0.9817915793484473
4356,0.28,0.9817915793484473
4357,0.28,0.9817915793484473
4358,0.28,0.9817915793484473
4359,0.28,0.9817915793484473
4360,0.28,0.9817915793484473
4361,0.28,0.9817915793484473
4362,0.28,0.9817915793484473
4363,0.28,0.9817915793484473
4364,0.28,0.9817915793484473
4365,0.28,0.9817915793484473
4366,0.28,0.9817915793484473
4367,0.28,0.9817915793484473
4368,0.28,0.9817915793484473
4369,0.28,0.9817915793484473
4370,0.28,0.9817915793484473
4371,0.28,0.9817915793484473
4372,0.28,0.9817915793484473
4373,0.28,0.9817915793484473
4374,0.28,0.9817915793484473
4375,0.28,0.9817915793484473
4376,0.28,0.9817915793484473
4377,0.28,0.9817915793484473
4378,0.28,0.9817915793484473
4379,0.28,0.9817915793484473
4380,0.28,0.9817915793484473
4381,0.28,0.9817915793484473
4382,0.28,0.9817915793484473
4383,0.28,0.9817915793484473
4384,0.28,0.9817915793484473
4385,0.28,0.9817915793484473
4386,0.28,0.9817915793484473
4387,0.28,0.9817915793484473
4388,0.28,0.9817915793484473
4389,0.28,0.9817915793484473
4390,0.28,0.9817915793484473
4391,0.28,0.9817915793484473
4392,0.28,0.9817915793484473
4393,0.28,0.9817915793484473
4394,0.28,0.9817915793484473
4395,0.28,0.9817915793484473
4396,0.28,0.9817915793484473
4397,0.28,0.9817915793484473
4398,0.28,0.9817915793484473
4399,0.28,0.9817915793484473
4400,0.28,0.9817915793484473
4401,0.28,0.9817915793484473
4402,0.28,0.9817915793484473
4403,0.28,0.9817915793484473
4404,0.28,0.9817915793484473
4405,0.28,0.9817915793484473
4406,0.28,0.9817915793484473
4407,0.28,0.9817915793484473
4408,0.28,0.9817915793484473
4409,0.28,0.9817915793484473
4410,0.28,0.9817915793484473
4411,0.28,0.9817915793484473
4412,0.28,0.9817915793484473
4413,0.28,0.9817915793484473
4414,0.28,0.9817915793484473
4415,0.28,0.9817915793484473
4416,0.28,0.9817915793484473
4417,0.28,0.9817915793484473
4418,0.28,0.9817915793484473
4419,0.28,0.9817915793484473
4420,0.28,0.9817915793484473
4421,0.28,0.9817915793484473
4422,0.28,0.9817915793484473
4423,0.28,0.9817915793484473
4424,0.28,0.9817915793484473
4425,0.28,0.9817915793484473
4426,0.28,0.9817915793484473
4427,0.28,0.9817915793484473
4428,0.28,0.9817915793484473
4429,0.28,0.9817915793484473
4430,0.28,0.9817915793484473
4431,0.28,0.9817915793484473
4432,0.28,0.9817915793484473
4433,0.28,0.9817915793484473
4434,0.28,0.9817915793484473
4435,0.28,0.9817915793484473
4436,0.28,0.9817915793484473
4437,0.28,0.9817915793484473
4438,0.28,0.9817915793484473
4439,0.28,0.9817915793484473
4440,0.28,0.9817915793484473
4441,0.28,0.9817915793484473
4442,0.28,0.9817915793484473
4443,0.28,0.9817915793484473
4444,0.28,0.9817915793484473
4445,0.28,0.9817915793484473
4446,0.28,0.9817915793484473
4447,0.28,0.9817915793484473
4448,0.28,0.9817915793484473
4449,0.28,0.9817915793484473
4450,0.28,0.9817915793484473
4451,0.28,0.9817915793484473
4452,0.28,0.9817915793484473
4453,0.28,0.9817915793484473
4454,0.28,0.9817915793484473
4455,0.28,0.9817915793484473
4456,0.145,0.9817915793484473
4457,0.145,0.9817915793484473
4458,0.145,0.9817915793484473
4459,0.145,0.9817915793484473
4460,0.145,0.9817915793484473
4461,0.145,0.9817915793484473
4462,0.145,0.9817915793484473
4463,0.145,0.9817915793484473
4464,0.145,0.9817915793484473
4465,0.145,0.9817915793484473
4466,0.145,0.9817915793484473
4467,0.145,0.9817915793484473
4468,0.145,0.9817915793484473
4469,0.145,0.9817915793484473
4470,0.145,0.9817915793484473
4471,0.145,0.9817915793484473
4472,0.145,0.9817915793484473
4473,0.145,0.9817915793484473
4474,0.145,0.9817915793484473
4475,0.145,0.9817915793484473
4476,0.145,0.9817915793484473
4477,0.145,0.9817915793484473
4478,0.145,0.9817915793484473
4479,0.145,0.9817915793484473
4480,0.145,0.9817915793484473
4481,0.145,0.9817915793484473
4482,0.145,0.9817915793484473
4483,0.145,0.9817915793484473
4484,0.145,0.9817915793484473
4485,0.145,0.9817915793484473
4486,0.145,0.9817915793484473
4487,0.145,0.9817915793484473
4488,0.145,0.9817915793484473
4489,0.145,0.9817915793484473
4490,0.145,0.9817915793484473
4491,0.145,0.9817915793484473
4492,0.145,0.9817915793484473
4493,0.145,0.9817915793484473
4494,0.145,0.9817915793484473
4495,0.145,0.9817915793484473
4496,0.145,0.9817915793484473
4497,0.145,0.9817915793484473
4498,0.145,0.9817915793484473
4499,0.145,0.9817915793484473
4500,0.145,0.9817915793484473
4501,0.145,0.9817915793484473
4502,0.145,0.9817915793484473
4503,0.145,0.9817915793484473
4504,0.145,0.9817915793484473
4505,0.145,0.9817915793484473
4506,0.145,0.9817915793484473
4507,0.145,0.9817915793484473
4508,0.145,0.9817915793484473
4509,0.145,0.9817915793484473
4510,0.145,0.9817915793484473
4511,0.145,0.9817915793484473
4512,0.145,0.9817915793484473
4513,0.145,0.9817915793484473
4514,0.145,0.9817915793484473
4515,0.145,0.9817915793484473
4516,0.145,0.9817915793484473
4517,0.145,0.9817915793484473
4518,0.145,0.9817915793484473
4519,0.145,0.9817915793484473
4520,0.145,0.9817915793484473
4521,0.145,0.9817915793484473
4522,0.145,0.9817915793484473
4523,0.145,0.9817915793484473
4524,0.145,0.9817915793484473
4525,0.145,0.9817915793484473
4526,0.145,0.9817915793484473
4527,0.145,0.9817915793484473
4528,0.145,0.9817915793484473
4529,0.145,0.9817915793484473
4530,0.145,0.9817915793484473
4531,0.145,0.9817915793484473
4532,0.145,0.9817915793484473
4533,0.145,0.9817915793484473
4534,0.145,0.9817915793484473
4535,0.145,0.9817915793484473
4536,0.145,0.9817915793484473
4537,0.145,0.9817915793484473
4538,0.145,0.9817915793484473
4539,0.145,0.9817915793484473
4540,0.145,0.9817915793484473
4541,0.145,0.9817915793484473
4542,0.145,0.9817915793484473
4543,0.145,0.9817915793484473
4544,0.145,0.9817915793484473
4545,0.145,0.9817915793484473
4546,0.145,0.9817915793484473
4547,0.145,0.9817915793484473
4548,0.145,0.9817915793484473
4549,0.145,0.9817915793484473
4550,0.145,0.9817915793484473
4551,0.145,0.9817915793484473
4552,0.145,0.9817915793484473
4553,0.145,0.9817915793484473
4554,0.145,0.9817915793484473
4555,0.145,0.9817915793484473
4556,0.145,0.9817915793484473
4557,0.145,0.9817915793484473
4558,0.145,0.9817915793484473
4559,0.145,0.9817915793484473
4560,0.145,0.9817915793484473
4561,0.145,0.9817915793484473
4562,0.145,0.9817915793484473
4563,0.145,0.9817915793484473
4564,0.145,0.9817915793484473
4565,0.145,0.9817915793484473
4566,0.145,0.9817915793484473
4567,0.145,0.9817915793484473
4568,0.145,0.9817915793484473
4569,0.145,0.9817915793484473
4570,0.145,0.9817915793484473
4571,0.145,0.9817915793484473
4572,0.145,0.9817915793484473
4573,0.145,0.9817915793484473
4574,0.145,0.9817915793484473
4575,0.145,0.9817915793484473
4576,0.145,0.9817915793484473
4577,0.145,0.9817915793484473
4578,0.145,0.9817915793484473
4579,0.145,0.9817915793484473
4580,0.145,0.9817915793484473
4581,0.145,0.9817915793484473
4582,0.145,0.9817915793484473
4583,0.145,0.9817915793484473
4584,0.145,0.9817915793484473
4585,0.145,0.9817915793484473
4586,0.145,0.9817915793484473
4587,0.145,0.9817915793484473
4588,0.145,0.9817915793484473
4589,0.145,0.9817915793484473
4590,0.145,0.9817915793484473
4591,0.145,0.9817915793484473
4592,0.145,0.9817915793484473
4593,0.145,0.9817915793484473
4594,0.145,0.9817915793484473
4595,0.145,0.9817915793484473
4596,0.145,0.9817915793484473
4597,0.145,0.9817915793484473
4598,0.145,0.9817915793484473
4599,0.145,0.9817915793484473
4600,0.145,0.9817915793484473
4601,0.145,0.9817915793484473
4602,0.145,0.9817915793484473
4603,0.145,0.9817915793484473
4604,0.145,0.9817915793484473
4605,0.145,0.9817915793484473
4606,0.145,0.9817915793484473
4607,0.145,0.9817915793484473
4608,0.145,0.9817915793484473
4609,0.145,0.9817915793484473
4610,0.145,0.9817915793484473
4611,0.145,0.9817915793484473
4612,0.145,0.9817915793484473
4613,0.145,0.9817915793484473
4614,0.145,0.9817915793484473
4615,0.145,0.9817915793484473
4616,0.145,0.9817915793484473
4617,0.145,0.9817915793484473
4618,0.145,0.9817915793484473
4619,0.145,0.9817915793484473
4620,0.145,0.9817915793484473
4621,0.145,0.9817915793484473
4622,0.145,0.9817915793484473
4623,0.145,0.9817915793484473
4624,0.145,0.9817915793484473
4625,0.145,0.9817915793484473
4626,0.145,0.9817915793484473
4627,0.145,0.9817915793484473
4628,0.145,0.9817915793484473
4629,0.145,0.9817915793484473
4630,0.145,0.9817915793484473
4631,0.145,0.9817915793484473
4632,0.145,0.9817915793484473
4633,0.145,0.9817915793484473
4634,0.145,0.9817915793484473
4635,0.145,0.9817915793484473
4636,0.145,0.9817915793484473
4637,0.145,0.9817915793484473
4638,0.145,0.9817915793484473
4639,0.145,0.9817915793484473
4640,0.145,0.9817915793484473
4641,0.145,0.9817915793484473
4642,0.145,0.9817915793484473
4643,0.145,0.9817915793484473
4644,0.145,0.9817915793484473
4645,0.145,0.9817915793484473
4646,0.145,0.9817915793484473
4647,0.145,0.9817915793484473
4648,0.145,0.9817915793484473
4649,0.145,0.9817915793484473
4650,0.145,0.9817915793484473
4651,0.145,0.9817915793484473
4652,0.145,0.9817915793484473
4653,0.145,0.9817915793484473
4654,0.145,0.9817915793484473
4655,0.145,0.9817915793484473
4656,0.145,0.9817915793484473
4657,0.145,0.9817915793484473
4658,0.145,0.9817915793484473
4659,0.145,0.9817915793484473
4660,0.145,0.9817915793484473
4661,0.145,0.9817915793484473
4662,0.145,0.9817915793484473
4663,0.145,0.9817915793484473
4664,0.145,0.9817915793484473
4665,0.145,0.9817915793484473
4666,0.145,0.9817915793484473
4667,0.145,0.9817915793484473
4668,0.145,0.9817915793484473
4669,0.145,0.9817915793484473
4670,0.145,0.9817915793484473
4671,0.145,0.9817915793484473
4672,0.145,0.9817915793484473
4673,0.145,0.9817915793484473
4674,0.145,0.9817915793484473
4675,0.145,0.9817915793484473
4676,0.145,0.9817915793484473
4677,0.145,0.9817915793484473
4678,0.145,0.9817915793484473
4679,0.145,0.9817915793484473
4680,0.145,0.9817915793484473
4681,0.145,0.9817915793484473
4682,0.145,0.9817915793484473
4683,0.145,0.9817915793484473
4684,0.145,0.9817915793484473
4685,0.145,0.9817915793484473
4686,0.145,0.9817915793484473
4687,0.145,0.9817915793484473
4688,0.145,0.9817915793484473
4689,0.145,0.9817915793484473
4690,0.145,0.9817915793484473
4691,0.145,0.9817915793484473
4692,0.145,0.9817915793484473
4693,0.145,0.9817915793484473
4694,0.145,0.9817915793484473
4695,0.145,0.9817915793484473
4696,0.145,0.9817915793484473
4697,0.145,0.9817915793484473
4698,0.145,0.9817915793484473
4699,0.145,0.9817915793484473
4700,0.145,0.9817915793484473
4701,0.145,0.9817915793484473
4702,0.145,0.9817915793484473
4703,0.145,0.9817915793484473
4704,0.145,0.9817915793484473
4705,0.145,0.9817915793484473
4706,0.145,0.9817915793484473
4707,0.145,0.9817915793484473
4708,0.145,0.9817915793484473
4709,0.145,0.9817915793484473
4710,0.145,0.9817915793484473
4711,0.145,0.9817915793484473
4712,0.145,0.9817915793484473
4713,0.145,0.9817915793484473
4714,0.145,0.9817915793484473
4715,0.145,0.9817915793484473
4716,0.145,0.9817915793484473
4717,0.145,0.9817915793484473
4718,0.145,0.9817915793484473
4719,0.145,0.9817915793484473
4720,0.145,0.9817915793484473
4721,0.145,0.9817915793484473
4722,0.145,0.9817915793484473
4723,0.145,0.9817915793484473
4724,0.145,0.9817915793484473
4725,0.145,0.9817915793484473
4726,0.145,0.9817915793484473
4727,0.145,0.9817915793484473
4728,0.145,0.9817915793484473
4729,0.145,0.9817915793484473
4730,0.145,0.9817915793484473
4731,0.145,0.9817915793484473
4732,0.145,0.9817915793484473
4733,0.145,0.9817915793484473
4734,0.145,0.9817915793484473
4735,0.145,0.9817915793484473
4736,0.145,0.9817915793484473
4737,0.145,0.9817915793484473
4738,0.145,0.9817915793484473
4739,0.145,0.9817915793484473
4740,0.145,0.9817915793484473
4741,0.145,0.9817915793484473
4742,0.145,0.9817915793484473
4743,0.145,0.9817915793484473
4744,0.145,0.9817915793484473
4745,0.145,0.9817915793484473
4746,0.145,0.9817915793484473
4747,0.145,0.9817915793484473
4748,0.145,0.9817915793484473
4749,0.145,0.9817915793484473
4750,0.145,0.9817915793484473
4751,0.145,0.9817915793484473
4752,0.145,0.9817915793484473
4753,0.145,0.9817915793484473
4754,0.145,0.9817915793484473
4755,0.145,0.9817915793484473
4756,0.145,0.9817915793484473
4757,0.145,0.9817915793484473
4758,0.145,0.9817915793484473
4759,0.145,0.9817915793484473
4760,0.145,0.9817915793484473
4761,0.145,0.9817915793484473
4762,0.145,0.9817915793484473
4763,0.145,0.9817915793484473
4764,0.145,0.9817915793484473
4765,0.145,0.9817915793484473
4766,0.145,0.9817915793484473
4767,0.145,0.9817915793484473
4768,0.145,0.9817915793484473
4769,0.145,0.9817915793484473
4770,0.145,0.9817915793484473
4771,0.145,0.9817915793484473
4772,0.145,0.9817915793484473
4773,0.145,0.9817915793484473
4774,0.145,0.9817915793484473
4775,0.145,0.9817915793484473
4776,0.145,0.9817915793484473
4777,0.145,0.9817915793484473
4778,0.145,0.9817915793484473
4779,0.145,0.9817915793484473
4780,0.145,0.9817915793484473
4781,0.145,0.9817915793484473
4782,0.145,0.9817915793484473
4783,0.145,0.9817915793484473
4784,0.145,0.9817915793484473
4785,0.145,0.9817915793484473
4786,0.145,0.9817915793484473
4787,0.145,0.9817915793484473
4788,0.145,0.9817915793484473
4789,0.145,0.9817915793484473
4790,0.145,0.9817915793484473
4791,0.145,0.9817915793484473
4792,0.145,0.9817915793484473
4793,0.145,0.9817915793484473
4794,0.145,0.9817915793484473
4795,0.145,0.9817915793484473
4796,0.145,0.9817915793484473
4797,0.145,0.9817915793484473
4798,0.145,0.9817915793484473
4799,0.145,0.9817915793484473
4800,0.145,0.9817915793484473
4801,0.145,0.9817915793484473
4802,0.145,0.9817915793484473
4803,0.145,0.9817915793484473
4804,0.145,0.9817915793484473
4805,0.145,0.9817915793484473
4806,0.145,0.9817915793484473
4807,0.145,0.9817915793484473
4808,0.145,0.9817915793484473
4809,0.145,0.9817915793484473
4810,0.145,0.9817915793484473
4811,0.145,0.9817915793484473
4812,0.145,0.9817915793484473
4813,0.145,0.9817915793484473
4814,0.145,0.9817915793484473
4815,0.145,0.9817915793484473
4816,0.145,0.9817915793484473
4817,0.145,0.9817915793484473
4818,0.145,0.9817915793484473
4819,0.145,0.9817915793484473
4820,0.145,0.9817915793484473
4821,0.145,0.9817915793484473
4822,0.145,0.9817915793484473
4823,0.145,0.9817915793484473
4824,0.145,0.9817915793484473
4825,0.145,0.9817915793484473
4826,0.145,0.9817915793484473
4827,0.145,0.9817915793484473
4828,0.145,0.9817915793484473
4829,0.145,0.9817915793484473
4830,0.145,0.9817915793484473
4831,0.145,0.9817915793484473
4832,0.145,0.9817915793484473
4833,0.145,0.9817915793484473
4834,0.145,0.9817915793484473
4835,0.145,0.9817915793484473
4836,0.145,0.9817915793484473
4837,0.145,0.9817915793484473
4838,0.145,0.9817915793484473
4839,0.145,0.9817915793484473
4840,0.145,0.9817915793484473
4841,0.145,0.9817915793484473
4842,0.145,0.9817915793484473
4843,0.145,0.9817915793484473
4844,0.145,0.9817915793484473
4845,0.145,0.9817915793484473
4846,0.145,0.9817915793484473
4847,0.145,0.9817915793484473
4848,0.145,0.9817915793484473
4849,0.145,0.9817915793484473
4850,0.145,0.9817915793484473
4851,0.145,0.9817915793484473
4852,0.145,0.9817915793484473
4853,0.145,0.9817915793484473
4854,0.145,0.9817915793484473
4855,0.145,0.9817915793484473
4856,0.145,0.9817915793484473
4857,0.145,0.9817915793484473
4858,0.145,0.9817915793484473
4859,0.145,0.9817915793484473
4860,0.145,0.9817915793484473
4861,0.145,0.9817915793484473
4862,0.145,0.9817915793484473
4863,0.145,0.9817915793484473
4864,0.145,0.9817915793484473
4865,0.145,0.9817915793484473
4866,0.145,0.9817915793484473
4867,0.145,0.9817915793484473
4868,0.145,0.9817915793484473
4869,0.145,0.9817915793484473
4870,0.145,0.9817915793484473
4871,0.145,0.9817915793484473
4872,0.145,0.9817915793484473
4873,0.145,0.9817915793484473
4874,0.145,0.9817915793484473
4875,0.145,0.9817915793484473
4876,0.145,0.9817915793484473
4877,0.145,0.9817915793484473
4878,0.145,0.9817915793484473
4879,0.145,0.9817915793484473
4880,0.145,0.9817915793484473
4881,0.145,0.9817915793484473
4882,0.145,0.9817915793484473
4883,0.145,0.9817915793484473
4884,0.145,0.9817915793484473
4885,0.145,0.9817915793484473
4886,0.145,0.9817915793484473
4887,0.145,0.9817915793484473
4888,0.145,0.9817915793484473
4889,0.145,0.9817915793484473
4890,0.145,0.9817915793484473
4891,0.145,0.9817915793484473
4892,0.145,0.9817915793484473
4893,0.145,0.9817915793484473
4894,0.145,0.9817915793484473
4895,0.145,0.9817915793484473
4896,0.145,0.9817915793484473
4897,0.145,0.9817915793484473
4898,0.145,0.9817915793484473
4899,0.145,0.9817915793484473
4900,0.145,0.9817915793484473
4901,0.145,0.9817915793484473
4902,0.145,0.9817915793484473
4903,0.145,0.9817915793484473
4904,0.145,0.9817915793484473
4905,0.145,0.9817915793484473
4906,0.145,0.9817915793484473
4907,0.145,0.9817915793484473
4908,0.145,0.9817915793484473
4909,0.145,0.9817915793484473
4910,0.145,0.9817915793484473
4911,0.145,0.9817915793484473
4912,0.145,0.9817915793484473
4913,0.145,0.9817915793484473
4914,0.145,0.9817915793484473
4915,0.145,0.9817915793484473
4916,0.145,0.9817915793484473
4917,0.145,0.9817915793484473
4918,0.145,0.9817915793484473
4919,0.145,0.9817915793484473
4920,0.145,0.9817915793484473
4921,0.145,0.9817915793484473
4922,0.145,0.9817915793484473
4923,0.145,0.9817915793484473
4924,0.145,0.9817915793484473
4925,0.145,0.9817915793484473
4926,0.145,0.9817915793484473
4927,0.145,0.9817915793484473
4928,0.145,0.9817915793484473
4929,0.145,0.9817915793484473
4930,0.145,0.9817915793484473
4931,0.145,0.9817915793484473
4932,0.145,0.9817915793484473
4933,0.145,0.9817915793484473
4934,0.145,0.9817915793484473
4935,0.145,0.9817915793484473
4936,0.145,0.9817915793484473
4937,0.145,0.9817915793484473
4938,0.145,0.9817915793484473
4939,0.145,0.9817915793484473
4940,0.145,0.9817915793484473
4941,0.145,0.9817915793484473
4942,0.145,0.9817915793484473
4943,0.145,0.9817915793484473
4944,0.145,0.9817915793484473
4945,0.145,0.9817915793484473
4946,0.145,0.9817915793484473
4947,0.145,0.9817915793484473
4948,0.145,0.9817915793484473
4949,0.145,0.9817915793484473
4950,0.145,0.9817915793484473
4951,0.145,0.9817915793484473
4952,0.145,0.9817915793484473
4953,0.145,0.9817915793484473
4954,0.145,0.9817915793484473
4955,0.145,0.9817915793484473
4956,0.145,0.9817915793484473
4957,0.145,0.9817915793484473
4958,0.145,0.9817915793484473
4959,0.145,0.9817915793484473
4960,0.145,0.9817915793484473
4961,0.145,0.9817915793484473
4962,0.145,0.9817915793484473
4963,0.145,0.9817915793484473
4964,0.145,0.9817915793484473
4965,0.145,0.9817915793484473
4966,0.145,0.9817915793484473
4967,0.145,0.9817915793484473
4968,0.145,0.9817915793484473
4969,0.145,0.9817915793484473
4970,0.145,0.9817915793484473
4971,0.145,0.9817915793484473
4972,0.145,0.9817915793484473
4973,0.145,0.9817915793484473
4974,0.145,0.9817915793484473
4975,0.145,0.9817915793484473
4976,0.145,0.9817915793484473
4977,0.145,0.9817915793484473
4978,0.145,0.9817915793484473
4979,0.145,0.9817915793484473
4980,0.145,0.9817915793484473
4981,0.145,0.9817915793484473
4982,0.145,0.9817915793484473
4983,0.145,0.9817915793484473
4984,0.145,0.9817915793484473
4985,0.145,0.9817915793484473
4986,0.145,0.9817915793484473
4987,0.145,0.9817915793484473
4988,0.145,0.9817915793484473
4989,0.145,0.9817915793484473
4990,0.145,0.9817915793484473
4991,0.145,0.9817915793484473
4992,0.145,0.9817915793484473
4993,0.145,0.9817915793484473
4994,0.145,0.9817915793484473
4995,0.145,0.9817915793484473
4996,0.145,0.9817915793484473
4997,0.145,0.9817915793484473
4998,0.145,0.9817915793484473
4999,0.145,0.9817915793484473
5000,0.145,0.9817915793484473
5001,0.145,0.9817915793484473
5002,0.145,0.9817915793484473
5003,0.145,0.9817915793484473
5004,0.145,0.9817915793484473
5005,0.145,0.9817915793484473
5006,0.145,0.9817915793484473
5007,0.145,0.9817915793484473
5008,0.145,0.9817915793484473
5009,0.145,0.9817915793484473
5010,0.145,0.9817915793484473
5011,0.145,0.9817915793484473
5012,0.145,0.9817915793484473
5013,0.145,0.9817915793484473
5014,0.145,0.9817915793484473
5015,0.145,0.9817915793484473
5016,0.145,0.9817915793484473
5017,0.145,0.9817915793484473
5018,0.145,0.9817915793484473
5019,0.145,0.9817915793484473
5020,0.145,0.9817915793484473
5021,0.145,0.9817915793484473
5022,0.145,0.9817915793484473
5023,0.145,0.9817915793484473
5024,0.145,0.9817915793484473
5025,0.145,0.9817915793484473
5026,0.145,0.9817915793484473
5027,0.145,0.9817915793484473
5028,0.145,0.9817915793484473
5029,0.145,0.9817915793484473
5030,0.145,0.9817915793484473
5031,0.145,0.9817915793484473
5032,0.145,0.9817915793484473
5033,0.145,0.9817915793484473
5034,0.145,0.9817915793484473
5035,0.145,0.9817915793484473
5036,0.145,0.9817915793484473
5037,0.145,0.9817915793484473
5038,0.145,0.9817915793484473
5039,0.145,0.9817915793484473
5040,0.145,0.9817915793484473
5041,0.145,0.9817915793484473
5042,0.145,0.9817915793484473
5043,0.145,0.9817915793484473
5044,0.145,0.9817915793484473
5045,0.145,0.9817915793484473
5046,0.145,0.9817915793484473
5047,0.145,0.9817915793484473
5048,0.145,0.9817915793484473
5049,0.145,0.9817915793484473
5050,0.145,0.9817915793484473
5051,0.145,0.9817915793484473
5052,0.145,0.9817915793484473
5053,0.145,0.9817915793484473
5054,0.145,0.9817915793484473
5055,0.145,0.9817915793484473
5056,0.145,0.9817915793484473
5057,0.145,0.9817915793484473
5058,0.145,0.9817915793484473
5059,0.145,0.9817915793484473
5060,0.145,0.9817915793484473
5061,0.145,0.9817915793484473
5062,0.145,0.9817915793484473
5063,0.145,0.9817915793484473
5064,0.145,0.9817915793484473
5065,0.145,0.9817915793484473
5066,0.145,0.9817915793484473
5067,0.145,0.9817915793484473
5068,0.145,0.9817915793484473
5069,0.145,0.9817915793484473
5070,0.145,0.9817915793484473
5071,0.145,0.9817915793484473
5072,0.145,0.9817915793484473
5073,0.145,0.9817915793484473
5074,0.145,0.9817915793484473
5075,0.145,0.9817915793484473
5076,0.145,0.9817915793484473
5077,0.145,0.9817915793484473
5078,0.145,0.9817915793484473
5079,0.145,0.9817915793484473
5080,0.145,0.9817915793484473
5081,0.145,0.9817915793484473
5082,0.145,0.9817915793484473
5083,0.145,0.9817915793484473
5084,0.145,0.9817915793484473
5085,0.145,0.9817915793484473
5086,0.145,0.9817915793484473
5087,0.145,0.9817915793484473
5088,0.145,0.9817915793484473
5089,0.145,0.9817915793484473
5090,0.145,0.9817915793484473
5091,0.145,0.9817915793484473
5092,0.145,0.9817915793484473
5093,0.145,0.9817915793484473
5094,0.145,0.9817915793484473
5095,0.145,0.9817915793484473
5096,0.145,0.9817915793484473
5097,0.145,0.9817915793484473
5098,0.145,0.9817915793484473
5099,0.145,0.9817915793484473
5100,0.145,0.9817915793484473
5101,0.145,0.9817915793484473
5102,0.145,0.9817915793484473
5103,0.145,0.9817915793484473
5104,0.145,0.9817915793484473
5105,0.145,0.9817915793484473
5106,0.145,0.9817915793484473
5107,0.145,0.9817915793484473
5108,0.145,0.9817915793484473
5109,0.145,0.9817915793484473
5110,0.145,0.9817915793484473
5111,0.145,0.9817915793484473
5112,0.145,0.9817915793484473
5113,0.145,0.9817915793484473
5114,0.145,0.9817915793484473
5115,0.145,0.9817915793484473
5116,0.145,0.9817915793484473
5117,0.145,0.9817915793484473
5118,0.145,0.9817915793484473
5119,0.145,0.9817915793484473
5120,0.145,0.9817915793484473
5121,0.145,0.9817915793484473
5122,0.145,0.9817915793484473
5123,0.145,0.9817915793484473
5124,0.145,0.9817915793484473
5125,0.145,0.9817915793484473
5126,0.145,0.9817915793484473
5127,0.145,0.9817915793484473
5128,0.145,0.9817915793484473
5129,0.145,0.9817915793484473
5130,0.145,0.9817915793484473
5131,0.145,0.9817915793484473
5132,0.145,0.9817915793484473
5133,0.145,0.9817915793484473
5134,0.145,0.9817915793484473
5135,0.145,0.9817915793484473
5136,0.145,0.9817915793484473
5137,0.145,0.9817915793484473
5138,0.145,0.9817915793484473
5139,0.145,0.9817915793484473
5140,0.145,0.9817915793484473
5141,0.145,0.9817915793484473
5142,0.145,0.9817915793484473
5143,0.145,0.9817915793484473
5144,0.145,0.9817915793484473
5145,0.145,0.9817915793484473
5146,0.145,0.9817915793484473
5147,0.145,0.9817915793484473
5148,0.145,0.9817915793484473
5149,0.145,0.9817915793484473
5150,0.145,0.9817915793484473
5151,0.145,0.9817915793484473
5152,0.145,0.9817915793484473
5153,0.145,0.9817915793484473
5154,0.145,0.9817915793484473
5155,0.145,0.9817915793484473
5156,0.145,0.9817915793484473
5157,0.145,0.9817915793484473
5158,0.145,0.9817915793484473
5159,0.145,0.9817915793484473
5160,0.145,0.9817915793484473
5161,0.145,0.9817915793484473
5162,0.145,0.9817915793484473
5163,0.145,0.9817915793484473
5164,0.145,0.9817915793484473
5165,0.145,0.9817915793484473
5166,0.145,0.9817915793484473
5167,0.145,0.9817915793484473
5168,0.145,0.9817915793484473
5169,0.145,0.9817915793484473
5170,0.145,0.9817915793484473
5171,0.145,0.9817915793484473
5172,0.145,0.9817915793484473
5173,0.145,0.9817915793484473
5174,0.145,0.9817915793484473
5175,0.145,0.9817915793484473
5176,0.145,0.9817915793484473
5177,0.145,0.9817915793484473
5178,0.145,0.9817915793484473
5179,0.145,0.9817915793484473
5180,0.145,0.9817915793484473
5181,0.145,0.9817915793484473
5182,0.145,0.9817915793484473
5183,0.145,0.9817915793484473
5184,0.145,0.9817915793484473
5185,0.145,0.9817915793484473
5186,0.145,0.9817915793484473
5187,0.145,0.9817915793484473
5188,0.145,0.9817915793484473
5189,0.145,0.9817915793484473
5190,0.145,0.9817915793484473
5191,0.145,0.9817915793484473
5192,0.145,0.9817915793484473
5193,0.145,0.9817915793484473
5194,0.145,0.9817915793484473
5195,0.145,0.9817915793484473
5196,0.145,0.9817915793484473
5197,0.145,0.9817915793484473
5198,0.145,0.9817915793484473
5199,0.145,0.9817915793484473
5200,0.145,0.9817915793484473
5201,0.145,0.9817915793484473
5202,0.145,0.9817915793484473
5203,0.145,0.9817915793484473
5204,0.145,0.9817915793484473
5205,0.145,0.9817915793484473
5206,0.145,0.9817915793484473
5207,0.145,0.9817915793484473
5208,0.145,0.9817915793484473
5209,0.145,0.9817915793484473
5210,0.145,0.9817915793484473
5211,0.145,0.9817915793484473
5212,0.145,0.9817915793484473
5213,0.145,0.9817915793484473
5214,0.145,0.9817915793484473
5215,0.145,0.9817915793484473
5216,0.145,0.9817915793484473
5217,0.145,0.9817915793484473
5218,0.145,0.9817915793484473
5219,0.145,0.9817915793484473
5220,0.145,0.9817915793484473
5221,0.145,0.9817915793484473
5222,0.145,0.9817915793484473
5223,0.145,0.9817915793484473
5224,0.145,0.9817915793484473
5225,0.145,0.9817915793484473
5226,0.145,0.9817915793484473
5227,0.145,0.9817915793484473
5228,0.145,0.9817915793484473
5229,0.145,0.9817915793484473
5230,0.145,0.9817915793484473
5231,0.145,0.9817915793484473
5232,0.145,0.9817915793484473
5233,0.145,0.9817915793484473
5234,0.145,0.9817915793484473
5235,0.145,0.9817915793484473
5236,0.145,0.9817915793484473
5237,0.145,0.9817915793484473
5238,0.145,0.9817915793484473
5239,0.145,0.9817915793484473
5240,0.145,0.9817915793484473
5241,0.145,0.9817915793484473
5242,0.145,0.9817915793484473
5243,0.145,0.9817915793484473
5244,0.145,0.9817915793484473
5245,0.145,0.9817915793484473
5246,0.145,0.9817915793484473
5247,0.145,0.9817915793484473
5248,0.135,0.9817915793484473
