Tick,TotalEnergy(kWh),AverageEnergy(kWh)
0,1.4820000000000004,0.9958144921797665
1,1.7540000000000002,0.9958144921797665
2,1.7540000000000002,0.9958144921797665
3,1.7540000000000002,0.9958144921797665
4,1.7540000000000002,0.9958144921797665
5,1.7540000000000002,0.9958144921797665
6,1.7540000000000002,0.9958144921797665
7,1.7540000000000002,0.9958144921797665
8,1.7540000000000002,0.9958144921797665
9,1.7540000000000002,0.9958144921797665
10,1.7540000000000002,0.9958144921797665
11,1.7540000000000002,0.9958144921797665
12,1.7540000000000002,0.9958144921797665
13,1.7540000000000002,0.9958144921797665
14,1.7540000000000002,0.9958144921797665
15,1.7540000000000002,0.9958144921797665
16,1.7540000000000002,0.9958144921797665
17,1.7540000000000002,0.9958144921797665
18,1.7540000000000002,0.9958144921797665
19,1.7540000000000002,0.9958144921797665
20,1.7540000000000002,0.9958144921797665
21,1.7540000000000002,0.9958144921797665
22,1.7540000000000002,0.9958144921797665
23,1.7540000000000002,0.9958144921797665
24,1.7540000000000002,0.9958144921797665
25,1.7540000000000002,0.9958144921797665
26,1.7540000000000002,0.9958144921797665
27,1.7540000000000002,0.9958144921797665
28,1.7540000000000002,0.9958144921797665
29,1.7540000000000002,0.9958144921797665
30,1.7540000000000002,0.9958144921797665
31,1.7540000000000002,0.9958144921797665
32,1.7540000000000002,0.9958144921797665
33,1.7540000000000002,0.9958144921797665
34,1.7540000000000002,0.9958144921797665
35,1.7540000000000002,0.9958144921797665
36,1.7540000000000002,0.9958144921797665
37,1.7540000000000002,0.9958144921797665
38,1.7540000000000002,0.9958144921797665
39,1.7540000000000002,0.9958144921797665
40,1.7540000000000002,0.9958144921797665
41,1.7540000000000002,0.9958144921797665
42,1.7540000000000002,0.9958144921797665
43,1.7540000000000002,0.9958144921797665
44,1.7540000000000002,0.9958144921797665
45,1.7540000000000002,0.9958144921797665
46,1.7540000000000002,0.9958144921797665
47,1.7540000000000002,0.9958144921797665
48,1.7540000000000002,0.9958144921797665
49,1.7540000000000002,0.9958144921797665
50,1.7540000000000002,0.9958144921797665
51,1.7540000000000002,0.9958144921797665
52,1.7540000000000002,0.9958144921797665
53,1.7540000000000002,0.9958144921797665
54,1.7540000000000002,0.9958144921797665
55,1.7540000000000002,0.9958144921797665
56,1.7540000000000002,0.9958144921797665
57,1.7540000000000002,0.9958144921797665
58,1.7540000000000002,0.9958144921797665
59,1.7540000000000002,0.9958144921797665
60,1.7540000000000002,0.9958144921797665
61,1.7540000000000002,0.9958144921797665
62,1.7540000000000002,0.9958144921797665
63,1.7540000000000002,0.9958144921797665
64,1.7540000000000002,0.9958144921797665
65,1.7540000000000002,0.9958144921797665
66,1.7540000000000002,0.9958144921797665
67,1.7540000000000002,0.9958144921797665
68,1.7540000000000002,0.9958144921797665
69,1.7540000000000002,0.9958144921797665
70,1.7540000000000002,0.9958144921797665
71,1.7540000000000002,0.9958144921797665
72,1.7540000000000002,0.9958144921797665
73,1.7540000000000002,0.9958144921797665
74,1.7540000000000002,0.9958144921797665
75,1.7540000000000002,0.9958144921797665
76,1.7540000000000002,0.9958144921797665
77,1.7540000000000002,0.9958144921797665
78,1.7540000000000002,0.9958144921797665
79,1.7540000000000002,0.9958144921797665
80,1.7540000000000002,0.9958144921797665
81,1.7540000000000002,0.9958144921797665
82,1.7540000000000002,0.9958144921797665
83,1.7540000000000002,0.9958144921797665
84,1.7540000000000002,0.9958144921797665
85,1.7540000000000002,0.9958144921797665
86,1.7540000000000002,0.9958144921797665
87,1.7540000000000002,0.9958144921797665
88,1.7540000000000002,0.9958144921797665
89,1.7540000000000002,0.9958144921797665
90,1.7540000000000002,0.9958144921797665
91,1.7540000000000002,0.9958144921797665
92,1.7540000000000002,0.9958144921797665
93,1.7540000000000002,0.9958144921797665
94,1.7540000000000002,0.9958144921797665
95,1.7540000000000002,0.9958144921797665
96,1.7540000000000002,0.9958144921797665
97,1.7540000000000002,0.9958144921797665
98,1.7540000000000002,0.9958144921797665
99,1.7540000000000002,0.9958144921797665
100,1.7540000000000002,0.9958144921797665
101,1.7540000000000002,0.9958144921797665
102,1.7540000000000002,0.9958144921797665
103,1.7540000000000002,0.9958144921797665
104,1.7540000000000002,0.9958144921797665
105,1.7540000000000002,0.9958144921797665
106,1.7540000000000002,0.9958144921797665
107,1.7540000000000002,0.9958144921797665
108,1.7540000000000002,0.9958144921797665
109,1.7540000000000002,0.9958144921797665
110,1.7540000000000002,0.9958144921797665
111,1.7540000000000002,0.9958144921797665
112,1.7540000000000002,0.9958144921797665
113,1.7540000000000002,0.9958144921797665
114,1.7540000000000002,0.9958144921797665
115,1.7540000000000002,0.9958144921797665
116,1.7540000000000002,0.9958144921797665
117,1.7540000000000002,0.9958144921797665
118,1.7540000000000002,0.9958144921797665
119,1.7540000000000002,0.9958144921797665
120,1.7540000000000002,0.9958144921797665
121,1.7540000000000002,0.9958144921797665
122,1.7540000000000002,0.9958144921797665
123,1.7540000000000002,0.9958144921797665
124,1.7540000000000002,0.9958144921797665
125,1.7540000000000002,0.9958144921797665
126,1.7540000000000002,0.9958144921797665
127,1.7540000000000002,0.9958144921797665
128,1.7540000000000002,0.9958144921797665
129,1.7540000000000002,0.9958144921797665
130,1.7540000000000002,0.9958144921797665
131,1.7540000000000002,0.9958144921797665
132,1.7540000000000002,0.9958144921797665
133,1.7540000000000002,0.9958144921797665
134,1.7540000000000002,0.9958144921797665
135,1.7540000000000002,0.9958144921797665
136,1.7540000000000002,0.9958144921797665
137,1.7540000000000002,0.9958144921797665
138,1.7540000000000002,0.9958144921797665
139,1.7540000000000002,0.9958144921797665
140,1.7540000000000002,0.9958144921797665
141,1.7540000000000002,0.9958144921797665
142,1.7540000000000002,0.9958144921797665
143,1.7540000000000002,0.9958144921797665
144,1.7540000000000002,0.9958144921797665
145,1.7540000000000002,0.9958144921797665
146,1.7540000000000002,0.9958144921797665
147,1.7540000000000002,0.9958144921797665
148,1.7540000000000002,0.9958144921797665
149,1.7540000000000002,0.9958144921797665
150,1.7540000000000002,0.9958144921797665
151,1.7540000000000002,0.9958144921797665
152,1.7540000000000002,0.9958144921797665
153,1.7540000000000002,0.9958144921797665
154,1.7540000000000002,0.9958144921797665
155,1.7540000000000002,0.9958144921797665
156,1.7540000000000002,0.9958144921797665
157,1.7540000000000002,0.9958144921797665
158,1.7540000000000002,0.9958144921797665
159,1.7540000000000002,0.9958144921797665
160,1.7540000000000002,0.9958144921797665
161,1.7540000000000002,0.9958144921797665
162,1.7540000000000002,0.9958144921797665
163,1.7540000000000002,0.9958144921797665
164,1.7540000000000002,0.9958144921797665
165,1.7540000000000002,0.9958144921797665
166,1.7540000000000002,0.9958144921797665
167,1.7540000000000002,0.9958144921797665
168,1.7540000000000002,0.9958144921797665
169,1.7540000000000002,0.9958144921797665
170,1.7540000000000002,0.9958144921797665
171,1.7540000000000002,0.9958144921797665
172,1.7540000000000002,0.9958144921797665
173,1.7540000000000002,0.9958144921797665
174,1.7540000000000002,0.9958144921797665
175,1.7540000000000002,0.9958144921797665
176,1.7540000000000002,0.9958144921797665
177,1.7540000000000002,0.9958144921797665
178,1.7540000000000002,0.9958144921797665
179,1.7540000000000002,0.9958144921797665
180,1.7540000000000002,0.9958144921797665
181,1.7540000000000002,0.9958144921797665
182,1.7540000000000002,0.9958144921797665
183,1.7540000000000002,0.9958144921797665
184,1.7540000000000002,0.9958144921797665
185,1.7540000000000002,0.9958144921797665
186,1.7540000000000002,0.9958144921797665
187,1.7540000000000002,0.9958144921797665
188,1.7540000000000002,0.9958144921797665
189,1.7540000000000002,0.9958144921797665
190,1.7540000000000002,0.9958144921797665
191,1.7540000000000002,0.9958144921797665
192,1.7540000000000002,0.9958144921797665
193,1.7540000000000002,0.9958144921797665
194,1.7540000000000002,0.9958144921797665
195,1.7540000000000002,0.9958144921797665
196,1.7540000000000002,0.9958144921797665
197,1.7540000000000002,0.9958144921797665
198,1.7540000000000002,0.9958144921797665
199,1.7540000000000002,0.9958144921797665
200,1.7540000000000002,0.9958144921797665
201,1.7540000000000002,0.9958144921797665
202,1.7540000000000002,0.9958144921797665
203,1.7540000000000002,0.9958144921797665
204,1.7540000000000002,0.9958144921797665
205,1.7540000000000002,0.9958144921797665
206,1.7540000000000002,0.9958144921797665
207,1.7540000000000002,0.9958144921797665
208,1.7540000000000002,0.9958144921797665
209,1.7540000000000002,0.9958144921797665
210,1.7540000000000002,0.9958144921797665
211,1.7540000000000002,0.9958144921797665
212,1.7540000000000002,0.9958144921797665
213,1.7540000000000002,0.9958144921797665
214,1.7540000000000002,0.9958144921797665
215,1.7540000000000002,0.9958144921797665
216,1.7540000000000002,0.9958144921797665
217,1.7540000000000002,0.9958144921797665
218,1.7540000000000002,0.9958144921797665
219,1.7540000000000002,0.9958144921797665
220,1.7540000000000002,0.9958144921797665
221,1.7540000000000002,0.9958144921797665
222,1.7540000000000002,0.9958144921797665
223,1.7540000000000002,0.9958144921797665
224,1.7540000000000002,0.9958144921797665
225,1.7540000000000002,0.9958144921797665
226,1.7540000000000002,0.9958144921797665
227,1.7540000000000002,0.9958144921797665
228,1.7540000000000002,0.9958144921797665
229,1.7540000000000002,0.9958144921797665
230,1.7540000000000002,0.9958144921797665
231,1.7540000000000002,0.9958144921797665
232,1.7540000000000002,0.9958144921797665
233,1.7540000000000002,0.9958144921797665
234,1.7540000000000002,0.9958144921797665
235,1.7540000000000002,0.9958144921797665
236,1.7540000000000002,0.9958144921797665
237,1.7540000000000002,0.9958144921797665
238,1.7540000000000002,0.9958144921797665
239,1.7540000000000002,0.9958144921797665
240,1.7540000000000002,0.9958144921797665
241,1.7540000000000002,0.9958144921797665
242,1.7540000000000002,0.9958144921797665
243,1.7540000000000002,0.9958144921797665
244,1.7540000000000002,0.9958144921797665
245,1.7540000000000002,0.9958144921797665
246,1.7540000000000002,0.9958144921797665
247,1.7540000000000002,0.9958144921797665
248,1.7540000000000002,0.9958144921797665
249,1.7540000000000002,0.9958144921797665
250,1.7540000000000002,0.9958144921797665
251,1.7540000000000002,0.9958144921797665
252,1.7540000000000002,0.9958144921797665
253,1.7540000000000002,0.9958144921797665
254,1.7540000000000002,0.9958144921797665
255,1.7540000000000002,0.9958144921797665
256,1.7540000000000002,0.9958144921797665
257,1.7540000000000002,0.9958144921797665
258,1.7540000000000002,0.9958144921797665
259,1.7540000000000002,0.9958144921797665
260,1.7540000000000002,0.9958144921797665
261,1.7540000000000002,0.9958144921797665
262,1.7540000000000002,0.9958144921797665
263,1.7540000000000002,0.9958144921797665
264,1.7540000000000002,0.9958144921797665
265,1.7540000000000002,0.9958144921797665
266,1.7540000000000002,0.9958144921797665
267,1.7540000000000002,0.9958144921797665
268,1.7540000000000002,0.9958144921797665
269,1.7540000000000002,0.9958144921797665
270,1.7540000000000002,0.9958144921797665
271,1.7540000000000002,0.9958144921797665
272,1.7540000000000002,0.9958144921797665
273,1.7540000000000002,0.9958144921797665
274,1.7540000000000002,0.9958144921797665
275,1.7540000000000002,0.9958144921797665
276,1.7540000000000002,0.9958144921797665
277,1.7540000000000002,0.9958144921797665
278,1.7540000000000002,0.9958144921797665
279,1.7540000000000002,0.9958144921797665
280,1.7540000000000002,0.9958144921797665
281,1.7540000000000002,0.9958144921797665
282,1.7540000000000002,0.9958144921797665
283,1.7540000000000002,0.9958144921797665
284,1.7540000000000002,0.9958144921797665
285,1.7540000000000002,0.9958144921797665
286,1.7540000000000002,0.9958144921797665
287,1.7540000000000002,0.9958144921797665
288,1.7540000000000002,0.9958144921797665
289,1.7540000000000002,0.9958144921797665
290,1.7540000000000002,0.9958144921797665
291,1.7540000000000002,0.9958144921797665
292,1.7540000000000002,0.9958144921797665
293,1.7540000000000002,0.9958144921797665
294,1.7540000000000002,0.9958144921797665
295,1.7540000000000002,0.9958144921797665
296,1.7540000000000002,0.9958144921797665
297,1.7540000000000002,0.9958144921797665
298,1.7540000000000002,0.9958144921797665
299,1.7540000000000002,0.9958144921797665
300,1.7540000000000002,0.9958144921797665
301,1.7540000000000002,0.9958144921797665
302,1.7540000000000002,0.9958144921797665
303,1.7540000000000002,0.9958144921797665
304,1.7540000000000002,0.9958144921797665
305,1.7540000000000002,0.9958144921797665
306,1.7540000000000002,0.9958144921797665
307,1.7540000000000002,0.9958144921797665
308,1.7540000000000002,0.9958144921797665
309,1.7540000000000002,0.9958144921797665
310,1.7540000000000002,0.9958144921797665
311,1.7540000000000002,0.9958144921797665
312,1.7540000000000002,0.9958144921797665
313,1.7540000000000002,0.9958144921797665
314,1.7540000000000002,0.9958144921797665
315,1.7540000000000002,0.9958144921797665
316,1.7540000000000002,0.9958144921797665
317,1.7540000000000002,0.9958144921797665
318,1.7540000000000002,0.9958144921797665
319,1.7540000000000002,0.9958144921797665
320,1.7540000000000002,0.9958144921797665
321,1.7540000000000002,0.9958144921797665
322,1.7540000000000002,0.9958144921797665
323,1.7540000000000002,0.9958144921797665
324,1.7540000000000002,0.9958144921797665
325,1.7540000000000002,0.9958144921797665
326,1.7540000000000002,0.9958144921797665
327,1.7540000000000002,0.9958144921797665
328,1.7540000000000002,0.9958144921797665
329,1.7540000000000002,0.9958144921797665
330,1.7540000000000002,0.9958144921797665
331,1.7540000000000002,0.9958144921797665
332,1.7540000000000002,0.9958144921797665
333,1.7540000000000002,0.9958144921797665
334,1.7540000000000002,0.9958144921797665
335,1.7540000000000002,0.9958144921797665
336,1.7540000000000002,0.9958144921797665
337,1.7540000000000002,0.9958144921797665
338,1.7540000000000002,0.9958144921797665
339,1.7540000000000002,0.9958144921797665
340,1.7540000000000002,0.9958144921797665
341,1.7540000000000002,0.9958144921797665
342,1.7540000000000002,0.9958144921797665
343,1.7540000000000002,0.9958144921797665
344,1.7540000000000002,0.9958144921797665
345,1.7540000000000002,0.9958144921797665
346,1.7540000000000002,0.9958144921797665
347,1.7540000000000002,0.9958144921797665
348,1.7540000000000002,0.9958144921797665
349,1.7540000000000002,0.9958144921797665
350,1.7540000000000002,0.9958144921797665
351,1.7540000000000002,0.9958144921797665
352,1.7540000000000002,0.9958144921797665
353,1.7540000000000002,0.9958144921797665
354,1.7540000000000002,0.9958144921797665
355,1.7540000000000002,0.9958144921797665
356,1.7540000000000002,0.9958144921797665
357,1.7540000000000002,0.9958144921797665
358,1.7540000000000002,0.9958144921797665
359,1.7540000000000002,0.9958144921797665
360,1.7540000000000002,0.9958144921797665
361,1.7540000000000002,0.9958144921797665
362,1.7540000000000002,0.9958144921797665
363,1.7540000000000002,0.9958144921797665
364,1.7540000000000002,0.9958144921797665
365,1.7540000000000002,0.9958144921797665
366,1.7540000000000002,0.9958144921797665
367,1.7540000000000002,0.9958144921797665
368,1.7540000000000002,0.9958144921797665
369,1.7540000000000002,0.9958144921797665
370,1.7540000000000002,0.9958144921797665
371,1.7540000000000002,0.9958144921797665
372,1.7540000000000002,0.9958144921797665
373,1.7540000000000002,0.9958144921797665
374,1.7540000000000002,0.9958144921797665
375,1.7540000000000002,0.9958144921797665
376,1.7540000000000002,0.9958144921797665
377,1.7540000000000002,0.9958144921797665
378,1.7540000000000002,0.9958144921797665
379,1.7540000000000002,0.9958144921797665
380,1.7540000000000002,0.9958144921797665
381,1.7540000000000002,0.9958144921797665
382,1.7540000000000002,0.9958144921797665
383,1.7540000000000002,0.9958144921797665
384,1.7540000000000002,0.9958144921797665
385,1.7540000000000002,0.9958144921797665
386,1.7540000000000002,0.9958144921797665
387,1.7540000000000002,0.9958144921797665
388,1.7540000000000002,0.9958144921797665
389,1.7540000000000002,0.9958144921797665
390,1.7540000000000002,0.9958144921797665
391,1.7540000000000002,0.9958144921797665
392,1.7540000000000002,0.9958144921797665
393,1.7540000000000002,0.9958144921797665
394,1.7540000000000002,0.9958144921797665
395,1.7540000000000002,0.9958144921797665
396,1.7540000000000002,0.9958144921797665
397,1.7540000000000002,0.9958144921797665
398,1.7540000000000002,0.9958144921797665
399,1.7540000000000002,0.9958144921797665
400,1.7540000000000002,0.9958144921797665
401,1.7540000000000002,0.9958144921797665
402,1.7540000000000002,0.9958144921797665
403,1.7540000000000002,0.9958144921797665
404,1.7540000000000002,0.9958144921797665
405,1.7540000000000002,0.9958144921797665
406,1.7540000000000002,0.9958144921797665
407,1.7540000000000002,0.9958144921797665
408,1.7540000000000002,0.9958144921797665
409,1.7540000000000002,0.9958144921797665
410,1.7540000000000002,0.9958144921797665
411,1.7540000000000002,0.9958144921797665
412,1.7540000000000002,0.9958144921797665
413,1.7540000000000002,0.9958144921797665
414,1.7540000000000002,0.9958144921797665
415,1.7540000000000002,0.9958144921797665
416,1.7540000000000002,0.9958144921797665
417,1.7540000000000002,0.9958144921797665
418,1.7540000000000002,0.9958144921797665
419,1.7540000000000002,0.9958144921797665
420,1.7540000000000002,0.9958144921797665
421,1.7540000000000002,0.9958144921797665
422,1.7540000000000002,0.9958144921797665
423,1.7540000000000002,0.9958144921797665
424,1.7540000000000002,0.9958144921797665
425,1.7540000000000002,0.9958144921797665
426,1.7540000000000002,0.9958144921797665
427,1.7540000000000002,0.9958144921797665
428,1.7540000000000002,0.9958144921797665
429,1.7540000000000002,0.9958144921797665
430,1.7540000000000002,0.9958144921797665
431,1.7540000000000002,0.9958144921797665
432,1.7540000000000002,0.9958144921797665
433,1.7540000000000002,0.9958144921797665
434,1.7540000000000002,0.9958144921797665
435,1.7540000000000002,0.9958144921797665
436,1.7540000000000002,0.9958144921797665
437,1.7540000000000002,0.9958144921797665
438,1.7540000000000002,0.9958144921797665
439,1.7540000000000002,0.9958144921797665
440,1.7540000000000002,0.9958144921797665
441,1.7540000000000002,0.9958144921797665
442,1.7540000000000002,0.9958144921797665
443,1.7540000000000002,0.9958144921797665
444,1.7540000000000002,0.9958144921797665
445,1.7540000000000002,0.9958144921797665
446,1.7540000000000002,0.9958144921797665
447,1.7540000000000002,0.9958144921797665
448,1.7540000000000002,0.9958144921797665
449,1.7540000000000002,0.9958144921797665
450,1.7540000000000002,0.9958144921797665
451,1.7540000000000002,0.9958144921797665
452,1.7540000000000002,0.9958144921797665
453,1.7540000000000002,0.9958144921797665
454,1.7540000000000002,0.9958144921797665
455,1.7540000000000002,0.9958144921797665
456,1.7540000000000002,0.9958144921797665
457,1.7540000000000002,0.9958144921797665
458,1.7540000000000002,0.9958144921797665
459,1.7540000000000002,0.9958144921797665
460,1.7540000000000002,0.9958144921797665
461,1.7540000000000002,0.9958144921797665
462,1.7540000000000002,0.9958144921797665
463,1.7540000000000002,0.9958144921797665
464,1.7540000000000002,0.9958144921797665
465,1.7540000000000002,0.9958144921797665
466,1.7540000000000002,0.9958144921797665
467,1.7540000000000002,0.9958144921797665
468,1.7540000000000002,0.9958144921797665
469,1.7540000000000002,0.9958144921797665
470,1.7540000000000002,0.9958144921797665
471,1.7540000000000002,0.9958144921797665
472,1.7540000000000002,0.9958144921797665
473,1.7540000000000002,0.9958144921797665
474,1.7540000000000002,0.9958144921797665
475,1.7540000000000002,0.9958144921797665
476,1.7540000000000002,0.9958144921797665
477,1.7540000000000002,0.9958144921797665
478,1.7540000000000002,0.9958144921797665
479,1.7540000000000002,0.9958144921797665
480,1.7540000000000002,0.9958144921797665
481,1.7540000000000002,0.9958144921797665
482,1.7540000000000002,0.9958144921797665
483,1.7540000000000002,0.9958144921797665
484,1.7540000000000002,0.9958144921797665
485,1.7540000000000002,0.9958144921797665
486,1.7540000000000002,0.9958144921797665
487,1.7540000000000002,0.9958144921797665
488,1.7540000000000002,0.9958144921797665
489,1.7540000000000002,0.9958144921797665
490,1.7540000000000002,0.9958144921797665
491,1.7540000000000002,0.9958144921797665
492,1.7540000000000002,0.9958144921797665
493,1.7540000000000002,0.9958144921797665
494,1.7540000000000002,0.9958144921797665
495,1.7540000000000002,0.9958144921797665
496,1.7540000000000002,0.9958144921797665
497,1.7540000000000002,0.9958144921797665
498,1.7540000000000002,0.9958144921797665
499,1.7540000000000002,0.9958144921797665
500,1.7540000000000002,0.9958144921797665
501,1.7540000000000002,0.9958144921797665
502,1.7540000000000002,0.9958144921797665
503,1.7540000000000002,0.9958144921797665
504,1.7540000000000002,0.9958144921797665
505,1.7540000000000002,0.9958144921797665
506,1.7540000000000002,0.9958144921797665
507,1.7540000000000002,0.9958144921797665
508,1.7540000000000002,0.9958144921797665
509,1.7540000000000002,0.9958144921797665
510,1.7540000000000002,0.9958144921797665
511,1.7540000000000002,0.9958144921797665
512,1.7540000000000002,0.9958144921797665
513,1.7540000000000002,0.9958144921797665
514,1.7540000000000002,0.9958144921797665
515,1.7540000000000002,0.9958144921797665
516,1.7540000000000002,0.9958144921797665
517,1.7540000000000002,0.9958144921797665
518,1.7540000000000002,0.9958144921797665
519,1.7540000000000002,0.9958144921797665
520,1.7540000000000002,0.9958144921797665
521,1.7540000000000002,0.9958144921797665
522,1.7540000000000002,0.9958144921797665
523,1.7540000000000002,0.9958144921797665
524,1.7540000000000002,0.9958144921797665
525,1.7540000000000002,0.9958144921797665
526,1.7540000000000002,0.9958144921797665
527,1.7540000000000002,0.9958144921797665
528,1.7540000000000002,0.9958144921797665
529,1.7540000000000002,0.9958144921797665
530,1.7540000000000002,0.9958144921797665
531,1.7540000000000002,0.9958144921797665
532,1.7540000000000002,0.9958144921797665
533,1.7540000000000002,0.9958144921797665
534,1.7540000000000002,0.9958144921797665
535,1.7540000000000002,0.9958144921797665
536,1.7540000000000002,0.9958144921797665
537,1.7540000000000002,0.9958144921797665
538,1.7540000000000002,0.9958144921797665
539,1.7540000000000002,0.9958144921797665
540,1.7540000000000002,0.9958144921797665
541,1.7540000000000002,0.9958144921797665
542,1.7540000000000002,0.9958144921797665
543,1.7540000000000002,0.9958144921797665
544,1.7540000000000002,0.9958144921797665
545,1.7540000000000002,0.9958144921797665
546,1.7540000000000002,0.9958144921797665
547,1.7540000000000002,0.9958144921797665
548,1.7540000000000002,0.9958144921797665
549,1.7540000000000002,0.9958144921797665
550,1.7540000000000002,0.9958144921797665
551,1.7540000000000002,0.9958144921797665
552,1.7540000000000002,0.9958144921797665
553,1.7540000000000002,0.9958144921797665
554,1.7540000000000002,0.9958144921797665
555,1.7540000000000002,0.9958144921797665
556,1.7540000000000002,0.9958144921797665
557,1.7540000000000002,0.9958144921797665
558,1.7540000000000002,0.9958144921797665
559,1.7540000000000002,0.9958144921797665
560,1.7540000000000002,0.9958144921797665
561,1.7540000000000002,0.9958144921797665
562,1.7540000000000002,0.9958144921797665
563,1.7540000000000002,0.9958144921797665
564,1.7540000000000002,0.9958144921797665
565,1.7540000000000002,0.9958144921797665
566,1.7540000000000002,0.9958144921797665
567,1.7540000000000002,0.9958144921797665
568,1.7540000000000002,0.9958144921797665
569,1.7540000000000002,0.9958144921797665
570,1.7540000000000002,0.9958144921797665
571,1.7540000000000002,0.9958144921797665
572,1.7540000000000002,0.9958144921797665
573,1.7540000000000002,0.9958144921797665
574,1.7540000000000002,0.9958144921797665
575,1.7540000000000002,0.9958144921797665
576,1.7540000000000002,0.9958144921797665
577,1.7540000000000002,0.9958144921797665
578,1.7540000000000002,0.9958144921797665
579,1.7540000000000002,0.9958144921797665
580,1.7540000000000002,0.9958144921797665
581,1.7540000000000002,0.9958144921797665
582,1.7540000000000002,0.9958144921797665
583,1.7540000000000002,0.9958144921797665
584,1.7540000000000002,0.9958144921797665
585,1.7540000000000002,0.9958144921797665
586,1.7540000000000002,0.9958144921797665
587,1.7540000000000002,0.9958144921797665
588,1.7540000000000002,0.9958144921797665
589,1.7540000000000002,0.9958144921797665
590,1.7540000000000002,0.9958144921797665
591,1.7540000000000002,0.9958144921797665
592,1.7540000000000002,0.9958144921797665
593,1.7540000000000002,0.9958144921797665
594,1.7540000000000002,0.9958144921797665
595,1.7540000000000002,0.9958144921797665
596,1.7540000000000002,0.9958144921797665
597,1.7540000000000002,0.9958144921797665
598,1.7540000000000002,0.9958144921797665
599,1.7540000000000002,0.9958144921797665
600,1.7540000000000002,0.9958144921797665
601,1.7540000000000002,0.9958144921797665
602,1.7540000000000002,0.9958144921797665
603,1.7540000000000002,0.9958144921797665
604,1.7540000000000002,0.9958144921797665
605,1.7540000000000002,0.9958144921797665
606,1.7540000000000002,0.9958144921797665
607,1.7540000000000002,0.9958144921797665
608,1.7540000000000002,0.9958144921797665
609,1.7540000000000002,0.9958144921797665
610,1.7540000000000002,0.9958144921797665
611,1.7540000000000002,0.9958144921797665
612,1.7540000000000002,0.9958144921797665
613,1.7540000000000002,0.9958144921797665
614,1.7540000000000002,0.9958144921797665
615,1.7540000000000002,0.9958144921797665
616,1.7540000000000002,0.9958144921797665
617,1.7540000000000002,0.9958144921797665
618,1.7540000000000002,0.9958144921797665
619,1.7540000000000002,0.9958144921797665
620,1.7540000000000002,0.9958144921797665
621,1.7540000000000002,0.9958144921797665
622,1.7540000000000002,0.9958144921797665
623,1.7540000000000002,0.9958144921797665
624,1.7540000000000002,0.9958144921797665
625,1.7540000000000002,0.9958144921797665
626,1.7540000000000002,0.9958144921797665
627,1.7540000000000002,0.9958144921797665
628,1.7540000000000002,0.9958144921797665
629,1.7540000000000002,0.9958144921797665
630,1.7540000000000002,0.9958144921797665
631,1.7540000000000002,0.9958144921797665
632,1.7540000000000002,0.9958144921797665
633,1.7540000000000002,0.9958144921797665
634,1.7540000000000002,0.9958144921797665
635,1.7540000000000002,0.9958144921797665
636,1.7540000000000002,0.9958144921797665
637,1.7540000000000002,0.9958144921797665
638,1.7540000000000002,0.9958144921797665
639,1.7540000000000002,0.9958144921797665
640,1.7540000000000002,0.9958144921797665
641,1.7540000000000002,0.9958144921797665
642,1.7540000000000002,0.9958144921797665
643,1.7540000000000002,0.9958144921797665
644,1.7540000000000002,0.9958144921797665
645,1.7540000000000002,0.9958144921797665
646,1.7540000000000002,0.9958144921797665
647,1.7540000000000002,0.9958144921797665
648,1.7540000000000002,0.9958144921797665
649,1.7540000000000002,0.9958144921797665
650,1.7540000000000002,0.9958144921797665
651,1.7540000000000002,0.9958144921797665
652,1.7540000000000002,0.9958144921797665
653,1.7540000000000002,0.9958144921797665
654,1.7540000000000002,0.9958144921797665
655,1.7540000000000002,0.9958144921797665
656,1.7540000000000002,0.9958144921797665
657,1.7540000000000002,0.9958144921797665
658,1.7540000000000002,0.9958144921797665
659,1.7540000000000002,0.9958144921797665
660,1.7540000000000002,0.9958144921797665
661,1.7540000000000002,0.9958144921797665
662,1.7540000000000002,0.9958144921797665
663,1.7540000000000002,0.9958144921797665
664,1.7540000000000002,0.9958144921797665
665,1.7540000000000002,0.9958144921797665
666,1.7540000000000002,0.9958144921797665
667,1.7540000000000002,0.9958144921797665
668,1.7540000000000002,0.9958144921797665
669,1.7540000000000002,0.9958144921797665
670,1.7540000000000002,0.9958144921797665
671,1.7540000000000002,0.9958144921797665
672,1.7540000000000002,0.9958144921797665
673,1.7540000000000002,0.9958144921797665
674,1.7540000000000002,0.9958144921797665
675,1.7540000000000002,0.9958144921797665
676,1.7540000000000002,0.9958144921797665
677,1.7540000000000002,0.9958144921797665
678,1.7540000000000002,0.9958144921797665
679,1.7540000000000002,0.9958144921797665
680,1.7540000000000002,0.9958144921797665
681,1.7540000000000002,0.9958144921797665
682,1.7540000000000002,0.9958144921797665
683,1.7540000000000002,0.9958144921797665
684,1.7540000000000002,0.9958144921797665
685,1.7540000000000002,0.9958144921797665
686,1.7540000000000002,0.9958144921797665
687,1.7540000000000002,0.9958144921797665
688,1.7540000000000002,0.9958144921797665
689,1.7540000000000002,0.9958144921797665
690,1.7540000000000002,0.9958144921797665
691,1.7540000000000002,0.9958144921797665
692,1.7540000000000002,0.9958144921797665
693,1.7540000000000002,0.9958144921797665
694,1.7540000000000002,0.9958144921797665
695,1.7540000000000002,0.9958144921797665
696,1.7540000000000002,0.9958144921797665
697,1.7540000000000002,0.9958144921797665
698,1.7540000000000002,0.9958144921797665
699,1.7540000000000002,0.9958144921797665
700,1.7540000000000002,0.9958144921797665
701,1.7540000000000002,0.9958144921797665
702,1.7540000000000002,0.9958144921797665
703,1.7540000000000002,0.9958144921797665
704,1.7540000000000002,0.9958144921797665
705,1.7540000000000002,0.9958144921797665
706,1.7540000000000002,0.9958144921797665
707,1.7540000000000002,0.9958144921797665
708,1.7540000000000002,0.9958144921797665
709,1.7540000000000002,0.9958144921797665
710,1.7540000000000002,0.9958144921797665
711,1.7540000000000002,0.9958144921797665
712,1.7540000000000002,0.9958144921797665
713,1.7540000000000002,0.9958144921797665
714,1.7540000000000002,0.9958144921797665
715,1.7540000000000002,0.9958144921797665
716,1.7540000000000002,0.9958144921797665
717,1.7540000000000002,0.9958144921797665
718,1.7540000000000002,0.9958144921797665
719,1.7540000000000002,0.9958144921797665
720,1.7540000000000002,0.9958144921797665
721,1.7540000000000002,0.9958144921797665
722,1.7540000000000002,0.9958144921797665
723,1.7540000000000002,0.9958144921797665
724,1.7540000000000002,0.9958144921797665
725,1.7540000000000002,0.9958144921797665
726,1.7540000000000002,0.9958144921797665
727,1.7540000000000002,0.9958144921797665
728,1.7540000000000002,0.9958144921797665
729,1.7540000000000002,0.9958144921797665
730,1.7540000000000002,0.9958144921797665
731,1.7540000000000002,0.9958144921797665
732,1.7540000000000002,0.9958144921797665
733,1.7540000000000002,0.9958144921797665
734,1.7540000000000002,0.9958144921797665
735,1.7540000000000002,0.9958144921797665
736,1.7540000000000002,0.9958144921797665
737,1.7540000000000002,0.9958144921797665
738,1.7540000000000002,0.9958144921797665
739,1.7540000000000002,0.9958144921797665
740,1.7540000000000002,0.9958144921797665
741,1.7540000000000002,0.9958144921797665
742,1.7540000000000002,0.9958144921797665
743,1.7540000000000002,0.9958144921797665
744,1.7540000000000002,0.9958144921797665
745,1.7540000000000002,0.9958144921797665
746,1.7540000000000002,0.9958144921797665
747,1.7540000000000002,0.9958144921797665
748,1.7540000000000002,0.9958144921797665
749,1.7540000000000002,0.9958144921797665
750,1.7540000000000002,0.9958144921797665
751,1.7540000000000002,0.9958144921797665
752,1.7540000000000002,0.9958144921797665
753,1.7540000000000002,0.9958144921797665
754,1.7540000000000002,0.9958144921797665
755,1.7540000000000002,0.9958144921797665
756,1.7540000000000002,0.9958144921797665
757,1.7540000000000002,0.9958144921797665
758,1.7540000000000002,0.9958144921797665
759,1.7540000000000002,0.9958144921797665
760,1.7540000000000002,0.9958144921797665
761,1.7540000000000002,0.9958144921797665
762,1.7540000000000002,0.9958144921797665
763,1.7540000000000002,0.9958144921797665
764,1.7540000000000002,0.9958144921797665
765,1.7540000000000002,0.9958144921797665
766,1.7540000000000002,0.9958144921797665
767,1.7540000000000002,0.9958144921797665
768,1.7540000000000002,0.9958144921797665
769,1.7540000000000002,0.9958144921797665
770,1.7540000000000002,0.9958144921797665
771,1.7540000000000002,0.9958144921797665
772,1.7540000000000002,0.9958144921797665
773,1.7540000000000002,0.9958144921797665
774,1.7540000000000002,0.9958144921797665
775,1.7540000000000002,0.9958144921797665
776,1.7540000000000002,0.9958144921797665
777,1.7540000000000002,0.9958144921797665
778,1.7540000000000002,0.9958144921797665
779,1.7540000000000002,0.9958144921797665
780,1.7540000000000002,0.9958144921797665
781,1.7540000000000002,0.9958144921797665
782,1.7540000000000002,0.9958144921797665
783,1.7540000000000002,0.9958144921797665
784,1.7540000000000002,0.9958144921797665
785,1.7540000000000002,0.9958144921797665
786,1.7540000000000002,0.9958144921797665
787,1.7540000000000002,0.9958144921797665
788,1.7540000000000002,0.9958144921797665
789,1.7540000000000002,0.9958144921797665
790,1.7540000000000002,0.9958144921797665
791,1.7540000000000002,0.9958144921797665
792,1.7540000000000002,0.9958144921797665
793,1.7540000000000002,0.9958144921797665
794,1.7540000000000002,0.9958144921797665
795,1.7540000000000002,0.9958144921797665
796,1.7540000000000002,0.9958144921797665
797,1.7540000000000002,0.9958144921797665
798,1.7540000000000002,0.9958144921797665
799,1.7540000000000002,0.9958144921797665
800,1.7540000000000002,0.9958144921797665
801,1.7540000000000002,0.9958144921797665
802,1.7540000000000002,0.9958144921797665
803,1.7540000000000002,0.9958144921797665
804,1.7540000000000002,0.9958144921797665
805,1.7540000000000002,0.9958144921797665
806,1.7540000000000002,0.9958144921797665
807,1.7540000000000002,0.9958144921797665
808,1.7540000000000002,0.9958144921797665
809,1.7540000000000002,0.9958144921797665
810,1.7540000000000002,0.9958144921797665
811,1.7540000000000002,0.9958144921797665
812,1.7540000000000002,0.9958144921797665
813,1.7540000000000002,0.9958144921797665
814,1.7540000000000002,0.9958144921797665
815,1.7540000000000002,0.9958144921797665
816,1.7540000000000002,0.9958144921797665
817,1.7540000000000002,0.9958144921797665
818,1.7540000000000002,0.9958144921797665
819,1.7540000000000002,0.9958144921797665
820,1.7540000000000002,0.9958144921797665
821,1.7540000000000002,0.9958144921797665
822,1.7540000000000002,0.9958144921797665
823,1.7540000000000002,0.9958144921797665
824,1.7540000000000002,0.9958144921797665
825,1.7540000000000002,0.9958144921797665
826,1.7540000000000002,0.9958144921797665
827,1.7540000000000002,0.9958144921797665
828,1.7540000000000002,0.9958144921797665
829,1.7540000000000002,0.9958144921797665
830,1.7540000000000002,0.9958144921797665
831,1.7540000000000002,0.9958144921797665
832,1.7540000000000002,0.9958144921797665
833,1.7540000000000002,0.9958144921797665
834,1.7540000000000002,0.9958144921797665
835,1.7540000000000002,0.9958144921797665
836,1.7540000000000002,0.9958144921797665
837,1.7540000000000002,0.9958144921797665
838,1.7540000000000002,0.9958144921797665
839,1.7540000000000002,0.9958144921797665
840,1.7540000000000002,0.9958144921797665
841,1.7540000000000002,0.9958144921797665
842,1.7540000000000002,0.9958144921797665
843,1.7540000000000002,0.9958144921797665
844,1.7540000000000002,0.9958144921797665
845,1.7540000000000002,0.9958144921797665
846,1.7540000000000002,0.9958144921797665
847,1.7540000000000002,0.9958144921797665
848,1.7540000000000002,0.9958144921797665
849,1.7540000000000002,0.9958144921797665
850,1.7540000000000002,0.9958144921797665
851,1.7540000000000002,0.9958144921797665
852,1.7540000000000002,0.9958144921797665
853,1.7540000000000002,0.9958144921797665
854,1.7540000000000002,0.9958144921797665
855,1.7540000000000002,0.9958144921797665
856,1.7540000000000002,0.9958144921797665
857,1.7540000000000002,0.9958144921797665
858,1.7540000000000002,0.9958144921797665
859,1.7540000000000002,0.9958144921797665
860,1.7540000000000002,0.9958144921797665
861,1.7540000000000002,0.9958144921797665
862,1.7540000000000002,0.9958144921797665
863,1.7540000000000002,0.9958144921797665
864,1.7540000000000002,0.9958144921797665
865,1.7540000000000002,0.9958144921797665
866,1.7540000000000002,0.9958144921797665
867,1.7540000000000002,0.9958144921797665
868,1.7540000000000002,0.9958144921797665
869,1.7540000000000002,0.9958144921797665
870,1.7540000000000002,0.9958144921797665
871,1.7540000000000002,0.9958144921797665
872,1.7540000000000002,0.9958144921797665
873,1.7540000000000002,0.9958144921797665
874,1.7540000000000002,0.9958144921797665
875,1.7540000000000002,0.9958144921797665
876,1.7540000000000002,0.9958144921797665
877,1.7540000000000002,0.9958144921797665
878,1.7540000000000002,0.9958144921797665
879,1.7540000000000002,0.9958144921797665
880,1.7540000000000002,0.9958144921797665
881,1.7540000000000002,0.9958144921797665
882,1.7540000000000002,0.9958144921797665
883,1.7540000000000002,0.9958144921797665
884,1.7540000000000002,0.9958144921797665
885,1.7540000000000002,0.9958144921797665
886,1.7540000000000002,0.9958144921797665
887,1.7540000000000002,0.9958144921797665
888,1.7540000000000002,0.9958144921797665
889,1.7540000000000002,0.9958144921797665
890,1.7540000000000002,0.9958144921797665
891,1.7540000000000002,0.9958144921797665
892,1.7540000000000002,0.9958144921797665
893,1.7540000000000002,0.9958144921797665
894,1.7540000000000002,0.9958144921797665
895,1.7540000000000002,0.9958144921797665
896,1.7540000000000002,0.9958144921797665
897,1.7540000000000002,0.9958144921797665
898,1.7540000000000002,0.9958144921797665
899,1.7540000000000002,0.9958144921797665
900,1.7540000000000002,0.9958144921797665
901,1.7540000000000002,0.9958144921797665
902,1.7540000000000002,0.9958144921797665
903,1.7540000000000002,0.9958144921797665
904,1.7540000000000002,0.9958144921797665
905,1.7540000000000002,0.9958144921797665
906,1.7540000000000002,0.9958144921797665
907,1.7540000000000002,0.9958144921797665
908,1.7540000000000002,0.9958144921797665
909,1.7540000000000002,0.9958144921797665
910,1.7540000000000002,0.9958144921797665
911,1.7540000000000002,0.9958144921797665
912,1.7540000000000002,0.9958144921797665
913,1.7540000000000002,0.9958144921797665
914,1.7540000000000002,0.9958144921797665
915,1.7540000000000002,0.9958144921797665
916,1.7540000000000002,0.9958144921797665
917,1.7540000000000002,0.9958144921797665
918,1.7540000000000002,0.9958144921797665
919,1.7540000000000002,0.9958144921797665
920,1.7540000000000002,0.9958144921797665
921,1.7540000000000002,0.9958144921797665
922,1.7540000000000002,0.9958144921797665
923,1.7540000000000002,0.9958144921797665
924,1.7540000000000002,0.9958144921797665
925,1.7540000000000002,0.9958144921797665
926,1.7540000000000002,0.9958144921797665
927,1.7540000000000002,0.9958144921797665
928,1.7540000000000002,0.9958144921797665
929,1.7540000000000002,0.9958144921797665
930,1.7540000000000002,0.9958144921797665
931,1.7540000000000002,0.9958144921797665
932,1.7540000000000002,0.9958144921797665
933,1.7540000000000002,0.9958144921797665
934,1.7540000000000002,0.9958144921797665
935,1.7540000000000002,0.9958144921797665
936,1.7540000000000002,0.9958144921797665
937,1.7540000000000002,0.9958144921797665
938,1.7540000000000002,0.9958144921797665
939,1.7540000000000002,0.9958144921797665
940,1.7540000000000002,0.9958144921797665
941,1.7540000000000002,0.9958144921797665
942,1.7540000000000002,0.9958144921797665
943,1.7540000000000002,0.9958144921797665
944,1.7540000000000002,0.9958144921797665
945,1.7540000000000002,0.9958144921797665
946,1.7540000000000002,0.9958144921797665
947,1.7540000000000002,0.9958144921797665
948,1.7540000000000002,0.9958144921797665
949,1.7540000000000002,0.9958144921797665
950,1.7540000000000002,0.9958144921797665
951,1.7540000000000002,0.9958144921797665
952,1.7540000000000002,0.9958144921797665
953,1.7540000000000002,0.9958144921797665
954,1.7540000000000002,0.9958144921797665
955,1.7540000000000002,0.9958144921797665
956,1.7540000000000002,0.9958144921797665
957,1.7540000000000002,0.9958144921797665
958,1.7540000000000002,0.9958144921797665
959,1.7540000000000002,0.9958144921797665
960,1.7540000000000002,0.9958144921797665
961,1.7540000000000002,0.9958144921797665
962,1.7540000000000002,0.9958144921797665
963,1.7540000000000002,0.9958144921797665
964,1.7540000000000002,0.9958144921797665
965,1.7540000000000002,0.9958144921797665
966,1.7540000000000002,0.9958144921797665
967,1.7540000000000002,0.9958144921797665
968,1.7540000000000002,0.9958144921797665
969,1.7540000000000002,0.9958144921797665
970,1.7540000000000002,0.9958144921797665
971,1.7540000000000002,0.9958144921797665
972,1.7540000000000002,0.9958144921797665
973,1.7540000000000002,0.9958144921797665
974,1.7540000000000002,0.9958144921797665
975,1.7540000000000002,0.9958144921797665
976,1.7540000000000002,0.9958144921797665
977,1.7540000000000002,0.9958144921797665
978,1.7540000000000002,0.9958144921797665
979,1.7540000000000002,0.9958144921797665
980,1.7540000000000002,0.9958144921797665
981,1.7540000000000002,0.9958144921797665
982,1.7540000000000002,0.9958144921797665
983,1.7540000000000002,0.9958144921797665
984,1.7540000000000002,0.9958144921797665
985,1.7540000000000002,0.9958144921797665
986,1.7540000000000002,0.9958144921797665
987,1.7540000000000002,0.9958144921797665
988,1.7540000000000002,0.9958144921797665
989,1.7540000000000002,0.9958144921797665
990,1.7540000000000002,0.9958144921797665
991,1.7540000000000002,0.9958144921797665
992,1.7540000000000002,0.9958144921797665
993,1.7540000000000002,0.9958144921797665
994,1.7540000000000002,0.9958144921797665
995,1.7540000000000002,0.9958144921797665
996,1.7540000000000002,0.9958144921797665
997,1.7540000000000002,0.9958144921797665
998,1.7540000000000002,0.9958144921797665
999,1.7540000000000002,0.9958144921797665
1000,1.7540000000000002,0.9958144921797665
1001,1.7540000000000002,0.9958144921797665
1002,1.7540000000000002,0.9958144921797665
1003,1.7540000000000002,0.9958144921797665
1004,1.7540000000000002,0.9958144921797665
1005,1.7540000000000002,0.9958144921797665
1006,1.7540000000000002,0.9958144921797665
1007,1.7540000000000002,0.9958144921797665
1008,1.7540000000000002,0.9958144921797665
1009,1.7540000000000002,0.9958144921797665
1010,1.7540000000000002,0.9958144921797665
1011,1.7540000000000002,0.9958144921797665
1012,1.7540000000000002,0.9958144921797665
1013,1.7540000000000002,0.9958144921797665
1014,1.7540000000000002,0.9958144921797665
1015,1.7540000000000002,0.9958144921797665
1016,1.7540000000000002,0.9958144921797665
1017,1.7540000000000002,0.9958144921797665
1018,1.7540000000000002,0.9958144921797665
1019,1.7540000000000002,0.9958144921797665
1020,1.7540000000000002,0.9958144921797665
1021,1.7540000000000002,0.9958144921797665
1022,1.7540000000000002,0.9958144921797665
1023,1.7540000000000002,0.9958144921797665
1024,1.7540000000000002,0.9958144921797665
1025,1.7540000000000002,0.9958144921797665
1026,1.7540000000000002,0.9958144921797665
1027,1.6400000000000001,0.9958144921797665
1028,1.6400000000000001,0.9958144921797665
1029,1.6400000000000001,0.9958144921797665
1030,1.6400000000000001,0.9958144921797665
1031,1.6400000000000001,0.9958144921797665
1032,1.6400000000000001,0.9958144921797665
1033,1.6400000000000001,0.9958144921797665
1034,1.6400000000000001,0.9958144921797665
1035,1.6400000000000001,0.9958144921797665
1036,1.6400000000000001,0.9958144921797665
1037,1.6400000000000001,0.9958144921797665
1038,1.6400000000000001,0.9958144921797665
1039,1.6400000000000001,0.9958144921797665
1040,1.6400000000000001,0.9958144921797665
1041,1.6400000000000001,0.9958144921797665
1042,1.6400000000000001,0.9958144921797665
1043,1.6400000000000001,0.9958144921797665
1044,1.6400000000000001,0.9958144921797665
1045,1.6400000000000001,0.9958144921797665
1046,1.6400000000000001,0.9958144921797665
1047,1.6400000000000001,0.9958144921797665
1048,1.6400000000000001,0.9958144921797665
1049,1.6400000000000001,0.9958144921797665
1050,1.6400000000000001,0.9958144921797665
1051,1.6400000000000001,0.9958144921797665
1052,1.6400000000000001,0.9958144921797665
1053,1.6400000000000001,0.9958144921797665
1054,1.6400000000000001,0.9958144921797665
1055,1.6400000000000001,0.9958144921797665
1056,1.6400000000000001,0.9958144921797665
1057,1.6400000000000001,0.9958144921797665
1058,1.6400000000000001,0.9958144921797665
1059,1.6400000000000001,0.9958144921797665
1060,1.6400000000000001,0.9958144921797665
1061,1.6400000000000001,0.9958144921797665
1062,1.6400000000000001,0.9958144921797665
1063,1.6400000000000001,0.9958144921797665
1064,1.6400000000000001,0.9958144921797665
1065,1.6400000000000001,0.9958144921797665
1066,1.6400000000000001,0.9958144921797665
1067,1.6400000000000001,0.9958144921797665
1068,1.6400000000000001,0.9958144921797665
1069,1.6400000000000001,0.9958144921797665
1070,1.6400000000000001,0.9958144921797665
1071,1.6400000000000001,0.9958144921797665
1072,1.6400000000000001,0.9958144921797665
1073,1.6400000000000001,0.9958144921797665
1074,1.6400000000000001,0.9958144921797665
1075,1.6400000000000001,0.9958144921797665
1076,1.6400000000000001,0.9958144921797665
1077,1.6400000000000001,0.9958144921797665
1078,1.6400000000000001,0.9958144921797665
1079,1.6400000000000001,0.9958144921797665
1080,1.6400000000000001,0.9958144921797665
1081,1.6400000000000001,0.9958144921797665
1082,1.6400000000000001,0.9958144921797665
1083,1.6400000000000001,0.9958144921797665
1084,1.6400000000000001,0.9958144921797665
1085,1.6400000000000001,0.9958144921797665
1086,1.6400000000000001,0.9958144921797665
1087,1.6400000000000001,0.9958144921797665
1088,1.6400000000000001,0.9958144921797665
1089,1.6400000000000001,0.9958144921797665
1090,1.6400000000000001,0.9958144921797665
1091,1.6400000000000001,0.9958144921797665
1092,1.6400000000000001,0.9958144921797665
1093,1.6400000000000001,0.9958144921797665
1094,1.6400000000000001,0.9958144921797665
1095,1.6400000000000001,0.9958144921797665
1096,1.6400000000000001,0.9958144921797665
1097,1.6400000000000001,0.9958144921797665
1098,1.6400000000000001,0.9958144921797665
1099,1.6400000000000001,0.9958144921797665
1100,1.6400000000000001,0.9958144921797665
1101,1.6400000000000001,0.9958144921797665
1102,1.6400000000000001,0.9958144921797665
1103,1.6400000000000001,0.9958144921797665
1104,1.6400000000000001,0.9958144921797665
1105,1.6400000000000001,0.9958144921797665
1106,1.6400000000000001,0.9958144921797665
1107,1.6400000000000001,0.9958144921797665
1108,1.6400000000000001,0.9958144921797665
1109,1.6400000000000001,0.9958144921797665
1110,1.6400000000000001,0.9958144921797665
1111,1.6400000000000001,0.9958144921797665
1112,1.6400000000000001,0.9958144921797665
1113,1.6400000000000001,0.9958144921797665
1114,1.6400000000000001,0.9958144921797665
1115,1.6400000000000001,0.9958144921797665
1116,1.6400000000000001,0.9958144921797665
1117,1.6400000000000001,0.9958144921797665
1118,1.6400000000000001,0.9958144921797665
1119,1.6400000000000001,0.9958144921797665
1120,1.6400000000000001,0.9958144921797665
1121,1.6400000000000001,0.9958144921797665
1122,1.6400000000000001,0.9958144921797665
1123,1.6400000000000001,0.9958144921797665
1124,1.6400000000000001,0.9958144921797665
1125,1.6400000000000001,0.9958144921797665
1126,1.6400000000000001,0.9958144921797665
1127,1.6400000000000001,0.9958144921797665
1128,1.6400000000000001,0.9958144921797665
1129,1.6400000000000001,0.9958144921797665
1130,1.6400000000000001,0.9958144921797665
1131,1.6400000000000001,0.9958144921797665
1132,1.6400000000000001,0.9958144921797665
1133,1.6400000000000001,0.9958144921797665
1134,1.6400000000000001,0.9958144921797665
1135,1.6400000000000001,0.9958144921797665
1136,1.6400000000000001,0.9958144921797665
1137,1.6400000000000001,0.9958144921797665
1138,1.6400000000000001,0.9958144921797665
1139,1.6400000000000001,0.9958144921797665
1140,1.6400000000000001,0.9958144921797665
1141,1.6400000000000001,0.9958144921797665
1142,1.6400000000000001,0.9958144921797665
1143,1.6400000000000001,0.9958144921797665
1144,1.6400000000000001,0.9958144921797665
1145,1.6400000000000001,0.9958144921797665
1146,1.6400000000000001,0.9958144921797665
1147,1.6400000000000001,0.9958144921797665
1148,1.6400000000000001,0.9958144921797665
1149,1.6400000000000001,0.9958144921797665
1150,1.6400000000000001,0.9958144921797665
1151,1.6400000000000001,0.9958144921797665
1152,1.6400000000000001,0.9958144921797665
1153,1.6400000000000001,0.9958144921797665
1154,1.6400000000000001,0.9958144921797665
1155,1.6400000000000001,0.9958144921797665
1156,1.6400000000000001,0.9958144921797665
1157,1.6400000000000001,0.9958144921797665
1158,1.6400000000000001,0.9958144921797665
1159,1.6400000000000001,0.9958144921797665
1160,1.6400000000000001,0.9958144921797665
1161,1.6400000000000001,0.9958144921797665
1162,1.6400000000000001,0.9958144921797665
1163,1.6400000000000001,0.9958144921797665
1164,1.6400000000000001,0.9958144921797665
1165,1.6400000000000001,0.9958144921797665
1166,1.6400000000000001,0.9958144921797665
1167,1.6400000000000001,0.9958144921797665
1168,1.6400000000000001,0.9958144921797665
1169,1.6400000000000001,0.9958144921797665
1170,1.6400000000000001,0.9958144921797665
1171,1.6400000000000001,0.9958144921797665
1172,1.6400000000000001,0.9958144921797665
1173,1.6400000000000001,0.9958144921797665
1174,1.6400000000000001,0.9958144921797665
1175,1.6400000000000001,0.9958144921797665
1176,1.6400000000000001,0.9958144921797665
1177,1.6400000000000001,0.9958144921797665
1178,1.6400000000000001,0.9958144921797665
1179,1.6400000000000001,0.9958144921797665
1180,1.6400000000000001,0.9958144921797665
1181,1.6400000000000001,0.9958144921797665
1182,1.6400000000000001,0.9958144921797665
1183,1.6400000000000001,0.9958144921797665
1184,1.6400000000000001,0.9958144921797665
1185,1.6400000000000001,0.9958144921797665
1186,1.6400000000000001,0.9958144921797665
1187,1.6400000000000001,0.9958144921797665
1188,1.6400000000000001,0.9958144921797665
1189,1.6400000000000001,0.9958144921797665
1190,1.6400000000000001,0.9958144921797665
1191,1.6400000000000001,0.9958144921797665
1192,1.6400000000000001,0.9958144921797665
1193,1.6400000000000001,0.9958144921797665
1194,1.6400000000000001,0.9958144921797665
1195,1.6400000000000001,0.9958144921797665
1196,1.6400000000000001,0.9958144921797665
1197,1.6400000000000001,0.9958144921797665
1198,1.6400000000000001,0.9958144921797665
1199,1.6400000000000001,0.9958144921797665
1200,1.6400000000000001,0.9958144921797665
1201,1.6400000000000001,0.9958144921797665
1202,1.6400000000000001,0.9958144921797665
1203,1.6400000000000001,0.9958144921797665
1204,1.6400000000000001,0.9958144921797665
1205,1.6400000000000001,0.9958144921797665
1206,1.6400000000000001,0.9958144921797665
1207,1.6400000000000001,0.9958144921797665
1208,1.6400000000000001,0.9958144921797665
1209,1.6400000000000001,0.9958144921797665
1210,1.6400000000000001,0.9958144921797665
1211,1.6400000000000001,0.9958144921797665
1212,1.6400000000000001,0.9958144921797665
1213,1.6400000000000001,0.9958144921797665
1214,1.6400000000000001,0.9958144921797665
1215,1.6400000000000001,0.9958144921797665
1216,1.6400000000000001,0.9958144921797665
1217,1.6400000000000001,0.9958144921797665
1218,1.6400000000000001,0.9958144921797665
1219,1.6400000000000001,0.9958144921797665
1220,1.6400000000000001,0.9958144921797665
1221,1.6400000000000001,0.9958144921797665
1222,1.6400000000000001,0.9958144921797665
1223,1.6400000000000001,0.9958144921797665
1224,1.6400000000000001,0.9958144921797665
1225,1.6400000000000001,0.9958144921797665
1226,1.6400000000000001,0.9958144921797665
1227,1.6400000000000001,0.9958144921797665
1228,1.6400000000000001,0.9958144921797665
1229,1.6400000000000001,0.9958144921797665
1230,1.6400000000000001,0.9958144921797665
1231,1.6400000000000001,0.9958144921797665
1232,1.6400000000000001,0.9958144921797665
1233,1.6400000000000001,0.9958144921797665
1234,1.6400000000000001,0.9958144921797665
1235,1.6400000000000001,0.9958144921797665
1236,1.6400000000000001,0.9958144921797665
1237,1.6400000000000001,0.9958144921797665
1238,1.6400000000000001,0.9958144921797665
1239,1.6400000000000001,0.9958144921797665
1240,1.6400000000000001,0.9958144921797665
1241,1.6400000000000001,0.9958144921797665
1242,1.6400000000000001,0.9958144921797665
1243,1.6400000000000001,0.9958144921797665
1244,1.6400000000000001,0.9958144921797665
1245,1.6400000000000001,0.9958144921797665
1246,1.6400000000000001,0.9958144921797665
1247,1.6400000000000001,0.9958144921797665
1248,1.6400000000000001,0.9958144921797665
1249,1.6400000000000001,0.9958144921797665
1250,1.6400000000000001,0.9958144921797665
1251,1.6400000000000001,0.9958144921797665
1252,1.6400000000000001,0.9958144921797665
1253,1.6400000000000001,0.9958144921797665
1254,1.6400000000000001,0.9958144921797665
1255,1.6400000000000001,0.9958144921797665
1256,1.6400000000000001,0.9958144921797665
1257,1.6400000000000001,0.9958144921797665
1258,1.6400000000000001,0.9958144921797665
1259,1.6400000000000001,0.9958144921797665
1260,1.6400000000000001,0.9958144921797665
1261,1.6400000000000001,0.9958144921797665
1262,1.6400000000000001,0.9958144921797665
1263,1.6400000000000001,0.9958144921797665
1264,1.6400000000000001,0.9958144921797665
1265,1.6400000000000001,0.9958144921797665
1266,1.6400000000000001,0.9958144921797665
1267,1.6400000000000001,0.9958144921797665
1268,1.6400000000000001,0.9958144921797665
1269,1.6400000000000001,0.9958144921797665
1270,1.6400000000000001,0.9958144921797665
1271,1.6400000000000001,0.9958144921797665
1272,1.6400000000000001,0.9958144921797665
1273,1.6400000000000001,0.9958144921797665
1274,1.6400000000000001,0.9958144921797665
1275,1.6400000000000001,0.9958144921797665
1276,1.6400000000000001,0.9958144921797665
1277,1.6400000000000001,0.9958144921797665
1278,1.6400000000000001,0.9958144921797665
1279,1.6400000000000001,0.9958144921797665
1280,1.6400000000000001,0.9958144921797665
1281,1.6400000000000001,0.9958144921797665
1282,1.6400000000000001,0.9958144921797665
1283,1.6400000000000001,0.9958144921797665
1284,1.6400000000000001,0.9958144921797665
1285,1.6400000000000001,0.9958144921797665
1286,1.6400000000000001,0.9958144921797665
1287,1.6400000000000001,0.9958144921797665
1288,1.6400000000000001,0.9958144921797665
1289,1.6400000000000001,0.9958144921797665
1290,1.6400000000000001,0.9958144921797665
1291,1.6400000000000001,0.9958144921797665
1292,1.6400000000000001,0.9958144921797665
1293,1.6400000000000001,0.9958144921797665
1294,1.6400000000000001,0.9958144921797665
1295,1.6400000000000001,0.9958144921797665
1296,1.6400000000000001,0.9958144921797665
1297,1.6400000000000001,0.9958144921797665
1298,1.6400000000000001,0.9958144921797665
1299,1.6400000000000001,0.9958144921797665
1300,1.6400000000000001,0.9958144921797665
1301,1.6400000000000001,0.9958144921797665
1302,1.6400000000000001,0.9958144921797665
1303,1.6400000000000001,0.9958144921797665
1304,1.6400000000000001,0.9958144921797665
1305,1.6400000000000001,0.9958144921797665
1306,1.6400000000000001,0.9958144921797665
1307,1.6400000000000001,0.9958144921797665
1308,1.6400000000000001,0.9958144921797665
1309,1.6400000000000001,0.9958144921797665
1310,1.6400000000000001,0.9958144921797665
1311,1.6400000000000001,0.9958144921797665
1312,1.6400000000000001,0.9958144921797665
1313,1.6400000000000001,0.9958144921797665
1314,1.6400000000000001,0.9958144921797665
1315,1.6400000000000001,0.9958144921797665
1316,1.6400000000000001,0.9958144921797665
1317,1.6400000000000001,0.9958144921797665
1318,1.6400000000000001,0.9958144921797665
1319,1.6400000000000001,0.9958144921797665
1320,1.6400000000000001,0.9958144921797665
1321,1.6400000000000001,0.9958144921797665
1322,1.6400000000000001,0.9958144921797665
1323,1.6400000000000001,0.9958144921797665
1324,1.6400000000000001,0.9958144921797665
1325,1.6400000000000001,0.9958144921797665
1326,1.6400000000000001,0.9958144921797665
1327,1.6400000000000001,0.9958144921797665
1328,1.6400000000000001,0.9958144921797665
1329,1.6400000000000001,0.9958144921797665
1330,1.6400000000000001,0.9958144921797665
1331,1.6400000000000001,0.9958144921797665
1332,1.6400000000000001,0.9958144921797665
1333,1.6400000000000001,0.9958144921797665
1334,1.6400000000000001,0.9958144921797665
1335,1.6400000000000001,0.9958144921797665
1336,1.6400000000000001,0.9958144921797665
1337,1.6400000000000001,0.9958144921797665
1338,1.6400000000000001,0.9958144921797665
1339,1.6400000000000001,0.9958144921797665
1340,1.6400000000000001,0.9958144921797665
1341,1.6400000000000001,0.9958144921797665
1342,1.6400000000000001,0.9958144921797665
1343,1.6400000000000001,0.9958144921797665
1344,1.6400000000000001,0.9958144921797665
1345,1.6400000000000001,0.9958144921797665
1346,1.6400000000000001,0.9958144921797665
1347,1.6400000000000001,0.9958144921797665
1348,1.6400000000000001,0.9958144921797665
1349,1.6400000000000001,0.9958144921797665
1350,1.6400000000000001,0.9958144921797665
1351,1.6400000000000001,0.9958144921797665
1352,1.6400000000000001,0.9958144921797665
1353,1.6400000000000001,0.9958144921797665
1354,1.6400000000000001,0.9958144921797665
1355,1.6400000000000001,0.9958144921797665
1356,1.6400000000000001,0.9958144921797665
1357,1.6400000000000001,0.9958144921797665
1358,1.6400000000000001,0.9958144921797665
1359,1.6400000000000001,0.9958144921797665
1360,1.6400000000000001,0.9958144921797665
1361,1.6400000000000001,0.9958144921797665
1362,1.6400000000000001,0.9958144921797665
1363,1.6400000000000001,0.9958144921797665
1364,1.6400000000000001,0.9958144921797665
1365,1.6400000000000001,0.9958144921797665
1366,1.6400000000000001,0.9958144921797665
1367,1.6400000000000001,0.9958144921797665
1368,1.6400000000000001,0.9958144921797665
1369,1.6400000000000001,0.9958144921797665
1370,1.6400000000000001,0.9958144921797665
1371,1.6400000000000001,0.9958144921797665
1372,1.6400000000000001,0.9958144921797665
1373,1.6400000000000001,0.9958144921797665
1374,1.6400000000000001,0.9958144921797665
1375,1.6400000000000001,0.9958144921797665
1376,1.6400000000000001,0.9958144921797665
1377,1.6400000000000001,0.9958144921797665
1378,1.6400000000000001,0.9958144921797665
1379,1.6400000000000001,0.9958144921797665
1380,1.6400000000000001,0.9958144921797665
1381,1.6400000000000001,0.9958144921797665
1382,1.6400000000000001,0.9958144921797665
1383,1.6400000000000001,0.9958144921797665
1384,1.6400000000000001,0.9958144921797665
1385,1.6400000000000001,0.9958144921797665
1386,1.6400000000000001,0.9958144921797665
1387,1.6400000000000001,0.9958144921797665
1388,1.6400000000000001,0.9958144921797665
1389,1.6400000000000001,0.9958144921797665
1390,1.6400000000000001,0.9958144921797665
1391,1.6400000000000001,0.9958144921797665
1392,1.6400000000000001,0.9958144921797665
1393,1.6400000000000001,0.9958144921797665
1394,1.6400000000000001,0.9958144921797665
1395,1.6400000000000001,0.9958144921797665
1396,1.6400000000000001,0.9958144921797665
1397,1.6400000000000001,0.9958144921797665
1398,1.6400000000000001,0.9958144921797665
1399,1.6400000000000001,0.9958144921797665
1400,1.6400000000000001,0.9958144921797665
1401,1.6400000000000001,0.9958144921797665
1402,1.6400000000000001,0.9958144921797665
1403,1.6400000000000001,0.9958144921797665
1404,1.6400000000000001,0.9958144921797665
1405,1.6400000000000001,0.9958144921797665
1406,1.6400000000000001,0.9958144921797665
1407,1.6400000000000001,0.9958144921797665
1408,1.6400000000000001,0.9958144921797665
1409,1.6400000000000001,0.9958144921797665
1410,1.6400000000000001,0.9958144921797665
1411,1.6400000000000001,0.9958144921797665
1412,1.6400000000000001,0.9958144921797665
1413,1.6400000000000001,0.9958144921797665
1414,1.6400000000000001,0.9958144921797665
1415,1.6400000000000001,0.9958144921797665
1416,1.6400000000000001,0.9958144921797665
1417,1.6400000000000001,0.9958144921797665
1418,1.6400000000000001,0.9958144921797665
1419,1.6400000000000001,0.9958144921797665
1420,1.6400000000000001,0.9958144921797665
1421,1.6400000000000001,0.9958144921797665
1422,1.6400000000000001,0.9958144921797665
1423,1.6400000000000001,0.9958144921797665
1424,1.6400000000000001,0.9958144921797665
1425,1.6400000000000001,0.9958144921797665
1426,1.6400000000000001,0.9958144921797665
1427,1.6400000000000001,0.9958144921797665
1428,1.6400000000000001,0.9958144921797665
1429,1.6400000000000001,0.9958144921797665
1430,1.6400000000000001,0.9958144921797665
1431,1.6400000000000001,0.9958144921797665
1432,1.6400000000000001,0.9958144921797665
1433,1.6400000000000001,0.9958144921797665
1434,1.6400000000000001,0.9958144921797665
1435,1.6400000000000001,0.9958144921797665
1436,1.6400000000000001,0.9958144921797665
1437,1.6400000000000001,0.9958144921797665
1438,1.6400000000000001,0.9958144921797665
1439,1.6400000000000001,0.9958144921797665
1440,1.6400000000000001,0.9958144921797665
1441,1.6400000000000001,0.9958144921797665
1442,1.6400000000000001,0.9958144921797665
1443,1.6400000000000001,0.9958144921797665
1444,1.6400000000000001,0.9958144921797665
1445,1.6400000000000001,0.9958144921797665
1446,1.6400000000000001,0.9958144921797665
1447,1.6400000000000001,0.9958144921797665
1448,1.6400000000000001,0.9958144921797665
1449,1.6400000000000001,0.9958144921797665
1450,1.6400000000000001,0.9958144921797665
1451,1.6400000000000001,0.9958144921797665
1452,1.6400000000000001,0.9958144921797665
1453,1.6400000000000001,0.9958144921797665
1454,1.6400000000000001,0.9958144921797665
1455,1.6400000000000001,0.9958144921797665
1456,1.6400000000000001,0.9958144921797665
1457,1.6400000000000001,0.9958144921797665
1458,1.6400000000000001,0.9958144921797665
1459,1.6400000000000001,0.9958144921797665
1460,1.6400000000000001,0.9958144921797665
1461,1.6400000000000001,0.9958144921797665
1462,1.6400000000000001,0.9958144921797665
1463,1.6400000000000001,0.9958144921797665
1464,1.6400000000000001,0.9958144921797665
1465,1.6400000000000001,0.9958144921797665
1466,1.6400000000000001,0.9958144921797665
1467,1.6400000000000001,0.9958144921797665
1468,1.6400000000000001,0.9958144921797665
1469,1.6400000000000001,0.9958144921797665
1470,1.6400000000000001,0.9958144921797665
1471,1.6400000000000001,0.9958144921797665
1472,1.6400000000000001,0.9958144921797665
1473,1.6400000000000001,0.9958144921797665
1474,1.6400000000000001,0.9958144921797665
1475,1.6400000000000001,0.9958144921797665
1476,1.6400000000000001,0.9958144921797665
1477,1.6400000000000001,0.9958144921797665
1478,1.6400000000000001,0.9958144921797665
1479,1.6400000000000001,0.9958144921797665
1480,1.6400000000000001,0.9958144921797665
1481,1.6400000000000001,0.9958144921797665
1482,1.6400000000000001,0.9958144921797665
1483,1.6400000000000001,0.9958144921797665
1484,1.6400000000000001,0.9958144921797665
1485,1.6400000000000001,0.9958144921797665
1486,1.6400000000000001,0.9958144921797665
1487,1.6400000000000001,0.9958144921797665
1488,1.6400000000000001,0.9958144921797665
1489,1.6400000000000001,0.9958144921797665
1490,1.6400000000000001,0.9958144921797665
1491,1.6400000000000001,0.9958144921797665
1492,1.6400000000000001,0.9958144921797665
1493,1.6400000000000001,0.9958144921797665
1494,1.6400000000000001,0.9958144921797665
1495,1.6400000000000001,0.9958144921797665
1496,1.6400000000000001,0.9958144921797665
1497,1.6400000000000001,0.9958144921797665
1498,1.6400000000000001,0.9958144921797665
1499,1.6400000000000001,0.9958144921797665
1500,1.6400000000000001,0.9958144921797665
1501,1.6400000000000001,0.9958144921797665
1502,1.6400000000000001,0.9958144921797665
1503,1.6400000000000001,0.9958144921797665
1504,1.6400000000000001,0.9958144921797665
1505,1.6400000000000001,0.9958144921797665
1506,1.6400000000000001,0.9958144921797665
1507,1.6400000000000001,0.9958144921797665
1508,1.6400000000000001,0.9958144921797665
1509,1.6400000000000001,0.9958144921797665
1510,1.6400000000000001,0.9958144921797665
1511,1.6400000000000001,0.9958144921797665
1512,1.6400000000000001,0.9958144921797665
1513,1.6400000000000001,0.9958144921797665
1514,1.6400000000000001,0.9958144921797665
1515,1.6400000000000001,0.9958144921797665
1516,1.6400000000000001,0.9958144921797665
1517,1.6400000000000001,0.9958144921797665
1518,1.6400000000000001,0.9958144921797665
1519,1.6400000000000001,0.9958144921797665
1520,1.6400000000000001,0.9958144921797665
1521,1.6400000000000001,0.9958144921797665
1522,1.6400000000000001,0.9958144921797665
1523,1.6400000000000001,0.9958144921797665
1524,1.6400000000000001,0.9958144921797665
1525,1.6400000000000001,0.9958144921797665
1526,1.6400000000000001,0.9958144921797665
1527,1.6400000000000001,0.9958144921797665
1528,1.6400000000000001,0.9958144921797665
1529,1.6400000000000001,0.9958144921797665
1530,1.6400000000000001,0.9958144921797665
1531,1.6400000000000001,0.9958144921797665
1532,1.6400000000000001,0.9958144921797665
1533,1.6400000000000001,0.9958144921797665
1534,1.6400000000000001,0.9958144921797665
1535,1.6400000000000001,0.9958144921797665
1536,1.6400000000000001,0.9958144921797665
1537,1.6400000000000001,0.9958144921797665
1538,1.6400000000000001,0.9958144921797665
1539,1.6400000000000001,0.9958144921797665
1540,1.6400000000000001,0.9958144921797665
1541,1.6400000000000001,0.9958144921797665
1542,1.6400000000000001,0.9958144921797665
1543,1.6400000000000001,0.9958144921797665
1544,1.6400000000000001,0.9958144921797665
1545,1.6400000000000001,0.9958144921797665
1546,1.6400000000000001,0.9958144921797665
1547,1.6400000000000001,0.9958144921797665
1548,1.6400000000000001,0.9958144921797665
1549,1.6400000000000001,0.9958144921797665
1550,1.6400000000000001,0.9958144921797665
1551,1.6400000000000001,0.9958144921797665
1552,1.6400000000000001,0.9958144921797665
1553,1.6400000000000001,0.9958144921797665
1554,1.6400000000000001,0.9958144921797665
1555,1.6400000000000001,0.9958144921797665
1556,1.6400000000000001,0.9958144921797665
1557,1.6400000000000001,0.9958144921797665
1558,1.6400000000000001,0.9958144921797665
1559,1.6400000000000001,0.9958144921797665
1560,1.6400000000000001,0.9958144921797665
1561,1.6400000000000001,0.9958144921797665
1562,1.6400000000000001,0.9958144921797665
1563,1.6400000000000001,0.9958144921797665
1564,1.6400000000000001,0.9958144921797665
1565,1.6400000000000001,0.9958144921797665
1566,1.6400000000000001,0.9958144921797665
1567,1.6400000000000001,0.9958144921797665
1568,1.6400000000000001,0.9958144921797665
1569,1.6400000000000001,0.9958144921797665
1570,1.6400000000000001,0.9958144921797665
1571,1.6400000000000001,0.9958144921797665
1572,1.6400000000000001,0.9958144921797665
1573,1.6400000000000001,0.9958144921797665
1574,1.6400000000000001,0.9958144921797665
1575,1.6400000000000001,0.9958144921797665
1576,1.6400000000000001,0.9958144921797665
1577,1.6400000000000001,0.9958144921797665
1578,1.6400000000000001,0.9958144921797665
1579,1.6400000000000001,0.9958144921797665
1580,1.6400000000000001,0.9958144921797665
1581,1.6400000000000001,0.9958144921797665
1582,1.6400000000000001,0.9958144921797665
1583,1.6400000000000001,0.9958144921797665
1584,1.6400000000000001,0.9958144921797665
1585,1.6400000000000001,0.9958144921797665
1586,1.6400000000000001,0.9958144921797665
1587,1.6400000000000001,0.9958144921797665
1588,1.6400000000000001,0.9958144921797665
1589,1.6400000000000001,0.9958144921797665
1590,1.6400000000000001,0.9958144921797665
1591,1.6400000000000001,0.9958144921797665
1592,1.6400000000000001,0.9958144921797665
1593,1.6400000000000001,0.9958144921797665
1594,1.6400000000000001,0.9958144921797665
1595,1.6400000000000001,0.9958144921797665
1596,1.6400000000000001,0.9958144921797665
1597,1.6400000000000001,0.9958144921797665
1598,1.6400000000000001,0.9958144921797665
1599,1.6400000000000001,0.9958144921797665
1600,1.6400000000000001,0.9958144921797665
1601,1.6400000000000001,0.9958144921797665
1602,1.6400000000000001,0.9958144921797665
1603,1.6400000000000001,0.9958144921797665
1604,1.6400000000000001,0.9958144921797665
1605,1.6400000000000001,0.9958144921797665
1606,1.6400000000000001,0.9958144921797665
1607,1.6400000000000001,0.9958144921797665
1608,1.6400000000000001,0.9958144921797665
1609,1.6400000000000001,0.9958144921797665
1610,1.6400000000000001,0.9958144921797665
1611,1.6400000000000001,0.9958144921797665
1612,1.6400000000000001,0.9958144921797665
1613,1.6400000000000001,0.9958144921797665
1614,1.6400000000000001,0.9958144921797665
1615,1.6400000000000001,0.9958144921797665
1616,1.6400000000000001,0.9958144921797665
1617,1.6400000000000001,0.9958144921797665
1618,1.6400000000000001,0.9958144921797665
1619,1.6400000000000001,0.9958144921797665
1620,1.6400000000000001,0.9958144921797665
1621,1.6400000000000001,0.9958144921797665
1622,1.6400000000000001,0.9958144921797665
1623,1.6400000000000001,0.9958144921797665
1624,1.6400000000000001,0.9958144921797665
1625,1.6400000000000001,0.9958144921797665
1626,1.6400000000000001,0.9958144921797665
1627,1.6400000000000001,0.9958144921797665
1628,1.6400000000000001,0.9958144921797665
1629,1.6400000000000001,0.9958144921797665
1630,1.6400000000000001,0.9958144921797665
1631,1.6400000000000001,0.9958144921797665
1632,1.6400000000000001,0.9958144921797665
1633,1.6400000000000001,0.9958144921797665
1634,1.6400000000000001,0.9958144921797665
1635,1.6400000000000001,0.9958144921797665
1636,1.6400000000000001,0.9958144921797665
1637,1.6400000000000001,0.9958144921797665
1638,1.6400000000000001,0.9958144921797665
1639,1.6400000000000001,0.9958144921797665
1640,1.6400000000000001,0.9958144921797665
1641,1.6400000000000001,0.9958144921797665
1642,1.6400000000000001,0.9958144921797665
1643,1.6400000000000001,0.9958144921797665
1644,1.6400000000000001,0.9958144921797665
1645,1.6400000000000001,0.9958144921797665
1646,1.6400000000000001,0.9958144921797665
1647,1.6400000000000001,0.9958144921797665
1648,1.6400000000000001,0.9958144921797665
1649,1.6400000000000001,0.9958144921797665
1650,1.6400000000000001,0.9958144921797665
1651,1.6400000000000001,0.9958144921797665
1652,1.6400000000000001,0.9958144921797665
1653,1.6400000000000001,0.9958144921797665
1654,1.6400000000000001,0.9958144921797665
1655,1.6400000000000001,0.9958144921797665
1656,1.6400000000000001,0.9958144921797665
1657,1.6400000000000001,0.9958144921797665
1658,1.6400000000000001,0.9958144921797665
1659,1.6400000000000001,0.9958144921797665
1660,1.6400000000000001,0.9958144921797665
1661,1.6400000000000001,0.9958144921797665
1662,1.6400000000000001,0.9958144921797665
1663,1.6400000000000001,0.9958144921797665
1664,1.6400000000000001,0.9958144921797665
1665,1.6400000000000001,0.9958144921797665
1666,1.6400000000000001,0.9958144921797665
1667,1.6400000000000001,0.9958144921797665
1668,1.6400000000000001,0.9958144921797665
1669,1.6400000000000001,0.9958144921797665
1670,1.6400000000000001,0.9958144921797665
1671,1.6400000000000001,0.9958144921797665
1672,1.6400000000000001,0.9958144921797665
1673,1.6400000000000001,0.9958144921797665
1674,1.6400000000000001,0.9958144921797665
1675,1.6400000000000001,0.9958144921797665
1676,1.6400000000000001,0.9958144921797665
1677,1.6400000000000001,0.9958144921797665
1678,1.6400000000000001,0.9958144921797665
1679,1.6400000000000001,0.9958144921797665
1680,1.6400000000000001,0.9958144921797665
1681,1.6400000000000001,0.9958144921797665
1682,1.6400000000000001,0.9958144921797665
1683,1.6400000000000001,0.9958144921797665
1684,1.6400000000000001,0.9958144921797665
1685,1.6400000000000001,0.9958144921797665
1686,1.6400000000000001,0.9958144921797665
1687,1.6400000000000001,0.9958144921797665
1688,1.6400000000000001,0.9958144921797665
1689,1.6400000000000001,0.9958144921797665
1690,1.6400000000000001,0.9958144921797665
1691,1.6400000000000001,0.9958144921797665
1692,1.6190000000000002,0.9958144921797665
1693,1.5050000000000001,0.9958144921797665
1694,1.5050000000000001,0.9958144921797665
1695,1.5050000000000001,0.9958144921797665
1696,1.5050000000000001,0.9958144921797665
1697,1.5050000000000001,0.9958144921797665
1698,1.5050000000000001,0.9958144921797665
1699,1.5050000000000001,0.9958144921797665
1700,1.5050000000000001,0.9958144921797665
1701,1.5050000000000001,0.9958144921797665
1702,1.5050000000000001,0.9958144921797665
1703,1.5050000000000001,0.9958144921797665
1704,1.5050000000000001,0.9958144921797665
1705,1.5050000000000001,0.9958144921797665
1706,1.5050000000000001,0.9958144921797665
1707,1.5050000000000001,0.9958144921797665
1708,1.5050000000000001,0.9958144921797665
1709,1.5050000000000001,0.9958144921797665
1710,1.5050000000000001,0.9958144921797665
1711,1.5050000000000001,0.9958144921797665
1712,1.5050000000000001,0.9958144921797665
1713,1.5050000000000001,0.9958144921797665
1714,1.5050000000000001,0.9958144921797665
1715,1.5050000000000001,0.9958144921797665
1716,1.5050000000000001,0.9958144921797665
1717,1.5050000000000001,0.9958144921797665
1718,1.5050000000000001,0.9958144921797665
1719,1.5050000000000001,0.9958144921797665
1720,1.5050000000000001,0.9958144921797665
1721,1.5050000000000001,0.9958144921797665
1722,1.5050000000000001,0.9958144921797665
1723,1.5050000000000001,0.9958144921797665
1724,1.5050000000000001,0.9958144921797665
1725,1.5050000000000001,0.9958144921797665
1726,1.5050000000000001,0.9958144921797665
1727,1.5050000000000001,0.9958144921797665
1728,1.5050000000000001,0.9958144921797665
1729,1.5050000000000001,0.9958144921797665
1730,1.5050000000000001,0.9958144921797665
1731,1.5050000000000001,0.9958144921797665
1732,1.5050000000000001,0.9958144921797665
1733,1.5050000000000001,0.9958144921797665
1734,1.5050000000000001,0.9958144921797665
1735,1.5050000000000001,0.9958144921797665
1736,1.5050000000000001,0.9958144921797665
1737,1.5050000000000001,0.9958144921797665
1738,1.5050000000000001,0.9958144921797665
1739,1.5050000000000001,0.9958144921797665
1740,1.5050000000000001,0.9958144921797665
1741,1.5050000000000001,0.9958144921797665
1742,1.5050000000000001,0.9958144921797665
1743,1.5050000000000001,0.9958144921797665
1744,1.5050000000000001,0.9958144921797665
1745,1.5050000000000001,0.9958144921797665
1746,1.5050000000000001,0.9958144921797665
1747,1.5050000000000001,0.9958144921797665
1748,1.5050000000000001,0.9958144921797665
1749,1.5050000000000001,0.9958144921797665
1750,1.5050000000000001,0.9958144921797665
1751,1.5050000000000001,0.9958144921797665
1752,1.5050000000000001,0.9958144921797665
1753,1.5050000000000001,0.9958144921797665
1754,1.5050000000000001,0.9958144921797665
1755,1.5050000000000001,0.9958144921797665
1756,1.5050000000000001,0.9958144921797665
1757,1.5050000000000001,0.9958144921797665
1758,1.5050000000000001,0.9958144921797665
1759,1.5050000000000001,0.9958144921797665
1760,1.5050000000000001,0.9958144921797665
1761,1.5050000000000001,0.9958144921797665
1762,1.5050000000000001,0.9958144921797665
1763,1.5050000000000001,0.9958144921797665
1764,1.5050000000000001,0.9958144921797665
1765,1.5050000000000001,0.9958144921797665
1766,1.5050000000000001,0.9958144921797665
1767,1.5050000000000001,0.9958144921797665
1768,1.5050000000000001,0.9958144921797665
1769,1.5050000000000001,0.9958144921797665
1770,1.5050000000000001,0.9958144921797665
1771,1.5050000000000001,0.9958144921797665
1772,1.5050000000000001,0.9958144921797665
1773,1.5050000000000001,0.9958144921797665
1774,1.5050000000000001,0.9958144921797665
1775,1.5050000000000001,0.9958144921797665
1776,1.5050000000000001,0.9958144921797665
1777,1.5050000000000001,0.9958144921797665
1778,1.5050000000000001,0.9958144921797665
1779,1.5050000000000001,0.9958144921797665
1780,1.5050000000000001,0.9958144921797665
1781,1.5050000000000001,0.9958144921797665
1782,1.5050000000000001,0.9958144921797665
1783,1.5050000000000001,0.9958144921797665
1784,1.5050000000000001,0.9958144921797665
1785,1.5050000000000001,0.9958144921797665
1786,1.5050000000000001,0.9958144921797665
1787,1.5050000000000001,0.9958144921797665
1788,1.5050000000000001,0.9958144921797665
1789,1.5050000000000001,0.9958144921797665
1790,1.5050000000000001,0.9958144921797665
1791,1.5050000000000001,0.9958144921797665
1792,1.5050000000000001,0.9958144921797665
1793,1.5050000000000001,0.9958144921797665
1794,1.5050000000000001,0.9958144921797665
1795,1.5050000000000001,0.9958144921797665
1796,1.5050000000000001,0.9958144921797665
1797,1.5050000000000001,0.9958144921797665
1798,1.5050000000000001,0.9958144921797665
1799,1.5050000000000001,0.9958144921797665
1800,1.5050000000000001,0.9958144921797665
1801,1.5050000000000001,0.9958144921797665
1802,1.5050000000000001,0.9958144921797665
1803,1.5050000000000001,0.9958144921797665
1804,1.5050000000000001,0.9958144921797665
1805,1.5050000000000001,0.9958144921797665
1806,1.5050000000000001,0.9958144921797665
1807,1.5050000000000001,0.9958144921797665
1808,1.5050000000000001,0.9958144921797665
1809,1.5050000000000001,0.9958144921797665
1810,1.5050000000000001,0.9958144921797665
1811,1.5050000000000001,0.9958144921797665
1812,1.5050000000000001,0.9958144921797665
1813,1.5050000000000001,0.9958144921797665
1814,1.5050000000000001,0.9958144921797665
1815,1.5050000000000001,0.9958144921797665
1816,1.5050000000000001,0.9958144921797665
1817,1.5050000000000001,0.9958144921797665
1818,1.5050000000000001,0.9958144921797665
1819,1.5050000000000001,0.9958144921797665
1820,1.5050000000000001,0.9958144921797665
1821,1.5050000000000001,0.9958144921797665
1822,1.5050000000000001,0.9958144921797665
1823,1.5050000000000001,0.9958144921797665
1824,1.5050000000000001,0.9958144921797665
1825,1.5050000000000001,0.9958144921797665
1826,1.5050000000000001,0.9958144921797665
1827,1.5050000000000001,0.9958144921797665
1828,1.5050000000000001,0.9958144921797665
1829,1.5050000000000001,0.9958144921797665
1830,1.5050000000000001,0.9958144921797665
1831,1.5050000000000001,0.9958144921797665
1832,1.5050000000000001,0.9958144921797665
1833,1.5050000000000001,0.9958144921797665
1834,1.5050000000000001,0.9958144921797665
1835,1.5050000000000001,0.9958144921797665
1836,1.5050000000000001,0.9958144921797665
1837,1.5050000000000001,0.9958144921797665
1838,1.5050000000000001,0.9958144921797665
1839,1.5050000000000001,0.9958144921797665
1840,1.5050000000000001,0.9958144921797665
1841,1.5050000000000001,0.9958144921797665
1842,1.5050000000000001,0.9958144921797665
1843,1.5050000000000001,0.9958144921797665
1844,1.5050000000000001,0.9958144921797665
1845,1.5050000000000001,0.9958144921797665
1846,1.5050000000000001,0.9958144921797665
1847,1.5050000000000001,0.9958144921797665
1848,1.5050000000000001,0.9958144921797665
1849,1.5050000000000001,0.9958144921797665
1850,1.5050000000000001,0.9958144921797665
1851,1.5050000000000001,0.9958144921797665
1852,1.5050000000000001,0.9958144921797665
1853,1.5050000000000001,0.9958144921797665
1854,1.5050000000000001,0.9958144921797665
1855,1.5050000000000001,0.9958144921797665
1856,1.5050000000000001,0.9958144921797665
1857,1.5050000000000001,0.9958144921797665
1858,1.5050000000000001,0.9958144921797665
1859,1.5050000000000001,0.9958144921797665
1860,1.5050000000000001,0.9958144921797665
1861,1.5050000000000001,0.9958144921797665
1862,1.5050000000000001,0.9958144921797665
1863,1.5050000000000001,0.9958144921797665
1864,1.5050000000000001,0.9958144921797665
1865,1.5050000000000001,0.9958144921797665
1866,1.5050000000000001,0.9958144921797665
1867,1.5050000000000001,0.9958144921797665
1868,1.5050000000000001,0.9958144921797665
1869,1.5050000000000001,0.9958144921797665
1870,1.5050000000000001,0.9958144921797665
1871,1.5050000000000001,0.9958144921797665
1872,1.5050000000000001,0.9958144921797665
1873,1.5050000000000001,0.9958144921797665
1874,1.5050000000000001,0.9958144921797665
1875,1.5050000000000001,0.9958144921797665
1876,1.5050000000000001,0.9958144921797665
1877,1.5050000000000001,0.9958144921797665
1878,1.5050000000000001,0.9958144921797665
1879,1.5050000000000001,0.9958144921797665
1880,1.5050000000000001,0.9958144921797665
1881,1.5050000000000001,0.9958144921797665
1882,1.5050000000000001,0.9958144921797665
1883,1.5050000000000001,0.9958144921797665
1884,1.5050000000000001,0.9958144921797665
1885,1.5050000000000001,0.9958144921797665
1886,1.5050000000000001,0.9958144921797665
1887,1.5050000000000001,0.9958144921797665
1888,1.5050000000000001,0.9958144921797665
1889,1.4840000000000002,0.9958144921797665
1890,1.37,0.9958144921797665
1891,1.37,0.9958144921797665
1892,1.37,0.9958144921797665
1893,1.37,0.9958144921797665
1894,1.37,0.9958144921797665
1895,1.37,0.9958144921797665
1896,1.37,0.9958144921797665
1897,1.37,0.9958144921797665
1898,1.37,0.9958144921797665
1899,1.37,0.9958144921797665
1900,1.37,0.9958144921797665
1901,1.37,0.9958144921797665
1902,1.37,0.9958144921797665
1903,1.37,0.9958144921797665
1904,1.37,0.9958144921797665
1905,1.37,0.9958144921797665
1906,1.37,0.9958144921797665
1907,1.37,0.9958144921797665
1908,1.37,0.9958144921797665
1909,1.37,0.9958144921797665
1910,1.37,0.9958144921797665
1911,1.37,0.9958144921797665
1912,1.37,0.9958144921797665
1913,1.37,0.9958144921797665
1914,1.37,0.9958144921797665
1915,1.37,0.9958144921797665
1916,1.37,0.9958144921797665
1917,1.37,0.9958144921797665
1918,1.37,0.9958144921797665
1919,1.37,0.9958144921797665
1920,1.37,0.9958144921797665
1921,1.37,0.9958144921797665
1922,1.37,0.9958144921797665
1923,1.37,0.9958144921797665
1924,1.37,0.9958144921797665
1925,1.37,0.9958144921797665
1926,1.37,0.9958144921797665
1927,1.37,0.9958144921797665
1928,1.37,0.9958144921797665
1929,1.37,0.9958144921797665
1930,1.37,0.9958144921797665
1931,1.37,0.9958144921797665
1932,1.37,0.9958144921797665
1933,1.37,0.9958144921797665
1934,1.37,0.9958144921797665
1935,1.37,0.9958144921797665
1936,1.37,0.9958144921797665
1937,1.37,0.9958144921797665
1938,1.37,0.9958144921797665
1939,1.37,0.9958144921797665
1940,1.37,0.9958144921797665
1941,1.37,0.9958144921797665
1942,1.37,0.9958144921797665
1943,1.37,0.9958144921797665
1944,1.37,0.9958144921797665
1945,1.37,0.9958144921797665
1946,1.37,0.9958144921797665
1947,1.37,0.9958144921797665
1948,1.37,0.9958144921797665
1949,1.37,0.9958144921797665
1950,1.37,0.9958144921797665
1951,1.37,0.9958144921797665
1952,1.37,0.9958144921797665
1953,1.37,0.9958144921797665
1954,1.37,0.9958144921797665
1955,1.37,0.9958144921797665
1956,1.37,0.9958144921797665
1957,1.37,0.9958144921797665
1958,1.37,0.9958144921797665
1959,1.37,0.9958144921797665
1960,1.37,0.9958144921797665
1961,1.37,0.9958144921797665
1962,1.37,0.9958144921797665
1963,1.37,0.9958144921797665
1964,1.37,0.9958144921797665
1965,1.37,0.9958144921797665
1966,1.37,0.9958144921797665
1967,1.37,0.9958144921797665
1968,1.37,0.9958144921797665
1969,1.37,0.9958144921797665
1970,1.37,0.9958144921797665
1971,1.37,0.9958144921797665
1972,1.37,0.9958144921797665
1973,1.37,0.9958144921797665
1974,1.37,0.9958144921797665
1975,1.37,0.9958144921797665
1976,1.37,0.9958144921797665
1977,1.37,0.9958144921797665
1978,1.37,0.9958144921797665
1979,1.37,0.9958144921797665
1980,1.37,0.9958144921797665
1981,1.37,0.9958144921797665
1982,1.37,0.9958144921797665
1983,1.37,0.9958144921797665
1984,1.37,0.9958144921797665
1985,1.37,0.9958144921797665
1986,1.37,0.9958144921797665
1987,1.37,0.9958144921797665
1988,1.37,0.9958144921797665
1989,1.37,0.9958144921797665
1990,1.37,0.9958144921797665
1991,1.37,0.9958144921797665
1992,1.37,0.9958144921797665
1993,1.37,0.9958144921797665
1994,1.37,0.9958144921797665
1995,1.37,0.9958144921797665
1996,1.37,0.9958144921797665
1997,1.37,0.9958144921797665
1998,1.37,0.9958144921797665
1999,1.37,0.9958144921797665
2000,1.37,0.9958144921797665
2001,1.37,0.9958144921797665
2002,1.37,0.9958144921797665
2003,1.37,0.9958144921797665
2004,1.37,0.9958144921797665
2005,1.37,0.9958144921797665
2006,1.37,0.9958144921797665
2007,1.37,0.9958144921797665
2008,1.37,0.9958144921797665
2009,1.37,0.9958144921797665
2010,1.37,0.9958144921797665
2011,1.37,0.9958144921797665
2012,1.37,0.9958144921797665
2013,1.37,0.9958144921797665
2014,1.37,0.9958144921797665
2015,1.37,0.9958144921797665
2016,1.37,0.9958144921797665
2017,1.37,0.9958144921797665
2018,1.37,0.9958144921797665
2019,1.37,0.9958144921797665
2020,1.37,0.9958144921797665
2021,1.37,0.9958144921797665
2022,1.37,0.9958144921797665
2023,1.37,0.9958144921797665
2024,1.37,0.9958144921797665
2025,1.37,0.9958144921797665
2026,1.37,0.9958144921797665
2027,1.37,0.9958144921797665
2028,1.37,0.9958144921797665
2029,1.37,0.9958144921797665
2030,1.37,0.9958144921797665
2031,1.37,0.9958144921797665
2032,1.37,0.9958144921797665
2033,1.37,0.9958144921797665
2034,1.37,0.9958144921797665
2035,1.37,0.9958144921797665
2036,1.37,0.9958144921797665
2037,1.37,0.9958144921797665
2038,1.37,0.9958144921797665
2039,1.37,0.9958144921797665
2040,1.37,0.9958144921797665
2041,1.37,0.9958144921797665
2042,1.37,0.9958144921797665
2043,1.37,0.9958144921797665
2044,1.37,0.9958144921797665
2045,1.37,0.9958144921797665
2046,1.37,0.9958144921797665
2047,1.37,0.9958144921797665
2048,1.37,0.9958144921797665
2049,1.37,0.9958144921797665
2050,1.37,0.9958144921797665
2051,1.37,0.9958144921797665
2052,1.37,0.9958144921797665
2053,1.37,0.9958144921797665
2054,1.37,0.9958144921797665
2055,1.37,0.9958144921797665
2056,1.37,0.9958144921797665
2057,1.37,0.9958144921797665
2058,1.37,0.9958144921797665
2059,1.37,0.9958144921797665
2060,1.37,0.9958144921797665
2061,1.37,0.9958144921797665
2062,1.37,0.9958144921797665
2063,1.37,0.9958144921797665
2064,1.37,0.9958144921797665
2065,1.37,0.9958144921797665
2066,1.37,0.9958144921797665
2067,1.37,0.9958144921797665
2068,1.37,0.9958144921797665
2069,1.37,0.9958144921797665
2070,1.37,0.9958144921797665
2071,1.37,0.9958144921797665
2072,1.37,0.9958144921797665
2073,1.37,0.9958144921797665
2074,1.37,0.9958144921797665
2075,1.37,0.9958144921797665
2076,1.37,0.9958144921797665
2077,1.37,0.9958144921797665
2078,1.37,0.9958144921797665
2079,1.37,0.9958144921797665
2080,1.37,0.9958144921797665
2081,1.37,0.9958144921797665
2082,1.37,0.9958144921797665
2083,1.37,0.9958144921797665
2084,1.37,0.9958144921797665
2085,1.37,0.9958144921797665
2086,1.235,0.9958144921797665
2087,1.235,0.9958144921797665
2088,1.235,0.9958144921797665
2089,1.235,0.9958144921797665
2090,1.235,0.9958144921797665
2091,1.235,0.9958144921797665
2092,1.235,0.9958144921797665
2093,1.235,0.9958144921797665
2094,1.235,0.9958144921797665
2095,1.235,0.9958144921797665
2096,1.235,0.9958144921797665
2097,1.235,0.9958144921797665
2098,1.235,0.9958144921797665
2099,1.235,0.9958144921797665
2100,1.235,0.9958144921797665
2101,1.235,0.9958144921797665
2102,1.235,0.9958144921797665
2103,1.235,0.9958144921797665
2104,1.235,0.9958144921797665
2105,1.235,0.9958144921797665
2106,1.235,0.9958144921797665
2107,1.235,0.9958144921797665
2108,1.235,0.9958144921797665
2109,1.235,0.9958144921797665
2110,1.235,0.9958144921797665
2111,1.235,0.9958144921797665
2112,1.235,0.9958144921797665
2113,1.235,0.9958144921797665
2114,1.235,0.9958144921797665
2115,1.235,0.9958144921797665
2116,1.235,0.9958144921797665
2117,1.235,0.9958144921797665
2118,1.235,0.9958144921797665
2119,1.235,0.9958144921797665
2120,1.235,0.9958144921797665
2121,1.235,0.9958144921797665
2122,1.235,0.9958144921797665
2123,1.235,0.9958144921797665
2124,1.235,0.9958144921797665
2125,1.235,0.9958144921797665
2126,1.235,0.9958144921797665
2127,1.235,0.9958144921797665
2128,1.235,0.9958144921797665
2129,1.235,0.9958144921797665
2130,1.235,0.9958144921797665
2131,1.235,0.9958144921797665
2132,1.235,0.9958144921797665
2133,1.235,0.9958144921797665
2134,1.235,0.9958144921797665
2135,1.235,0.9958144921797665
2136,1.235,0.9958144921797665
2137,1.235,0.9958144921797665
2138,1.235,0.9958144921797665
2139,1.235,0.9958144921797665
2140,1.235,0.9958144921797665
2141,1.235,0.9958144921797665
2142,1.235,0.9958144921797665
2143,1.235,0.9958144921797665
2144,1.235,0.9958144921797665
2145,1.235,0.9958144921797665
2146,1.235,0.9958144921797665
2147,1.235,0.9958144921797665
2148,1.235,0.9958144921797665
2149,1.235,0.9958144921797665
2150,1.235,0.9958144921797665
2151,1.235,0.9958144921797665
2152,1.235,0.9958144921797665
2153,1.235,0.9958144921797665
2154,1.235,0.9958144921797665
2155,1.235,0.9958144921797665
2156,1.235,0.9958144921797665
2157,1.235,0.9958144921797665
2158,1.235,0.9958144921797665
2159,1.235,0.9958144921797665
2160,1.235,0.9958144921797665
2161,1.235,0.9958144921797665
2162,1.235,0.9958144921797665
2163,1.235,0.9958144921797665
2164,1.235,0.9958144921797665
2165,1.235,0.9958144921797665
2166,1.235,0.9958144921797665
2167,1.235,0.9958144921797665
2168,1.235,0.9958144921797665
2169,1.235,0.9958144921797665
2170,1.235,0.9958144921797665
2171,1.235,0.9958144921797665
2172,1.235,0.9958144921797665
2173,1.235,0.9958144921797665
2174,1.235,0.9958144921797665
2175,1.235,0.9958144921797665
2176,1.235,0.9958144921797665
2177,1.235,0.9958144921797665
2178,1.235,0.9958144921797665
2179,1.235,0.9958144921797665
2180,1.235,0.9958144921797665
2181,1.235,0.9958144921797665
2182,1.235,0.9958144921797665
2183,1.235,0.9958144921797665
2184,1.235,0.9958144921797665
2185,1.235,0.9958144921797665
2186,1.235,0.9958144921797665
2187,1.235,0.9958144921797665
2188,1.235,0.9958144921797665
2189,1.235,0.9958144921797665
2190,1.235,0.9958144921797665
2191,1.235,0.9958144921797665
2192,1.235,0.9958144921797665
2193,1.235,0.9958144921797665
2194,1.235,0.9958144921797665
2195,1.235,0.9958144921797665
2196,1.235,0.9958144921797665
2197,1.235,0.9958144921797665
2198,1.235,0.9958144921797665
2199,1.235,0.9958144921797665
2200,1.235,0.9958144921797665
2201,1.235,0.9958144921797665
2202,1.235,0.9958144921797665
2203,1.235,0.9958144921797665
2204,1.235,0.9958144921797665
2205,1.235,0.9958144921797665
2206,1.235,0.9958144921797665
2207,1.235,0.9958144921797665
2208,1.235,0.9958144921797665
2209,1.235,0.9958144921797665
2210,1.235,0.9958144921797665
2211,1.235,0.9958144921797665
2212,1.235,0.9958144921797665
2213,1.235,0.9958144921797665
2214,1.235,0.9958144921797665
2215,1.235,0.9958144921797665
2216,1.235,0.9958144921797665
2217,1.235,0.9958144921797665
2218,1.235,0.9958144921797665
2219,1.235,0.9958144921797665
2220,1.235,0.9958144921797665
2221,1.235,0.9958144921797665
2222,1.235,0.9958144921797665
2223,1.235,0.9958144921797665
2224,1.235,0.9958144921797665
2225,1.235,0.9958144921797665
2226,1.235,0.9958144921797665
2227,1.235,0.9958144921797665
2228,1.235,0.9958144921797665
2229,1.235,0.9958144921797665
2230,1.235,0.9958144921797665
2231,1.235,0.9958144921797665
2232,1.235,0.9958144921797665
2233,1.235,0.9958144921797665
2234,1.235,0.9958144921797665
2235,1.235,0.9958144921797665
2236,1.235,0.9958144921797665
2237,1.235,0.9958144921797665
2238,1.235,0.9958144921797665
2239,1.235,0.9958144921797665
2240,1.235,0.9958144921797665
2241,1.235,0.9958144921797665
2242,1.235,0.9958144921797665
2243,1.235,0.9958144921797665
2244,1.235,0.9958144921797665
2245,1.235,0.9958144921797665
2246,1.235,0.9958144921797665
2247,1.235,0.9958144921797665
2248,1.235,0.9958144921797665
2249,1.235,0.9958144921797665
2250,1.235,0.9958144921797665
2251,1.235,0.9958144921797665
2252,1.235,0.9958144921797665
2253,1.235,0.9958144921797665
2254,1.235,0.9958144921797665
2255,1.235,0.9958144921797665
2256,1.235,0.9958144921797665
2257,1.235,0.9958144921797665
2258,1.235,0.9958144921797665
2259,1.235,0.9958144921797665
2260,1.235,0.9958144921797665
2261,1.235,0.9958144921797665
2262,1.235,0.9958144921797665
2263,1.235,0.9958144921797665
2264,1.235,0.9958144921797665
2265,1.235,0.9958144921797665
2266,1.235,0.9958144921797665
2267,1.235,0.9958144921797665
2268,1.235,0.9958144921797665
2269,1.235,0.9958144921797665
2270,1.235,0.9958144921797665
2271,1.235,0.9958144921797665
2272,1.235,0.9958144921797665
2273,1.235,0.9958144921797665
2274,1.235,0.9958144921797665
2275,1.235,0.9958144921797665
2276,1.235,0.9958144921797665
2277,1.235,0.9958144921797665
2278,1.235,0.9958144921797665
2279,1.235,0.9958144921797665
2280,1.235,0.9958144921797665
2281,1.235,0.9958144921797665
2282,1.235,0.9958144921797665
2283,1.235,0.9958144921797665
2284,1.235,0.9958144921797665
2285,1.235,0.9958144921797665
2286,1.235,0.9958144921797665
2287,1.235,0.9958144921797665
2288,1.235,0.9958144921797665
2289,1.235,0.9958144921797665
2290,1.235,0.9958144921797665
2291,1.235,0.9958144921797665
2292,1.235,0.9958144921797665
2293,1.235,0.9958144921797665
2294,1.235,0.9958144921797665
2295,1.235,0.9958144921797665
2296,1.235,0.9958144921797665
2297,1.235,0.9958144921797665
2298,1.235,0.9958144921797665
2299,1.235,0.9958144921797665
2300,1.235,0.9958144921797665
2301,1.235,0.9958144921797665
2302,1.235,0.9958144921797665
2303,1.235,0.9958144921797665
2304,1.235,0.9958144921797665
2305,1.235,0.9958144921797665
2306,1.235,0.9958144921797665
2307,1.235,0.9958144921797665
2308,1.235,0.9958144921797665
2309,1.235,0.9958144921797665
2310,1.235,0.9958144921797665
2311,1.235,0.9958144921797665
2312,1.235,0.9958144921797665
2313,1.235,0.9958144921797665
2314,1.235,0.9958144921797665
2315,1.235,0.9958144921797665
2316,1.235,0.9958144921797665
2317,1.235,0.9958144921797665
2318,1.235,0.9958144921797665
2319,1.235,0.9958144921797665
2320,1.235,0.9958144921797665
2321,1.235,0.9958144921797665
2322,1.235,0.9958144921797665
2323,1.235,0.9958144921797665
2324,1.235,0.9958144921797665
2325,1.235,0.9958144921797665
2326,1.235,0.9958144921797665
2327,1.235,0.9958144921797665
2328,1.235,0.9958144921797665
2329,1.235,0.9958144921797665
2330,1.235,0.9958144921797665
2331,1.235,0.9958144921797665
2332,1.235,0.9958144921797665
2333,1.235,0.9958144921797665
2334,1.235,0.9958144921797665
2335,1.235,0.9958144921797665
2336,1.235,0.9958144921797665
2337,1.235,0.9958144921797665
2338,1.235,0.9958144921797665
2339,1.235,0.9958144921797665
2340,1.235,0.9958144921797665
2341,1.235,0.9958144921797665
2342,1.235,0.9958144921797665
2343,1.235,0.9958144921797665
2344,1.235,0.9958144921797665
2345,1.235,0.9958144921797665
2346,1.235,0.9958144921797665
2347,1.235,0.9958144921797665
2348,1.235,0.9958144921797665
2349,1.235,0.9958144921797665
2350,1.235,0.9958144921797665
2351,1.235,0.9958144921797665
2352,1.235,0.9958144921797665
2353,1.235,0.9958144921797665
2354,1.235,0.9958144921797665
2355,1.235,0.9958144921797665
2356,1.235,0.9958144921797665
2357,1.235,0.9958144921797665
2358,1.235,0.9958144921797665
2359,1.235,0.9958144921797665
2360,1.235,0.9958144921797665
2361,1.235,0.9958144921797665
2362,1.235,0.9958144921797665
2363,1.235,0.9958144921797665
2364,1.235,0.9958144921797665
2365,1.235,0.9958144921797665
2366,1.235,0.9958144921797665
2367,1.235,0.9958144921797665
2368,1.235,0.9958144921797665
2369,1.235,0.9958144921797665
2370,1.235,0.9958144921797665
2371,1.235,0.9958144921797665
2372,1.235,0.9958144921797665
2373,1.235,0.9958144921797665
2374,1.235,0.9958144921797665
2375,1.235,0.9958144921797665
2376,1.235,0.9958144921797665
2377,1.235,0.9958144921797665
2378,1.235,0.9958144921797665
2379,1.235,0.9958144921797665
2380,1.235,0.9958144921797665
2381,1.235,0.9958144921797665
2382,1.235,0.9958144921797665
2383,1.235,0.9958144921797665
2384,1.235,0.9958144921797665
2385,1.235,0.9958144921797665
2386,1.235,0.9958144921797665
2387,1.235,0.9958144921797665
2388,1.235,0.9958144921797665
2389,1.235,0.9958144921797665
2390,1.235,0.9958144921797665
2391,1.235,0.9958144921797665
2392,1.235,0.9958144921797665
2393,1.235,0.9958144921797665
2394,1.235,0.9958144921797665
2395,1.235,0.9958144921797665
2396,1.235,0.9958144921797665
2397,1.235,0.9958144921797665
2398,1.235,0.9958144921797665
2399,1.235,0.9958144921797665
2400,1.235,0.9958144921797665
2401,1.235,0.9958144921797665
2402,1.235,0.9958144921797665
2403,1.235,0.9958144921797665
2404,1.235,0.9958144921797665
2405,1.235,0.9958144921797665
2406,1.235,0.9958144921797665
2407,1.235,0.9958144921797665
2408,1.235,0.9958144921797665
2409,1.235,0.9958144921797665
2410,1.235,0.9958144921797665
2411,1.235,0.9958144921797665
2412,1.235,0.9958144921797665
2413,1.235,0.9958144921797665
2414,1.235,0.9958144921797665
2415,1.235,0.9958144921797665
2416,1.235,0.9958144921797665
2417,1.235,0.9958144921797665
2418,1.235,0.9958144921797665
2419,1.235,0.9958144921797665
2420,1.235,0.9958144921797665
2421,1.235,0.9958144921797665
2422,1.235,0.9958144921797665
2423,1.235,0.9958144921797665
2424,1.235,0.9958144921797665
2425,1.235,0.9958144921797665
2426,1.235,0.9958144921797665
2427,1.235,0.9958144921797665
2428,1.235,0.9958144921797665
2429,1.235,0.9958144921797665
2430,1.235,0.9958144921797665
2431,1.235,0.9958144921797665
2432,1.235,0.9958144921797665
2433,1.235,0.9958144921797665
2434,1.235,0.9958144921797665
2435,1.235,0.9958144921797665
2436,1.235,0.9958144921797665
2437,1.235,0.9958144921797665
2438,1.235,0.9958144921797665
2439,1.235,0.9958144921797665
2440,1.235,0.9958144921797665
2441,1.235,0.9958144921797665
2442,1.235,0.9958144921797665
2443,1.235,0.9958144921797665
2444,1.235,0.9958144921797665
2445,1.235,0.9958144921797665
2446,1.235,0.9958144921797665
2447,1.235,0.9958144921797665
2448,1.235,0.9958144921797665
2449,1.235,0.9958144921797665
2450,1.235,0.9958144921797665
2451,1.235,0.9958144921797665
2452,1.235,0.9958144921797665
2453,1.235,0.9958144921797665
2454,1.235,0.9958144921797665
2455,1.235,0.9958144921797665
2456,1.235,0.9958144921797665
2457,1.235,0.9958144921797665
2458,1.235,0.9958144921797665
2459,1.235,0.9958144921797665
2460,1.235,0.9958144921797665
2461,1.235,0.9958144921797665
2462,1.235,0.9958144921797665
2463,1.235,0.9958144921797665
2464,1.235,0.9958144921797665
2465,1.235,0.9958144921797665
2466,1.235,0.9958144921797665
2467,1.235,0.9958144921797665
2468,1.235,0.9958144921797665
2469,1.235,0.9958144921797665
2470,1.235,0.9958144921797665
2471,1.235,0.9958144921797665
2472,1.235,0.9958144921797665
2473,1.235,0.9958144921797665
2474,1.235,0.9958144921797665
2475,1.235,0.9958144921797665
2476,1.235,0.9958144921797665
2477,1.235,0.9958144921797665
2478,1.235,0.9958144921797665
2479,1.235,0.9958144921797665
2480,1.1,0.9958144921797665
2481,1.1,0.9958144921797665
2482,1.1,0.9958144921797665
2483,1.1,0.9958144921797665
2484,1.1,0.9958144921797665
2485,1.1,0.9958144921797665
2486,1.1,0.9958144921797665
2487,1.1,0.9958144921797665
2488,1.1,0.9958144921797665
2489,1.1,0.9958144921797665
2490,1.1,0.9958144921797665
2491,1.1,0.9958144921797665
2492,1.1,0.9958144921797665
2493,1.1,0.9958144921797665
2494,1.1,0.9958144921797665
2495,1.1,0.9958144921797665
2496,1.1,0.9958144921797665
2497,1.1,0.9958144921797665
2498,1.1,0.9958144921797665
2499,1.1,0.9958144921797665
2500,1.1,0.9958144921797665
2501,1.1,0.9958144921797665
2502,1.1,0.9958144921797665
2503,1.1,0.9958144921797665
2504,1.1,0.9958144921797665
2505,1.1,0.9958144921797665
2506,1.1,0.9958144921797665
2507,1.1,0.9958144921797665
2508,1.1,0.9958144921797665
2509,1.1,0.9958144921797665
2510,1.1,0.9958144921797665
2511,1.1,0.9958144921797665
2512,1.1,0.9958144921797665
2513,1.1,0.9958144921797665
2514,1.1,0.9958144921797665
2515,1.1,0.9958144921797665
2516,1.1,0.9958144921797665
2517,1.1,0.9958144921797665
2518,1.1,0.9958144921797665
2519,1.1,0.9958144921797665
2520,1.1,0.9958144921797665
2521,1.1,0.9958144921797665
2522,1.1,0.9958144921797665
2523,1.1,0.9958144921797665
2524,1.1,0.9958144921797665
2525,1.1,0.9958144921797665
2526,1.1,0.9958144921797665
2527,1.1,0.9958144921797665
2528,1.1,0.9958144921797665
2529,1.1,0.9958144921797665
2530,1.1,0.9958144921797665
2531,1.1,0.9958144921797665
2532,1.1,0.9958144921797665
2533,1.1,0.9958144921797665
2534,1.1,0.9958144921797665
2535,1.1,0.9958144921797665
2536,1.1,0.9958144921797665
2537,1.1,0.9958144921797665
2538,1.1,0.9958144921797665
2539,1.1,0.9958144921797665
2540,1.1,0.9958144921797665
2541,1.1,0.9958144921797665
2542,1.1,0.9958144921797665
2543,1.1,0.9958144921797665
2544,1.1,0.9958144921797665
2545,1.1,0.9958144921797665
2546,1.1,0.9958144921797665
2547,1.1,0.9958144921797665
2548,1.1,0.9958144921797665
2549,1.1,0.9958144921797665
2550,1.1,0.9958144921797665
2551,1.1,0.9958144921797665
2552,1.1,0.9958144921797665
2553,1.1,0.9958144921797665
2554,1.1,0.9958144921797665
2555,1.1,0.9958144921797665
2556,1.1,0.9958144921797665
2557,1.1,0.9958144921797665
2558,1.1,0.9958144921797665
2559,1.1,0.9958144921797665
2560,1.1,0.9958144921797665
2561,1.1,0.9958144921797665
2562,1.1,0.9958144921797665
2563,1.1,0.9958144921797665
2564,1.1,0.9958144921797665
2565,1.1,0.9958144921797665
2566,1.1,0.9958144921797665
2567,1.1,0.9958144921797665
2568,1.1,0.9958144921797665
2569,1.1,0.9958144921797665
2570,1.1,0.9958144921797665
2571,1.1,0.9958144921797665
2572,1.1,0.9958144921797665
2573,1.1,0.9958144921797665
2574,1.1,0.9958144921797665
2575,1.1,0.9958144921797665
2576,1.1,0.9958144921797665
2577,1.1,0.9958144921797665
2578,1.1,0.9958144921797665
2579,1.1,0.9958144921797665
2580,1.1,0.9958144921797665
2581,1.1,0.9958144921797665
2582,1.1,0.9958144921797665
2583,1.1,0.9958144921797665
2584,1.1,0.9958144921797665
2585,1.1,0.9958144921797665
2586,1.1,0.9958144921797665
2587,1.1,0.9958144921797665
2588,1.1,0.9958144921797665
2589,1.1,0.9958144921797665
2590,1.1,0.9958144921797665
2591,1.1,0.9958144921797665
2592,1.1,0.9958144921797665
2593,1.1,0.9958144921797665
2594,1.1,0.9958144921797665
2595,1.1,0.9958144921797665
2596,1.1,0.9958144921797665
2597,1.1,0.9958144921797665
2598,1.1,0.9958144921797665
2599,1.1,0.9958144921797665
2600,1.1,0.9958144921797665
2601,1.1,0.9958144921797665
2602,1.1,0.9958144921797665
2603,1.1,0.9958144921797665
2604,1.1,0.9958144921797665
2605,1.1,0.9958144921797665
2606,1.1,0.9958144921797665
2607,1.1,0.9958144921797665
2608,1.1,0.9958144921797665
2609,1.1,0.9958144921797665
2610,1.1,0.9958144921797665
2611,1.1,0.9958144921797665
2612,1.1,0.9958144921797665
2613,1.1,0.9958144921797665
2614,1.1,0.9958144921797665
2615,1.1,0.9958144921797665
2616,1.1,0.9958144921797665
2617,1.1,0.9958144921797665
2618,1.1,0.9958144921797665
2619,1.1,0.9958144921797665
2620,1.1,0.9958144921797665
2621,1.1,0.9958144921797665
2622,1.1,0.9958144921797665
2623,1.1,0.9958144921797665
2624,1.1,0.9958144921797665
2625,1.1,0.9958144921797665
2626,1.1,0.9958144921797665
2627,1.1,0.9958144921797665
2628,1.1,0.9958144921797665
2629,1.1,0.9958144921797665
2630,1.1,0.9958144921797665
2631,1.1,0.9958144921797665
2632,1.1,0.9958144921797665
2633,1.1,0.9958144921797665
2634,1.1,0.9958144921797665
2635,1.1,0.9958144921797665
2636,1.1,0.9958144921797665
2637,1.1,0.9958144921797665
2638,1.1,0.9958144921797665
2639,1.1,0.9958144921797665
2640,1.1,0.9958144921797665
2641,1.1,0.9958144921797665
2642,1.1,0.9958144921797665
2643,1.1,0.9958144921797665
2644,1.1,0.9958144921797665
2645,1.1,0.9958144921797665
2646,1.1,0.9958144921797665
2647,1.1,0.9958144921797665
2648,1.1,0.9958144921797665
2649,1.1,0.9958144921797665
2650,1.1,0.9958144921797665
2651,1.1,0.9958144921797665
2652,1.1,0.9958144921797665
2653,1.1,0.9958144921797665
2654,1.1,0.9958144921797665
2655,1.1,0.9958144921797665
2656,1.1,0.9958144921797665
2657,1.1,0.9958144921797665
2658,1.1,0.9958144921797665
2659,1.1,0.9958144921797665
2660,1.1,0.9958144921797665
2661,1.1,0.9958144921797665
2662,1.1,0.9958144921797665
2663,1.1,0.9958144921797665
2664,1.1,0.9958144921797665
2665,1.1,0.9958144921797665
2666,1.1,0.9958144921797665
2667,1.1,0.9958144921797665
2668,1.1,0.9958144921797665
2669,1.1,0.9958144921797665
2670,1.1,0.9958144921797665
2671,1.1,0.9958144921797665
2672,1.1,0.9958144921797665
2673,1.1,0.9958144921797665
2674,1.1,0.9958144921797665
2675,1.1,0.9958144921797665
2676,1.1,0.9958144921797665
2677,1.1,0.9958144921797665
2678,1.1,0.9958144921797665
2679,1.1,0.9958144921797665
2680,1.1,0.9958144921797665
2681,1.1,0.9958144921797665
2682,1.1,0.9958144921797665
2683,1.1,0.9958144921797665
2684,1.1,0.9958144921797665
2685,1.1,0.9958144921797665
2686,1.1,0.9958144921797665
2687,1.1,0.9958144921797665
2688,1.1,0.9958144921797665
2689,1.1,0.9958144921797665
2690,1.1,0.9958144921797665
2691,1.1,0.9958144921797665
2692,1.1,0.9958144921797665
2693,1.1,0.9958144921797665
2694,1.1,0.9958144921797665
2695,1.1,0.9958144921797665
2696,1.1,0.9958144921797665
2697,1.1,0.9958144921797665
2698,1.1,0.9958144921797665
2699,1.1,0.9958144921797665
2700,1.1,0.9958144921797665
2701,1.1,0.9958144921797665
2702,1.1,0.9958144921797665
2703,1.1,0.9958144921797665
2704,1.1,0.9958144921797665
2705,1.1,0.9958144921797665
2706,1.1,0.9958144921797665
2707,1.1,0.9958144921797665
2708,1.1,0.9958144921797665
2709,1.1,0.9958144921797665
2710,1.1,0.9958144921797665
2711,1.1,0.9958144921797665
2712,1.1,0.9958144921797665
2713,1.1,0.9958144921797665
2714,1.1,0.9958144921797665
2715,1.1,0.9958144921797665
2716,1.1,0.9958144921797665
2717,1.1,0.9958144921797665
2718,1.1,0.9958144921797665
2719,1.1,0.9958144921797665
2720,1.1,0.9958144921797665
2721,1.1,0.9958144921797665
2722,1.1,0.9958144921797665
2723,1.1,0.9958144921797665
2724,1.1,0.9958144921797665
2725,1.1,0.9958144921797665
2726,1.1,0.9958144921797665
2727,1.1,0.9958144921797665
2728,1.1,0.9958144921797665
2729,1.1,0.9958144921797665
2730,1.1,0.9958144921797665
2731,1.1,0.9958144921797665
2732,1.1,0.9958144921797665
2733,1.1,0.9958144921797665
2734,1.1,0.9958144921797665
2735,1.1,0.9958144921797665
2736,1.1,0.9958144921797665
2737,1.1,0.9958144921797665
2738,1.1,0.9958144921797665
2739,1.1,0.9958144921797665
2740,1.1,0.9958144921797665
2741,1.1,0.9958144921797665
2742,1.1,0.9958144921797665
2743,1.1,0.9958144921797665
2744,1.1,0.9958144921797665
2745,1.1,0.9958144921797665
2746,1.1,0.9958144921797665
2747,1.1,0.9958144921797665
2748,1.1,0.9958144921797665
2749,1.1,0.9958144921797665
2750,1.1,0.9958144921797665
2751,1.1,0.9958144921797665
2752,1.1,0.9958144921797665
2753,1.1,0.9958144921797665
2754,1.1,0.9958144921797665
2755,1.1,0.9958144921797665
2756,1.1,0.9958144921797665
2757,1.1,0.9958144921797665
2758,1.1,0.9958144921797665
2759,1.1,0.9958144921797665
2760,1.1,0.9958144921797665
2761,1.1,0.9958144921797665
2762,1.1,0.9958144921797665
2763,1.1,0.9958144921797665
2764,1.1,0.9958144921797665
2765,1.1,0.9958144921797665
2766,1.1,0.9958144921797665
2767,1.1,0.9958144921797665
2768,1.1,0.9958144921797665
2769,1.1,0.9958144921797665
2770,1.1,0.9958144921797665
2771,1.1,0.9958144921797665
2772,1.1,0.9958144921797665
2773,1.1,0.9958144921797665
2774,1.1,0.9958144921797665
2775,1.1,0.9958144921797665
2776,1.1,0.9958144921797665
2777,0.8300000000000001,0.9958144921797665
2778,0.8300000000000001,0.9958144921797665
2779,0.8300000000000001,0.9958144921797665
2780,0.8300000000000001,0.9958144921797665
2781,0.8300000000000001,0.9958144921797665
2782,0.8300000000000001,0.9958144921797665
2783,0.8300000000000001,0.9958144921797665
2784,0.8300000000000001,0.9958144921797665
2785,0.8300000000000001,0.9958144921797665
2786,0.8300000000000001,0.9958144921797665
2787,0.8300000000000001,0.9958144921797665
2788,0.8300000000000001,0.9958144921797665
2789,0.8300000000000001,0.9958144921797665
2790,0.8300000000000001,0.9958144921797665
2791,0.8300000000000001,0.9958144921797665
2792,0.8300000000000001,0.9958144921797665
2793,0.8300000000000001,0.9958144921797665
2794,0.8300000000000001,0.9958144921797665
2795,0.8300000000000001,0.9958144921797665
2796,0.8300000000000001,0.9958144921797665
2797,0.8300000000000001,0.9958144921797665
2798,0.8300000000000001,0.9958144921797665
2799,0.8300000000000001,0.9958144921797665
2800,0.8300000000000001,0.9958144921797665
2801,0.8300000000000001,0.9958144921797665
2802,0.8300000000000001,0.9958144921797665
2803,0.8300000000000001,0.9958144921797665
2804,0.8300000000000001,0.9958144921797665
2805,0.8300000000000001,0.9958144921797665
2806,0.8300000000000001,0.9958144921797665
2807,0.8300000000000001,0.9958144921797665
2808,0.8300000000000001,0.9958144921797665
2809,0.8300000000000001,0.9958144921797665
2810,0.8300000000000001,0.9958144921797665
2811,0.8300000000000001,0.9958144921797665
2812,0.8300000000000001,0.9958144921797665
2813,0.8300000000000001,0.9958144921797665
2814,0.8300000000000001,0.9958144921797665
2815,0.8300000000000001,0.9958144921797665
2816,0.8300000000000001,0.9958144921797665
2817,0.8300000000000001,0.9958144921797665
2818,0.8300000000000001,0.9958144921797665
2819,0.8300000000000001,0.9958144921797665
2820,0.8300000000000001,0.9958144921797665
2821,0.8300000000000001,0.9958144921797665
2822,0.8300000000000001,0.9958144921797665
2823,0.8300000000000001,0.9958144921797665
2824,0.8300000000000001,0.9958144921797665
2825,0.8300000000000001,0.9958144921797665
2826,0.8300000000000001,0.9958144921797665
2827,0.8300000000000001,0.9958144921797665
2828,0.8300000000000001,0.9958144921797665
2829,0.8300000000000001,0.9958144921797665
2830,0.8300000000000001,0.9958144921797665
2831,0.8300000000000001,0.9958144921797665
2832,0.8300000000000001,0.9958144921797665
2833,0.8300000000000001,0.9958144921797665
2834,0.8300000000000001,0.9958144921797665
2835,0.8300000000000001,0.9958144921797665
2836,0.8300000000000001,0.9958144921797665
2837,0.8300000000000001,0.9958144921797665
2838,0.8300000000000001,0.9958144921797665
2839,0.8300000000000001,0.9958144921797665
2840,0.8300000000000001,0.9958144921797665
2841,0.8300000000000001,0.9958144921797665
2842,0.8300000000000001,0.9958144921797665
2843,0.8300000000000001,0.9958144921797665
2844,0.8300000000000001,0.9958144921797665
2845,0.8300000000000001,0.9958144921797665
2846,0.8300000000000001,0.9958144921797665
2847,0.8300000000000001,0.9958144921797665
2848,0.8300000000000001,0.9958144921797665
2849,0.8300000000000001,0.9958144921797665
2850,0.8300000000000001,0.9958144921797665
2851,0.8300000000000001,0.9958144921797665
2852,0.8300000000000001,0.9958144921797665
2853,0.8300000000000001,0.9958144921797665
2854,0.8300000000000001,0.9958144921797665
2855,0.8300000000000001,0.9958144921797665
2856,0.8300000000000001,0.9958144921797665
2857,0.8300000000000001,0.9958144921797665
2858,0.8300000000000001,0.9958144921797665
2859,0.8300000000000001,0.9958144921797665
2860,0.8300000000000001,0.9958144921797665
2861,0.8300000000000001,0.9958144921797665
2862,0.8300000000000001,0.9958144921797665
2863,0.8300000000000001,0.9958144921797665
2864,0.8300000000000001,0.9958144921797665
2865,0.8300000000000001,0.9958144921797665
2866,0.8300000000000001,0.9958144921797665
2867,0.8300000000000001,0.9958144921797665
2868,0.8300000000000001,0.9958144921797665
2869,0.8300000000000001,0.9958144921797665
2870,0.8300000000000001,0.9958144921797665
2871,0.8300000000000001,0.9958144921797665
2872,0.8300000000000001,0.9958144921797665
2873,0.8300000000000001,0.9958144921797665
2874,0.8300000000000001,0.9958144921797665
2875,0.6950000000000001,0.9958144921797665
2876,0.6950000000000001,0.9958144921797665
2877,0.6950000000000001,0.9958144921797665
2878,0.6950000000000001,0.9958144921797665
2879,0.6950000000000001,0.9958144921797665
2880,0.6950000000000001,0.9958144921797665
2881,0.6950000000000001,0.9958144921797665
2882,0.6950000000000001,0.9958144921797665
2883,0.6950000000000001,0.9958144921797665
2884,0.6950000000000001,0.9958144921797665
2885,0.6950000000000001,0.9958144921797665
2886,0.6950000000000001,0.9958144921797665
2887,0.6950000000000001,0.9958144921797665
2888,0.6950000000000001,0.9958144921797665
2889,0.6950000000000001,0.9958144921797665
2890,0.6950000000000001,0.9958144921797665
2891,0.6950000000000001,0.9958144921797665
2892,0.6950000000000001,0.9958144921797665
2893,0.6950000000000001,0.9958144921797665
2894,0.6950000000000001,0.9958144921797665
2895,0.6950000000000001,0.9958144921797665
2896,0.6950000000000001,0.9958144921797665
2897,0.6950000000000001,0.9958144921797665
2898,0.6950000000000001,0.9958144921797665
2899,0.6950000000000001,0.9958144921797665
2900,0.6950000000000001,0.9958144921797665
2901,0.6950000000000001,0.9958144921797665
2902,0.6950000000000001,0.9958144921797665
2903,0.6950000000000001,0.9958144921797665
2904,0.6950000000000001,0.9958144921797665
2905,0.6950000000000001,0.9958144921797665
2906,0.6950000000000001,0.9958144921797665
2907,0.6950000000000001,0.9958144921797665
2908,0.6950000000000001,0.9958144921797665
2909,0.6950000000000001,0.9958144921797665
2910,0.6950000000000001,0.9958144921797665
2911,0.6950000000000001,0.9958144921797665
2912,0.6950000000000001,0.9958144921797665
2913,0.6950000000000001,0.9958144921797665
2914,0.6950000000000001,0.9958144921797665
2915,0.6950000000000001,0.9958144921797665
2916,0.6950000000000001,0.9958144921797665
2917,0.6950000000000001,0.9958144921797665
2918,0.6950000000000001,0.9958144921797665
2919,0.6950000000000001,0.9958144921797665
2920,0.6950000000000001,0.9958144921797665
2921,0.6950000000000001,0.9958144921797665
2922,0.6950000000000001,0.9958144921797665
2923,0.6950000000000001,0.9958144921797665
2924,0.6950000000000001,0.9958144921797665
2925,0.6950000000000001,0.9958144921797665
2926,0.6950000000000001,0.9958144921797665
2927,0.6950000000000001,0.9958144921797665
2928,0.6950000000000001,0.9958144921797665
2929,0.6950000000000001,0.9958144921797665
2930,0.6950000000000001,0.9958144921797665
2931,0.6950000000000001,0.9958144921797665
2932,0.6950000000000001,0.9958144921797665
2933,0.6950000000000001,0.9958144921797665
2934,0.6950000000000001,0.9958144921797665
2935,0.6950000000000001,0.9958144921797665
2936,0.6950000000000001,0.9958144921797665
2937,0.6950000000000001,0.9958144921797665
2938,0.6950000000000001,0.9958144921797665
2939,0.6950000000000001,0.9958144921797665
2940,0.6950000000000001,0.9958144921797665
2941,0.6950000000000001,0.9958144921797665
2942,0.6950000000000001,0.9958144921797665
2943,0.6950000000000001,0.9958144921797665
2944,0.6950000000000001,0.9958144921797665
2945,0.6950000000000001,0.9958144921797665
2946,0.6950000000000001,0.9958144921797665
2947,0.6950000000000001,0.9958144921797665
2948,0.6950000000000001,0.9958144921797665
2949,0.6950000000000001,0.9958144921797665
2950,0.6950000000000001,0.9958144921797665
2951,0.6950000000000001,0.9958144921797665
2952,0.6950000000000001,0.9958144921797665
2953,0.6950000000000001,0.9958144921797665
2954,0.6950000000000001,0.9958144921797665
2955,0.6950000000000001,0.9958144921797665
2956,0.6950000000000001,0.9958144921797665
2957,0.6950000000000001,0.9958144921797665
2958,0.6950000000000001,0.9958144921797665
2959,0.6950000000000001,0.9958144921797665
2960,0.6950000000000001,0.9958144921797665
2961,0.6950000000000001,0.9958144921797665
2962,0.6950000000000001,0.9958144921797665
2963,0.6950000000000001,0.9958144921797665
2964,0.6950000000000001,0.9958144921797665
2965,0.6950000000000001,0.9958144921797665
2966,0.6950000000000001,0.9958144921797665
2967,0.6950000000000001,0.9958144921797665
2968,0.6950000000000001,0.9958144921797665
2969,0.6950000000000001,0.9958144921797665
2970,0.6950000000000001,0.9958144921797665
2971,0.6950000000000001,0.9958144921797665
2972,0.6950000000000001,0.9958144921797665
2973,0.685,0.9958144921797665
2974,0.55,0.9958144921797665
2975,0.55,0.9958144921797665
2976,0.55,0.9958144921797665
2977,0.55,0.9958144921797665
2978,0.55,0.9958144921797665
2979,0.55,0.9958144921797665
2980,0.55,0.9958144921797665
2981,0.55,0.9958144921797665
2982,0.55,0.9958144921797665
2983,0.55,0.9958144921797665
2984,0.55,0.9958144921797665
2985,0.55,0.9958144921797665
2986,0.55,0.9958144921797665
2987,0.55,0.9958144921797665
2988,0.55,0.9958144921797665
2989,0.55,0.9958144921797665
2990,0.55,0.9958144921797665
2991,0.55,0.9958144921797665
2992,0.55,0.9958144921797665
2993,0.55,0.9958144921797665
2994,0.55,0.9958144921797665
2995,0.55,0.9958144921797665
2996,0.55,0.9958144921797665
2997,0.55,0.9958144921797665
2998,0.55,0.9958144921797665
2999,0.55,0.9958144921797665
3000,0.55,0.9958144921797665
3001,0.55,0.9958144921797665
3002,0.55,0.9958144921797665
3003,0.55,0.9958144921797665
3004,0.55,0.9958144921797665
3005,0.55,0.9958144921797665
3006,0.55,0.9958144921797665
3007,0.55,0.9958144921797665
3008,0.55,0.9958144921797665
3009,0.55,0.9958144921797665
3010,0.55,0.9958144921797665
3011,0.55,0.9958144921797665
3012,0.55,0.9958144921797665
3013,0.55,0.9958144921797665
3014,0.55,0.9958144921797665
3015,0.55,0.9958144921797665
3016,0.55,0.9958144921797665
3017,0.55,0.9958144921797665
3018,0.55,0.9958144921797665
3019,0.55,0.9958144921797665
3020,0.55,0.9958144921797665
3021,0.55,0.9958144921797665
3022,0.55,0.9958144921797665
3023,0.55,0.9958144921797665
3024,0.55,0.9958144921797665
3025,0.55,0.9958144921797665
3026,0.55,0.9958144921797665
3027,0.55,0.9958144921797665
3028,0.55,0.9958144921797665
3029,0.55,0.9958144921797665
3030,0.55,0.9958144921797665
3031,0.55,0.9958144921797665
3032,0.55,0.9958144921797665
3033,0.55,0.9958144921797665
3034,0.55,0.9958144921797665
3035,0.55,0.9958144921797665
3036,0.55,0.9958144921797665
3037,0.55,0.9958144921797665
3038,0.55,0.9958144921797665
3039,0.55,0.9958144921797665
3040,0.55,0.9958144921797665
3041,0.55,0.9958144921797665
3042,0.55,0.9958144921797665
3043,0.55,0.9958144921797665
3044,0.55,0.9958144921797665
3045,0.55,0.9958144921797665
3046,0.55,0.9958144921797665
3047,0.55,0.9958144921797665
3048,0.55,0.9958144921797665
3049,0.55,0.9958144921797665
3050,0.55,0.9958144921797665
3051,0.55,0.9958144921797665
3052,0.55,0.9958144921797665
3053,0.55,0.9958144921797665
3054,0.55,0.9958144921797665
3055,0.55,0.9958144921797665
3056,0.55,0.9958144921797665
3057,0.55,0.9958144921797665
3058,0.55,0.9958144921797665
3059,0.55,0.9958144921797665
3060,0.55,0.9958144921797665
3061,0.55,0.9958144921797665
3062,0.55,0.9958144921797665
3063,0.55,0.9958144921797665
3064,0.55,0.9958144921797665
3065,0.55,0.9958144921797665
3066,0.55,0.9958144921797665
3067,0.55,0.9958144921797665
3068,0.55,0.9958144921797665
3069,0.55,0.9958144921797665
3070,0.55,0.9958144921797665
3071,0.55,0.9958144921797665
3072,0.55,0.9958144921797665
3073,0.41500000000000004,0.9958144921797665
3074,0.41500000000000004,0.9958144921797665
3075,0.41500000000000004,0.9958144921797665
3076,0.41500000000000004,0.9958144921797665
3077,0.41500000000000004,0.9958144921797665
3078,0.41500000000000004,0.9958144921797665
3079,0.41500000000000004,0.9958144921797665
3080,0.41500000000000004,0.9958144921797665
3081,0.41500000000000004,0.9958144921797665
3082,0.41500000000000004,0.9958144921797665
3083,0.41500000000000004,0.9958144921797665
3084,0.41500000000000004,0.9958144921797665
3085,0.41500000000000004,0.9958144921797665
3086,0.41500000000000004,0.9958144921797665
3087,0.41500000000000004,0.9958144921797665
3088,0.41500000000000004,0.9958144921797665
3089,0.41500000000000004,0.9958144921797665
3090,0.41500000000000004,0.9958144921797665
3091,0.41500000000000004,0.9958144921797665
3092,0.41500000000000004,0.9958144921797665
3093,0.41500000000000004,0.9958144921797665
3094,0.41500000000000004,0.9958144921797665
3095,0.41500000000000004,0.9958144921797665
3096,0.41500000000000004,0.9958144921797665
3097,0.41500000000000004,0.9958144921797665
3098,0.41500000000000004,0.9958144921797665
3099,0.41500000000000004,0.9958144921797665
3100,0.41500000000000004,0.9958144921797665
3101,0.41500000000000004,0.9958144921797665
3102,0.41500000000000004,0.9958144921797665
3103,0.41500000000000004,0.9958144921797665
3104,0.41500000000000004,0.9958144921797665
3105,0.41500000000000004,0.9958144921797665
3106,0.41500000000000004,0.9958144921797665
3107,0.41500000000000004,0.9958144921797665
3108,0.41500000000000004,0.9958144921797665
3109,0.41500000000000004,0.9958144921797665
3110,0.41500000000000004,0.9958144921797665
3111,0.41500000000000004,0.9958144921797665
3112,0.41500000000000004,0.9958144921797665
3113,0.41500000000000004,0.9958144921797665
3114,0.41500000000000004,0.9958144921797665
3115,0.41500000000000004,0.9958144921797665
3116,0.41500000000000004,0.9958144921797665
3117,0.41500000000000004,0.9958144921797665
3118,0.41500000000000004,0.9958144921797665
3119,0.41500000000000004,0.9958144921797665
3120,0.41500000000000004,0.9958144921797665
3121,0.41500000000000004,0.9958144921797665
3122,0.41500000000000004,0.9958144921797665
3123,0.41500000000000004,0.9958144921797665
3124,0.41500000000000004,0.9958144921797665
3125,0.41500000000000004,0.9958144921797665
3126,0.41500000000000004,0.9958144921797665
3127,0.41500000000000004,0.9958144921797665
3128,0.41500000000000004,0.9958144921797665
3129,0.41500000000000004,0.9958144921797665
3130,0.41500000000000004,0.9958144921797665
3131,0.41500000000000004,0.9958144921797665
3132,0.41500000000000004,0.9958144921797665
3133,0.41500000000000004,0.9958144921797665
3134,0.41500000000000004,0.9958144921797665
3135,0.41500000000000004,0.9958144921797665
3136,0.41500000000000004,0.9958144921797665
3137,0.41500000000000004,0.9958144921797665
3138,0.41500000000000004,0.9958144921797665
3139,0.41500000000000004,0.9958144921797665
3140,0.41500000000000004,0.9958144921797665
3141,0.41500000000000004,0.9958144921797665
3142,0.41500000000000004,0.9958144921797665
3143,0.41500000000000004,0.9958144921797665
3144,0.41500000000000004,0.9958144921797665
3145,0.41500000000000004,0.9958144921797665
3146,0.41500000000000004,0.9958144921797665
3147,0.41500000000000004,0.9958144921797665
3148,0.41500000000000004,0.9958144921797665
3149,0.41500000000000004,0.9958144921797665
3150,0.41500000000000004,0.9958144921797665
3151,0.41500000000000004,0.9958144921797665
3152,0.41500000000000004,0.9958144921797665
3153,0.41500000000000004,0.9958144921797665
3154,0.41500000000000004,0.9958144921797665
3155,0.41500000000000004,0.9958144921797665
3156,0.41500000000000004,0.9958144921797665
3157,0.41500000000000004,0.9958144921797665
3158,0.41500000000000004,0.9958144921797665
3159,0.41500000000000004,0.9958144921797665
3160,0.41500000000000004,0.9958144921797665
3161,0.41500000000000004,0.9958144921797665
3162,0.41500000000000004,0.9958144921797665
3163,0.41500000000000004,0.9958144921797665
3164,0.41500000000000004,0.9958144921797665
3165,0.41500000000000004,0.9958144921797665
3166,0.41500000000000004,0.9958144921797665
3167,0.41500000000000004,0.9958144921797665
3168,0.41500000000000004,0.9958144921797665
3169,0.41500000000000004,0.9958144921797665
3170,0.41500000000000004,0.9958144921797665
3171,0.41500000000000004,0.9958144921797665
3172,0.41500000000000004,0.9958144921797665
3173,0.41500000000000004,0.9958144921797665
3174,0.41500000000000004,0.9958144921797665
3175,0.41500000000000004,0.9958144921797665
3176,0.41500000000000004,0.9958144921797665
3177,0.41500000000000004,0.9958144921797665
3178,0.41500000000000004,0.9958144921797665
3179,0.41500000000000004,0.9958144921797665
3180,0.41500000000000004,0.9958144921797665
3181,0.41500000000000004,0.9958144921797665
3182,0.41500000000000004,0.9958144921797665
3183,0.41500000000000004,0.9958144921797665
3184,0.41500000000000004,0.9958144921797665
3185,0.41500000000000004,0.9958144921797665
3186,0.41500000000000004,0.9958144921797665
3187,0.41500000000000004,0.9958144921797665
3188,0.41500000000000004,0.9958144921797665
3189,0.41500000000000004,0.9958144921797665
3190,0.41500000000000004,0.9958144921797665
3191,0.41500000000000004,0.9958144921797665
3192,0.41500000000000004,0.9958144921797665
3193,0.41500000000000004,0.9958144921797665
3194,0.41500000000000004,0.9958144921797665
3195,0.41500000000000004,0.9958144921797665
3196,0.41500000000000004,0.9958144921797665
3197,0.41500000000000004,0.9958144921797665
3198,0.41500000000000004,0.9958144921797665
3199,0.41500000000000004,0.9958144921797665
3200,0.41500000000000004,0.9958144921797665
3201,0.41500000000000004,0.9958144921797665
3202,0.41500000000000004,0.9958144921797665
3203,0.41500000000000004,0.9958144921797665
3204,0.41500000000000004,0.9958144921797665
3205,0.41500000000000004,0.9958144921797665
3206,0.41500000000000004,0.9958144921797665
3207,0.41500000000000004,0.9958144921797665
3208,0.41500000000000004,0.9958144921797665
3209,0.41500000000000004,0.9958144921797665
3210,0.41500000000000004,0.9958144921797665
3211,0.41500000000000004,0.9958144921797665
3212,0.41500000000000004,0.9958144921797665
3213,0.41500000000000004,0.9958144921797665
3214,0.41500000000000004,0.9958144921797665
3215,0.41500000000000004,0.9958144921797665
3216,0.41500000000000004,0.9958144921797665
3217,0.41500000000000004,0.9958144921797665
3218,0.41500000000000004,0.9958144921797665
3219,0.41500000000000004,0.9958144921797665
3220,0.41500000000000004,0.9958144921797665
3221,0.41500000000000004,0.9958144921797665
3222,0.41500000000000004,0.9958144921797665
3223,0.41500000000000004,0.9958144921797665
3224,0.41500000000000004,0.9958144921797665
3225,0.41500000000000004,0.9958144921797665
3226,0.41500000000000004,0.9958144921797665
3227,0.41500000000000004,0.9958144921797665
3228,0.41500000000000004,0.9958144921797665
3229,0.41500000000000004,0.9958144921797665
3230,0.41500000000000004,0.9958144921797665
3231,0.41500000000000004,0.9958144921797665
3232,0.41500000000000004,0.9958144921797665
3233,0.41500000000000004,0.9958144921797665
3234,0.41500000000000004,0.9958144921797665
3235,0.41500000000000004,0.9958144921797665
3236,0.41500000000000004,0.9958144921797665
3237,0.41500000000000004,0.9958144921797665
3238,0.41500000000000004,0.9958144921797665
3239,0.41500000000000004,0.9958144921797665
3240,0.41500000000000004,0.9958144921797665
3241,0.41500000000000004,0.9958144921797665
3242,0.41500000000000004,0.9958144921797665
3243,0.41500000000000004,0.9958144921797665
3244,0.41500000000000004,0.9958144921797665
3245,0.41500000000000004,0.9958144921797665
3246,0.41500000000000004,0.9958144921797665
3247,0.41500000000000004,0.9958144921797665
3248,0.41500000000000004,0.9958144921797665
3249,0.41500000000000004,0.9958144921797665
3250,0.41500000000000004,0.9958144921797665
3251,0.41500000000000004,0.9958144921797665
3252,0.41500000000000004,0.9958144921797665
3253,0.41500000000000004,0.9958144921797665
3254,0.41500000000000004,0.9958144921797665
3255,0.41500000000000004,0.9958144921797665
3256,0.41500000000000004,0.9958144921797665
3257,0.41500000000000004,0.9958144921797665
3258,0.41500000000000004,0.9958144921797665
3259,0.41500000000000004,0.9958144921797665
3260,0.41500000000000004,0.9958144921797665
3261,0.41500000000000004,0.9958144921797665
3262,0.41500000000000004,0.9958144921797665
3263,0.41500000000000004,0.9958144921797665
3264,0.41500000000000004,0.9958144921797665
3265,0.41500000000000004,0.9958144921797665
3266,0.41500000000000004,0.9958144921797665
3267,0.41500000000000004,0.9958144921797665
3268,0.41500000000000004,0.9958144921797665
3269,0.41500000000000004,0.9958144921797665
3270,0.41500000000000004,0.9958144921797665
3271,0.41500000000000004,0.9958144921797665
3272,0.41500000000000004,0.9958144921797665
3273,0.41500000000000004,0.9958144921797665
3274,0.41500000000000004,0.9958144921797665
3275,0.41500000000000004,0.9958144921797665
3276,0.41500000000000004,0.9958144921797665
3277,0.41500000000000004,0.9958144921797665
3278,0.41500000000000004,0.9958144921797665
3279,0.41500000000000004,0.9958144921797665
3280,0.41500000000000004,0.9958144921797665
3281,0.41500000000000004,0.9958144921797665
3282,0.41500000000000004,0.9958144921797665
3283,0.41500000000000004,0.9958144921797665
3284,0.41500000000000004,0.9958144921797665
3285,0.41500000000000004,0.9958144921797665
3286,0.41500000000000004,0.9958144921797665
3287,0.41500000000000004,0.9958144921797665
3288,0.41500000000000004,0.9958144921797665
3289,0.41500000000000004,0.9958144921797665
3290,0.41500000000000004,0.9958144921797665
3291,0.41500000000000004,0.9958144921797665
3292,0.41500000000000004,0.9958144921797665
3293,0.41500000000000004,0.9958144921797665
3294,0.41500000000000004,0.9958144921797665
3295,0.41500000000000004,0.9958144921797665
3296,0.41500000000000004,0.9958144921797665
3297,0.41500000000000004,0.9958144921797665
3298,0.41500000000000004,0.9958144921797665
3299,0.41500000000000004,0.9958144921797665
3300,0.41500000000000004,0.9958144921797665
3301,0.41500000000000004,0.9958144921797665
3302,0.41500000000000004,0.9958144921797665
3303,0.41500000000000004,0.9958144921797665
3304,0.41500000000000004,0.9958144921797665
3305,0.41500000000000004,0.9958144921797665
3306,0.41500000000000004,0.9958144921797665
3307,0.41500000000000004,0.9958144921797665
3308,0.41500000000000004,0.9958144921797665
3309,0.41500000000000004,0.9958144921797665
3310,0.41500000000000004,0.9958144921797665
3311,0.41500000000000004,0.9958144921797665
3312,0.41500000000000004,0.9958144921797665
3313,0.41500000000000004,0.9958144921797665
3314,0.41500000000000004,0.9958144921797665
3315,0.41500000000000004,0.9958144921797665
3316,0.41500000000000004,0.9958144921797665
3317,0.41500000000000004,0.9958144921797665
3318,0.41500000000000004,0.9958144921797665
3319,0.41500000000000004,0.9958144921797665
3320,0.41500000000000004,0.9958144921797665
3321,0.41500000000000004,0.9958144921797665
3322,0.41500000000000004,0.9958144921797665
3323,0.41500000000000004,0.9958144921797665
3324,0.41500000000000004,0.9958144921797665
3325,0.41500000000000004,0.9958144921797665
3326,0.41500000000000004,0.9958144921797665
3327,0.41500000000000004,0.9958144921797665
3328,0.41500000000000004,0.9958144921797665
3329,0.41500000000000004,0.9958144921797665
3330,0.41500000000000004,0.9958144921797665
3331,0.41500000000000004,0.9958144921797665
3332,0.41500000000000004,0.9958144921797665
3333,0.41500000000000004,0.9958144921797665
3334,0.41500000000000004,0.9958144921797665
3335,0.41500000000000004,0.9958144921797665
3336,0.41500000000000004,0.9958144921797665
3337,0.41500000000000004,0.9958144921797665
3338,0.41500000000000004,0.9958144921797665
3339,0.41500000000000004,0.9958144921797665
3340,0.41500000000000004,0.9958144921797665
3341,0.41500000000000004,0.9958144921797665
3342,0.41500000000000004,0.9958144921797665
3343,0.41500000000000004,0.9958144921797665
3344,0.41500000000000004,0.9958144921797665
3345,0.41500000000000004,0.9958144921797665
3346,0.41500000000000004,0.9958144921797665
3347,0.41500000000000004,0.9958144921797665
3348,0.41500000000000004,0.9958144921797665
3349,0.41500000000000004,0.9958144921797665
3350,0.41500000000000004,0.9958144921797665
3351,0.41500000000000004,0.9958144921797665
3352,0.41500000000000004,0.9958144921797665
3353,0.41500000000000004,0.9958144921797665
3354,0.41500000000000004,0.9958144921797665
3355,0.41500000000000004,0.9958144921797665
3356,0.41500000000000004,0.9958144921797665
3357,0.41500000000000004,0.9958144921797665
3358,0.41500000000000004,0.9958144921797665
3359,0.41500000000000004,0.9958144921797665
3360,0.41500000000000004,0.9958144921797665
3361,0.41500000000000004,0.9958144921797665
3362,0.41500000000000004,0.9958144921797665
3363,0.41500000000000004,0.9958144921797665
3364,0.41500000000000004,0.9958144921797665
3365,0.41500000000000004,0.9958144921797665
3366,0.41500000000000004,0.9958144921797665
3367,0.41500000000000004,0.9958144921797665
3368,0.41500000000000004,0.9958144921797665
3369,0.41500000000000004,0.9958144921797665
3370,0.41500000000000004,0.9958144921797665
3371,0.41500000000000004,0.9958144921797665
3372,0.41500000000000004,0.9958144921797665
3373,0.41500000000000004,0.9958144921797665
3374,0.41500000000000004,0.9958144921797665
3375,0.41500000000000004,0.9958144921797665
3376,0.41500000000000004,0.9958144921797665
3377,0.41500000000000004,0.9958144921797665
3378,0.41500000000000004,0.9958144921797665
3379,0.41500000000000004,0.9958144921797665
3380,0.41500000000000004,0.9958144921797665
3381,0.41500000000000004,0.9958144921797665
3382,0.41500000000000004,0.9958144921797665
3383,0.41500000000000004,0.9958144921797665
3384,0.41500000000000004,0.9958144921797665
3385,0.41500000000000004,0.9958144921797665
3386,0.41500000000000004,0.9958144921797665
3387,0.41500000000000004,0.9958144921797665
3388,0.41500000000000004,0.9958144921797665
3389,0.41500000000000004,0.9958144921797665
3390,0.41500000000000004,0.9958144921797665
3391,0.41500000000000004,0.9958144921797665
3392,0.41500000000000004,0.9958144921797665
3393,0.41500000000000004,0.9958144921797665
3394,0.41500000000000004,0.9958144921797665
3395,0.41500000000000004,0.9958144921797665
3396,0.41500000000000004,0.9958144921797665
3397,0.41500000000000004,0.9958144921797665
3398,0.41500000000000004,0.9958144921797665
3399,0.41500000000000004,0.9958144921797665
3400,0.41500000000000004,0.9958144921797665
3401,0.41500000000000004,0.9958144921797665
3402,0.41500000000000004,0.9958144921797665
3403,0.41500000000000004,0.9958144921797665
3404,0.41500000000000004,0.9958144921797665
3405,0.41500000000000004,0.9958144921797665
3406,0.41500000000000004,0.9958144921797665
3407,0.41500000000000004,0.9958144921797665
3408,0.41500000000000004,0.9958144921797665
3409,0.41500000000000004,0.9958144921797665
3410,0.41500000000000004,0.9958144921797665
3411,0.41500000000000004,0.9958144921797665
3412,0.41500000000000004,0.9958144921797665
3413,0.41500000000000004,0.9958144921797665
3414,0.41500000000000004,0.9958144921797665
3415,0.41500000000000004,0.9958144921797665
3416,0.41500000000000004,0.9958144921797665
3417,0.41500000000000004,0.9958144921797665
3418,0.41500000000000004,0.9958144921797665
3419,0.41500000000000004,0.9958144921797665
3420,0.41500000000000004,0.9958144921797665
3421,0.41500000000000004,0.9958144921797665
3422,0.41500000000000004,0.9958144921797665
3423,0.41500000000000004,0.9958144921797665
3424,0.41500000000000004,0.9958144921797665
3425,0.41500000000000004,0.9958144921797665
3426,0.41500000000000004,0.9958144921797665
3427,0.41500000000000004,0.9958144921797665
3428,0.41500000000000004,0.9958144921797665
3429,0.41500000000000004,0.9958144921797665
3430,0.41500000000000004,0.9958144921797665
3431,0.41500000000000004,0.9958144921797665
3432,0.41500000000000004,0.9958144921797665
3433,0.41500000000000004,0.9958144921797665
3434,0.41500000000000004,0.9958144921797665
3435,0.41500000000000004,0.9958144921797665
3436,0.41500000000000004,0.9958144921797665
3437,0.41500000000000004,0.9958144921797665
3438,0.41500000000000004,0.9958144921797665
3439,0.41500000000000004,0.9958144921797665
3440,0.41500000000000004,0.9958144921797665
3441,0.41500000000000004,0.9958144921797665
3442,0.41500000000000004,0.9958144921797665
3443,0.41500000000000004,0.9958144921797665
3444,0.41500000000000004,0.9958144921797665
3445,0.41500000000000004,0.9958144921797665
3446,0.41500000000000004,0.9958144921797665
3447,0.41500000000000004,0.9958144921797665
3448,0.41500000000000004,0.9958144921797665
3449,0.41500000000000004,0.9958144921797665
3450,0.41500000000000004,0.9958144921797665
3451,0.41500000000000004,0.9958144921797665
3452,0.41500000000000004,0.9958144921797665
3453,0.41500000000000004,0.9958144921797665
3454,0.41500000000000004,0.9958144921797665
3455,0.41500000000000004,0.9958144921797665
3456,0.41500000000000004,0.9958144921797665
3457,0.41500000000000004,0.9958144921797665
3458,0.41500000000000004,0.9958144921797665
3459,0.41500000000000004,0.9958144921797665
3460,0.41500000000000004,0.9958144921797665
3461,0.41500000000000004,0.9958144921797665
3462,0.41500000000000004,0.9958144921797665
3463,0.41500000000000004,0.9958144921797665
3464,0.41500000000000004,0.9958144921797665
3465,0.41500000000000004,0.9958144921797665
3466,0.41500000000000004,0.9958144921797665
3467,0.41500000000000004,0.9958144921797665
3468,0.41500000000000004,0.9958144921797665
3469,0.41500000000000004,0.9958144921797665
3470,0.41500000000000004,0.9958144921797665
3471,0.41500000000000004,0.9958144921797665
3472,0.41500000000000004,0.9958144921797665
3473,0.41500000000000004,0.9958144921797665
3474,0.41500000000000004,0.9958144921797665
3475,0.41500000000000004,0.9958144921797665
3476,0.41500000000000004,0.9958144921797665
3477,0.41500000000000004,0.9958144921797665
3478,0.41500000000000004,0.9958144921797665
3479,0.41500000000000004,0.9958144921797665
3480,0.41500000000000004,0.9958144921797665
3481,0.41500000000000004,0.9958144921797665
3482,0.41500000000000004,0.9958144921797665
3483,0.41500000000000004,0.9958144921797665
3484,0.41500000000000004,0.9958144921797665
3485,0.41500000000000004,0.9958144921797665
3486,0.41500000000000004,0.9958144921797665
3487,0.41500000000000004,0.9958144921797665
3488,0.41500000000000004,0.9958144921797665
3489,0.41500000000000004,0.9958144921797665
3490,0.41500000000000004,0.9958144921797665
3491,0.41500000000000004,0.9958144921797665
3492,0.41500000000000004,0.9958144921797665
3493,0.41500000000000004,0.9958144921797665
3494,0.41500000000000004,0.9958144921797665
3495,0.41500000000000004,0.9958144921797665
3496,0.41500000000000004,0.9958144921797665
3497,0.41500000000000004,0.9958144921797665
3498,0.41500000000000004,0.9958144921797665
3499,0.41500000000000004,0.9958144921797665
3500,0.41500000000000004,0.9958144921797665
3501,0.41500000000000004,0.9958144921797665
3502,0.41500000000000004,0.9958144921797665
3503,0.41500000000000004,0.9958144921797665
3504,0.41500000000000004,0.9958144921797665
3505,0.41500000000000004,0.9958144921797665
3506,0.41500000000000004,0.9958144921797665
3507,0.41500000000000004,0.9958144921797665
3508,0.41500000000000004,0.9958144921797665
3509,0.41500000000000004,0.9958144921797665
3510,0.41500000000000004,0.9958144921797665
3511,0.41500000000000004,0.9958144921797665
3512,0.41500000000000004,0.9958144921797665
3513,0.41500000000000004,0.9958144921797665
3514,0.41500000000000004,0.9958144921797665
3515,0.41500000000000004,0.9958144921797665
3516,0.41500000000000004,0.9958144921797665
3517,0.41500000000000004,0.9958144921797665
3518,0.41500000000000004,0.9958144921797665
3519,0.41500000000000004,0.9958144921797665
3520,0.41500000000000004,0.9958144921797665
3521,0.41500000000000004,0.9958144921797665
3522,0.41500000000000004,0.9958144921797665
3523,0.41500000000000004,0.9958144921797665
3524,0.41500000000000004,0.9958144921797665
3525,0.41500000000000004,0.9958144921797665
3526,0.41500000000000004,0.9958144921797665
3527,0.41500000000000004,0.9958144921797665
3528,0.41500000000000004,0.9958144921797665
3529,0.41500000000000004,0.9958144921797665
3530,0.41500000000000004,0.9958144921797665
3531,0.41500000000000004,0.9958144921797665
3532,0.41500000000000004,0.9958144921797665
3533,0.41500000000000004,0.9958144921797665
3534,0.41500000000000004,0.9958144921797665
3535,0.41500000000000004,0.9958144921797665
3536,0.41500000000000004,0.9958144921797665
3537,0.41500000000000004,0.9958144921797665
3538,0.41500000000000004,0.9958144921797665
3539,0.41500000000000004,0.9958144921797665
3540,0.41500000000000004,0.9958144921797665
3541,0.41500000000000004,0.9958144921797665
3542,0.41500000000000004,0.9958144921797665
3543,0.41500000000000004,0.9958144921797665
3544,0.41500000000000004,0.9958144921797665
3545,0.41500000000000004,0.9958144921797665
3546,0.41500000000000004,0.9958144921797665
3547,0.41500000000000004,0.9958144921797665
3548,0.41500000000000004,0.9958144921797665
3549,0.41500000000000004,0.9958144921797665
3550,0.41500000000000004,0.9958144921797665
3551,0.41500000000000004,0.9958144921797665
3552,0.41500000000000004,0.9958144921797665
3553,0.41500000000000004,0.9958144921797665
3554,0.41500000000000004,0.9958144921797665
3555,0.41500000000000004,0.9958144921797665
3556,0.41500000000000004,0.9958144921797665
3557,0.41500000000000004,0.9958144921797665
3558,0.41500000000000004,0.9958144921797665
3559,0.41500000000000004,0.9958144921797665
3560,0.41500000000000004,0.9958144921797665
3561,0.41500000000000004,0.9958144921797665
3562,0.41500000000000004,0.9958144921797665
3563,0.41500000000000004,0.9958144921797665
3564,0.41500000000000004,0.9958144921797665
3565,0.41500000000000004,0.9958144921797665
3566,0.41500000000000004,0.9958144921797665
3567,0.41500000000000004,0.9958144921797665
3568,0.41500000000000004,0.9958144921797665
3569,0.41500000000000004,0.9958144921797665
3570,0.41500000000000004,0.9958144921797665
3571,0.41500000000000004,0.9958144921797665
3572,0.41500000000000004,0.9958144921797665
3573,0.41500000000000004,0.9958144921797665
3574,0.41500000000000004,0.9958144921797665
3575,0.41500000000000004,0.9958144921797665
3576,0.41500000000000004,0.9958144921797665
3577,0.41500000000000004,0.9958144921797665
3578,0.41500000000000004,0.9958144921797665
3579,0.41500000000000004,0.9958144921797665
3580,0.41500000000000004,0.9958144921797665
3581,0.41500000000000004,0.9958144921797665
3582,0.41500000000000004,0.9958144921797665
3583,0.41500000000000004,0.9958144921797665
3584,0.41500000000000004,0.9958144921797665
3585,0.41500000000000004,0.9958144921797665
3586,0.41500000000000004,0.9958144921797665
3587,0.41500000000000004,0.9958144921797665
3588,0.41500000000000004,0.9958144921797665
3589,0.41500000000000004,0.9958144921797665
3590,0.41500000000000004,0.9958144921797665
3591,0.41500000000000004,0.9958144921797665
3592,0.41500000000000004,0.9958144921797665
3593,0.41500000000000004,0.9958144921797665
3594,0.41500000000000004,0.9958144921797665
3595,0.41500000000000004,0.9958144921797665
3596,0.41500000000000004,0.9958144921797665
3597,0.41500000000000004,0.9958144921797665
3598,0.41500000000000004,0.9958144921797665
3599,0.41500000000000004,0.9958144921797665
3600,0.41500000000000004,0.9958144921797665
3601,0.41500000000000004,0.9958144921797665
3602,0.41500000000000004,0.9958144921797665
3603,0.41500000000000004,0.9958144921797665
3604,0.41500000000000004,0.9958144921797665
3605,0.41500000000000004,0.9958144921797665
3606,0.41500000000000004,0.9958144921797665
3607,0.41500000000000004,0.9958144921797665
3608,0.41500000000000004,0.9958144921797665
3609,0.41500000000000004,0.9958144921797665
3610,0.41500000000000004,0.9958144921797665
3611,0.41500000000000004,0.9958144921797665
3612,0.41500000000000004,0.9958144921797665
3613,0.41500000000000004,0.9958144921797665
3614,0.41500000000000004,0.9958144921797665
3615,0.41500000000000004,0.9958144921797665
3616,0.41500000000000004,0.9958144921797665
3617,0.41500000000000004,0.9958144921797665
3618,0.41500000000000004,0.9958144921797665
3619,0.41500000000000004,0.9958144921797665
3620,0.41500000000000004,0.9958144921797665
3621,0.41500000000000004,0.9958144921797665
3622,0.41500000000000004,0.9958144921797665
3623,0.41500000000000004,0.9958144921797665
3624,0.41500000000000004,0.9958144921797665
3625,0.41500000000000004,0.9958144921797665
3626,0.41500000000000004,0.9958144921797665
3627,0.41500000000000004,0.9958144921797665
3628,0.41500000000000004,0.9958144921797665
3629,0.41500000000000004,0.9958144921797665
3630,0.41500000000000004,0.9958144921797665
3631,0.41500000000000004,0.9958144921797665
3632,0.41500000000000004,0.9958144921797665
3633,0.41500000000000004,0.9958144921797665
3634,0.41500000000000004,0.9958144921797665
3635,0.41500000000000004,0.9958144921797665
3636,0.41500000000000004,0.9958144921797665
3637,0.41500000000000004,0.9958144921797665
3638,0.41500000000000004,0.9958144921797665
3639,0.41500000000000004,0.9958144921797665
3640,0.41500000000000004,0.9958144921797665
3641,0.41500000000000004,0.9958144921797665
3642,0.41500000000000004,0.9958144921797665
3643,0.41500000000000004,0.9958144921797665
3644,0.41500000000000004,0.9958144921797665
3645,0.41500000000000004,0.9958144921797665
3646,0.41500000000000004,0.9958144921797665
3647,0.41500000000000004,0.9958144921797665
3648,0.41500000000000004,0.9958144921797665
3649,0.41500000000000004,0.9958144921797665
3650,0.41500000000000004,0.9958144921797665
3651,0.41500000000000004,0.9958144921797665
3652,0.41500000000000004,0.9958144921797665
3653,0.41500000000000004,0.9958144921797665
3654,0.41500000000000004,0.9958144921797665
3655,0.41500000000000004,0.9958144921797665
3656,0.41500000000000004,0.9958144921797665
3657,0.41500000000000004,0.9958144921797665
3658,0.41500000000000004,0.9958144921797665
3659,0.41500000000000004,0.9958144921797665
3660,0.41500000000000004,0.9958144921797665
3661,0.41500000000000004,0.9958144921797665
3662,0.41500000000000004,0.9958144921797665
3663,0.41500000000000004,0.9958144921797665
3664,0.41500000000000004,0.9958144921797665
3665,0.41500000000000004,0.9958144921797665
3666,0.41500000000000004,0.9958144921797665
3667,0.41500000000000004,0.9958144921797665
3668,0.41500000000000004,0.9958144921797665
3669,0.41500000000000004,0.9958144921797665
3670,0.41500000000000004,0.9958144921797665
3671,0.41500000000000004,0.9958144921797665
3672,0.41500000000000004,0.9958144921797665
3673,0.41500000000000004,0.9958144921797665
3674,0.41500000000000004,0.9958144921797665
3675,0.41500000000000004,0.9958144921797665
3676,0.41500000000000004,0.9958144921797665
3677,0.41500000000000004,0.9958144921797665
3678,0.41500000000000004,0.9958144921797665
3679,0.41500000000000004,0.9958144921797665
3680,0.41500000000000004,0.9958144921797665
3681,0.41500000000000004,0.9958144921797665
3682,0.41500000000000004,0.9958144921797665
3683,0.41500000000000004,0.9958144921797665
3684,0.41500000000000004,0.9958144921797665
3685,0.41500000000000004,0.9958144921797665
3686,0.41500000000000004,0.9958144921797665
3687,0.41500000000000004,0.9958144921797665
3688,0.41500000000000004,0.9958144921797665
3689,0.41500000000000004,0.9958144921797665
3690,0.41500000000000004,0.9958144921797665
3691,0.41500000000000004,0.9958144921797665
3692,0.41500000000000004,0.9958144921797665
3693,0.41500000000000004,0.9958144921797665
3694,0.41500000000000004,0.9958144921797665
3695,0.41500000000000004,0.9958144921797665
3696,0.41500000000000004,0.9958144921797665
3697,0.41500000000000004,0.9958144921797665
3698,0.41500000000000004,0.9958144921797665
3699,0.41500000000000004,0.9958144921797665
3700,0.41500000000000004,0.9958144921797665
3701,0.41500000000000004,0.9958144921797665
3702,0.41500000000000004,0.9958144921797665
3703,0.41500000000000004,0.9958144921797665
3704,0.41500000000000004,0.9958144921797665
3705,0.41500000000000004,0.9958144921797665
3706,0.41500000000000004,0.9958144921797665
3707,0.41500000000000004,0.9958144921797665
3708,0.41500000000000004,0.9958144921797665
3709,0.41500000000000004,0.9958144921797665
3710,0.41500000000000004,0.9958144921797665
3711,0.41500000000000004,0.9958144921797665
3712,0.41500000000000004,0.9958144921797665
3713,0.41500000000000004,0.9958144921797665
3714,0.41500000000000004,0.9958144921797665
3715,0.41500000000000004,0.9958144921797665
3716,0.41500000000000004,0.9958144921797665
3717,0.41500000000000004,0.9958144921797665
3718,0.41500000000000004,0.9958144921797665
3719,0.41500000000000004,0.9958144921797665
3720,0.41500000000000004,0.9958144921797665
3721,0.41500000000000004,0.9958144921797665
3722,0.41500000000000004,0.9958144921797665
3723,0.41500000000000004,0.9958144921797665
3724,0.41500000000000004,0.9958144921797665
3725,0.41500000000000004,0.9958144921797665
3726,0.41500000000000004,0.9958144921797665
3727,0.41500000000000004,0.9958144921797665
3728,0.41500000000000004,0.9958144921797665
3729,0.41500000000000004,0.9958144921797665
3730,0.41500000000000004,0.9958144921797665
3731,0.41500000000000004,0.9958144921797665
3732,0.41500000000000004,0.9958144921797665
3733,0.41500000000000004,0.9958144921797665
3734,0.41500000000000004,0.9958144921797665
3735,0.41500000000000004,0.9958144921797665
3736,0.41500000000000004,0.9958144921797665
3737,0.41500000000000004,0.9958144921797665
3738,0.41500000000000004,0.9958144921797665
3739,0.41500000000000004,0.9958144921797665
3740,0.41500000000000004,0.9958144921797665
3741,0.41500000000000004,0.9958144921797665
3742,0.41500000000000004,0.9958144921797665
3743,0.41500000000000004,0.9958144921797665
3744,0.41500000000000004,0.9958144921797665
3745,0.41500000000000004,0.9958144921797665
3746,0.41500000000000004,0.9958144921797665
3747,0.41500000000000004,0.9958144921797665
3748,0.41500000000000004,0.9958144921797665
3749,0.41500000000000004,0.9958144921797665
3750,0.41500000000000004,0.9958144921797665
3751,0.41500000000000004,0.9958144921797665
3752,0.41500000000000004,0.9958144921797665
3753,0.41500000000000004,0.9958144921797665
3754,0.41500000000000004,0.9958144921797665
3755,0.41500000000000004,0.9958144921797665
3756,0.41500000000000004,0.9958144921797665
3757,0.41500000000000004,0.9958144921797665
3758,0.41500000000000004,0.9958144921797665
3759,0.41500000000000004,0.9958144921797665
3760,0.41500000000000004,0.9958144921797665
3761,0.41500000000000004,0.9958144921797665
3762,0.41500000000000004,0.9958144921797665
3763,0.41500000000000004,0.9958144921797665
3764,0.41500000000000004,0.9958144921797665
3765,0.28,0.9958144921797665
3766,0.28,0.9958144921797665
3767,0.28,0.9958144921797665
3768,0.28,0.9958144921797665
3769,0.28,0.9958144921797665
3770,0.28,0.9958144921797665
3771,0.28,0.9958144921797665
3772,0.28,0.9958144921797665
3773,0.28,0.9958144921797665
3774,0.28,0.9958144921797665
3775,0.28,0.9958144921797665
3776,0.28,0.9958144921797665
3777,0.28,0.9958144921797665
3778,0.28,0.9958144921797665
3779,0.28,0.9958144921797665
3780,0.28,0.9958144921797665
3781,0.28,0.9958144921797665
3782,0.28,0.9958144921797665
3783,0.28,0.9958144921797665
3784,0.28,0.9958144921797665
3785,0.28,0.9958144921797665
3786,0.28,0.9958144921797665
3787,0.28,0.9958144921797665
3788,0.28,0.9958144921797665
3789,0.28,0.9958144921797665
3790,0.28,0.9958144921797665
3791,0.28,0.9958144921797665
3792,0.28,0.9958144921797665
3793,0.28,0.9958144921797665
3794,0.28,0.9958144921797665
3795,0.28,0.9958144921797665
3796,0.28,0.9958144921797665
3797,0.28,0.9958144921797665
3798,0.28,0.9958144921797665
3799,0.28,0.9958144921797665
3800,0.28,0.9958144921797665
3801,0.28,0.9958144921797665
3802,0.28,0.9958144921797665
3803,0.28,0.9958144921797665
3804,0.28,0.9958144921797665
3805,0.28,0.9958144921797665
3806,0.28,0.9958144921797665
3807,0.28,0.9958144921797665
3808,0.28,0.9958144921797665
3809,0.28,0.9958144921797665
3810,0.28,0.9958144921797665
3811,0.28,0.9958144921797665
3812,0.28,0.9958144921797665
3813,0.28,0.9958144921797665
3814,0.28,0.9958144921797665
3815,0.28,0.9958144921797665
3816,0.28,0.9958144921797665
3817,0.28,0.9958144921797665
3818,0.28,0.9958144921797665
3819,0.28,0.9958144921797665
3820,0.28,0.9958144921797665
3821,0.28,0.9958144921797665
3822,0.28,0.9958144921797665
3823,0.28,0.9958144921797665
3824,0.28,0.9958144921797665
3825,0.28,0.9958144921797665
3826,0.28,0.9958144921797665
3827,0.28,0.9958144921797665
3828,0.28,0.9958144921797665
3829,0.28,0.9958144921797665
3830,0.28,0.9958144921797665
3831,0.28,0.9958144921797665
3832,0.28,0.9958144921797665
3833,0.28,0.9958144921797665
3834,0.28,0.9958144921797665
3835,0.28,0.9958144921797665
3836,0.28,0.9958144921797665
3837,0.28,0.9958144921797665
3838,0.28,0.9958144921797665
3839,0.28,0.9958144921797665
3840,0.28,0.9958144921797665
3841,0.28,0.9958144921797665
3842,0.28,0.9958144921797665
3843,0.28,0.9958144921797665
3844,0.28,0.9958144921797665
3845,0.28,0.9958144921797665
3846,0.28,0.9958144921797665
3847,0.28,0.9958144921797665
3848,0.28,0.9958144921797665
3849,0.28,0.9958144921797665
3850,0.28,0.9958144921797665
3851,0.28,0.9958144921797665
3852,0.28,0.9958144921797665
3853,0.28,0.9958144921797665
3854,0.28,0.9958144921797665
3855,0.28,0.9958144921797665
3856,0.28,0.9958144921797665
3857,0.28,0.9958144921797665
3858,0.28,0.9958144921797665
3859,0.28,0.9958144921797665
3860,0.28,0.9958144921797665
3861,0.28,0.9958144921797665
3862,0.28,0.9958144921797665
3863,0.28,0.9958144921797665
3864,0.28,0.9958144921797665
3865,0.28,0.9958144921797665
3866,0.28,0.9958144921797665
3867,0.28,0.9958144921797665
3868,0.28,0.9958144921797665
3869,0.28,0.9958144921797665
3870,0.28,0.9958144921797665
3871,0.28,0.9958144921797665
3872,0.28,0.9958144921797665
3873,0.28,0.9958144921797665
3874,0.28,0.9958144921797665
3875,0.28,0.9958144921797665
3876,0.28,0.9958144921797665
3877,0.28,0.9958144921797665
3878,0.28,0.9958144921797665
3879,0.28,0.9958144921797665
3880,0.28,0.9958144921797665
3881,0.28,0.9958144921797665
3882,0.28,0.9958144921797665
3883,0.28,0.9958144921797665
3884,0.28,0.9958144921797665
3885,0.28,0.9958144921797665
3886,0.28,0.9958144921797665
3887,0.28,0.9958144921797665
3888,0.28,0.9958144921797665
3889,0.28,0.9958144921797665
3890,0.28,0.9958144921797665
3891,0.28,0.9958144921797665
3892,0.28,0.9958144921797665
3893,0.28,0.9958144921797665
3894,0.28,0.9958144921797665
3895,0.28,0.9958144921797665
3896,0.28,0.9958144921797665
3897,0.28,0.9958144921797665
3898,0.28,0.9958144921797665
3899,0.28,0.9958144921797665
3900,0.28,0.9958144921797665
3901,0.28,0.9958144921797665
3902,0.28,0.9958144921797665
3903,0.28,0.9958144921797665
3904,0.28,0.9958144921797665
3905,0.28,0.9958144921797665
3906,0.28,0.9958144921797665
3907,0.28,0.9958144921797665
3908,0.28,0.9958144921797665
3909,0.28,0.9958144921797665
3910,0.28,0.9958144921797665
3911,0.28,0.9958144921797665
3912,0.28,0.9958144921797665
3913,0.28,0.9958144921797665
3914,0.28,0.9958144921797665
3915,0.28,0.9958144921797665
3916,0.28,0.9958144921797665
3917,0.28,0.9958144921797665
3918,0.28,0.9958144921797665
3919,0.28,0.9958144921797665
3920,0.28,0.9958144921797665
3921,0.28,0.9958144921797665
3922,0.28,0.9958144921797665
3923,0.28,0.9958144921797665
3924,0.28,0.9958144921797665
3925,0.28,0.9958144921797665
3926,0.28,0.9958144921797665
3927,0.28,0.9958144921797665
3928,0.28,0.9958144921797665
3929,0.28,0.9958144921797665
3930,0.28,0.9958144921797665
3931,0.28,0.9958144921797665
3932,0.28,0.9958144921797665
3933,0.28,0.9958144921797665
3934,0.28,0.9958144921797665
3935,0.28,0.9958144921797665
3936,0.28,0.9958144921797665
3937,0.28,0.9958144921797665
3938,0.28,0.9958144921797665
3939,0.28,0.9958144921797665
3940,0.28,0.9958144921797665
3941,0.28,0.9958144921797665
3942,0.28,0.9958144921797665
3943,0.28,0.9958144921797665
3944,0.28,0.9958144921797665
3945,0.28,0.9958144921797665
3946,0.28,0.9958144921797665
3947,0.28,0.9958144921797665
3948,0.28,0.9958144921797665
3949,0.28,0.9958144921797665
3950,0.28,0.9958144921797665
3951,0.28,0.9958144921797665
3952,0.28,0.9958144921797665
3953,0.28,0.9958144921797665
3954,0.28,0.9958144921797665
3955,0.28,0.9958144921797665
3956,0.28,0.9958144921797665
3957,0.28,0.9958144921797665
3958,0.28,0.9958144921797665
3959,0.28,0.9958144921797665
3960,0.28,0.9958144921797665
3961,0.28,0.9958144921797665
3962,0.28,0.9958144921797665
3963,0.28,0.9958144921797665
3964,0.28,0.9958144921797665
3965,0.28,0.9958144921797665
3966,0.28,0.9958144921797665
3967,0.28,0.9958144921797665
3968,0.28,0.9958144921797665
3969,0.28,0.9958144921797665
3970,0.28,0.9958144921797665
3971,0.28,0.9958144921797665
3972,0.28,0.9958144921797665
3973,0.28,0.9958144921797665
3974,0.28,0.9958144921797665
3975,0.28,0.9958144921797665
3976,0.28,0.9958144921797665
3977,0.28,0.9958144921797665
3978,0.28,0.9958144921797665
3979,0.28,0.9958144921797665
3980,0.28,0.9958144921797665
3981,0.28,0.9958144921797665
3982,0.28,0.9958144921797665
3983,0.28,0.9958144921797665
3984,0.28,0.9958144921797665
3985,0.28,0.9958144921797665
3986,0.28,0.9958144921797665
3987,0.28,0.9958144921797665
3988,0.28,0.9958144921797665
3989,0.28,0.9958144921797665
3990,0.28,0.9958144921797665
3991,0.28,0.9958144921797665
3992,0.28,0.9958144921797665
3993,0.28,0.9958144921797665
3994,0.28,0.9958144921797665
3995,0.28,0.9958144921797665
3996,0.28,0.9958144921797665
3997,0.28,0.9958144921797665
3998,0.28,0.9958144921797665
3999,0.28,0.9958144921797665
4000,0.28,0.9958144921797665
4001,0.28,0.9958144921797665
4002,0.28,0.9958144921797665
4003,0.28,0.9958144921797665
4004,0.28,0.9958144921797665
4005,0.28,0.9958144921797665
4006,0.28,0.9958144921797665
4007,0.28,0.9958144921797665
4008,0.28,0.9958144921797665
4009,0.28,0.9958144921797665
4010,0.28,0.9958144921797665
4011,0.28,0.9958144921797665
4012,0.28,0.9958144921797665
4013,0.28,0.9958144921797665
4014,0.28,0.9958144921797665
4015,0.28,0.9958144921797665
4016,0.28,0.9958144921797665
4017,0.28,0.9958144921797665
4018,0.28,0.9958144921797665
4019,0.28,0.9958144921797665
4020,0.28,0.9958144921797665
4021,0.28,0.9958144921797665
4022,0.28,0.9958144921797665
4023,0.28,0.9958144921797665
4024,0.28,0.9958144921797665
4025,0.28,0.9958144921797665
4026,0.28,0.9958144921797665
4027,0.28,0.9958144921797665
4028,0.28,0.9958144921797665
4029,0.28,0.9958144921797665
4030,0.28,0.9958144921797665
4031,0.28,0.9958144921797665
4032,0.28,0.9958144921797665
4033,0.28,0.9958144921797665
4034,0.28,0.9958144921797665
4035,0.28,0.9958144921797665
4036,0.28,0.9958144921797665
4037,0.28,0.9958144921797665
4038,0.28,0.9958144921797665
4039,0.28,0.9958144921797665
4040,0.28,0.9958144921797665
4041,0.28,0.9958144921797665
4042,0.28,0.9958144921797665
4043,0.28,0.9958144921797665
4044,0.28,0.9958144921797665
4045,0.28,0.9958144921797665
4046,0.28,0.9958144921797665
4047,0.28,0.9958144921797665
4048,0.28,0.9958144921797665
4049,0.28,0.9958144921797665
4050,0.28,0.9958144921797665
4051,0.28,0.9958144921797665
4052,0.28,0.9958144921797665
4053,0.28,0.9958144921797665
4054,0.28,0.9958144921797665
4055,0.28,0.9958144921797665
4056,0.28,0.9958144921797665
4057,0.28,0.9958144921797665
4058,0.28,0.9958144921797665
4059,0.28,0.9958144921797665
4060,0.28,0.9958144921797665
4061,0.28,0.9958144921797665
4062,0.28,0.9958144921797665
4063,0.28,0.9958144921797665
4064,0.28,0.9958144921797665
4065,0.28,0.9958144921797665
4066,0.28,0.9958144921797665
4067,0.28,0.9958144921797665
4068,0.28,0.9958144921797665
4069,0.28,0.9958144921797665
4070,0.28,0.9958144921797665
4071,0.28,0.9958144921797665
4072,0.28,0.9958144921797665
4073,0.28,0.9958144921797665
4074,0.28,0.9958144921797665
4075,0.28,0.9958144921797665
4076,0.28,0.9958144921797665
4077,0.28,0.9958144921797665
4078,0.28,0.9958144921797665
4079,0.28,0.9958144921797665
4080,0.28,0.9958144921797665
4081,0.28,0.9958144921797665
4082,0.28,0.9958144921797665
4083,0.28,0.9958144921797665
4084,0.28,0.9958144921797665
4085,0.28,0.9958144921797665
4086,0.28,0.9958144921797665
4087,0.28,0.9958144921797665
4088,0.28,0.9958144921797665
4089,0.28,0.9958144921797665
4090,0.28,0.9958144921797665
4091,0.28,0.9958144921797665
4092,0.28,0.9958144921797665
4093,0.28,0.9958144921797665
4094,0.28,0.9958144921797665
4095,0.28,0.9958144921797665
4096,0.28,0.9958144921797665
4097,0.28,0.9958144921797665
4098,0.28,0.9958144921797665
4099,0.28,0.9958144921797665
4100,0.28,0.9958144921797665
4101,0.28,0.9958144921797665
4102,0.28,0.9958144921797665
4103,0.28,0.9958144921797665
4104,0.28,0.9958144921797665
4105,0.28,0.9958144921797665
4106,0.28,0.9958144921797665
4107,0.28,0.9958144921797665
4108,0.28,0.9958144921797665
4109,0.28,0.9958144921797665
4110,0.28,0.9958144921797665
4111,0.28,0.9958144921797665
4112,0.28,0.9958144921797665
4113,0.28,0.9958144921797665
4114,0.28,0.9958144921797665
4115,0.28,0.9958144921797665
4116,0.28,0.9958144921797665
4117,0.28,0.9958144921797665
4118,0.28,0.9958144921797665
4119,0.28,0.9958144921797665
4120,0.28,0.9958144921797665
4121,0.28,0.9958144921797665
4122,0.28,0.9958144921797665
4123,0.28,0.9958144921797665
4124,0.28,0.9958144921797665
4125,0.28,0.9958144921797665
4126,0.28,0.9958144921797665
4127,0.28,0.9958144921797665
4128,0.28,0.9958144921797665
4129,0.28,0.9958144921797665
4130,0.28,0.9958144921797665
4131,0.28,0.9958144921797665
4132,0.28,0.9958144921797665
4133,0.28,0.9958144921797665
4134,0.28,0.9958144921797665
4135,0.28,0.9958144921797665
4136,0.28,0.9958144921797665
4137,0.28,0.9958144921797665
4138,0.28,0.9958144921797665
4139,0.28,0.9958144921797665
4140,0.28,0.9958144921797665
4141,0.28,0.9958144921797665
4142,0.28,0.9958144921797665
4143,0.28,0.9958144921797665
4144,0.28,0.9958144921797665
4145,0.28,0.9958144921797665
4146,0.28,0.9958144921797665
4147,0.28,0.9958144921797665
4148,0.28,0.9958144921797665
4149,0.28,0.9958144921797665
4150,0.28,0.9958144921797665
4151,0.28,0.9958144921797665
4152,0.28,0.9958144921797665
4153,0.28,0.9958144921797665
4154,0.28,0.9958144921797665
4155,0.28,0.9958144921797665
4156,0.28,0.9958144921797665
4157,0.28,0.9958144921797665
4158,0.28,0.9958144921797665
4159,0.28,0.9958144921797665
4160,0.28,0.9958144921797665
4161,0.28,0.9958144921797665
4162,0.28,0.9958144921797665
4163,0.28,0.9958144921797665
4164,0.28,0.9958144921797665
4165,0.28,0.9958144921797665
4166,0.28,0.9958144921797665
4167,0.28,0.9958144921797665
4168,0.28,0.9958144921797665
4169,0.28,0.9958144921797665
4170,0.28,0.9958144921797665
4171,0.28,0.9958144921797665
4172,0.28,0.9958144921797665
4173,0.28,0.9958144921797665
4174,0.28,0.9958144921797665
4175,0.28,0.9958144921797665
4176,0.28,0.9958144921797665
4177,0.28,0.9958144921797665
4178,0.28,0.9958144921797665
4179,0.28,0.9958144921797665
4180,0.28,0.9958144921797665
4181,0.28,0.9958144921797665
4182,0.28,0.9958144921797665
4183,0.28,0.9958144921797665
4184,0.28,0.9958144921797665
4185,0.28,0.9958144921797665
4186,0.28,0.9958144921797665
4187,0.28,0.9958144921797665
4188,0.28,0.9958144921797665
4189,0.28,0.9958144921797665
4190,0.28,0.9958144921797665
4191,0.28,0.9958144921797665
4192,0.28,0.9958144921797665
4193,0.28,0.9958144921797665
4194,0.28,0.9958144921797665
4195,0.28,0.9958144921797665
4196,0.28,0.9958144921797665
4197,0.28,0.9958144921797665
4198,0.28,0.9958144921797665
4199,0.28,0.9958144921797665
4200,0.28,0.9958144921797665
4201,0.28,0.9958144921797665
4202,0.28,0.9958144921797665
4203,0.28,0.9958144921797665
4204,0.28,0.9958144921797665
4205,0.28,0.9958144921797665
4206,0.28,0.9958144921797665
4207,0.28,0.9958144921797665
4208,0.28,0.9958144921797665
4209,0.28,0.9958144921797665
4210,0.28,0.9958144921797665
4211,0.28,0.9958144921797665
4212,0.28,0.9958144921797665
4213,0.28,0.9958144921797665
4214,0.28,0.9958144921797665
4215,0.28,0.9958144921797665
4216,0.28,0.9958144921797665
4217,0.28,0.9958144921797665
4218,0.28,0.9958144921797665
4219,0.28,0.9958144921797665
4220,0.28,0.9958144921797665
4221,0.28,0.9958144921797665
4222,0.28,0.9958144921797665
4223,0.28,0.9958144921797665
4224,0.28,0.9958144921797665
4225,0.28,0.9958144921797665
4226,0.28,0.9958144921797665
4227,0.28,0.9958144921797665
4228,0.28,0.9958144921797665
4229,0.28,0.9958144921797665
4230,0.28,0.9958144921797665
4231,0.28,0.9958144921797665
4232,0.28,0.9958144921797665
4233,0.28,0.9958144921797665
4234,0.28,0.9958144921797665
4235,0.28,0.9958144921797665
4236,0.28,0.9958144921797665
4237,0.28,0.9958144921797665
4238,0.28,0.9958144921797665
4239,0.28,0.9958144921797665
4240,0.28,0.9958144921797665
4241,0.28,0.9958144921797665
4242,0.28,0.9958144921797665
4243,0.28,0.9958144921797665
4244,0.28,0.9958144921797665
4245,0.28,0.9958144921797665
4246,0.28,0.9958144921797665
4247,0.28,0.9958144921797665
4248,0.28,0.9958144921797665
4249,0.28,0.9958144921797665
4250,0.28,0.9958144921797665
4251,0.28,0.9958144921797665
4252,0.28,0.9958144921797665
4253,0.28,0.9958144921797665
4254,0.28,0.9958144921797665
4255,0.28,0.9958144921797665
4256,0.28,0.9958144921797665
4257,0.28,0.9958144921797665
4258,0.28,0.9958144921797665
4259,0.28,0.9958144921797665
4260,0.28,0.9958144921797665
4261,0.28,0.9958144921797665
4262,0.28,0.9958144921797665
4263,0.28,0.9958144921797665
4264,0.28,0.9958144921797665
4265,0.28,0.9958144921797665
4266,0.28,0.9958144921797665
4267,0.28,0.9958144921797665
4268,0.28,0.9958144921797665
4269,0.28,0.9958144921797665
4270,0.28,0.9958144921797665
4271,0.28,0.9958144921797665
4272,0.28,0.9958144921797665
4273,0.28,0.9958144921797665
4274,0.28,0.9958144921797665
4275,0.28,0.9958144921797665
4276,0.28,0.9958144921797665
4277,0.28,0.9958144921797665
4278,0.28,0.9958144921797665
4279,0.28,0.9958144921797665
4280,0.28,0.9958144921797665
4281,0.28,0.9958144921797665
4282,0.28,0.9958144921797665
4283,0.28,0.9958144921797665
4284,0.28,0.9958144921797665
4285,0.28,0.9958144921797665
4286,0.28,0.9958144921797665
4287,0.28,0.9958144921797665
4288,0.28,0.9958144921797665
4289,0.28,0.9958144921797665
4290,0.28,0.9958144921797665
4291,0.28,0.9958144921797665
4292,0.28,0.9958144921797665
4293,0.28,0.9958144921797665
4294,0.28,0.9958144921797665
4295,0.28,0.9958144921797665
4296,0.28,0.9958144921797665
4297,0.28,0.9958144921797665
4298,0.28,0.9958144921797665
4299,0.28,0.9958144921797665
4300,0.28,0.9958144921797665
4301,0.28,0.9958144921797665
4302,0.28,0.9958144921797665
4303,0.28,0.9958144921797665
4304,0.28,0.9958144921797665
4305,0.28,0.9958144921797665
4306,0.28,0.9958144921797665
4307,0.28,0.9958144921797665
4308,0.28,0.9958144921797665
4309,0.28,0.9958144921797665
4310,0.28,0.9958144921797665
4311,0.28,0.9958144921797665
4312,0.28,0.9958144921797665
4313,0.28,0.9958144921797665
4314,0.28,0.9958144921797665
4315,0.28,0.9958144921797665
4316,0.28,0.9958144921797665
4317,0.28,0.9958144921797665
4318,0.28,0.9958144921797665
4319,0.28,0.9958144921797665
4320,0.28,0.9958144921797665
4321,0.28,0.9958144921797665
4322,0.28,0.9958144921797665
4323,0.28,0.9958144921797665
4324,0.28,0.9958144921797665
4325,0.28,0.9958144921797665
4326,0.28,0.9958144921797665
4327,0.28,0.9958144921797665
4328,0.28,0.9958144921797665
4329,0.28,0.9958144921797665
4330,0.28,0.9958144921797665
4331,0.28,0.9958144921797665
4332,0.28,0.9958144921797665
4333,0.28,0.9958144921797665
4334,0.28,0.9958144921797665
4335,0.28,0.9958144921797665
4336,0.28,0.9958144921797665
4337,0.28,0.9958144921797665
4338,0.28,0.9958144921797665
4339,0.28,0.9958144921797665
4340,0.28,0.9958144921797665
4341,0.28,0.9958144921797665
4342,0.28,0.9958144921797665
4343,0.28,0.9958144921797665
4344,0.28,0.9958144921797665
4345,0.28,0.9958144921797665
4346,0.28,0.9958144921797665
4347,0.28,0.9958144921797665
4348,0.28,0.9958144921797665
4349,0.28,0.9958144921797665
4350,0.28,0.9958144921797665
4351,0.28,0.9958144921797665
4352,0.28,0.9958144921797665
4353,0.28,0.9958144921797665
4354,0.28,0.9958144921797665
4355,0.28,0.9958144921797665
4356,0.28,0.9958144921797665
4357,0.28,0.9958144921797665
4358,0.145,0.9958144921797665
4359,0.145,0.9958144921797665
4360,0.145,0.9958144921797665
4361,0.145,0.9958144921797665
4362,0.145,0.9958144921797665
4363,0.145,0.9958144921797665
4364,0.145,0.9958144921797665
4365,0.145,0.9958144921797665
4366,0.145,0.9958144921797665
4367,0.145,0.9958144921797665
4368,0.145,0.9958144921797665
4369,0.145,0.9958144921797665
4370,0.145,0.9958144921797665
4371,0.145,0.9958144921797665
4372,0.145,0.9958144921797665
4373,0.145,0.9958144921797665
4374,0.145,0.9958144921797665
4375,0.145,0.9958144921797665
4376,0.145,0.9958144921797665
4377,0.145,0.9958144921797665
4378,0.145,0.9958144921797665
4379,0.145,0.9958144921797665
4380,0.145,0.9958144921797665
4381,0.145,0.9958144921797665
4382,0.145,0.9958144921797665
4383,0.145,0.9958144921797665
4384,0.145,0.9958144921797665
4385,0.145,0.9958144921797665
4386,0.145,0.9958144921797665
4387,0.145,0.9958144921797665
4388,0.145,0.9958144921797665
4389,0.145,0.9958144921797665
4390,0.145,0.9958144921797665
4391,0.145,0.9958144921797665
4392,0.145,0.9958144921797665
4393,0.145,0.9958144921797665
4394,0.145,0.9958144921797665
4395,0.145,0.9958144921797665
4396,0.145,0.9958144921797665
4397,0.145,0.9958144921797665
4398,0.145,0.9958144921797665
4399,0.145,0.9958144921797665
4400,0.145,0.9958144921797665
4401,0.145,0.9958144921797665
4402,0.145,0.9958144921797665
4403,0.145,0.9958144921797665
4404,0.145,0.9958144921797665
4405,0.145,0.9958144921797665
4406,0.145,0.9958144921797665
4407,0.145,0.9958144921797665
4408,0.145,0.9958144921797665
4409,0.145,0.9958144921797665
4410,0.145,0.9958144921797665
4411,0.145,0.9958144921797665
4412,0.145,0.9958144921797665
4413,0.145,0.9958144921797665
4414,0.145,0.9958144921797665
4415,0.145,0.9958144921797665
4416,0.145,0.9958144921797665
4417,0.145,0.9958144921797665
4418,0.145,0.9958144921797665
4419,0.145,0.9958144921797665
4420,0.145,0.9958144921797665
4421,0.145,0.9958144921797665
4422,0.145,0.9958144921797665
4423,0.145,0.9958144921797665
4424,0.145,0.9958144921797665
4425,0.145,0.9958144921797665
4426,0.145,0.9958144921797665
4427,0.145,0.9958144921797665
4428,0.145,0.9958144921797665
4429,0.145,0.9958144921797665
4430,0.145,0.9958144921797665
4431,0.145,0.9958144921797665
4432,0.145,0.9958144921797665
4433,0.145,0.9958144921797665
4434,0.145,0.9958144921797665
4435,0.145,0.9958144921797665
4436,0.145,0.9958144921797665
4437,0.145,0.9958144921797665
4438,0.145,0.9958144921797665
4439,0.145,0.9958144921797665
4440,0.145,0.9958144921797665
4441,0.145,0.9958144921797665
4442,0.145,0.9958144921797665
4443,0.145,0.9958144921797665
4444,0.145,0.9958144921797665
4445,0.145,0.9958144921797665
4446,0.145,0.9958144921797665
4447,0.145,0.9958144921797665
4448,0.145,0.9958144921797665
4449,0.145,0.9958144921797665
4450,0.145,0.9958144921797665
4451,0.145,0.9958144921797665
4452,0.145,0.9958144921797665
4453,0.145,0.9958144921797665
4454,0.145,0.9958144921797665
4455,0.145,0.9958144921797665
4456,0.145,0.9958144921797665
4457,0.145,0.9958144921797665
4458,0.145,0.9958144921797665
4459,0.145,0.9958144921797665
4460,0.145,0.9958144921797665
4461,0.145,0.9958144921797665
4462,0.145,0.9958144921797665
4463,0.145,0.9958144921797665
4464,0.145,0.9958144921797665
4465,0.145,0.9958144921797665
4466,0.145,0.9958144921797665
4467,0.145,0.9958144921797665
4468,0.145,0.9958144921797665
4469,0.145,0.9958144921797665
4470,0.145,0.9958144921797665
4471,0.145,0.9958144921797665
4472,0.145,0.9958144921797665
4473,0.145,0.9958144921797665
4474,0.145,0.9958144921797665
4475,0.145,0.9958144921797665
4476,0.145,0.9958144921797665
4477,0.145,0.9958144921797665
4478,0.145,0.9958144921797665
4479,0.145,0.9958144921797665
4480,0.145,0.9958144921797665
4481,0.145,0.9958144921797665
4482,0.145,0.9958144921797665
4483,0.145,0.9958144921797665
4484,0.145,0.9958144921797665
4485,0.145,0.9958144921797665
4486,0.145,0.9958144921797665
4487,0.145,0.9958144921797665
4488,0.145,0.9958144921797665
4489,0.145,0.9958144921797665
4490,0.145,0.9958144921797665
4491,0.145,0.9958144921797665
4492,0.145,0.9958144921797665
4493,0.145,0.9958144921797665
4494,0.145,0.9958144921797665
4495,0.145,0.9958144921797665
4496,0.145,0.9958144921797665
4497,0.145,0.9958144921797665
4498,0.145,0.9958144921797665
4499,0.145,0.9958144921797665
4500,0.145,0.9958144921797665
4501,0.145,0.9958144921797665
4502,0.145,0.9958144921797665
4503,0.145,0.9958144921797665
4504,0.145,0.9958144921797665
4505,0.145,0.9958144921797665
4506,0.145,0.9958144921797665
4507,0.145,0.9958144921797665
4508,0.145,0.9958144921797665
4509,0.145,0.9958144921797665
4510,0.145,0.9958144921797665
4511,0.145,0.9958144921797665
4512,0.145,0.9958144921797665
4513,0.145,0.9958144921797665
4514,0.145,0.9958144921797665
4515,0.145,0.9958144921797665
4516,0.145,0.9958144921797665
4517,0.145,0.9958144921797665
4518,0.145,0.9958144921797665
4519,0.145,0.9958144921797665
4520,0.145,0.9958144921797665
4521,0.145,0.9958144921797665
4522,0.145,0.9958144921797665
4523,0.145,0.9958144921797665
4524,0.145,0.9958144921797665
4525,0.145,0.9958144921797665
4526,0.145,0.9958144921797665
4527,0.145,0.9958144921797665
4528,0.145,0.9958144921797665
4529,0.145,0.9958144921797665
4530,0.145,0.9958144921797665
4531,0.145,0.9958144921797665
4532,0.145,0.9958144921797665
4533,0.145,0.9958144921797665
4534,0.145,0.9958144921797665
4535,0.145,0.9958144921797665
4536,0.145,0.9958144921797665
4537,0.145,0.9958144921797665
4538,0.145,0.9958144921797665
4539,0.145,0.9958144921797665
4540,0.145,0.9958144921797665
4541,0.145,0.9958144921797665
4542,0.145,0.9958144921797665
4543,0.145,0.9958144921797665
4544,0.145,0.9958144921797665
4545,0.145,0.9958144921797665
4546,0.145,0.9958144921797665
4547,0.145,0.9958144921797665
4548,0.145,0.9958144921797665
4549,0.145,0.9958144921797665
4550,0.145,0.9958144921797665
4551,0.145,0.9958144921797665
4552,0.145,0.9958144921797665
4553,0.145,0.9958144921797665
4554,0.145,0.9958144921797665
4555,0.145,0.9958144921797665
4556,0.145,0.9958144921797665
4557,0.145,0.9958144921797665
4558,0.145,0.9958144921797665
4559,0.145,0.9958144921797665
4560,0.145,0.9958144921797665
4561,0.145,0.9958144921797665
4562,0.145,0.9958144921797665
4563,0.145,0.9958144921797665
4564,0.145,0.9958144921797665
4565,0.145,0.9958144921797665
4566,0.145,0.9958144921797665
4567,0.145,0.9958144921797665
4568,0.145,0.9958144921797665
4569,0.145,0.9958144921797665
4570,0.145,0.9958144921797665
4571,0.145,0.9958144921797665
4572,0.145,0.9958144921797665
4573,0.145,0.9958144921797665
4574,0.145,0.9958144921797665
4575,0.145,0.9958144921797665
4576,0.145,0.9958144921797665
4577,0.145,0.9958144921797665
4578,0.145,0.9958144921797665
4579,0.145,0.9958144921797665
4580,0.145,0.9958144921797665
4581,0.145,0.9958144921797665
4582,0.145,0.9958144921797665
4583,0.145,0.9958144921797665
4584,0.145,0.9958144921797665
4585,0.145,0.9958144921797665
4586,0.145,0.9958144921797665
4587,0.145,0.9958144921797665
4588,0.145,0.9958144921797665
4589,0.145,0.9958144921797665
4590,0.145,0.9958144921797665
4591,0.145,0.9958144921797665
4592,0.145,0.9958144921797665
4593,0.145,0.9958144921797665
4594,0.145,0.9958144921797665
4595,0.145,0.9958144921797665
4596,0.145,0.9958144921797665
4597,0.145,0.9958144921797665
4598,0.145,0.9958144921797665
4599,0.145,0.9958144921797665
4600,0.145,0.9958144921797665
4601,0.145,0.9958144921797665
4602,0.145,0.9958144921797665
4603,0.145,0.9958144921797665
4604,0.145,0.9958144921797665
4605,0.145,0.9958144921797665
4606,0.145,0.9958144921797665
4607,0.145,0.9958144921797665
4608,0.145,0.9958144921797665
4609,0.145,0.9958144921797665
4610,0.145,0.9958144921797665
4611,0.145,0.9958144921797665
4612,0.145,0.9958144921797665
4613,0.145,0.9958144921797665
4614,0.145,0.9958144921797665
4615,0.145,0.9958144921797665
4616,0.145,0.9958144921797665
4617,0.145,0.9958144921797665
4618,0.145,0.9958144921797665
4619,0.145,0.9958144921797665
4620,0.145,0.9958144921797665
4621,0.145,0.9958144921797665
4622,0.145,0.9958144921797665
4623,0.145,0.9958144921797665
4624,0.145,0.9958144921797665
4625,0.145,0.9958144921797665
4626,0.145,0.9958144921797665
4627,0.145,0.9958144921797665
4628,0.145,0.9958144921797665
4629,0.145,0.9958144921797665
4630,0.145,0.9958144921797665
4631,0.145,0.9958144921797665
4632,0.145,0.9958144921797665
4633,0.145,0.9958144921797665
4634,0.145,0.9958144921797665
4635,0.145,0.9958144921797665
4636,0.145,0.9958144921797665
4637,0.145,0.9958144921797665
4638,0.145,0.9958144921797665
4639,0.145,0.9958144921797665
4640,0.145,0.9958144921797665
4641,0.145,0.9958144921797665
4642,0.145,0.9958144921797665
4643,0.145,0.9958144921797665
4644,0.145,0.9958144921797665
4645,0.145,0.9958144921797665
4646,0.145,0.9958144921797665
4647,0.145,0.9958144921797665
4648,0.145,0.9958144921797665
4649,0.145,0.9958144921797665
4650,0.145,0.9958144921797665
4651,0.145,0.9958144921797665
4652,0.145,0.9958144921797665
4653,0.145,0.9958144921797665
4654,0.145,0.9958144921797665
4655,0.145,0.9958144921797665
4656,0.145,0.9958144921797665
4657,0.145,0.9958144921797665
4658,0.145,0.9958144921797665
4659,0.145,0.9958144921797665
4660,0.145,0.9958144921797665
4661,0.145,0.9958144921797665
4662,0.145,0.9958144921797665
4663,0.145,0.9958144921797665
4664,0.145,0.9958144921797665
4665,0.145,0.9958144921797665
4666,0.145,0.9958144921797665
4667,0.145,0.9958144921797665
4668,0.145,0.9958144921797665
4669,0.145,0.9958144921797665
4670,0.145,0.9958144921797665
4671,0.145,0.9958144921797665
4672,0.145,0.9958144921797665
4673,0.145,0.9958144921797665
4674,0.145,0.9958144921797665
4675,0.145,0.9958144921797665
4676,0.145,0.9958144921797665
4677,0.145,0.9958144921797665
4678,0.145,0.9958144921797665
4679,0.145,0.9958144921797665
4680,0.145,0.9958144921797665
4681,0.145,0.9958144921797665
4682,0.145,0.9958144921797665
4683,0.145,0.9958144921797665
4684,0.145,0.9958144921797665
4685,0.145,0.9958144921797665
4686,0.145,0.9958144921797665
4687,0.145,0.9958144921797665
4688,0.145,0.9958144921797665
4689,0.145,0.9958144921797665
4690,0.145,0.9958144921797665
4691,0.145,0.9958144921797665
4692,0.145,0.9958144921797665
4693,0.145,0.9958144921797665
4694,0.145,0.9958144921797665
4695,0.145,0.9958144921797665
4696,0.145,0.9958144921797665
4697,0.145,0.9958144921797665
4698,0.145,0.9958144921797665
4699,0.145,0.9958144921797665
4700,0.145,0.9958144921797665
4701,0.145,0.9958144921797665
4702,0.145,0.9958144921797665
4703,0.145,0.9958144921797665
4704,0.145,0.9958144921797665
4705,0.145,0.9958144921797665
4706,0.145,0.9958144921797665
4707,0.145,0.9958144921797665
4708,0.145,0.9958144921797665
4709,0.145,0.9958144921797665
4710,0.145,0.9958144921797665
4711,0.145,0.9958144921797665
4712,0.145,0.9958144921797665
4713,0.145,0.9958144921797665
4714,0.145,0.9958144921797665
4715,0.145,0.9958144921797665
4716,0.145,0.9958144921797665
4717,0.145,0.9958144921797665
4718,0.145,0.9958144921797665
4719,0.145,0.9958144921797665
4720,0.145,0.9958144921797665
4721,0.145,0.9958144921797665
4722,0.145,0.9958144921797665
4723,0.145,0.9958144921797665
4724,0.145,0.9958144921797665
4725,0.145,0.9958144921797665
4726,0.145,0.9958144921797665
4727,0.145,0.9958144921797665
4728,0.145,0.9958144921797665
4729,0.145,0.9958144921797665
4730,0.145,0.9958144921797665
4731,0.145,0.9958144921797665
4732,0.145,0.9958144921797665
4733,0.145,0.9958144921797665
4734,0.145,0.9958144921797665
4735,0.145,0.9958144921797665
4736,0.145,0.9958144921797665
4737,0.145,0.9958144921797665
4738,0.145,0.9958144921797665
4739,0.145,0.9958144921797665
4740,0.145,0.9958144921797665
4741,0.145,0.9958144921797665
4742,0.145,0.9958144921797665
4743,0.145,0.9958144921797665
4744,0.145,0.9958144921797665
4745,0.145,0.9958144921797665
4746,0.145,0.9958144921797665
4747,0.145,0.9958144921797665
4748,0.145,0.9958144921797665
4749,0.145,0.9958144921797665
4750,0.145,0.9958144921797665
4751,0.145,0.9958144921797665
4752,0.145,0.9958144921797665
4753,0.145,0.9958144921797665
4754,0.145,0.9958144921797665
4755,0.145,0.9958144921797665
4756,0.145,0.9958144921797665
4757,0.145,0.9958144921797665
4758,0.145,0.9958144921797665
4759,0.145,0.9958144921797665
4760,0.145,0.9958144921797665
4761,0.145,0.9958144921797665
4762,0.145,0.9958144921797665
4763,0.145,0.9958144921797665
4764,0.145,0.9958144921797665
4765,0.145,0.9958144921797665
4766,0.145,0.9958144921797665
4767,0.145,0.9958144921797665
4768,0.145,0.9958144921797665
4769,0.145,0.9958144921797665
4770,0.145,0.9958144921797665
4771,0.145,0.9958144921797665
4772,0.145,0.9958144921797665
4773,0.145,0.9958144921797665
4774,0.145,0.9958144921797665
4775,0.145,0.9958144921797665
4776,0.145,0.9958144921797665
4777,0.145,0.9958144921797665
4778,0.145,0.9958144921797665
4779,0.145,0.9958144921797665
4780,0.145,0.9958144921797665
4781,0.145,0.9958144921797665
4782,0.145,0.9958144921797665
4783,0.145,0.9958144921797665
4784,0.145,0.9958144921797665
4785,0.145,0.9958144921797665
4786,0.145,0.9958144921797665
4787,0.145,0.9958144921797665
4788,0.145,0.9958144921797665
4789,0.145,0.9958144921797665
4790,0.145,0.9958144921797665
4791,0.145,0.9958144921797665
4792,0.145,0.9958144921797665
4793,0.145,0.9958144921797665
4794,0.145,0.9958144921797665
4795,0.145,0.9958144921797665
4796,0.145,0.9958144921797665
4797,0.145,0.9958144921797665
4798,0.145,0.9958144921797665
4799,0.145,0.9958144921797665
4800,0.145,0.9958144921797665
4801,0.145,0.9958144921797665
4802,0.145,0.9958144921797665
4803,0.145,0.9958144921797665
4804,0.145,0.9958144921797665
4805,0.145,0.9958144921797665
4806,0.145,0.9958144921797665
4807,0.145,0.9958144921797665
4808,0.145,0.9958144921797665
4809,0.145,0.9958144921797665
4810,0.145,0.9958144921797665
4811,0.145,0.9958144921797665
4812,0.145,0.9958144921797665
4813,0.145,0.9958144921797665
4814,0.145,0.9958144921797665
4815,0.145,0.9958144921797665
4816,0.145,0.9958144921797665
4817,0.145,0.9958144921797665
4818,0.145,0.9958144921797665
4819,0.145,0.9958144921797665
4820,0.145,0.9958144921797665
4821,0.145,0.9958144921797665
4822,0.145,0.9958144921797665
4823,0.145,0.9958144921797665
4824,0.145,0.9958144921797665
4825,0.145,0.9958144921797665
4826,0.145,0.9958144921797665
4827,0.145,0.9958144921797665
4828,0.145,0.9958144921797665
4829,0.145,0.9958144921797665
4830,0.145,0.9958144921797665
4831,0.145,0.9958144921797665
4832,0.145,0.9958144921797665
4833,0.145,0.9958144921797665
4834,0.145,0.9958144921797665
4835,0.145,0.9958144921797665
4836,0.145,0.9958144921797665
4837,0.145,0.9958144921797665
4838,0.145,0.9958144921797665
4839,0.145,0.9958144921797665
4840,0.145,0.9958144921797665
4841,0.145,0.9958144921797665
4842,0.145,0.9958144921797665
4843,0.145,0.9958144921797665
4844,0.145,0.9958144921797665
4845,0.145,0.9958144921797665
4846,0.145,0.9958144921797665
4847,0.145,0.9958144921797665
4848,0.145,0.9958144921797665
4849,0.145,0.9958144921797665
4850,0.145,0.9958144921797665
4851,0.145,0.9958144921797665
4852,0.145,0.9958144921797665
4853,0.145,0.9958144921797665
4854,0.145,0.9958144921797665
4855,0.145,0.9958144921797665
4856,0.145,0.9958144921797665
4857,0.145,0.9958144921797665
4858,0.145,0.9958144921797665
4859,0.145,0.9958144921797665
4860,0.145,0.9958144921797665
4861,0.145,0.9958144921797665
4862,0.145,0.9958144921797665
4863,0.145,0.9958144921797665
4864,0.145,0.9958144921797665
4865,0.145,0.9958144921797665
4866,0.145,0.9958144921797665
4867,0.145,0.9958144921797665
4868,0.145,0.9958144921797665
4869,0.145,0.9958144921797665
4870,0.145,0.9958144921797665
4871,0.145,0.9958144921797665
4872,0.145,0.9958144921797665
4873,0.145,0.9958144921797665
4874,0.145,0.9958144921797665
4875,0.145,0.9958144921797665
4876,0.145,0.9958144921797665
4877,0.145,0.9958144921797665
4878,0.145,0.9958144921797665
4879,0.145,0.9958144921797665
4880,0.145,0.9958144921797665
4881,0.145,0.9958144921797665
4882,0.145,0.9958144921797665
4883,0.145,0.9958144921797665
4884,0.145,0.9958144921797665
4885,0.145,0.9958144921797665
4886,0.145,0.9958144921797665
4887,0.145,0.9958144921797665
4888,0.145,0.9958144921797665
4889,0.145,0.9958144921797665
4890,0.145,0.9958144921797665
4891,0.145,0.9958144921797665
4892,0.145,0.9958144921797665
4893,0.145,0.9958144921797665
4894,0.145,0.9958144921797665
4895,0.145,0.9958144921797665
4896,0.145,0.9958144921797665
4897,0.145,0.9958144921797665
4898,0.145,0.9958144921797665
4899,0.145,0.9958144921797665
4900,0.145,0.9958144921797665
4901,0.145,0.9958144921797665
4902,0.145,0.9958144921797665
4903,0.145,0.9958144921797665
4904,0.145,0.9958144921797665
4905,0.145,0.9958144921797665
4906,0.145,0.9958144921797665
4907,0.145,0.9958144921797665
4908,0.145,0.9958144921797665
4909,0.145,0.9958144921797665
4910,0.145,0.9958144921797665
4911,0.145,0.9958144921797665
4912,0.145,0.9958144921797665
4913,0.145,0.9958144921797665
4914,0.145,0.9958144921797665
4915,0.145,0.9958144921797665
4916,0.145,0.9958144921797665
4917,0.145,0.9958144921797665
4918,0.145,0.9958144921797665
4919,0.145,0.9958144921797665
4920,0.145,0.9958144921797665
4921,0.145,0.9958144921797665
4922,0.145,0.9958144921797665
4923,0.145,0.9958144921797665
4924,0.145,0.9958144921797665
4925,0.145,0.9958144921797665
4926,0.145,0.9958144921797665
4927,0.145,0.9958144921797665
4928,0.145,0.9958144921797665
4929,0.145,0.9958144921797665
4930,0.145,0.9958144921797665
4931,0.145,0.9958144921797665
4932,0.145,0.9958144921797665
4933,0.145,0.9958144921797665
4934,0.145,0.9958144921797665
4935,0.145,0.9958144921797665
4936,0.145,0.9958144921797665
4937,0.145,0.9958144921797665
4938,0.145,0.9958144921797665
4939,0.145,0.9958144921797665
4940,0.145,0.9958144921797665
4941,0.145,0.9958144921797665
4942,0.145,0.9958144921797665
4943,0.145,0.9958144921797665
4944,0.145,0.9958144921797665
4945,0.145,0.9958144921797665
4946,0.145,0.9958144921797665
4947,0.145,0.9958144921797665
4948,0.145,0.9958144921797665
4949,0.145,0.9958144921797665
4950,0.145,0.9958144921797665
4951,0.145,0.9958144921797665
4952,0.145,0.9958144921797665
4953,0.145,0.9958144921797665
4954,0.145,0.9958144921797665
4955,0.145,0.9958144921797665
4956,0.145,0.9958144921797665
4957,0.145,0.9958144921797665
4958,0.145,0.9958144921797665
4959,0.145,0.9958144921797665
4960,0.145,0.9958144921797665
4961,0.145,0.9958144921797665
4962,0.145,0.9958144921797665
4963,0.145,0.9958144921797665
4964,0.145,0.9958144921797665
4965,0.145,0.9958144921797665
4966,0.145,0.9958144921797665
4967,0.145,0.9958144921797665
4968,0.145,0.9958144921797665
4969,0.145,0.9958144921797665
4970,0.145,0.9958144921797665
4971,0.145,0.9958144921797665
4972,0.145,0.9958144921797665
4973,0.145,0.9958144921797665
4974,0.145,0.9958144921797665
4975,0.145,0.9958144921797665
4976,0.145,0.9958144921797665
4977,0.145,0.9958144921797665
4978,0.145,0.9958144921797665
4979,0.145,0.9958144921797665
4980,0.145,0.9958144921797665
4981,0.145,0.9958144921797665
4982,0.145,0.9958144921797665
4983,0.145,0.9958144921797665
4984,0.145,0.9958144921797665
4985,0.145,0.9958144921797665
4986,0.145,0.9958144921797665
4987,0.145,0.9958144921797665
4988,0.145,0.9958144921797665
4989,0.145,0.9958144921797665
4990,0.145,0.9958144921797665
4991,0.145,0.9958144921797665
4992,0.145,0.9958144921797665
4993,0.145,0.9958144921797665
4994,0.145,0.9958144921797665
4995,0.145,0.9958144921797665
4996,0.145,0.9958144921797665
4997,0.145,0.9958144921797665
4998,0.145,0.9958144921797665
4999,0.145,0.9958144921797665
5000,0.145,0.9958144921797665
5001,0.145,0.9958144921797665
5002,0.145,0.9958144921797665
5003,0.145,0.9958144921797665
5004,0.145,0.9958144921797665
5005,0.145,0.9958144921797665
5006,0.145,0.9958144921797665
5007,0.145,0.9958144921797665
5008,0.145,0.9958144921797665
5009,0.145,0.9958144921797665
5010,0.145,0.9958144921797665
5011,0.145,0.9958144921797665
5012,0.145,0.9958144921797665
5013,0.145,0.9958144921797665
5014,0.145,0.9958144921797665
5015,0.145,0.9958144921797665
5016,0.145,0.9958144921797665
5017,0.145,0.9958144921797665
5018,0.145,0.9958144921797665
5019,0.145,0.9958144921797665
5020,0.145,0.9958144921797665
5021,0.145,0.9958144921797665
5022,0.145,0.9958144921797665
5023,0.145,0.9958144921797665
5024,0.145,0.9958144921797665
5025,0.145,0.9958144921797665
5026,0.145,0.9958144921797665
5027,0.145,0.9958144921797665
5028,0.145,0.9958144921797665
5029,0.145,0.9958144921797665
5030,0.145,0.9958144921797665
5031,0.145,0.9958144921797665
5032,0.145,0.9958144921797665
5033,0.145,0.9958144921797665
5034,0.145,0.9958144921797665
5035,0.145,0.9958144921797665
5036,0.145,0.9958144921797665
5037,0.145,0.9958144921797665
5038,0.145,0.9958144921797665
5039,0.145,0.9958144921797665
5040,0.145,0.9958144921797665
5041,0.145,0.9958144921797665
5042,0.145,0.9958144921797665
5043,0.145,0.9958144921797665
5044,0.145,0.9958144921797665
5045,0.145,0.9958144921797665
5046,0.145,0.9958144921797665
5047,0.145,0.9958144921797665
5048,0.145,0.9958144921797665
5049,0.145,0.9958144921797665
5050,0.135,0.9958144921797665
