time,success_cloudlets,pending_cloudlets,power_kW,c_power
1,0,64,0.1140,0.1140
2,0,64,0.1140,0.2280
3,0,64,0.1140,0.3420
4,0,64,0.1140,0.4560
5,0,64,0.1140,0.5700
6,64,63,0.1140,0.6840
7,64,63,0.1140,0.7980
8,64,63,0.1140,0.9120
9,64,63,0.1140,1.0260
10,64,63,0.1140,1.1400
11,64,63,0.1140,1.2540
12,127,63,0.1140,1.3680
13,127,63,0.1140,1.4820
14,127,63,0.1140,1.5960
15,127,63,0.1140,1.7100
16,127,63,0.1140,1.8240
17,127,63,0.1140,1.9380
18,190,63,0.1140,2.0520
19,190,63,0.1140,2.1660
20,190,63,0.1140,2.2800
21,190,63,0.1140,2.3940
22,190,63,0.1140,2.5080
23,190,63,0.1140,2.6220
24,253,63,0.1140,2.7360
25,253,63,0.1140,2.8500
26,253,63,0.1140,2.9640
27,253,63,0.1140,3.0780
28,253,63,0.1140,3.1920
29,253,63,0.1140,3.3060
30,316,63,0.1140,3.4200
31,316,63,0.1140,3.5340
32,316,63,0.1140,3.6480
33,316,63,0.1140,3.7620
34,316,63,0.1140,3.8760
35,316,63,0.1140,3.9900
36,379,63,0.1140,4.1040
37,379,63,0.1140,4.2180
38,379,63,0.1140,4.3320
39,379,63,0.1140,4.4460
40,379,63,0.1140,4.5600
41,379,63,0.1140,4.6740
42,379,63,0.1140,4.7880
43,442,63,0.1140,4.9020
44,442,63,0.1140,5.0160
45,442,63,0.1140,5.1300
46,442,63,0.1140,5.2440
47,442,63,0.1140,5.3580
48,442,63,0.1140,5.4720
49,442,63,0.1140,5.5860
50,505,63,0.1140,5.7000
51,505,63,0.1140,5.8140
52,505,63,0.1140,5.9280
53,505,63,0.1140,6.0420
54,505,63,0.1140,6.1560
55,505,63,0.1140,6.2700
56,505,63,0.1140,6.3840
57,568,63,0.1140,6.4980
58,568,63,0.1140,6.6120
59,568,63,0.1140,6.7260
60,568,63,0.1140,6.8400
61,568,63,0.1140,6.9540
62,568,63,0.1140,7.0680
63,568,63,0.1140,7.1820
64,631,63,0.1140,7.2960
65,631,63,0.1140,7.4100
66,631,63,0.1140,7.5240
67,631,63,0.1140,7.6380
68,631,63,0.1140,7.7520
69,631,63,0.1140,7.8660
70,631,63,0.1140,7.9800
71,694,63,0.1140,8.0940
72,694,63,0.1140,8.2080
73,694,63,0.1140,8.3220
74,694,63,0.1140,8.4360
75,694,63,0.1140,8.5500
76,694,63,0.1140,8.6640
77,757,63,0.1140,8.7780
78,757,63,0.1140,8.8920
79,757,63,0.1140,9.0060
80,757,63,0.1140,9.1200
81,757,63,0.1140,9.2340
82,757,63,0.1140,9.3480
83,820,63,0.1140,9.4620
84,820,63,0.1140,9.5760
85,820,63,0.1140,9.6900
86,820,63,0.1140,9.8040
87,820,63,0.1140,9.9180
88,820,63,0.1140,10.0320
89,820,63,0.1140,10.1460
90,883,63,0.1140,10.2600
91,883,63,0.1140,10.3740
92,883,63,0.1140,10.4880
93,883,63,0.1140,10.6020
94,883,63,0.1140,10.7160
95,883,63,0.1140,10.8300
96,883,63,0.1140,10.9440
97,946,63,0.1140,11.0580
98,946,63,0.1140,11.1720
99,946,63,0.1140,11.2860
100,946,63,0.1140,11.4000
101,946,63,0.1140,11.5140
102,946,63,0.1140,11.6280
103,946,63,0.1140,11.7420
104,1009,63,0.1140,11.8560
105,1009,63,0.1140,11.9700
106,1009,63,0.1140,12.0840
107,1009,63,0.1140,12.1980
108,1009,63,0.1140,12.3120
109,1009,63,0.1140,12.4260
110,1009,63,0.1140,12.5400
111,1072,63,0.1140,12.6540
112,1072,63,0.1140,12.7680
113,1072,63,0.1140,12.8820
114,1072,63,0.1140,12.9960
115,1072,63,0.1140,13.1100
116,1072,63,0.1140,13.2240
117,1072,63,0.1140,13.3380
118,1135,63,0.1140,13.4520
119,1135,63,0.1140,13.5660
120,1135,63,0.1140,13.6800
121,1135,63,0.1140,13.7940
122,1135,63,0.1140,13.9080
123,1135,63,0.1140,14.0220
124,1135,63,0.1140,14.1360
125,1198,63,0.1140,14.2500
126,1198,63,0.1140,14.3640
127,1198,63,0.1140,14.4780
128,1198,63,0.1140,14.5920
129,1198,63,0.1140,14.7060
130,1198,63,0.1140,14.8200
131,1261,63,0.1140,14.9340
132,1261,63,0.1140,15.0480
133,1261,63,0.1140,15.1620
134,1261,63,0.1140,15.2760
135,1261,63,0.1140,15.3900
136,1261,63,0.1140,15.5040
137,1261,63,0.1140,15.6180
138,1324,63,0.1140,15.7320
139,1324,63,0.1140,15.8460
140,1324,63,0.1140,15.9600
141,1324,63,0.1140,16.0740
142,1324,63,0.1140,16.1880
143,1324,63,0.1140,16.3020
144,1324,63,0.1140,16.4160
145,1387,63,0.1140,16.5300
146,1387,63,0.1140,16.6440
147,1387,63,0.1140,16.7580
148,1387,63,0.1140,16.8720
149,1387,63,0.1140,16.9860
150,1387,63,0.1140,17.1000
151,1387,63,0.1140,17.2140
152,1450,63,0.1140,17.3280
153,1450,63,0.1140,17.4420
154,1450,63,0.1140,17.5560
155,1450,63,0.1140,17.6700
156,1450,63,0.1140,17.7840
157,1450,63,0.1140,17.8980
158,1450,63,0.1140,18.0120
159,1513,63,0.1140,18.1260
160,1513,63,0.1140,18.2400
161,1513,63,0.1140,18.3540
162,1513,63,0.1140,18.4680
163,1513,63,0.1140,18.5820
164,1513,63,0.1140,18.6960
165,1576,63,0.1140,18.8100
166,1576,63,0.1140,18.9240
167,1576,63,0.1140,19.0380
168,1576,63,0.1140,19.1520
169,1576,63,0.1140,19.2660
170,1576,63,0.1140,19.3800
171,1576,63,0.1140,19.4940
172,1639,63,0.1140,19.6080
173,1639,63,0.1140,19.7220
174,1639,63,0.1140,19.8360
175,1639,63,0.1140,19.9500
176,1639,63,0.1140,20.0640
177,1639,63,0.1140,20.1780
178,1639,63,0.1140,20.2920
179,1702,63,0.1140,20.4060
180,1702,63,0.1140,20.5200
181,1702,63,0.1140,20.6340
182,1702,63,0.1140,20.7480
183,1702,63,0.1140,20.8620
184,1702,63,0.1140,20.9760
185,1702,63,0.1140,21.0900
186,1765,63,0.1140,21.2040
187,1765,63,0.1140,21.3180
188,1765,63,0.1140,21.4320
189,1765,63,0.1140,21.5460
190,1765,63,0.1140,21.6600
191,1765,63,0.1140,21.7740
192,1765,63,0.1140,21.8880
193,1828,63,0.1140,22.0020
194,1828,63,0.1140,22.1160
195,1828,63,0.1140,22.2300
196,1828,63,0.1140,22.3440
197,1828,63,0.1140,22.4580
198,1828,63,0.1140,22.5720
199,1891,63,0.1140,22.6860
200,1891,63,0.1140,22.8000
201,1891,63,0.1140,22.9140
202,1891,63,0.1140,23.0280
203,1891,63,0.1140,23.1420
204,1891,63,0.1140,23.2560
205,1891,63,0.1140,23.3700
206,1954,63,0.1140,23.4840
207,1954,63,0.1140,23.5980
208,1954,63,0.1140,23.7120
209,1954,63,0.1140,23.8260
210,1954,63,0.1140,23.9400
211,1954,63,0.1140,24.0540
212,1954,63,0.1140,24.1680
213,2017,63,0.1140,24.2820
214,2017,63,0.1140,24.3960
215,2017,63,0.1140,24.5100
216,2017,63,0.1140,24.6240
217,2017,63,0.1140,24.7380
218,2017,63,0.1140,24.8520
219,2080,63,0.1140,24.9660
220,2080,63,0.1140,25.0800
221,2080,63,0.1140,25.1940
222,2080,63,0.1140,25.3080
223,2080,63,0.1140,25.4220
224,2080,63,0.1140,25.5360
225,2080,63,0.1140,25.6500
226,2143,63,0.1140,25.7640
227,2143,63,0.1140,25.8780
228,2143,63,0.1140,25.9920
229,2143,63,0.1140,26.1060
230,2143,63,0.1140,26.2200
231,2143,63,0.1140,26.3340
232,2143,63,0.1140,26.4480
233,2206,63,0.1140,26.5620
234,2206,63,0.1140,26.6760
235,2206,63,0.1140,26.7900
236,2206,63,0.1140,26.9040
237,2206,63,0.1140,27.0180
238,2206,63,0.1140,27.1320
239,2269,63,0.1140,27.2460
240,2269,63,0.1140,27.3600
241,2269,63,0.1140,27.4740
242,2269,63,0.1140,27.5880
243,2269,63,0.1140,27.7020
244,2269,63,0.1140,27.8160
245,2332,63,0.1140,27.9300
246,2332,63,0.1140,28.0440
247,2332,63,0.1140,28.1580
248,2332,63,0.1140,28.2720
249,2332,63,0.1140,28.3860
250,2332,63,0.1140,28.5000
251,2332,63,0.1140,28.6140
252,2395,63,0.1140,28.7280
253,2395,63,0.1140,28.8420
254,2395,63,0.1140,28.9560
255,2395,63,0.1140,29.0700
256,2395,63,0.1140,29.1840
257,2395,63,0.1140,29.2980
258,2458,63,0.1140,29.4120
259,2458,63,0.1140,29.5260
260,2458,63,0.1140,29.6400
261,2458,63,0.1140,29.7540
262,2458,63,0.1140,29.8680
263,2458,63,0.1140,29.9820
264,2458,63,0.1140,30.0960
265,2521,63,0.1140,30.2100
266,2521,63,0.1140,30.3240
267,2521,63,0.1140,30.4380
268,2521,63,0.1140,30.5520
269,2521,63,0.1140,30.6660
270,2521,63,0.1140,30.7800
271,2584,63,0.1140,30.8940
272,2584,63,0.1140,31.0080
273,2584,63,0.1140,31.1220
274,2584,63,0.1140,31.2360
275,2584,63,0.1140,31.3500
276,2584,63,0.1140,31.4640
277,2584,63,0.1140,31.5780
278,2647,63,0.1140,31.6920
279,2647,63,0.1140,31.8060
280,2647,63,0.1140,31.9200
281,2647,63,0.1140,32.0340
282,2647,63,0.1140,32.1480
283,2647,63,0.1140,32.2620
284,2710,63,0.1140,32.3760
285,2710,63,0.1140,32.4900
286,2710,63,0.1140,32.6040
287,2710,63,0.1140,32.7180
288,2710,63,0.1140,32.8320
289,2710,63,0.1140,32.9460
290,2773,63,0.1140,33.0600
291,2773,63,0.1140,33.1740
292,2773,63,0.1140,33.2880
293,2773,63,0.1140,33.4020
294,2773,63,0.1140,33.5160
295,2773,63,0.1140,33.6300
296,2773,63,0.1140,33.7440
297,2836,63,0.1140,33.8580
298,2836,63,0.1140,33.9720
299,2836,63,0.1140,34.0860
300,2836,63,0.1140,34.2000
301,2836,63,0.1140,34.3140
302,2836,63,0.1140,34.4280
303,2899,63,0.1140,34.5420
304,2899,63,0.1140,34.6560
305,2899,63,0.1140,34.7700
306,2899,63,0.1140,34.8840
307,2899,63,0.1140,34.9980
308,2899,63,0.1140,35.1120
309,2899,63,0.1140,35.2260
310,2962,63,0.1140,35.3400
311,2962,63,0.1140,35.4540
312,2962,63,0.1140,35.5680
313,2962,63,0.1140,35.6820
314,2962,63,0.1140,35.7960
315,2962,63,0.1140,35.9100
316,3025,63,0.1140,36.0240
317,3025,63,0.1140,36.1380
318,3025,63,0.1140,36.2520
319,3025,63,0.1140,36.3660
320,3025,63,0.1140,36.4800
321,3025,63,0.1140,36.5940
322,3025,63,0.1140,36.7080
323,3088,63,0.1140,36.8220
324,3088,63,0.1140,36.9360
325,3088,63,0.1140,37.0500
326,3088,63,0.1140,37.1640
327,3088,63,0.1140,37.2780
328,3088,63,0.1140,37.3920
329,3151,63,0.1140,37.5060
330,3151,63,0.1140,37.6200
331,3151,63,0.1140,37.7340
332,3151,63,0.1140,37.8480
333,3151,63,0.1140,37.9620
334,3151,63,0.1140,38.0760
335,3214,63,0.1140,38.1900
336,3214,63,0.1140,38.3040
337,3214,63,0.1140,38.4180
338,3214,63,0.1140,38.5320
339,3214,63,0.1140,38.6460
340,3214,63,0.1140,38.7600
341,3214,63,0.1140,38.8740
342,3277,63,0.1140,38.9880
343,3277,63,0.1140,39.1020
344,3277,63,0.1140,39.2160
345,3277,63,0.1140,39.3300
346,3277,63,0.1140,39.4440
347,3277,63,0.1140,39.5580
348,3340,63,0.1140,39.6720
349,3340,63,0.1140,39.7860
350,3340,63,0.1140,39.9000
351,3340,63,0.1140,40.0140
352,3340,63,0.1140,40.1280
353,3340,63,0.1140,40.2420
354,3340,63,0.1140,40.3560
355,3403,63,0.1140,40.4700
356,3403,63,0.1140,40.5840
357,3403,63,0.1140,40.6980
358,3403,63,0.1140,40.8120
359,3403,63,0.1140,40.9260
360,3403,63,0.1140,41.0400
361,3466,63,0.1140,41.1540
362,3466,63,0.1140,41.2680
363,3466,63,0.1140,41.3820
364,3466,63,0.1140,41.4960
365,3466,63,0.1140,41.6100
366,3466,63,0.1140,41.7240
367,3466,63,0.1140,41.8380
368,3529,63,0.1140,41.9520
369,3529,63,0.1140,42.0660
370,3529,63,0.1140,42.1800
371,3529,63,0.1140,42.2940
372,3529,63,0.1140,42.4080
373,3529,63,0.1140,42.5220
374,3592,63,0.1140,42.6360
375,3592,63,0.1140,42.7500
376,3592,63,0.1140,42.8640
377,3592,63,0.1140,42.9780
378,3592,63,0.1140,43.0920
379,3592,63,0.1140,43.2060
380,3655,63,0.1140,43.3200
381,3655,63,0.1140,43.4340
382,3655,63,0.1140,43.5480
383,3655,63,0.1140,43.6620
384,3655,63,0.1140,43.7760
385,3655,63,0.1140,43.8900
386,3655,63,0.1140,44.0040
387,3718,63,0.1140,44.1180
388,3718,63,0.1140,44.2320
389,3718,63,0.1140,44.3460
390,3718,63,0.1140,44.4600
391,3718,63,0.1140,44.5740
392,3718,63,0.1140,44.6880
393,3781,63,0.1140,44.8020
394,3781,63,0.1140,44.9160
395,3781,63,0.1140,45.0300
396,3781,63,0.1140,45.1440
397,3781,63,0.1140,45.2580
398,3781,63,0.1140,45.3720
399,3781,63,0.1140,45.4860
400,3844,63,0.1140,45.6000
401,3844,63,0.1140,45.7140
402,3844,63,0.1140,45.8280
403,3844,63,0.1140,45.9420
404,3844,63,0.1140,46.0560
405,3844,63,0.1140,46.1700
406,3907,63,0.1140,46.2840
407,3907,63,0.1140,46.3980
408,3907,63,0.1140,46.5120
409,3907,63,0.1140,46.6260
410,3907,63,0.1140,46.7400
411,3907,63,0.1140,46.8540
412,3907,63,0.1140,46.9680
413,3970,63,0.1140,47.0820
414,3970,63,0.1140,47.1960
415,3970,63,0.1140,47.3100
416,3970,63,0.1140,47.4240
417,3970,63,0.1140,47.5380
418,3970,63,0.1140,47.6520
419,3970,63,0.1140,47.7660
420,4033,63,0.1140,47.8800
421,4033,63,0.1140,47.9940
422,4033,63,0.1140,48.1080
423,4033,63,0.1140,48.2220
424,4033,63,0.1140,48.3360
425,4033,63,0.1140,48.4500
426,4096,63,0.1140,48.5640
427,4096,63,0.1140,48.6780
428,4096,63,0.1140,48.7920
429,4096,63,0.1140,48.9060
430,4096,63,0.1140,49.0200
431,4096,63,0.1140,49.1340
432,4159,63,0.1140,49.2480
433,4159,63,0.1140,49.3620
434,4159,63,0.1140,49.4760
435,4159,63,0.1140,49.5900
436,4159,63,0.1140,49.7040
437,4159,63,0.1140,49.8180
438,4159,63,0.1140,49.9320
439,4222,63,0.1140,50.0460
440,4222,63,0.1140,50.1600
441,4222,63,0.1140,50.2740
442,4222,63,0.1140,50.3880
443,4222,63,0.1140,50.5020
444,4222,63,0.1140,50.6160
445,4222,63,0.1140,50.7300
446,4285,63,0.1140,50.8440
447,4285,63,0.1140,50.9580
448,4285,63,0.1140,51.0720
449,4285,63,0.1140,51.1860
450,4285,63,0.1140,51.3000
451,4285,63,0.1140,51.4140
452,4285,63,0.1140,51.5280
453,4348,63,0.1140,51.6420
454,4348,63,0.1140,51.7560
455,4348,63,0.1140,51.8700
456,4348,63,0.1140,51.9840
457,4348,63,0.1140,52.0980
458,4348,63,0.1140,52.2120
459,4348,63,0.1140,52.3260
460,4411,63,0.1140,52.4400
461,4411,63,0.1140,52.5540
462,4411,63,0.1140,52.6680
463,4411,63,0.1140,52.7820
464,4411,63,0.1140,52.8960
465,4411,63,0.1140,53.0100
466,4474,63,0.1140,53.1240
467,4474,63,0.1140,53.2380
468,4474,63,0.1140,53.3520
469,4474,63,0.1140,53.4660
470,4474,63,0.1140,53.5800
471,4474,63,0.1140,53.6940
472,4537,63,0.1140,53.8080
473,4537,63,0.1140,53.9220
474,4537,63,0.1140,54.0360
475,4537,63,0.1140,54.1500
476,4537,63,0.1140,54.2640
477,4537,63,0.1140,54.3780
478,4537,63,0.1140,54.4920
479,4600,63,0.1140,54.6060
480,4600,63,0.1140,54.7200
481,4600,63,0.1140,54.8340
482,4600,63,0.1140,54.9480
483,4600,63,0.1140,55.0620
484,4600,63,0.1140,55.1760
485,4600,63,0.1140,55.2900
486,4663,63,0.1140,55.4040
487,4663,63,0.1140,55.5180
488,4663,63,0.1140,55.6320
489,4663,63,0.1140,55.7460
490,4663,63,0.1140,55.8600
491,4663,63,0.1140,55.9740
492,4663,63,0.1140,56.0880
493,4726,63,0.1140,56.2020
494,4726,63,0.1140,56.3160
495,4726,63,0.1140,56.4300
496,4726,63,0.1140,56.5440
497,4726,63,0.1140,56.6580
498,4726,63,0.1140,56.7720
499,4726,63,0.1140,56.8860
500,4789,63,0.1140,57.0000
501,4789,63,0.1140,57.1140
502,4789,63,0.1140,57.2280
503,4789,63,0.1140,57.3420
504,4789,63,0.1140,57.4560
505,4789,63,0.1140,57.5700
506,4852,63,0.1140,57.6840
507,4852,63,0.1140,57.7980
508,4852,63,0.1140,57.9120
509,4852,63,0.1140,58.0260
510,4852,63,0.1140,58.1400
511,4852,63,0.1140,58.2540
512,4915,63,0.1140,58.3680
513,4915,63,0.1140,58.4820
514,4915,63,0.1140,58.5960
515,4915,63,0.1140,58.7100
516,4915,63,0.1140,58.8240
517,4915,63,0.1140,58.9380
518,4915,63,0.1140,59.0520
519,4978,63,0.1140,59.1660
520,4978,63,0.1140,59.2800
521,4978,63,0.1140,59.3940
522,4978,63,0.1140,59.5080
523,4978,63,0.1140,59.6220
524,4978,63,0.1140,59.7360
525,4978,63,0.1140,59.8500
526,5041,63,0.1140,59.9640
527,5041,63,0.1140,60.0780
528,5041,63,0.1140,60.1920
529,5041,63,0.1140,60.3060
530,5041,63,0.1140,60.4200
531,5041,63,0.1140,60.5340
532,5041,63,0.1140,60.6480
533,5104,63,0.1140,60.7620
534,5104,63,0.1140,60.8760
535,5104,63,0.1140,60.9900
536,5104,63,0.1140,61.1040
537,5104,63,0.1140,61.2180
538,5104,63,0.1140,61.3320
539,5104,63,0.1140,61.4460
540,5167,63,0.1140,61.5600
541,5167,63,0.1140,61.6740
542,5167,63,0.1140,61.7880
543,5167,63,0.1140,61.9020
544,5167,63,0.1140,62.0160
545,5167,63,0.1140,62.1300
546,5230,63,0.1140,62.2440
547,5230,63,0.1140,62.3580
548,5230,63,0.1140,62.4720
549,5230,63,0.1140,62.5860
550,5230,63,0.1140,62.7000
551,5230,63,0.1140,62.8140
552,5293,63,0.1140,62.9280
553,5293,63,0.1140,63.0420
554,5293,63,0.1140,63.1560
555,5293,63,0.1140,63.2700
556,5293,63,0.1140,63.3840
557,5293,63,0.1140,63.4980
558,5293,63,0.1140,63.6120
559,5356,63,0.1140,63.7260
560,5356,63,0.1140,63.8400
561,5356,63,0.1140,63.9540
562,5356,63,0.1140,64.0680
563,5356,63,0.1140,64.1820
564,5356,63,0.1140,64.2960
565,5356,63,0.1140,64.4100
566,5419,63,0.1140,64.5240
567,5419,63,0.1140,64.6380
568,5419,63,0.1140,64.7520
569,5419,63,0.1140,64.8660
570,5419,63,0.1140,64.9800
571,5419,63,0.1140,65.0940
572,5419,63,0.1140,65.2080
573,5482,63,0.1140,65.3220
574,5482,63,0.1140,65.4360
575,5482,63,0.1140,65.5500
576,5482,63,0.1140,65.6640
577,5482,63,0.1140,65.7780
578,5482,63,0.1140,65.8920
579,5482,63,0.1140,66.0060
580,5545,63,0.1140,66.1200
581,5545,63,0.1140,66.2340
582,5545,63,0.1140,66.3480
583,5545,63,0.1140,66.4620
584,5545,63,0.1140,66.5760
585,5545,63,0.1140,66.6900
586,5608,63,0.1140,66.8040
587,5608,63,0.1140,66.9180
588,5608,63,0.1140,67.0320
589,5608,63,0.1140,67.1460
590,5608,63,0.1140,67.2600
591,5608,63,0.1140,67.3740
592,5671,63,0.1140,67.4880
593,5671,63,0.1140,67.6020
594,5671,63,0.1140,67.7160
595,5671,63,0.1140,67.8300
596,5671,63,0.1140,67.9440
597,5671,63,0.1140,68.0580
598,5671,63,0.1140,68.1720
599,5734,63,0.1140,68.2860
600,5734,63,0.1140,68.4000
601,5734,63,0.1140,68.5140
602,5734,63,0.1140,68.6280
603,5734,63,0.1140,68.7420
604,5734,63,0.1140,68.8560
605,5734,63,0.1140,68.9700
606,5797,63,0.1140,69.0840
607,5797,63,0.1140,69.1980
608,5797,63,0.1140,69.3120
609,5797,63,0.1140,69.4260
610,5797,63,0.1140,69.5400
611,5797,63,0.1140,69.6540
612,5797,63,0.1140,69.7680
613,5860,63,0.1140,69.8820
614,5860,63,0.1140,69.9960
615,5860,63,0.1140,70.1100
616,5860,63,0.1140,70.2240
617,5860,63,0.1140,70.3380
618,5860,63,0.1140,70.4520
619,5860,63,0.1140,70.5660
620,5923,63,0.1140,70.6800
621,5923,63,0.1140,70.7940
622,5923,63,0.1140,70.9080
623,5923,63,0.1140,71.0220
624,5923,63,0.1140,71.1360
625,5923,63,0.1140,71.2500
626,5986,63,0.1140,71.3640
627,5986,63,0.1140,71.4780
628,5986,63,0.1140,71.5920
629,5986,63,0.1140,71.7060
630,5986,63,0.1140,71.8200
631,5986,63,0.1140,71.9340
632,6049,63,0.1140,72.0480
633,6049,63,0.1140,72.1620
634,6049,63,0.1140,72.2760
635,6049,63,0.1140,72.3900
636,6049,63,0.1140,72.5040
637,6049,63,0.1140,72.6180
638,6049,63,0.1140,72.7320
639,6112,63,0.1140,72.8460
640,6112,63,0.1140,72.9600
641,6112,63,0.1140,73.0740
642,6112,63,0.1140,73.1880
643,6112,63,0.1140,73.3020
644,6112,63,0.1140,73.4160
645,6112,63,0.1140,73.5300
646,6175,63,0.1140,73.6440
647,6175,63,0.1140,73.7580
648,6175,63,0.1140,73.8720
649,6175,63,0.1140,73.9860
650,6175,63,0.1140,74.1000
651,6175,63,0.1140,74.2140
652,6175,63,0.1140,74.3280
653,6238,63,0.1140,74.4420
654,6238,63,0.1140,74.5560
655,6238,63,0.1140,74.6700
656,6238,63,0.1140,74.7840
657,6238,63,0.1140,74.8980
658,6238,63,0.1140,75.0120
659,6238,63,0.1140,75.1260
660,6301,63,0.1140,75.2400
661,6301,63,0.1140,75.3540
662,6301,63,0.1140,75.4680
663,6301,63,0.1140,75.5820
664,6301,63,0.1140,75.6960
665,6301,63,0.1140,75.8100
666,6364,63,0.1140,75.9240
667,6364,63,0.1140,76.0380
668,6364,63,0.1140,76.1520
669,6364,63,0.1140,76.2660
670,6364,63,0.1140,76.3800
671,6364,63,0.1140,76.4940
672,6427,63,0.1140,76.6080
673,6427,63,0.1140,76.7220
674,6427,63,0.1140,76.8360
675,6427,63,0.1140,76.9500
676,6427,63,0.1140,77.0640
677,6427,63,0.1140,77.1780
678,6427,63,0.1140,77.2920
679,6490,63,0.1140,77.4060
680,6490,63,0.1140,77.5200
681,6490,63,0.1140,77.6340
682,6490,63,0.1140,77.7480
683,6490,63,0.1140,77.8620
684,6490,63,0.1140,77.9760
685,6490,63,0.1140,78.0900
686,6553,63,0.1140,78.2040
687,6553,63,0.1140,78.3180
688,6553,63,0.1140,78.4320
689,6553,63,0.1140,78.5460
690,6553,63,0.1140,78.6600
691,6553,63,0.1140,78.7740
692,6553,63,0.1140,78.8880
693,6616,63,0.1140,79.0020
694,6616,63,0.1140,79.1160
695,6616,63,0.1140,79.2300
696,6616,63,0.1140,79.3440
697,6616,63,0.1140,79.4580
698,6616,63,0.1140,79.5720
699,6616,63,0.1140,79.6860
700,6679,63,0.1140,79.8000
701,6679,63,0.1140,79.9140
702,6679,63,0.1140,80.0280
703,6679,63,0.1140,80.1420
704,6679,63,0.1140,80.2560
705,6679,63,0.1140,80.3700
706,6742,63,0.1140,80.4840
707,6742,63,0.1140,80.5980
708,6742,63,0.1140,80.7120
709,6742,63,0.1140,80.8260
710,6742,63,0.1140,80.9400
711,6742,63,0.1140,81.0540
712,6805,63,0.1140,81.1680
713,6805,63,0.1140,81.2820
714,6805,63,0.1140,81.3960
715,6805,63,0.1140,81.5100
716,6805,63,0.1140,81.6240
717,6805,63,0.1140,81.7380
718,6805,63,0.1140,81.8520
719,6868,63,0.1140,81.9660
720,6868,63,0.1140,82.0800
721,6868,63,0.1140,82.1940
722,6868,63,0.1140,82.3080
723,6868,63,0.1140,82.4220
724,6868,63,0.1140,82.5360
725,6868,63,0.1140,82.6500
726,6931,63,0.1140,82.7640
727,6931,63,0.1140,82.8780
728,6931,63,0.1140,82.9920
729,6931,63,0.1140,83.1060
730,6931,63,0.1140,83.2200
731,6931,63,0.1140,83.3340
732,6931,63,0.1140,83.4480
733,6994,63,0.1140,83.5620
734,6994,63,0.1140,83.6760
735,6994,63,0.1140,83.7900
736,6994,63,0.1140,83.9040
737,6994,63,0.1140,84.0180
738,6994,63,0.1140,84.1320
739,6994,63,0.1140,84.2460
740,7057,63,0.1140,84.3600
741,7057,63,0.1140,84.4740
742,7057,63,0.1140,84.5880
743,7057,63,0.1140,84.7020
744,7057,63,0.1140,84.8160
745,7057,63,0.1140,84.9300
746,7120,63,0.1140,85.0440
747,7120,63,0.1140,85.1580
748,7120,63,0.1140,85.2720
749,7120,63,0.1140,85.3860
750,7120,63,0.1140,85.5000
751,7120,63,0.1140,85.6140
752,7183,63,0.1140,85.7280
753,7183,63,0.1140,85.8420
754,7183,63,0.1140,85.9560
755,7183,63,0.1140,86.0700
756,7183,63,0.1140,86.1840
757,7183,63,0.1140,86.2980
758,7183,63,0.1140,86.4120
759,7246,63,0.1140,86.5260
760,7246,63,0.1140,86.6400
761,7246,63,0.1140,86.7540
762,7246,63,0.1140,86.8680
763,7246,63,0.1140,86.9820
764,7246,63,0.1140,87.0960
765,7246,63,0.1140,87.2100
766,7309,63,0.1140,87.3240
767,7309,63,0.1140,87.4380
768,7309,63,0.1140,87.5520
769,7309,63,0.1140,87.6660
770,7309,63,0.1140,87.7800
771,7309,63,0.1140,87.8940
772,7309,63,0.1140,88.0080
773,7372,63,0.1140,88.1220
774,7372,63,0.1140,88.2360
775,7372,63,0.1140,88.3500
776,7372,63,0.1140,88.4640
777,7372,63,0.1140,88.5780
778,7372,63,0.1140,88.6920
779,7372,63,0.1140,88.8060
780,7435,63,0.1140,88.9200
781,7435,63,0.1140,89.0340
782,7435,63,0.1140,89.1480
783,7435,63,0.1140,89.2620
784,7435,63,0.1140,89.3760
785,7435,63,0.1140,89.4900
786,7498,63,0.1140,89.6040
787,7498,63,0.1140,89.7180
788,7498,63,0.1140,89.8320
789,7498,63,0.1140,89.9460
790,7498,63,0.1140,90.0600
791,7498,63,0.1140,90.1740
792,7561,63,0.1140,90.2880
793,7561,63,0.1140,90.4020
794,7561,63,0.1140,90.5160
795,7561,63,0.1140,90.6300
796,7561,63,0.1140,90.7440
797,7561,63,0.1140,90.8580
798,7561,63,0.1140,90.9720
799,7624,63,0.1140,91.0860
800,7624,63,0.1140,91.2000
801,7624,63,0.1140,91.3140
802,7624,63,0.1140,91.4280
803,7624,63,0.1140,91.5420
804,7624,63,0.1140,91.6560
805,7624,63,0.1140,91.7700
806,7687,63,0.1140,91.8840
807,7687,63,0.1140,91.9980
808,7687,63,0.1140,92.1120
809,7687,63,0.1140,92.2260
810,7687,63,0.1140,92.3400
811,7687,63,0.1140,92.4540
812,7687,63,0.1140,92.5680
813,7750,63,0.1140,92.6820
814,7750,63,0.1140,92.7960
815,7750,63,0.1140,92.9100
816,7750,63,0.1140,93.0240
817,7750,63,0.1140,93.1380
818,7750,63,0.1140,93.2520
819,7750,63,0.1140,93.3660
820,7813,63,0.1140,93.4800
821,7813,63,0.1140,93.5940
822,7813,63,0.1140,93.7080
823,7813,63,0.1140,93.8220
824,7813,63,0.1140,93.9360
825,7813,63,0.1140,94.0500
826,7813,63,0.1140,94.1640
827,7876,63,0.1140,94.2780
828,7876,63,0.1140,94.3920
829,7876,63,0.1140,94.5060
830,7876,63,0.1140,94.6200
831,7876,63,0.1140,94.7340
832,7876,63,0.1140,94.8480
833,7876,63,0.1140,94.9620
834,7939,63,0.1140,95.0760
835,7939,63,0.1140,95.1900
836,7939,63,0.1140,95.3040
837,7939,63,0.1140,95.4180
838,7939,63,0.1140,95.5320
839,7939,63,0.1140,95.6460
840,7939,63,0.1140,95.7600
841,8002,63,0.1140,95.8740
842,8002,63,0.1140,95.9880
843,8002,63,0.1140,96.1020
844,8002,63,0.1140,96.2160
845,8002,63,0.1140,96.3300
846,8002,63,0.1140,96.4440
847,8002,63,0.1140,96.5580
848,8065,63,0.1140,96.6720
849,8065,63,0.1140,96.7860
850,8065,63,0.1140,96.9000
851,8065,63,0.1140,97.0140
852,8065,63,0.1140,97.1280
853,8065,63,0.1140,97.2420
854,8065,63,0.1140,97.3560
855,8128,63,0.1140,97.4700
856,8128,63,0.1140,97.5840
857,8128,63,0.1140,97.6980
858,8128,63,0.1140,97.8120
859,8128,63,0.1140,97.9260
860,8128,63,0.1140,98.0400
861,8128,63,0.1140,98.1540
862,8191,63,0.1140,98.2680
863,8191,63,0.1140,98.3820
864,8191,63,0.1140,98.4960
865,8191,63,0.1140,98.6100
866,8191,63,0.1140,98.7240
867,8191,63,0.1140,98.8380
868,8191,63,0.1140,98.9520
869,8254,63,0.1140,99.0660
870,8254,63,0.1140,99.1800
871,8254,63,0.1140,99.2940
872,8254,63,0.1140,99.4080
873,8254,63,0.1140,99.5220
874,8254,63,0.1140,99.6360
875,8254,63,0.1140,99.7500
876,8317,63,0.1140,99.8640
877,8317,63,0.1140,99.9780
878,8317,63,0.1140,100.0920
879,8317,63,0.1140,100.2060
880,8317,63,0.1140,100.3200
881,8317,63,0.1140,100.4340
882,8317,63,0.1140,100.5480
883,8380,63,0.1140,100.6620
884,8380,63,0.1140,100.7760
885,8380,63,0.1140,100.8900
886,8380,63,0.1140,101.0040
887,8380,63,0.1140,101.1180
888,8380,63,0.1140,101.2320
889,8380,63,0.1140,101.3460
890,8443,63,0.1140,101.4600
891,8443,63,0.1140,101.5740
892,8443,63,0.1140,101.6880
893,8443,63,0.1140,101.8020
894,8443,63,0.1140,101.9160
895,8443,63,0.1140,102.0300
896,8443,63,0.1140,102.1440
897,8506,63,0.1140,102.2580
898,8506,63,0.1140,102.3720
899,8506,63,0.1140,102.4860
900,8506,63,0.1140,102.6000
901,8506,63,0.1140,102.7140
902,8506,63,0.1140,102.8280
903,8506,63,0.1140,102.9420
904,8569,63,0.1140,103.0560
905,8569,63,0.1140,103.1700
906,8569,63,0.1140,103.2840
907,8569,63,0.1140,103.3980
908,8569,63,0.1140,103.5120
909,8569,63,0.1140,103.6260
910,8569,63,0.1140,103.7400
911,8632,63,0.1140,103.8540
912,8632,63,0.1140,103.9680
913,8632,63,0.1140,104.0820
914,8632,63,0.1140,104.1960
915,8632,63,0.1140,104.3100
916,8632,63,0.1140,104.4240
917,8632,63,0.1140,104.5380
918,8695,63,0.1140,104.6520
919,8695,63,0.1140,104.7660
920,8695,63,0.1140,104.8800
921,8695,63,0.1140,104.9940
922,8695,63,0.1140,105.1080
923,8695,63,0.1140,105.2220
924,8695,63,0.1140,105.3360
925,8758,63,0.1140,105.4500
926,8758,63,0.1140,105.5640
927,8758,63,0.1140,105.6780
928,8758,63,0.1140,105.7920
929,8758,63,0.1140,105.9060
930,8758,63,0.1140,106.0200
931,8758,63,0.1140,106.1340
932,8821,63,0.1140,106.2480
933,8821,63,0.1140,106.3620
934,8821,63,0.1140,106.4760
935,8821,63,0.1140,106.5900
936,8821,63,0.1140,106.7040
937,8821,63,0.1140,106.8180
938,8821,63,0.1140,106.9320
939,8884,63,0.1140,107.0460
940,8884,63,0.1140,107.1600
941,8884,63,0.1140,107.2740
942,8884,63,0.1140,107.3880
943,8884,63,0.1140,107.5020
944,8884,63,0.1140,107.6160
945,8884,63,0.1140,107.7300
946,8947,63,0.1140,107.8440
947,8947,63,0.1140,107.9580
948,8947,63,0.1140,108.0720
949,8947,63,0.1140,108.1860
950,8947,63,0.1140,108.3000
951,8947,63,0.1140,108.4140
952,8947,63,0.1140,108.5280
953,9010,63,0.1140,108.6420
954,9010,63,0.1140,108.7560
955,9010,63,0.1140,108.8700
956,9010,63,0.1140,108.9840
957,9010,63,0.1140,109.0980
958,9010,63,0.1140,109.2120
959,9010,63,0.1140,109.3260
960,9073,63,0.1140,109.4400
961,9073,63,0.1140,109.5540
962,9073,63,0.1140,109.6680
963,9073,63,0.1140,109.7820
964,9073,63,0.1140,109.8960
965,9073,63,0.1140,110.0100
966,9073,63,0.1140,110.1240
967,9136,63,0.1140,110.2380
968,9136,63,0.1140,110.3520
969,9136,63,0.1140,110.4660
970,9136,63,0.1140,110.5800
971,9136,63,0.1140,110.6940
972,9136,63,0.1140,110.8080
973,9136,63,0.1140,110.9220
974,9199,63,0.1140,111.0360
975,9199,63,0.1140,111.1500
976,9199,63,0.1140,111.2640
977,9199,63,0.1140,111.3780
978,9199,63,0.1140,111.4920
979,9199,63,0.1140,111.6060
980,9199,63,0.1140,111.7200
981,9262,63,0.1140,111.8340
982,9262,63,0.1140,111.9480
983,9262,63,0.1140,112.0620
984,9262,63,0.1140,112.1760
985,9262,63,0.1140,112.2900
986,9262,63,0.1140,112.4040
987,9262,63,0.1140,112.5180
988,9325,63,0.1140,112.6320
989,9325,63,0.1140,112.7460
990,9325,63,0.1140,112.8600
991,9325,63,0.1140,112.9740
992,9325,63,0.1140,113.0880
993,9325,63,0.1140,113.2020
994,9325,63,0.1140,113.3160
995,9388,63,0.1140,113.4300
996,9388,63,0.1140,113.5440
997,9388,63,0.1140,113.6580
998,9388,63,0.1140,113.7720
999,9388,63,0.1140,113.8860
1000,9388,63,0.1140,114.0000
1001,9388,63,0.1140,114.1140
1002,9451,63,0.1140,114.2280
1003,9451,63,0.1140,114.3420
1004,9451,63,0.1140,114.4560
1005,9451,63,0.1140,114.5700
1006,9451,63,0.1140,114.6840
1007,9451,63,0.1140,114.7980
1008,9451,63,0.1140,114.9120
1009,9514,63,0.1140,115.0260
1010,9514,63,0.1140,115.1400
1011,9514,63,0.1140,115.2540
1012,9514,63,0.1140,115.3680
1013,9514,63,0.1140,115.4820
1014,9514,63,0.1140,115.5960
1015,9514,63,0.1140,115.7100
1016,9577,63,0.1140,115.8240
1017,9577,63,0.1140,115.9380
1018,9577,63,0.1140,116.0520
1019,9577,63,0.1140,116.1660
1020,9577,63,0.1140,116.2800
1021,9577,63,0.1140,116.3940
1022,9577,63,0.1140,116.5080
1023,9640,63,0.1140,116.6220
1024,9640,63,0.1140,116.7360
1025,9640,63,0.1140,116.8500
1026,9640,63,0.1140,116.9640
1027,9640,63,0.1140,117.0780
1028,9640,63,0.1140,117.1920
1029,9640,63,0.1140,117.3060
1030,9703,63,0.1140,117.4200
1031,9703,63,0.1140,117.5340
1032,9703,63,0.1140,117.6480
1033,9703,63,0.1140,117.7620
1034,9703,63,0.1140,117.8760
1035,9703,63,0.1140,117.9900
1036,9703,63,0.1140,118.1040
1037,9766,63,0.1140,118.2180
1038,9766,63,0.1140,118.3320
1039,9766,63,0.1140,118.4460
1040,9766,63,0.1140,118.5600
1041,9766,63,0.1140,118.6740
1042,9766,63,0.1140,118.7880
1043,9766,63,0.1140,118.9020
1044,9829,63,0.1140,119.0160
1045,9829,63,0.1140,119.1300
1046,9829,63,0.1140,119.2440
1047,9829,63,0.1140,119.3580
1048,9829,63,0.1140,119.4720
1049,9829,63,0.1140,119.5860
1050,9829,63,0.1140,119.7000
1051,9892,63,0.1140,119.8140
1052,9892,63,0.1140,119.9280
1053,9892,63,0.1140,120.0420
1054,9892,63,0.1140,120.1560
1055,9892,63,0.1140,120.2700
1056,9892,63,0.1140,120.3840
1057,9892,63,0.1140,120.4980
1058,9955,63,0.1140,120.6120
1059,9955,63,0.1140,120.7260
1060,9955,63,0.1140,120.8400
1061,9955,63,0.1140,120.9540
1062,9955,63,0.1140,121.0680
1063,9955,63,0.1140,121.1820
1064,9955,63,0.1140,121.2960
1065,10018,63,0.1140,121.4100
1066,10018,63,0.1140,121.5240
1067,10018,63,0.1140,121.6380
1068,10018,63,0.1140,121.7520
1069,10018,63,0.1140,121.8660
1070,10018,63,0.1140,121.9800
1071,10018,63,0.1140,122.0940
1072,10081,63,0.1140,122.2080
1073,10081,63,0.1140,122.3220
1074,10081,63,0.1140,122.4360
1075,10081,63,0.1140,122.5500
1076,10081,63,0.1140,122.6640
1077,10081,63,0.1140,122.7780
1078,10081,63,0.1140,122.8920
1079,10144,63,0.1140,123.0060
1080,10144,63,0.1140,123.1200
1081,10144,63,0.1140,123.2340
1082,10144,63,0.1140,123.3480
1083,10144,63,0.1140,123.4620
1084,10144,63,0.1140,123.5760
1085,10144,63,0.1140,123.6900
1086,10207,63,0.1140,123.8040
1087,10207,63,0.1140,123.9180
1088,10207,63,0.1140,124.0320
1089,10207,63,0.1140,124.1460
1090,10207,63,0.1140,124.2600
1091,10207,63,0.1140,124.3740
1092,10207,63,0.1140,124.4880
1093,10270,63,0.1140,124.6020
1094,10270,63,0.1140,124.7160
1095,10270,63,0.1140,124.8300
1096,10270,63,0.1140,124.9440
1097,10270,63,0.1140,125.0580
1098,10270,63,0.1140,125.1720
1099,10270,63,0.1140,125.2860
1100,10333,63,0.1140,125.4000
1101,10333,63,0.1140,125.5140
1102,10333,63,0.1140,125.6280
1103,10333,63,0.1140,125.7420
1104,10333,63,0.1140,125.8560
1105,10333,63,0.1140,125.9700
1106,10333,63,0.1140,126.0840
1107,10396,63,0.1140,126.1980
1108,10396,63,0.1140,126.3120
1109,10396,63,0.1140,126.4260
1110,10396,63,0.1140,126.5400
1111,10396,63,0.1140,126.6540
1112,10396,63,0.1140,126.7680
1113,10396,63,0.1140,126.8820
1114,10459,63,0.1140,126.9960
1115,10459,63,0.1140,127.1100
1116,10459,63,0.1140,127.2240
1117,10459,63,0.1140,127.3380
1118,10459,63,0.1140,127.4520
1119,10459,63,0.1140,127.5660
1120,10459,63,0.1140,127.6800
1121,10522,63,0.1140,127.7940
1122,10522,63,0.1140,127.9080
1123,10522,63,0.1140,128.0220
1124,10522,63,0.1140,128.1360
1125,10522,63,0.1140,128.2500
1126,10522,63,0.1140,128.3640
1127,10522,63,0.1140,128.4780
1128,10585,63,0.1140,128.5920
1129,10585,63,0.1140,128.7060
1130,10585,63,0.1140,128.8200
1131,10585,63,0.1140,128.9340
1132,10585,63,0.1140,129.0480
1133,10585,63,0.1140,129.1620
1134,10585,63,0.1140,129.2760
1135,10648,63,0.1140,129.3900
1136,10648,63,0.1140,129.5040
1137,10648,63,0.1140,129.6180
1138,10648,63,0.1140,129.7320
1139,10648,63,0.1140,129.8460
1140,10648,63,0.1140,129.9600
1141,10648,63,0.1140,130.0740
1142,10711,63,0.1140,130.1880
1143,10711,63,0.1140,130.3020
1144,10711,63,0.1140,130.4160
1145,10711,63,0.1140,130.5300
1146,10711,63,0.1140,130.6440
1147,10711,63,0.1140,130.7580
1148,10711,63,0.1140,130.8720
1149,10774,63,0.1140,130.9860
1150,10774,63,0.1140,131.1000
1151,10774,63,0.1140,131.2140
1152,10774,63,0.1140,131.3280
1153,10774,63,0.1140,131.4420
1154,10774,63,0.1140,131.5560
1155,10774,63,0.1140,131.6700
1156,10837,63,0.1140,131.7840
1157,10837,63,0.1140,131.8980
1158,10837,63,0.1140,132.0120
1159,10837,63,0.1140,132.1260
1160,10837,63,0.1140,132.2400
1161,10837,63,0.1140,132.3540
1162,10837,63,0.1140,132.4680
1163,10900,63,0.1140,132.5820
1164,10900,63,0.1140,132.6960
1165,10900,63,0.1140,132.8100
1166,10900,63,0.1140,132.9240
1167,10900,63,0.1140,133.0380
1168,10900,63,0.1140,133.1520
1169,10900,63,0.1140,133.2660
1170,10963,63,0.1140,133.3800
1171,10963,63,0.1140,133.4940
1172,10963,63,0.1140,133.6080
1173,10963,63,0.1140,133.7220
1174,10963,63,0.1140,133.8360
1175,10963,63,0.1140,133.9500
1176,10963,63,0.1140,134.0640
1177,11026,63,0.1140,134.1780
1178,11026,63,0.1140,134.2920
1179,11026,63,0.1140,134.4060
1180,11026,63,0.1140,134.5200
1181,11026,63,0.1140,134.6340
1182,11026,63,0.1140,134.7480
1183,11026,63,0.1140,134.8620
1184,11089,63,0.1140,134.9760
1185,11089,63,0.1140,135.0900
1186,11089,63,0.1140,135.2040
1187,11089,63,0.1140,135.3180
1188,11089,63,0.1140,135.4320
1189,11089,63,0.1140,135.5460
1190,11089,63,0.1140,135.6600
1191,11152,63,0.1140,135.7740
1192,11152,63,0.1140,135.8880
1193,11152,63,0.1140,136.0020
1194,11152,63,0.1140,136.1160
1195,11152,63,0.1140,136.2300
1196,11152,63,0.1140,136.3440
1197,11152,63,0.1140,136.4580
1198,11215,63,0.1140,136.5720
1199,11215,63,0.1140,136.6860
1200,11215,63,0.1140,136.8000
1201,11215,63,0.1140,136.9140
1202,11215,63,0.1140,137.0280
1203,11215,63,0.1140,137.1420
1204,11215,63,0.1140,137.2560
1205,11278,63,0.1140,137.3700
1206,11278,63,0.1140,137.4840
1207,11278,63,0.1140,137.5980
1208,11278,63,0.1140,137.7120
1209,11278,63,0.1140,137.8260
1210,11278,63,0.1140,137.9400
1211,11278,63,0.1140,138.0540
1212,11341,63,0.1140,138.1680
1213,11341,63,0.1140,138.2820
1214,11341,63,0.1140,138.3960
1215,11341,63,0.1140,138.5100
1216,11341,63,0.1140,138.6240
1217,11341,63,0.1140,138.7380
1218,11341,63,0.1140,138.8520
1219,11404,63,0.1140,138.9660
1220,11404,63,0.1140,139.0800
1221,11404,63,0.1140,139.1940
1222,11404,63,0.1140,139.3080
1223,11404,63,0.1140,139.4220
1224,11404,63,0.1140,139.5360
1225,11404,63,0.1140,139.6500
1226,11467,63,0.1140,139.7640
1227,11467,63,0.1140,139.8780
1228,11467,63,0.1140,139.9920
1229,11467,63,0.1140,140.1060
1230,11467,63,0.1140,140.2200
1231,11467,63,0.1140,140.3340
1232,11467,63,0.1140,140.4480
1233,11530,63,0.1140,140.5620
1234,11530,63,0.1140,140.6760
1235,11530,63,0.1140,140.7900
1236,11530,63,0.1140,140.9040
1237,11530,63,0.1140,141.0180
1238,11530,63,0.1140,141.1320
1239,11530,63,0.1140,141.2460
1240,11593,63,0.1140,141.3600
1241,11593,63,0.1140,141.4740
1242,11593,63,0.1140,141.5880
1243,11593,63,0.1140,141.7020
1244,11593,63,0.1140,141.8160
1245,11593,63,0.1140,141.9300
1246,11593,63,0.1140,142.0440
1247,11656,63,0.1140,142.1580
1248,11656,63,0.1140,142.2720
1249,11656,63,0.1140,142.3860
1250,11656,63,0.1140,142.5000
1251,11656,63,0.1140,142.6140
1252,11656,63,0.1140,142.7280
1253,11656,63,0.1140,142.8420
1254,11719,63,0.1140,142.9560
1255,11719,63,0.1140,143.0700
1256,11719,63,0.1140,143.1840
1257,11719,63,0.1140,143.2980
1258,11719,63,0.1140,143.4120
1259,11719,63,0.1140,143.5260
1260,11719,63,0.1140,143.6400
1261,11782,63,0.1140,143.7540
1262,11782,63,0.1140,143.8680
1263,11782,63,0.1140,143.9820
1264,11782,63,0.1140,144.0960
1265,11782,63,0.1140,144.2100
1266,11782,63,0.1140,144.3240
1267,11782,63,0.1140,144.4380
1268,11845,63,0.1140,144.5520
1269,11845,63,0.1140,144.6660
1270,11845,63,0.1140,144.7800
1271,11845,63,0.1140,144.8940
1272,11845,63,0.1140,145.0080
1273,11845,63,0.1140,145.1220
1274,11845,63,0.1140,145.2360
1275,11908,63,0.1140,145.3500
1276,11908,63,0.1140,145.4640
1277,11908,63,0.1140,145.5780
1278,11908,63,0.1140,145.6920
1279,11908,63,0.1140,145.8060
1280,11908,63,0.1140,145.9200
1281,11908,63,0.1140,146.0340
1282,11971,63,0.1140,146.1480
1283,11971,63,0.1140,146.2620
1284,11971,63,0.1140,146.3760
1285,11971,63,0.1140,146.4900
1286,11971,63,0.1140,146.6040
1287,11971,63,0.1140,146.7180
1288,11971,63,0.1140,146.8320
1289,12034,63,0.1140,146.9460
1290,12034,63,0.1140,147.0600
1291,12034,63,0.1140,147.1740
1292,12034,63,0.1140,147.2880
1293,12034,63,0.1140,147.4020
1294,12034,63,0.1140,147.5160
1295,12034,63,0.1140,147.6300
1296,12097,63,0.1140,147.7440
1297,12097,63,0.1140,147.8580
1298,12097,63,0.1140,147.9720
1299,12097,63,0.1140,148.0860
1300,12097,63,0.1140,148.2000
1301,12097,63,0.1140,148.3140
1302,12097,63,0.1140,148.4280
1303,12160,63,0.1140,148.5420
1304,12160,63,0.1140,148.6560
1305,12160,63,0.1140,148.7700
1306,12160,63,0.1140,148.8840
1307,12160,63,0.1140,148.9980
1308,12160,63,0.1140,149.1120
1309,12160,63,0.1140,149.2260
1310,12223,63,0.1140,149.3400
1311,12223,63,0.1140,149.4540
1312,12223,63,0.1140,149.5680
1313,12223,63,0.1140,149.6820
1314,12223,63,0.1140,149.7960
1315,12223,63,0.1140,149.9100
1316,12223,63,0.1140,150.0240
1317,12286,63,0.1140,150.1380
1318,12286,63,0.1140,150.2520
1319,12286,63,0.1140,150.3660
1320,12286,63,0.1140,150.4800
1321,12286,63,0.1140,150.5940
1322,12286,63,0.1140,150.7080
1323,12286,63,0.1140,150.8220
1324,12349,63,0.1140,150.9360
1325,12349,63,0.1140,151.0500
1326,12349,63,0.1140,151.1640
1327,12349,63,0.1140,151.2780
1328,12349,63,0.1140,151.3920
1329,12349,63,0.1140,151.5060
1330,12349,63,0.1140,151.6200
1331,12412,63,0.1140,151.7340
1332,12412,63,0.1140,151.8480
1333,12412,63,0.1140,151.9620
1334,12412,63,0.1140,152.0760
1335,12412,63,0.1140,152.1900
1336,12412,63,0.1140,152.3040
1337,12412,63,0.1140,152.4180
1338,12475,63,0.1140,152.5320
1339,12475,63,0.1140,152.6460
1340,12475,63,0.1140,152.7600
1341,12475,63,0.1140,152.8740
1342,12475,63,0.1140,152.9880
1343,12475,63,0.1140,153.1020
1344,12475,63,0.1140,153.2160
1345,12538,63,0.1140,153.3300
1346,12538,63,0.1140,153.4440
1347,12538,63,0.1140,153.5580
1348,12538,63,0.1140,153.6720
1349,12538,63,0.1140,153.7860
1350,12538,63,0.1140,153.9000
1351,12538,63,0.1140,154.0140
1352,12601,63,0.1140,154.1280
1353,12601,63,0.1140,154.2420
1354,12601,63,0.1140,154.3560
1355,12601,63,0.1140,154.4700
1356,12601,63,0.1140,154.5840
1357,12601,63,0.1140,154.6980
1358,12601,63,0.1140,154.8120
1359,12664,63,0.1140,154.9260
1360,12664,63,0.1140,155.0400
1361,12664,63,0.1140,155.1540
1362,12664,63,0.1140,155.2680
1363,12664,63,0.1140,155.3820
1364,12664,63,0.1140,155.4960
1365,12664,63,0.1140,155.6100
1366,12727,63,0.1140,155.7240
1367,12727,63,0.1140,155.8380
1368,12727,63,0.1140,155.9520
1369,12727,63,0.1140,156.0660
1370,12727,63,0.1140,156.1800
1371,12727,63,0.1140,156.2940
1372,12727,63,0.1140,156.4080
1373,12790,63,0.1140,156.5220
1374,12790,63,0.1140,156.6360
1375,12790,63,0.1140,156.7500
1376,12790,63,0.1140,156.8640
1377,12790,63,0.1140,156.9780
1378,12790,63,0.1140,157.0920
1379,12790,63,0.1140,157.2060
1380,12853,63,0.1140,157.3200
1381,12853,63,0.1140,157.4340
1382,12853,63,0.1140,157.5480
1383,12853,63,0.1140,157.6620
1384,12853,63,0.1140,157.7760
1385,12853,63,0.1140,157.8900
1386,12853,63,0.1140,158.0040
1387,12916,63,0.1140,158.1180
1388,12916,63,0.1140,158.2320
1389,12916,63,0.1140,158.3460
1390,12916,63,0.1140,158.4600
1391,12916,63,0.1140,158.5740
1392,12916,63,0.1140,158.6880
1393,12916,63,0.1140,158.8020
1394,12979,63,0.1140,158.9160
1395,12979,63,0.1140,159.0300
1396,12979,63,0.1140,159.1440
1397,12979,63,0.1140,159.2580
1398,12979,63,0.1140,159.3720
1399,12979,63,0.1140,159.4860
1400,12979,63,0.1140,159.6000
1401,13042,63,0.1140,159.7140
1402,13042,63,0.1140,159.8280
1403,13042,63,0.1140,159.9420
1404,13042,63,0.1140,160.0560
1405,13042,63,0.1140,160.1700
1406,13042,63,0.1140,160.2840
1407,13042,63,0.1140,160.3980
1408,13105,63,0.1140,160.5120
1409,13105,63,0.1140,160.6260
1410,13105,63,0.1140,160.7400
1411,13105,63,0.1140,160.8540
1412,13105,63,0.1140,160.9680
1413,13105,63,0.1140,161.0820
1414,13105,63,0.1140,161.1960
1415,13168,63,0.1140,161.3100
1416,13168,63,0.1140,161.4240
1417,13168,63,0.1140,161.5380
1418,13168,63,0.1140,161.6520
1419,13168,63,0.1140,161.7660
1420,13168,63,0.1140,161.8800
1421,13168,63,0.1140,161.9940
1422,13231,63,0.1140,162.1080
1423,13231,63,0.1140,162.2220
1424,13231,63,0.1140,162.3360
1425,13231,63,0.1140,162.4500
1426,13231,63,0.1140,162.5640
1427,13231,63,0.1140,162.6780
1428,13231,63,0.1140,162.7920
1429,13294,63,0.1140,162.9060
1430,13294,63,0.1140,163.0200
1431,13294,63,0.1140,163.1340
1432,13294,63,0.1140,163.2480
1433,13294,63,0.1140,163.3620
1434,13294,63,0.1140,163.4760
1435,13294,63,0.1140,163.5900
1436,13357,63,0.1140,163.7040
1437,13357,63,0.1140,163.8180
1438,13357,63,0.1140,163.9320
1439,13357,63,0.1140,164.0460
1440,13357,63,0.1140,164.1600
1441,13357,63,0.1140,164.2740
1442,13357,63,0.1140,164.3880
1443,13420,63,0.1140,164.5020
1444,13420,63,0.1140,164.6160
1445,13420,63,0.1140,164.7300
1446,13420,63,0.1140,164.8440
1447,13420,63,0.1140,164.9580
1448,13420,63,0.1140,165.0720
1449,13420,63,0.1140,165.1860
1450,13483,63,0.1140,165.3000
1451,13483,63,0.1140,165.4140
1452,13483,63,0.1140,165.5280
1453,13483,63,0.1140,165.6420
1454,13483,63,0.1140,165.7560
1455,13483,63,0.1140,165.8700
1456,13483,63,0.1140,165.9840
1457,13546,63,0.1140,166.0980
1458,13546,63,0.1140,166.2120
1459,13546,63,0.1140,166.3260
1460,13546,63,0.1140,166.4400
1461,13546,63,0.1140,166.5540
1462,13546,63,0.1140,166.6680
1463,13546,63,0.1140,166.7820
1464,13609,63,0.1140,166.8960
1465,13609,63,0.1140,167.0100
1466,13609,63,0.1140,167.1240
1467,13609,63,0.1140,167.2380
1468,13609,63,0.1140,167.3520
1469,13609,63,0.1140,167.4660
1470,13609,63,0.1140,167.5800
1471,13672,63,0.1140,167.6940
1472,13672,63,0.1140,167.8080
1473,13672,63,0.1140,167.9220
1474,13672,63,0.1140,168.0360
1475,13672,63,0.1140,168.1500
1476,13672,63,0.1140,168.2640
1477,13672,63,0.1140,168.3780
1478,13735,63,0.1140,168.4920
1479,13735,63,0.1140,168.6060
1480,13735,63,0.1140,168.7200
1481,13735,63,0.1140,168.8340
1482,13735,63,0.1140,168.9480
1483,13735,63,0.1140,169.0620
1484,13735,63,0.1140,169.1760
1485,13798,63,0.1140,169.2900
1486,13798,63,0.1140,169.4040
1487,13798,63,0.1140,169.5180
1488,13798,63,0.1140,169.6320
1489,13798,63,0.1140,169.7460
1490,13798,63,0.1140,169.8600
1491,13798,63,0.1140,169.9740
1492,13861,63,0.1140,170.0880
1493,13861,63,0.1140,170.2020
1494,13861,63,0.1140,170.3160
1495,13861,63,0.1140,170.4300
1496,13861,63,0.1140,170.5440
1497,13861,63,0.1140,170.6580
1498,13861,63,0.1140,170.7720
1499,13924,63,0.1140,170.8860
1500,13924,63,0.1140,171.0000
1501,13924,63,0.1140,171.1140
1502,13924,63,0.1140,171.2280
1503,13924,63,0.1140,171.3420
1504,13924,63,0.1140,171.4560
1505,13924,63,0.1140,171.5700
1506,13987,63,0.1140,171.6840
1507,13987,63,0.1140,171.7980
1508,13987,63,0.1140,171.9120
1509,13987,63,0.1140,172.0260
1510,13987,63,0.1140,172.1400
1511,13987,63,0.1140,172.2540
1512,13987,63,0.1140,172.3680
1513,14050,63,0.1140,172.4820
1514,14050,63,0.1140,172.5960
1515,14050,63,0.1140,172.7100
1516,14050,63,0.1140,172.8240
1517,14050,63,0.1140,172.9380
1518,14050,63,0.1140,173.0520
1519,14050,63,0.1140,173.1660
1520,14113,63,0.1140,173.2800
1521,14113,63,0.1140,173.3940
1522,14113,63,0.1140,173.5080
1523,14113,63,0.1140,173.6220
1524,14113,63,0.1140,173.7360
1525,14113,63,0.1140,173.8500
1526,14113,63,0.1140,173.9640
1527,14176,63,0.1140,174.0780
1528,14176,63,0.1140,174.1920
1529,14176,63,0.1140,174.3060
1530,14176,63,0.1140,174.4200
1531,14176,63,0.1140,174.5340
1532,14176,63,0.1140,174.6480
1533,14176,63,0.1140,174.7620
1534,14239,63,0.1140,174.8760
1535,14239,63,0.1140,174.9900
1536,14239,63,0.1140,175.1040
1537,14239,63,0.1140,175.2180
1538,14239,63,0.1140,175.3320
1539,14239,63,0.1140,175.4460
1540,14239,63,0.1140,175.5600
1541,14302,63,0.1140,175.6740
1542,14302,63,0.1140,175.7880
1543,14302,63,0.1140,175.9020
1544,14302,63,0.1140,176.0160
1545,14302,63,0.1140,176.1300
1546,14302,63,0.1140,176.2440
1547,14302,63,0.1140,176.3580
1548,14365,63,0.1140,176.4720
1549,14365,63,0.1140,176.5860
1550,14365,63,0.1140,176.7000
1551,14365,63,0.1140,176.8140
1552,14365,63,0.1140,176.9280
1553,14365,63,0.1140,177.0420
1554,14365,63,0.1140,177.1560
1555,14428,63,0.1140,177.2700
1556,14428,63,0.1140,177.3840
1557,14428,63,0.1140,177.4980
1558,14428,63,0.1140,177.6120
1559,14428,63,0.1140,177.7260
1560,14428,63,0.1140,177.8400
1561,14428,63,0.1140,177.9540
1562,14491,63,0.1140,178.0680
1563,14491,63,0.1140,178.1820
1564,14491,63,0.1140,178.2960
1565,14491,63,0.1140,178.4100
1566,14491,63,0.1140,178.5240
1567,14491,63,0.1140,178.6380
1568,14491,63,0.1140,178.7520
1569,14554,63,0.1140,178.8660
1570,14554,63,0.1140,178.9800
1571,14554,63,0.1140,179.0940
1572,14554,63,0.1140,179.2080
1573,14554,63,0.1140,179.3220
1574,14554,63,0.1140,179.4360
1575,14554,63,0.1140,179.5500
1576,14617,63,0.1140,179.6640
1577,14617,63,0.1140,179.7780
1578,14617,63,0.1140,179.8920
1579,14617,63,0.1140,180.0060
1580,14617,63,0.1140,180.1200
1581,14617,63,0.1140,180.2340
1582,14617,63,0.1140,180.3480
1583,14680,63,0.1140,180.4620
1584,14680,63,0.1140,180.5760
1585,14680,63,0.1140,180.6900
1586,14680,63,0.1140,180.8040
1587,14680,63,0.1140,180.9180
1588,14680,63,0.1140,181.0320
1589,14680,63,0.1140,181.1460
1590,14743,63,0.1140,181.2600
1591,14743,63,0.1140,181.3740
1592,14743,63,0.1140,181.4880
1593,14743,63,0.1140,181.6020
1594,14743,63,0.1140,181.7160
1595,14743,63,0.1140,181.8300
1596,14743,63,0.1140,181.9440
1597,14806,63,0.1140,182.0580
1598,14806,63,0.1140,182.1720
1599,14806,63,0.1140,182.2860
1600,14806,63,0.1140,182.4000
1601,14806,63,0.1140,182.5140
1602,14806,63,0.1140,182.6280
1603,14806,63,0.1140,182.7420
1604,14869,63,0.1140,182.8560
1605,14869,63,0.1140,182.9700
1606,14869,63,0.1140,183.0840
1607,14869,63,0.1140,183.1980
1608,14869,63,0.1140,183.3120
1609,14869,63,0.1140,183.4260
1610,14869,63,0.1140,183.5400
1611,14932,63,0.1140,183.6540
1612,14932,63,0.1140,183.7680
1613,14932,63,0.1140,183.8820
1614,14932,63,0.1140,183.9960
1615,14932,63,0.1140,184.1100
1616,14932,63,0.1140,184.2240
1617,14932,63,0.1140,184.3380
1618,14995,63,0.1140,184.4520
1619,14995,63,0.1140,184.5660
1620,14995,63,0.1140,184.6800
1621,14995,63,0.1140,184.7940
1622,14995,63,0.1140,184.9080
1623,14995,63,0.1140,185.0220
1624,14995,63,0.1140,185.1360
1625,15058,63,0.1140,185.2500
1626,15058,63,0.1140,185.3640
1627,15058,63,0.1140,185.4780
1628,15058,63,0.1140,185.5920
1629,15058,63,0.1140,185.7060
1630,15058,63,0.1140,185.8200
1631,15058,63,0.1140,185.9340
1632,15121,63,0.1140,186.0480
1633,15121,63,0.1140,186.1620
1634,15121,63,0.1140,186.2760
1635,15121,63,0.1140,186.3900
1636,15121,63,0.1140,186.5040
1637,15121,63,0.1140,186.6180
1638,15121,63,0.1140,186.7320
1639,15184,63,0.1140,186.8460
1640,15184,63,0.1140,186.9600
1641,15184,63,0.1140,187.0740
1642,15184,63,0.1140,187.1880
1643,15184,63,0.1140,187.3020
1644,15184,63,0.1140,187.4160
1645,15184,63,0.1140,187.5300
1646,15247,63,0.1140,187.6440
1647,15247,63,0.1140,187.7580
1648,15247,63,0.1140,187.8720
1649,15247,63,0.1140,187.9860
1650,15247,63,0.1140,188.1000
1651,15247,63,0.1140,188.2140
1652,15247,63,0.1140,188.3280
1653,15310,63,0.1140,188.4420
1654,15310,63,0.1140,188.5560
1655,15310,63,0.1140,188.6700
1656,15310,63,0.1140,188.7840
1657,15310,63,0.1140,188.8980
1658,15310,63,0.1140,189.0120
1659,15310,63,0.1140,189.1260
1660,15373,63,0.1140,189.2400
1661,15373,63,0.1140,189.3540
1662,15373,63,0.1140,189.4680
1663,15373,63,0.1140,189.5820
1664,15373,63,0.1140,189.6960
1665,15373,63,0.1140,189.8100
1666,15436,63,0.1140,189.9240
1667,15436,63,0.1140,190.0380
1668,15436,63,0.1140,190.1520
1669,15436,63,0.1140,190.2660
1670,15436,63,0.1140,190.3800
1671,15436,63,0.1140,190.4940
1672,15436,63,0.1140,190.6080
1673,15499,63,0.1140,190.7220
1674,15499,63,0.1140,190.8360
1675,15499,63,0.1140,190.9500
1676,15499,63,0.1140,191.0640
1677,15499,63,0.1140,191.1780
1678,15499,63,0.1140,191.2920
1679,15562,63,0.1140,191.4060
1680,15562,63,0.1140,191.5200
1681,15562,63,0.1140,191.6340
1682,15562,63,0.1140,191.7480
1683,15562,63,0.1140,191.8620
1684,15562,63,0.1140,191.9760
1685,15562,63,0.1140,192.0900
1686,15625,63,0.1140,192.2040
1687,15625,63,0.1140,192.3180
1688,15625,63,0.1140,192.4320
1689,15625,63,0.1140,192.5460
1690,15625,63,0.1140,192.6600
1691,15625,63,0.1140,192.7740
1692,15625,63,0.1140,192.8880
1693,15688,63,0.1140,193.0020
1694,15688,63,0.1140,193.1160
1695,15688,63,0.1140,193.2300
1696,15688,63,0.1140,193.3440
1697,15688,63,0.1140,193.4580
1698,15688,63,0.1140,193.5720
1699,15751,63,0.1140,193.6860
1700,15751,63,0.1140,193.8000
1701,15751,63,0.1140,193.9140
1702,15751,63,0.1140,194.0280
1703,15751,63,0.1140,194.1420
1704,15751,63,0.1140,194.2560
1705,15751,63,0.1140,194.3700
1706,15814,63,0.1140,194.4840
1707,15814,63,0.1140,194.5980
1708,15814,63,0.1140,194.7120
1709,15814,63,0.1140,194.8260
1710,15814,63,0.1140,194.9400
1711,15814,63,0.1140,195.0540
1712,15877,63,0.1140,195.1680
1713,15877,63,0.1140,195.2820
1714,15877,63,0.1140,195.3960
1715,15877,63,0.1140,195.5100
1716,15877,63,0.1140,195.6240
1717,15877,63,0.1140,195.7380
1718,15877,63,0.1140,195.8520
1719,15940,63,0.1140,195.9660
1720,15940,63,0.1140,196.0800
1721,15940,63,0.1140,196.1940
1722,15940,63,0.1140,196.3080
1723,15940,63,0.1140,196.4220
1724,15940,63,0.1140,196.5360
1725,15940,63,0.1140,196.6500
1726,16003,63,0.1140,196.7640
1727,16003,63,0.1140,196.8780
1728,16003,63,0.1140,196.9920
1729,16003,63,0.1140,197.1060
1730,16003,63,0.1140,197.2200
1731,16003,63,0.1140,197.3340
1732,16003,63,0.1140,197.4480
1733,16066,63,0.1140,197.5620
1734,16066,63,0.1140,197.6760
1735,16066,63,0.1140,197.7900
1736,16066,63,0.1140,197.9040
1737,16066,63,0.1140,198.0180
1738,16066,63,0.1140,198.1320
1739,16129,63,0.1140,198.2460
1740,16129,63,0.1140,198.3600
1741,16129,63,0.1140,198.4740
1742,16129,63,0.1140,198.5880
1743,16129,63,0.1140,198.7020
1744,16129,63,0.1140,198.8160
1745,16129,63,0.1140,198.9300
1746,16192,63,0.1140,199.0440
1747,16192,63,0.1140,199.1580
1748,16192,63,0.1140,199.2720
1749,16192,63,0.1140,199.3860
1750,16192,63,0.1140,199.5000
1751,16192,63,0.1140,199.6140
1752,16255,63,0.1140,199.7280
1753,16255,63,0.1140,199.8420
1754,16255,63,0.1140,199.9560
1755,16255,63,0.1140,200.0700
1756,16255,63,0.1140,200.1840
1757,16255,63,0.1140,200.2980
1758,16255,63,0.1140,200.4120
1759,16318,63,0.1140,200.5260
1760,16318,63,0.1140,200.6400
1761,16318,63,0.1140,200.7540
1762,16318,63,0.1140,200.8680
1763,16318,63,0.1140,200.9820
1764,16318,63,0.1140,201.0960
1765,16318,63,0.1140,201.2100
1766,16381,63,0.1140,201.3240
1767,16381,63,0.1140,201.4380
1768,16381,63,0.1140,201.5520
1769,16381,63,0.1140,201.6660
1770,16381,63,0.1140,201.7800
1771,16381,63,0.1140,201.8940
1772,16381,63,0.1140,202.0080
1773,16444,63,0.1140,202.1220
1774,16444,63,0.1140,202.2360
1775,16444,63,0.1140,202.3500
1776,16444,63,0.1140,202.4640
1777,16444,63,0.1140,202.5780
1778,16444,63,0.1140,202.6920
1779,16507,63,0.1140,202.8060
1780,16507,63,0.1140,202.9200
1781,16507,63,0.1140,203.0340
1782,16507,63,0.1140,203.1480
1783,16507,63,0.1140,203.2620
1784,16507,63,0.1140,203.3760
1785,16507,63,0.1140,203.4900
1786,16570,63,0.1140,203.6040
1787,16570,63,0.1140,203.7180
1788,16570,63,0.1140,203.8320
1789,16570,63,0.1140,203.9460
1790,16570,63,0.1140,204.0600
1791,16570,63,0.1140,204.1740
1792,16633,63,0.1140,204.2880
1793,16633,63,0.1140,204.4020
1794,16633,63,0.1140,204.5160
1795,16633,63,0.1140,204.6300
1796,16633,63,0.1140,204.7440
1797,16633,63,0.1140,204.8580
1798,16633,63,0.1140,204.9720
1799,16696,63,0.1140,205.0860
1800,16696,63,0.1140,205.2000
1801,16696,63,0.1140,205.3140
1802,16696,63,0.1140,205.4280
1803,16696,63,0.1140,205.5420
1804,16696,63,0.1140,205.6560
1805,16696,63,0.1140,205.7700
1806,16759,63,0.1140,205.8840
1807,16759,63,0.1140,205.9980
1808,16759,63,0.1140,206.1120
1809,16759,63,0.1140,206.2260
1810,16759,63,0.1140,206.3400
1811,16759,63,0.1140,206.4540
1812,16759,63,0.1140,206.5680
1813,16822,63,0.1140,206.6820
1814,16822,63,0.1140,206.7960
1815,16822,63,0.1140,206.9100
1816,16822,63,0.1140,207.0240
1817,16822,63,0.1140,207.1380
1818,16822,63,0.1140,207.2520
1819,16885,63,0.1140,207.3660
1820,16885,63,0.1140,207.4800
1821,16885,63,0.1140,207.5940
1822,16885,63,0.1140,207.7080
1823,16885,63,0.1140,207.8220
1824,16885,63,0.1140,207.9360
1825,16885,63,0.1140,208.0500
1826,16948,63,0.1140,208.1640
1827,16948,63,0.1140,208.2780
1828,16948,63,0.1140,208.3920
1829,16948,63,0.1140,208.5060
1830,16948,63,0.1140,208.6200
1831,16948,63,0.1140,208.7340
1832,17011,63,0.1140,208.8480
1833,17011,63,0.1140,208.9620
1834,17011,63,0.1140,209.0760
1835,17011,63,0.1140,209.1900
1836,17011,63,0.1140,209.3040
1837,17011,63,0.1140,209.4180
1838,17011,63,0.1140,209.5320
1839,17074,63,0.1140,209.6460
1840,17074,63,0.1140,209.7600
1841,17074,63,0.1140,209.8740
1842,17074,63,0.1140,209.9880
1843,17074,63,0.1140,210.1020
1844,17074,63,0.1140,210.2160
1845,17074,63,0.1140,210.3300
1846,17137,63,0.1140,210.4440
1847,17137,63,0.1140,210.5580
1848,17137,63,0.1140,210.6720
1849,17137,63,0.1140,210.7860
1850,17137,63,0.1140,210.9000
1851,17137,63,0.1140,211.0140
1852,17137,63,0.1140,211.1280
1853,17200,63,0.1140,211.2420
1854,17200,63,0.1140,211.3560
1855,17200,63,0.1140,211.4700
1856,17200,63,0.1140,211.5840
1857,17200,63,0.1140,211.6980
1858,17200,63,0.1140,211.8120
1859,17263,63,0.1140,211.9260
1860,17263,63,0.1140,212.0400
1861,17263,63,0.1140,212.1540
1862,17263,63,0.1140,212.2680
1863,17263,63,0.1140,212.3820
1864,17263,63,0.1140,212.4960
1865,17263,63,0.1140,212.6100
1866,17326,63,0.1140,212.7240
1867,17326,63,0.1140,212.8380
1868,17326,63,0.1140,212.9520
1869,17326,63,0.1140,213.0660
1870,17326,63,0.1140,213.1800
1871,17326,63,0.1140,213.2940
1872,17389,63,0.1140,213.4080
1873,17389,63,0.1140,213.5220
1874,17389,63,0.1140,213.6360
1875,17389,63,0.1140,213.7500
1876,17389,63,0.1140,213.8640
1877,17389,63,0.1140,213.9780
1878,17389,63,0.1140,214.0920
1879,17452,63,0.1140,214.2060
1880,17452,63,0.1140,214.3200
1881,17452,63,0.1140,214.4340
1882,17452,63,0.1140,214.5480
1883,17452,63,0.1140,214.6620
1884,17452,63,0.1140,214.7760
1885,17452,63,0.1140,214.8900
1886,17515,63,0.1140,215.0040
1887,17515,63,0.1140,215.1180
1888,17515,63,0.1140,215.2320
1889,17515,63,0.1140,215.3460
1890,17515,63,0.1140,215.4600
1891,17515,63,0.1140,215.5740
1892,17515,63,0.1140,215.6880
1893,17578,63,0.1140,215.8020
1894,17578,63,0.1140,215.9160
1895,17578,63,0.1140,216.0300
1896,17578,63,0.1140,216.1440
1897,17578,63,0.1140,216.2580
1898,17578,63,0.1140,216.3720
1899,17641,63,0.1140,216.4860
1900,17641,63,0.1140,216.6000
1901,17641,63,0.1140,216.7140
1902,17641,63,0.1140,216.8280
1903,17641,63,0.1140,216.9420
1904,17641,63,0.1140,217.0560
1905,17641,63,0.1140,217.1700
1906,17704,63,0.1140,217.2840
1907,17704,63,0.1140,217.3980
1908,17704,63,0.1140,217.5120
1909,17704,63,0.1140,217.6260
1910,17704,63,0.1140,217.7400
1911,17704,63,0.1140,217.8540
1912,17767,63,0.1140,217.9680
1913,17767,63,0.1140,218.0820
1914,17767,63,0.1140,218.1960
1915,17767,63,0.1140,218.3100
1916,17767,63,0.1140,218.4240
1917,17767,63,0.1140,218.5380
1918,17767,63,0.1140,218.6520
1919,17830,63,0.1140,218.7660
1920,17830,63,0.1140,218.8800
1921,17830,63,0.1140,218.9940
1922,17830,63,0.1140,219.1080
1923,17830,63,0.1140,219.2220
1924,17830,63,0.1140,219.3360
1925,17830,63,0.1140,219.4500
1926,17893,63,0.1140,219.5640
1927,17893,63,0.1140,219.6780
1928,17893,63,0.1140,219.7920
1929,17893,63,0.1140,219.9060
1930,17893,63,0.1140,220.0200
1931,17893,63,0.1140,220.1340
1932,17893,63,0.1140,220.2480
1933,17956,63,0.1140,220.3620
1934,17956,63,0.1140,220.4760
1935,17956,63,0.1140,220.5900
1936,17956,63,0.1140,220.7040
1937,17956,63,0.1140,220.8180
1938,17956,63,0.1140,220.9320
1939,18019,63,0.1140,221.0460
1940,18019,63,0.1140,221.1600
1941,18019,63,0.1140,221.2740
1942,18019,63,0.1140,221.3880
1943,18019,63,0.1140,221.5020
1944,18019,63,0.1140,221.6160
1945,18019,63,0.1140,221.7300
1946,18082,63,0.1140,221.8440
1947,18082,63,0.1140,221.9580
1948,18082,63,0.1140,222.0720
1949,18082,63,0.1140,222.1860
1950,18082,63,0.1140,222.3000
1951,18082,63,0.1140,222.4140
1952,18145,63,0.1140,222.5280
1953,18145,63,0.1140,222.6420
1954,18145,63,0.1140,222.7560
1955,18145,63,0.1140,222.8700
1956,18145,63,0.1140,222.9840
1957,18145,63,0.1140,223.0980
1958,18145,63,0.1140,223.2120
1959,18208,63,0.1140,223.3260
1960,18208,63,0.1140,223.4400
1961,18208,63,0.1140,223.5540
1962,18208,63,0.1140,223.6680
1963,18208,63,0.1140,223.7820
1964,18208,63,0.1140,223.8960
1965,18208,63,0.1140,224.0100
1966,18271,63,0.1140,224.1240
1967,18271,63,0.1140,224.2380
1968,18271,63,0.1140,224.3520
1969,18271,63,0.1140,224.4660
1970,18271,63,0.1140,224.5800
1971,18271,63,0.1140,224.6940
1972,18271,63,0.1140,224.8080
1973,18334,63,0.1140,224.9220
1974,18334,63,0.1140,225.0360
1975,18334,63,0.1140,225.1500
1976,18334,63,0.1140,225.2640
1977,18334,63,0.1140,225.3780
1978,18334,63,0.1140,225.4920
1979,18397,63,0.1140,225.6060
1980,18397,63,0.1140,225.7200
1981,18397,63,0.1140,225.8340
1982,18397,63,0.1140,225.9480
1983,18397,63,0.1140,226.0620
1984,18397,63,0.1140,226.1760
1985,18397,63,0.1140,226.2900
1986,18460,63,0.1140,226.4040
1987,18460,63,0.1140,226.5180
1988,18460,63,0.1140,226.6320
1989,18460,63,0.1140,226.7460
1990,18460,63,0.1140,226.8600
1991,18460,63,0.1140,226.9740
1992,18523,63,0.1140,227.0880
1993,18523,63,0.1140,227.2020
1994,18523,63,0.1140,227.3160
1995,18523,63,0.1140,227.4300
1996,18523,63,0.1140,227.5440
1997,18523,63,0.1140,227.6580
1998,18523,63,0.1140,227.7720
1999,18586,63,0.1140,227.8860
2000,18586,63,0.1140,228.0000
2001,18586,63,0.1140,228.1140
2002,18586,63,0.1140,228.2280
2003,18586,63,0.1140,228.3420
2004,18586,63,0.1140,228.4560
2005,18586,63,0.1140,228.5700
2006,18649,63,0.1140,228.6840
2007,18649,63,0.1140,228.7980
2008,18649,63,0.1140,228.9120
2009,18649,63,0.1140,229.0260
2010,18649,63,0.1140,229.1400
2011,18649,63,0.1140,229.2540
2012,18649,63,0.1140,229.3680
2013,18712,63,0.1140,229.4820
2014,18712,63,0.1140,229.5960
2015,18712,63,0.1140,229.7100
2016,18712,63,0.1140,229.8240
2017,18712,63,0.1140,229.9380
2018,18712,63,0.1140,230.0520
2019,18775,63,0.1140,230.1660
2020,18775,63,0.1140,230.2800
2021,18775,63,0.1140,230.3940
2022,18775,63,0.1140,230.5080
2023,18775,63,0.1140,230.6220
2024,18775,63,0.1140,230.7360
2025,18775,63,0.1140,230.8500
2026,18838,63,0.1140,230.9640
2027,18838,63,0.1140,231.0780
2028,18838,63,0.1140,231.1920
2029,18838,63,0.1140,231.3060
2030,18838,63,0.1140,231.4200
2031,18838,63,0.1140,231.5340
2032,18901,63,0.1140,231.6480
2033,18901,63,0.1140,231.7620
2034,18901,63,0.1140,231.8760
2035,18901,63,0.1140,231.9900
2036,18901,63,0.1140,232.1040
2037,18901,63,0.1140,232.2180
2038,18901,63,0.1140,232.3320
2039,18964,63,0.1140,232.4460
2040,18964,63,0.1140,232.5600
2041,18964,63,0.1140,232.6740
2042,18964,63,0.1140,232.7880
2043,18964,63,0.1140,232.9020
2044,18964,63,0.1140,233.0160
2045,18964,63,0.1140,233.1300
2046,19027,63,0.1140,233.2440
2047,19027,63,0.1140,233.3580
2048,19027,63,0.1140,233.4720
2049,19027,63,0.1140,233.5860
2050,19027,63,0.1140,233.7000
2051,19027,63,0.1140,233.8140
2052,19027,63,0.1140,233.9280
2053,19090,63,0.1140,234.0420
2054,19090,63,0.1140,234.1560
2055,19090,63,0.1140,234.2700
2056,19090,63,0.1140,234.3840
2057,19090,63,0.1140,234.4980
2058,19090,63,0.1140,234.6120
2059,19153,63,0.1140,234.7260
2060,19153,63,0.1140,234.8400
2061,19153,63,0.1140,234.9540
2062,19153,63,0.1140,235.0680
2063,19153,63,0.1140,235.1820
2064,19153,63,0.1140,235.2960
2065,19153,63,0.1140,235.4100
2066,19216,63,0.1140,235.5240
2067,19216,63,0.1140,235.6380
2068,19216,63,0.1140,235.7520
2069,19216,63,0.1140,235.8660
2070,19216,63,0.1140,235.9800
2071,19216,63,0.1140,236.0940
2072,19279,63,0.1140,236.2080
2073,19279,63,0.1140,236.3220
2074,19279,63,0.1140,236.4360
2075,19279,63,0.1140,236.5500
2076,19279,63,0.1140,236.6640
2077,19279,63,0.1140,236.7780
2078,19279,63,0.1140,236.8920
2079,19342,63,0.1140,237.0060
2080,19342,63,0.1140,237.1200
2081,19342,63,0.1140,237.2340
2082,19342,63,0.1140,237.3480
2083,19342,63,0.1140,237.4620
2084,19342,63,0.1140,237.5760
2085,19342,63,0.1140,237.6900
2086,19405,63,0.1140,237.8040
2087,19405,63,0.1140,237.9180
2088,19405,63,0.1140,238.0320
2089,19405,63,0.1140,238.1460
2090,19405,63,0.1140,238.2600
2091,19405,63,0.1140,238.3740
2092,19405,63,0.1140,238.4880
2093,19468,63,0.1140,238.6020
2094,19468,63,0.1140,238.7160
2095,19468,63,0.1140,238.8300
2096,19468,63,0.1140,238.9440
2097,19468,63,0.1140,239.0580
2098,19468,63,0.1140,239.1720
2099,19531,63,0.1140,239.2860
2100,19531,63,0.1140,239.4000
2101,19531,63,0.1140,239.5140
2102,19531,63,0.1140,239.6280
2103,19531,63,0.1140,239.7420
2104,19531,63,0.1140,239.8560
2105,19531,63,0.1140,239.9700
2106,19594,63,0.1140,240.0840
2107,19594,63,0.1140,240.1980
2108,19594,63,0.1140,240.3120
2109,19594,63,0.1140,240.4260
2110,19594,63,0.1140,240.5400
2111,19594,63,0.1140,240.6540
2112,19657,63,0.1140,240.7680
2113,19657,63,0.1140,240.8820
2114,19657,63,0.1140,240.9960
2115,19657,63,0.1140,241.1100
2116,19657,63,0.1140,241.2240
2117,19657,63,0.1140,241.3380
2118,19657,63,0.1140,241.4520
2119,19720,63,0.1140,241.5660
2120,19720,63,0.1140,241.6800
2121,19720,63,0.1140,241.7940
2122,19720,63,0.1140,241.9080
2123,19720,63,0.1140,242.0220
2124,19720,63,0.1140,242.1360
2125,19720,63,0.1140,242.2500
2126,19783,63,0.1140,242.3640
2127,19783,63,0.1140,242.4780
2128,19783,63,0.1140,242.5920
2129,19783,63,0.1140,242.7060
2130,19783,63,0.1140,242.8200
2131,19783,63,0.1140,242.9340
2132,19783,63,0.1140,243.0480
2133,19846,63,0.1140,243.1620
2134,19846,63,0.1140,243.2760
2135,19846,63,0.1140,243.3900
2136,19846,63,0.1140,243.5040
2137,19846,63,0.1140,243.6180
2138,19846,63,0.1140,243.7320
2139,19909,63,0.1140,243.8460
2140,19909,63,0.1140,243.9600
2141,19909,63,0.1140,244.0740
2142,19909,63,0.1140,244.1880
2143,19909,63,0.1140,244.3020
2144,19909,63,0.1140,244.4160
2145,19909,63,0.1140,244.5300
2146,19972,63,0.1140,244.6440
2147,19972,63,0.1140,244.7580
2148,19972,63,0.1140,244.8720
2149,19972,63,0.1140,244.9860
2150,19972,63,0.1140,245.1000
2151,19972,63,0.1140,245.2140
2152,20035,63,0.1140,245.3280
2153,20035,63,0.1140,245.4420
2154,20035,63,0.1140,245.5560
2155,20035,63,0.1140,245.6700
2156,20035,63,0.1140,245.7840
2157,20035,63,0.1140,245.8980
2158,20035,63,0.1140,246.0120
2159,20098,63,0.1140,246.1260
2160,20098,63,0.1140,246.2400
2161,20098,63,0.1140,246.3540
2162,20098,63,0.1140,246.4680
2163,20098,63,0.1140,246.5820
2164,20098,63,0.1140,246.6960
2165,20098,63,0.1140,246.8100
2166,20161,63,0.1140,246.9240
2167,20161,63,0.1140,247.0380
2168,20161,63,0.1140,247.1520
2169,20161,63,0.1140,247.2660
2170,20161,63,0.1140,247.3800
2171,20161,63,0.1140,247.4940
2172,20161,63,0.1140,247.6080
2173,20224,63,0.1140,247.7220
2174,20224,63,0.1140,247.8360
2175,20224,63,0.1140,247.9500
2176,20224,63,0.1140,248.0640
2177,20224,63,0.1140,248.1780
2178,20224,63,0.1140,248.2920
2179,20287,63,0.1140,248.4060
2180,20287,63,0.1140,248.5200
2181,20287,63,0.1140,248.6340
2182,20287,63,0.1140,248.7480
2183,20287,63,0.1140,248.8620
2184,20287,63,0.1140,248.9760
2185,20287,63,0.1140,249.0900
2186,20350,63,0.1140,249.2040
2187,20350,63,0.1140,249.3180
2188,20350,63,0.1140,249.4320
2189,20350,63,0.1140,249.5460
2190,20350,63,0.1140,249.6600
2191,20350,63,0.1140,249.7740
2192,20413,63,0.1140,249.8880
2193,20413,63,0.1140,250.0020
2194,20413,63,0.1140,250.1160
2195,20413,63,0.1140,250.2300
2196,20413,63,0.1140,250.3440
2197,20413,63,0.1140,250.4580
2198,20413,63,0.1140,250.5720
2199,20476,63,0.1140,250.6860
2200,20476,63,0.1140,250.8000
2201,20476,63,0.1140,250.9140
2202,20476,63,0.1140,251.0280
2203,20476,63,0.1140,251.1420
2204,20476,63,0.1140,251.2560
2205,20476,63,0.1140,251.3700
2206,20539,63,0.1140,251.4840
2207,20539,63,0.1140,251.5980
2208,20539,63,0.1140,251.7120
2209,20539,63,0.1140,251.8260
2210,20539,63,0.1140,251.9400
2211,20539,63,0.1140,252.0540
2212,20539,63,0.1140,252.1680
2213,20602,63,0.1140,252.2820
2214,20602,63,0.1140,252.3960
2215,20602,63,0.1140,252.5100
2216,20602,63,0.1140,252.6240
2217,20602,63,0.1140,252.7380
2218,20602,63,0.1140,252.8520
2219,20665,63,0.1140,252.9660
2220,20665,63,0.1140,253.0800
2221,20665,63,0.1140,253.1940
2222,20665,63,0.1140,253.3080
2223,20665,63,0.1140,253.4220
2224,20665,63,0.1140,253.5360
2225,20665,63,0.1140,253.6500
2226,20728,63,0.1140,253.7640
2227,20728,63,0.1140,253.8780
2228,20728,63,0.1140,253.9920
2229,20728,63,0.1140,254.1060
2230,20728,63,0.1140,254.2200
2231,20728,63,0.1140,254.3340
2232,20791,63,0.1140,254.4480
2233,20791,63,0.1140,254.5620
2234,20791,63,0.1140,254.6760
2235,20791,63,0.1140,254.7900
2236,20791,63,0.1140,254.9040
2237,20791,63,0.1140,255.0180
2238,20791,63,0.1140,255.1320
2239,20854,63,0.1140,255.2460
2240,20854,63,0.1140,255.3600
2241,20854,63,0.1140,255.4740
2242,20854,63,0.1140,255.5880
2243,20854,63,0.1140,255.7020
2244,20854,63,0.1140,255.8160
2245,20854,63,0.1140,255.9300
2246,20917,63,0.1140,256.0440
2247,20917,63,0.1140,256.1580
2248,20917,63,0.1140,256.2720
2249,20917,63,0.1140,256.3860
2250,20917,63,0.1140,256.5000
2251,20917,63,0.1140,256.6140
2252,20917,63,0.1140,256.7280
2253,20980,63,0.1140,256.8420
2254,20980,63,0.1140,256.9560
2255,20980,63,0.1140,257.0700
2256,20980,63,0.1140,257.1840
2257,20980,63,0.1140,257.2980
2258,20980,63,0.1140,257.4120
2259,21043,63,0.1140,257.5260
2260,21043,63,0.1140,257.6400
2261,21043,63,0.1140,257.7540
2262,21043,63,0.1140,257.8680
2263,21043,63,0.1140,257.9820
2264,21043,63,0.1140,258.0960
2265,21043,63,0.1140,258.2100
2266,21106,63,0.1140,258.3240
2267,21106,63,0.1140,258.4380
2268,21106,63,0.1140,258.5520
2269,21106,63,0.1140,258.6660
2270,21106,63,0.1140,258.7800
2271,21106,63,0.1140,258.8940
2272,21169,63,0.1140,259.0080
2273,21169,63,0.1140,259.1220
2274,21169,63,0.1140,259.2360
2275,21169,63,0.1140,259.3500
2276,21169,63,0.1140,259.4640
2277,21169,63,0.1140,259.5780
2278,21169,63,0.1140,259.6920
2279,21232,63,0.1140,259.8060
2280,21232,63,0.1140,259.9200
2281,21232,63,0.1140,260.0340
2282,21232,63,0.1140,260.1480
2283,21232,63,0.1140,260.2620
2284,21232,63,0.1140,260.3760
2285,21232,63,0.1140,260.4900
2286,21295,63,0.1140,260.6040
2287,21295,63,0.1140,260.7180
2288,21295,63,0.1140,260.8320
2289,21295,63,0.1140,260.9460
2290,21295,63,0.1140,261.0600
2291,21295,63,0.1140,261.1740
2292,21295,63,0.1140,261.2880
2293,21358,63,0.1140,261.4020
2294,21358,63,0.1140,261.5160
2295,21358,63,0.1140,261.6300
2296,21358,63,0.1140,261.7440
2297,21358,63,0.1140,261.8580
2298,21358,63,0.1140,261.9720
2299,21421,63,0.1140,262.0860
2300,21421,63,0.1140,262.2000
2301,21421,63,0.1140,262.3140
2302,21421,63,0.1140,262.4280
2303,21421,63,0.1140,262.5420
2304,21421,63,0.1140,262.6560
2305,21421,63,0.1140,262.7700
2306,21484,63,0.1140,262.8840
2307,21484,63,0.1140,262.9980
2308,21484,63,0.1140,263.1120
2309,21484,63,0.1140,263.2260
2310,21484,63,0.1140,263.3400
2311,21484,63,0.1140,263.4540
2312,21547,63,0.1140,263.5680
2313,21547,63,0.1140,263.6820
2314,21547,63,0.1140,263.7960
2315,21547,63,0.1140,263.9100
2316,21547,63,0.1140,264.0240
2317,21547,63,0.1140,264.1380
2318,21547,63,0.1140,264.2520
2319,21610,63,0.1140,264.3660
2320,21610,63,0.1140,264.4800
2321,21610,63,0.1140,264.5940
2322,21610,63,0.1140,264.7080
2323,21610,63,0.1140,264.8220
2324,21610,63,0.1140,264.9360
2325,21610,63,0.1140,265.0500
2326,21673,63,0.1140,265.1640
2327,21673,63,0.1140,265.2780
2328,21673,63,0.1140,265.3920
2329,21673,63,0.1140,265.5060
2330,21673,63,0.1140,265.6200
2331,21673,63,0.1140,265.7340
2332,21673,63,0.1140,265.8480
2333,21736,63,0.1140,265.9620
2334,21736,63,0.1140,266.0760
2335,21736,63,0.1140,266.1900
2336,21736,63,0.1140,266.3040
2337,21736,63,0.1140,266.4180
2338,21736,63,0.1140,266.5320
2339,21799,63,0.1140,266.6460
2340,21799,63,0.1140,266.7600
2341,21799,63,0.1140,266.8740
2342,21799,63,0.1140,266.9880
2343,21799,63,0.1140,267.1020
2344,21799,63,0.1140,267.2160
2345,21799,63,0.1140,267.3300
2346,21862,63,0.1140,267.4440
2347,21862,63,0.1140,267.5580
2348,21862,63,0.1140,267.6720
2349,21862,63,0.1140,267.7860
2350,21862,63,0.1140,267.9000
2351,21862,63,0.1140,268.0140
2352,21925,63,0.1140,268.1280
2353,21925,63,0.1140,268.2420
2354,21925,63,0.1140,268.3560
2355,21925,63,0.1140,268.4700
2356,21925,63,0.1140,268.5840
2357,21925,63,0.1140,268.6980
2358,21925,63,0.1140,268.8120
2359,21988,63,0.1140,268.9260
2360,21988,63,0.1140,269.0400
2361,21988,63,0.1140,269.1540
2362,21988,63,0.1140,269.2680
2363,21988,63,0.1140,269.3820
2364,21988,63,0.1140,269.4960
2365,21988,63,0.1140,269.6100
2366,22051,63,0.1140,269.7240
2367,22051,63,0.1140,269.8380
2368,22051,63,0.1140,269.9520
2369,22051,63,0.1140,270.0660
2370,22051,63,0.1140,270.1800
2371,22051,63,0.1140,270.2940
2372,22051,63,0.1140,270.4080
2373,22114,63,0.1140,270.5220
2374,22114,63,0.1140,270.6360
2375,22114,63,0.1140,270.7500
2376,22114,63,0.1140,270.8640
2377,22114,63,0.1140,270.9780
2378,22114,63,0.1140,271.0920
2379,22177,63,0.1140,271.2060
2380,22177,63,0.1140,271.3200
2381,22177,63,0.1140,271.4340
2382,22177,63,0.1140,271.5480
2383,22177,63,0.1140,271.6620
2384,22177,63,0.1140,271.7760
2385,22177,63,0.1140,271.8900
2386,22240,63,0.1140,272.0040
2387,22240,63,0.1140,272.1180
2388,22240,63,0.1140,272.2320
2389,22240,63,0.1140,272.3460
2390,22240,63,0.1140,272.4600
2391,22240,63,0.1140,272.5740
2392,22303,63,0.1140,272.6880
2393,22303,63,0.1140,272.8020
2394,22303,63,0.1140,272.9160
2395,22303,63,0.1140,273.0300
2396,22303,63,0.1140,273.1440
2397,22303,63,0.1140,273.2580
2398,22303,63,0.1140,273.3720
2399,22366,63,0.1140,273.4860
2400,22366,63,0.1140,273.6000
2401,22366,63,0.1140,273.7140
2402,22366,63,0.1140,273.8280
2403,22366,63,0.1140,273.9420
2404,22366,63,0.1140,274.0560
2405,22366,63,0.1140,274.1700
2406,22429,63,0.1140,274.2840
2407,22429,63,0.1140,274.3980
2408,22429,63,0.1140,274.5120
2409,22429,63,0.1140,274.6260
2410,22429,63,0.1140,274.7400
2411,22429,63,0.1140,274.8540
2412,22429,63,0.1140,274.9680
2413,22492,63,0.1140,275.0820
2414,22492,63,0.1140,275.1960
2415,22492,63,0.1140,275.3100
2416,22492,63,0.1140,275.4240
2417,22492,63,0.1140,275.5380
2418,22492,63,0.1140,275.6520
2419,22555,63,0.1140,275.7660
2420,22555,63,0.1140,275.8800
2421,22555,63,0.1140,275.9940
2422,22555,63,0.1140,276.1080
2423,22555,63,0.1140,276.2220
2424,22555,63,0.1140,276.3360
2425,22555,63,0.1140,276.4500
2426,22618,63,0.1140,276.5640
2427,22618,63,0.1140,276.6780
2428,22618,63,0.1140,276.7920
2429,22618,63,0.1140,276.9060
2430,22618,63,0.1140,277.0200
2431,22618,63,0.1140,277.1340
2432,22681,63,0.1140,277.2480
2433,22681,63,0.1140,277.3620
2434,22681,63,0.1140,277.4760
2435,22681,63,0.1140,277.5900
2436,22681,63,0.1140,277.7040
2437,22681,63,0.1140,277.8180
2438,22681,63,0.1140,277.9320
2439,22744,63,0.1140,278.0460
2440,22744,63,0.1140,278.1600
2441,22744,63,0.1140,278.2740
2442,22744,63,0.1140,278.3880
2443,22744,63,0.1140,278.5020
2444,22744,63,0.1140,278.6160
2445,22744,63,0.1140,278.7300
2446,22807,63,0.1140,278.8440
2447,22807,63,0.1140,278.9580
2448,22807,63,0.1140,279.0720
2449,22807,63,0.1140,279.1860
2450,22807,63,0.1140,279.3000
2451,22807,63,0.1140,279.4140
2452,22807,63,0.1140,279.5280
2453,22870,63,0.1140,279.6420
2454,22870,63,0.1140,279.7560
2455,22870,63,0.1140,279.8700
2456,22870,63,0.1140,279.9840
2457,22870,63,0.1140,280.0980
2458,22870,63,0.1140,280.2120
2459,22933,63,0.1140,280.3260
2460,22933,63,0.1140,280.4400
2461,22933,63,0.1140,280.5540
2462,22933,63,0.1140,280.6680
2463,22933,63,0.1140,280.7820
2464,22933,63,0.1140,280.8960
2465,22933,63,0.1140,281.0100
2466,22996,63,0.1140,281.1240
2467,22996,63,0.1140,281.2380
2468,22996,63,0.1140,281.3520
2469,22996,63,0.1140,281.4660
2470,22996,63,0.1140,281.5800
2471,22996,63,0.1140,281.6940
2472,23059,63,0.1140,281.8080
2473,23059,63,0.1140,281.9220
2474,23059,63,0.1140,282.0360
2475,23059,63,0.1140,282.1500
2476,23059,63,0.1140,282.2640
2477,23059,63,0.1140,282.3780
2478,23059,63,0.1140,282.4920
2479,23122,63,0.1140,282.6060
2480,23122,63,0.1140,282.7200
2481,23122,63,0.1140,282.8340
2482,23122,63,0.1140,282.9480
2483,23122,63,0.1140,283.0620
2484,23122,63,0.1140,283.1760
2485,23122,63,0.1140,283.2900
2486,23185,63,0.1140,283.4040
2487,23185,63,0.1140,283.5180
2488,23185,63,0.1140,283.6320
2489,23185,63,0.1140,283.7460
2490,23185,63,0.1140,283.8600
2491,23185,63,0.1140,283.9740
2492,23185,63,0.1140,284.0880
2493,23248,63,0.1140,284.2020
2494,23248,63,0.1140,284.3160
2495,23248,63,0.1140,284.4300
2496,23248,63,0.1140,284.5440
2497,23248,63,0.1140,284.6580
2498,23248,63,0.1140,284.7720
2499,23311,63,0.1140,284.8860
2500,23311,63,0.1140,285.0000
2501,23311,63,0.1140,285.1140
2502,23311,63,0.1140,285.2280
2503,23311,63,0.1140,285.3420
2504,23311,63,0.1140,285.4560
2505,23311,63,0.1140,285.5700
2506,23374,63,0.1140,285.6840
2507,23374,63,0.1140,285.7980
2508,23374,63,0.1140,285.9120
2509,23374,63,0.1140,286.0260
2510,23374,63,0.1140,286.1400
2511,23374,63,0.1140,286.2540
2512,23437,63,0.1140,286.3680
2513,23437,63,0.1140,286.4820
2514,23437,63,0.1140,286.5960
2515,23437,63,0.1140,286.7100
2516,23437,63,0.1140,286.8240
2517,23437,63,0.1140,286.9380
2518,23437,63,0.1140,287.0520
2519,23500,63,0.1140,287.1660
2520,23500,63,0.1140,287.2800
2521,23500,63,0.1140,287.3940
2522,23500,63,0.1140,287.5080
2523,23500,63,0.1140,287.6220
2524,23500,63,0.1140,287.7360
2525,23500,63,0.1140,287.8500
2526,23563,63,0.1140,287.9640
2527,23563,63,0.1140,288.0780
2528,23563,63,0.1140,288.1920
2529,23563,63,0.1140,288.3060
2530,23563,63,0.1140,288.4200
2531,23563,63,0.1140,288.5340
2532,23563,63,0.1140,288.6480
2533,23626,63,0.1140,288.7620
2534,23626,63,0.1140,288.8760
2535,23626,63,0.1140,288.9900
2536,23626,63,0.1140,289.1040
2537,23626,63,0.1140,289.2180
2538,23626,63,0.1140,289.3320
2539,23689,63,0.1140,289.4460
2540,23689,63,0.1140,289.5600
2541,23689,63,0.1140,289.6740
2542,23689,63,0.1140,289.7880
2543,23689,63,0.1140,289.9020
2544,23689,63,0.1140,290.0160
2545,23689,63,0.1140,290.1300
2546,23752,63,0.1140,290.2440
2547,23752,63,0.1140,290.3580
2548,23752,63,0.1140,290.4720
2549,23752,63,0.1140,290.5860
2550,23752,63,0.1140,290.7000
2551,23752,63,0.1140,290.8140
2552,23815,63,0.1140,290.9280
2553,23815,63,0.1140,291.0420
2554,23815,63,0.1140,291.1560
2555,23815,63,0.1140,291.2700
2556,23815,63,0.1140,291.3840
2557,23815,63,0.1140,291.4980
2558,23815,63,0.1140,291.6120
2559,23878,63,0.1140,291.7260
2560,23878,63,0.1140,291.8400
2561,23878,63,0.1140,291.9540
2562,23878,63,0.1140,292.0680
2563,23878,63,0.1140,292.1820
2564,23878,63,0.1140,292.2960
2565,23878,63,0.1140,292.4100
2566,23941,63,0.1140,292.5240
2567,23941,63,0.1140,292.6380
2568,23941,63,0.1140,292.7520
2569,23941,63,0.1140,292.8660
2570,23941,63,0.1140,292.9800
2571,23941,63,0.1140,293.0940
2572,23941,63,0.1140,293.2080
2573,24004,63,0.1140,293.3220
2574,24004,63,0.1140,293.4360
2575,24004,63,0.1140,293.5500
2576,24004,63,0.1140,293.6640
2577,24004,63,0.1140,293.7780
2578,24004,63,0.1140,293.8920
2579,24067,63,0.1140,294.0060
2580,24067,63,0.1140,294.1200
2581,24067,63,0.1140,294.2340
2582,24067,63,0.1140,294.3480
2583,24067,63,0.1140,294.4620
2584,24067,63,0.1140,294.5760
2585,24067,63,0.1140,294.6900
2586,24130,63,0.1140,294.8040
2587,24130,63,0.1140,294.9180
2588,24130,63,0.1140,295.0320
2589,24130,63,0.1140,295.1460
2590,24130,63,0.1140,295.2600
2591,24130,63,0.1140,295.3740
2592,24193,63,0.1140,295.4880
2593,24193,63,0.1140,295.6020
2594,24193,63,0.1140,295.7160
2595,24193,63,0.1140,295.8300
2596,24193,63,0.1140,295.9440
2597,24193,63,0.1140,296.0580
2598,24193,63,0.1140,296.1720
2599,24256,63,0.1140,296.2860
2600,24256,63,0.1140,296.4000
2601,24256,63,0.1140,296.5140
2602,24256,63,0.1140,296.6280
2603,24256,63,0.1140,296.7420
2604,24256,63,0.1140,296.8560
2605,24256,63,0.1140,296.9700
2606,24319,63,0.1140,297.0840
2607,24319,63,0.1140,297.1980
2608,24319,63,0.1140,297.3120
2609,24319,63,0.1140,297.4260
2610,24319,63,0.1140,297.5400
2611,24319,63,0.1140,297.6540
2612,24319,63,0.1140,297.7680
2613,24382,63,0.1140,297.8820
2614,24382,63,0.1140,297.9960
2615,24382,63,0.1140,298.1100
2616,24382,63,0.1140,298.2240
2617,24382,63,0.1140,298.3380
2618,24382,63,0.1140,298.4520
2619,24445,63,0.1140,298.5660
2620,24445,63,0.1140,298.6800
2621,24445,63,0.1140,298.7940
2622,24445,63,0.1140,298.9080
2623,24445,63,0.1140,299.0220
2624,24445,63,0.1140,299.1360
2625,24445,63,0.1140,299.2500
2626,24508,63,0.1140,299.3640
2627,24508,63,0.1140,299.4780
2628,24508,63,0.1140,299.5920
2629,24508,63,0.1140,299.7060
2630,24508,63,0.1140,299.8200
2631,24508,63,0.1140,299.9340
2632,24571,63,0.1140,300.0480
2633,24571,63,0.1140,300.1620
2634,24571,63,0.1140,300.2760
2635,24571,63,0.1140,300.3900
2636,24571,63,0.1140,300.5040
2637,24571,63,0.1140,300.6180
2638,24571,63,0.1140,300.7320
2639,24634,63,0.1140,300.8460
2640,24634,63,0.1140,300.9600
2641,24634,63,0.1140,301.0740
2642,24634,63,0.1140,301.1880
2643,24634,63,0.1140,301.3020
2644,24634,63,0.1140,301.4160
2645,24634,63,0.1140,301.5300
2646,24697,63,0.1140,301.6440
2647,24697,63,0.1140,301.7580
2648,24697,63,0.1140,301.8720
2649,24697,63,0.1140,301.9860
2650,24697,63,0.1140,302.1000
2651,24697,63,0.1140,302.2140
2652,24697,63,0.1140,302.3280
2653,24760,63,0.1140,302.4420
2654,24760,63,0.1140,302.5560
2655,24760,63,0.1140,302.6700
2656,24760,63,0.1140,302.7840
2657,24760,63,0.1140,302.8980
2658,24760,63,0.1140,303.0120
2659,24823,63,0.1140,303.1260
2660,24823,63,0.1140,303.2400
2661,24823,63,0.1140,303.3540
2662,24823,63,0.1140,303.4680
2663,24823,63,0.1140,303.5820
2664,24823,63,0.1140,303.6960
2665,24823,63,0.1140,303.8100
2666,24886,63,0.1140,303.9240
2667,24886,63,0.1140,304.0380
2668,24886,63,0.1140,304.1520
2669,24886,63,0.1140,304.2660
2670,24886,63,0.1140,304.3800
2671,24886,63,0.1140,304.4940
2672,24949,63,0.1140,304.6080
2673,24949,63,0.1140,304.7220
2674,24949,63,0.1140,304.8360
2675,24949,63,0.1140,304.9500
2676,24949,63,0.1140,305.0640
2677,24949,63,0.1140,305.1780
2678,24949,63,0.1140,305.2920
2679,25012,63,0.1140,305.4060
2680,25012,63,0.1140,305.5200
2681,25012,63,0.1140,305.6340
2682,25012,63,0.1140,305.7480
2683,25012,63,0.1140,305.8620
2684,25012,63,0.1140,305.9760
2685,25012,63,0.1140,306.0900
2686,25075,63,0.1140,306.2040
2687,25075,63,0.1140,306.3180
2688,25075,63,0.1140,306.4320
2689,25075,63,0.1140,306.5460
2690,25075,63,0.1140,306.6600
2691,25075,63,0.1140,306.7740
2692,25075,63,0.1140,306.8880
2693,25138,63,0.1140,307.0020
2694,25138,63,0.1140,307.1160
2695,25138,63,0.1140,307.2300
2696,25138,63,0.1140,307.3440
2697,25138,63,0.1140,307.4580
2698,25138,63,0.1140,307.5720
2699,25201,63,0.1140,307.6860
2700,25201,63,0.1140,307.8000
2701,25201,63,0.1140,307.9140
2702,25201,63,0.1140,308.0280
2703,25201,63,0.1140,308.1420
2704,25201,63,0.1140,308.2560
2705,25201,63,0.1140,308.3700
2706,25264,63,0.1140,308.4840
2707,25264,63,0.1140,308.5980
2708,25264,63,0.1140,308.7120
2709,25264,63,0.1140,308.8260
2710,25264,63,0.1140,308.9400
2711,25264,63,0.1140,309.0540
2712,25327,63,0.1140,309.1680
2713,25327,63,0.1140,309.2820
2714,25327,63,0.1140,309.3960
2715,25327,63,0.1140,309.5100
2716,25327,63,0.1140,309.6240
2717,25327,63,0.1140,309.7380
2718,25327,63,0.1140,309.8520
2719,25390,63,0.1140,309.9660
2720,25390,63,0.1140,310.0800
2721,25390,63,0.1140,310.1940
2722,25390,63,0.1140,310.3080
2723,25390,63,0.1140,310.4220
2724,25390,63,0.1140,310.5360
2725,25390,63,0.1140,310.6500
2726,25453,63,0.1140,310.7640
2727,25453,63,0.1140,310.8780
2728,25453,63,0.1140,310.9920
2729,25453,63,0.1140,311.1060
2730,25453,63,0.1140,311.2200
2731,25453,63,0.1140,311.3340
2732,25453,63,0.1140,311.4480
2733,25516,63,0.1140,311.5620
2734,25516,63,0.1140,311.6760
2735,25516,63,0.1140,311.7900
2736,25516,63,0.1140,311.9040
2737,25516,63,0.1140,312.0180
2738,25516,63,0.1140,312.1320
2739,25579,63,0.1140,312.2460
2740,25579,63,0.1140,312.3600
2741,25579,63,0.1140,312.4740
2742,25579,63,0.1140,312.5880
2743,25579,63,0.1140,312.7020
2744,25579,63,0.1140,312.8160
2745,25579,63,0.1140,312.9300
2746,25642,63,0.1140,313.0440
2747,25642,63,0.1140,313.1580
2748,25642,63,0.1140,313.2720
2749,25642,63,0.1140,313.3860
2750,25642,63,0.1140,313.5000
2751,25642,63,0.1140,313.6140
2752,25705,63,0.1140,313.7280
2753,25705,63,0.1140,313.8420
2754,25705,63,0.1140,313.9560
2755,25705,63,0.1140,314.0700
2756,25705,63,0.1140,314.1840
2757,25705,63,0.1140,314.2980
2758,25705,63,0.1140,314.4120
2759,25768,63,0.1140,314.5260
2760,25768,63,0.1140,314.6400
2761,25768,63,0.1140,314.7540
2762,25768,63,0.1140,314.8680
2763,25768,63,0.1140,314.9820
2764,25768,63,0.1140,315.0960
2765,25768,63,0.1140,315.2100
2766,25831,63,0.1140,315.3240
2767,25831,63,0.1140,315.4380
2768,25831,63,0.1140,315.5520
2769,25831,63,0.1140,315.6660
2770,25831,63,0.1140,315.7800
2771,25831,63,0.1140,315.8940
2772,25831,63,0.1140,316.0080
2773,25894,63,0.1140,316.1220
2774,25894,63,0.1140,316.2360
2775,25894,63,0.1140,316.3500
2776,25894,63,0.1140,316.4640
2777,25894,63,0.1140,316.5780
2778,25894,63,0.1140,316.6920
2779,25957,63,0.1140,316.8060
2780,25957,63,0.1140,316.9200
2781,25957,63,0.1140,317.0340
2782,25957,63,0.1140,317.1480
2783,25957,63,0.1140,317.2620
2784,25957,63,0.1140,317.3760
2785,25957,63,0.1140,317.4900
2786,26020,63,0.1140,317.6040
2787,26020,63,0.1140,317.7180
2788,26020,63,0.1140,317.8320
2789,26020,63,0.1140,317.9460
2790,26020,63,0.1140,318.0600
2791,26020,63,0.1140,318.1740
2792,26083,63,0.1140,318.2880
2793,26083,63,0.1140,318.4020
2794,26083,63,0.1140,318.5160
2795,26083,63,0.1140,318.6300
2796,26083,63,0.1140,318.7440
2797,26083,63,0.1140,318.8580
2798,26083,63,0.1140,318.9720
2799,26146,63,0.1140,319.0860
2800,26146,63,0.1140,319.2000
2801,26146,63,0.1140,319.3140
2802,26146,63,0.1140,319.4280
2803,26146,63,0.1140,319.5420
2804,26146,63,0.1140,319.6560
2805,26146,63,0.1140,319.7700
2806,26209,63,0.1140,319.8840
2807,26209,63,0.1140,319.9980
2808,26209,63,0.1140,320.1120
2809,26209,63,0.1140,320.2260
2810,26209,63,0.1140,320.3400
2811,26209,63,0.1140,320.4540
2812,26209,63,0.1140,320.5680
2813,26272,63,0.1140,320.6820
2814,26272,63,0.1140,320.7960
2815,26272,63,0.1140,320.9100
2816,26272,63,0.1140,321.0240
2817,26272,63,0.1140,321.1380
2818,26272,63,0.1140,321.2520
2819,26335,63,0.1140,321.3660
2820,26335,63,0.1140,321.4800
2821,26335,63,0.1140,321.5940
2822,26335,63,0.1140,321.7080
2823,26335,63,0.1140,321.8220
2824,26335,63,0.1140,321.9360
2825,26335,63,0.1140,322.0500
2826,26398,63,0.1140,322.1640
2827,26398,63,0.1140,322.2780
2828,26398,63,0.1140,322.3920
2829,26398,63,0.1140,322.5060
2830,26398,63,0.1140,322.6200
2831,26398,63,0.1140,322.7340
2832,26461,63,0.1140,322.8480
2833,26461,63,0.1140,322.9620
2834,26461,63,0.1140,323.0760
2835,26461,63,0.1140,323.1900
2836,26461,63,0.1140,323.3040
2837,26461,63,0.1140,323.4180
2838,26461,63,0.1140,323.5320
2839,26524,63,0.1140,323.6460
2840,26524,63,0.1140,323.7600
2841,26524,63,0.1140,323.8740
2842,26524,63,0.1140,323.9880
2843,26524,63,0.1140,324.1020
2844,26524,63,0.1140,324.2160
2845,26524,63,0.1140,324.3300
2846,26587,63,0.1140,324.4440
2847,26587,63,0.1140,324.5580
2848,26587,63,0.1140,324.6720
2849,26587,63,0.1140,324.7860
2850,26587,63,0.1140,324.9000
2851,26587,63,0.1140,325.0140
2852,26587,63,0.1140,325.1280
2853,26650,63,0.1140,325.2420
2854,26650,63,0.1140,325.3560
2855,26650,63,0.1140,325.4700
2856,26650,63,0.1140,325.5840
2857,26650,63,0.1140,325.6980
2858,26650,63,0.1140,325.8120
2859,26713,63,0.1140,325.9260
2860,26713,63,0.1140,326.0400
2861,26713,63,0.1140,326.1540
2862,26713,63,0.1140,326.2680
2863,26713,63,0.1140,326.3820
2864,26713,63,0.1140,326.4960
2865,26713,63,0.1140,326.6100
2866,26776,63,0.1140,326.7240
2867,26776,63,0.1140,326.8380
2868,26776,63,0.1140,326.9520
2869,26776,63,0.1140,327.0660
2870,26776,63,0.1140,327.1800
2871,26776,63,0.1140,327.2940
2872,26839,63,0.1140,327.4080
2873,26839,63,0.1140,327.5220
2874,26839,63,0.1140,327.6360
2875,26839,63,0.1140,327.7500
2876,26839,63,0.1140,327.8640
2877,26839,63,0.1140,327.9780
2878,26839,63,0.1140,328.0920
2879,26902,63,0.1140,328.2060
2880,26902,63,0.1140,328.3200
2881,26902,63,0.1140,328.4340
2882,26902,63,0.1140,328.5480
2883,26902,63,0.1140,328.6620
2884,26902,63,0.1140,328.7760
2885,26902,63,0.1140,328.8900
2886,26965,63,0.1140,329.0040
2887,26965,63,0.1140,329.1180
2888,26965,63,0.1140,329.2320
2889,26965,63,0.1140,329.3460
2890,26965,63,0.1140,329.4600
2891,26965,63,0.1140,329.5740
2892,26965,63,0.1140,329.6880
2893,27028,63,0.1140,329.8020
2894,27028,63,0.1140,329.9160
2895,27028,63,0.1140,330.0300
2896,27028,63,0.1140,330.1440
2897,27028,63,0.1140,330.2580
2898,27028,63,0.1140,330.3720
2899,27091,63,0.1140,330.4860
2900,27091,63,0.1140,330.6000
2901,27091,63,0.1140,330.7140
2902,27091,63,0.1140,330.8280
2903,27091,63,0.1140,330.9420
2904,27091,63,0.1140,331.0560
2905,27091,63,0.1140,331.1700
2906,27154,63,0.1140,331.2840
2907,27154,63,0.1140,331.3980
2908,27154,63,0.1140,331.5120
2909,27154,63,0.1140,331.6260
2910,27154,63,0.1140,331.7400
2911,27154,63,0.1140,331.8540
2912,27217,63,0.1140,331.9680
2913,27217,63,0.1140,332.0820
2914,27217,63,0.1140,332.1960
2915,27217,63,0.1140,332.3100
2916,27217,63,0.1140,332.4240
2917,27217,63,0.1140,332.5380
2918,27217,63,0.1140,332.6520
2919,27280,63,0.1140,332.7660
2920,27280,63,0.1140,332.8800
2921,27280,63,0.1140,332.9940
2922,27280,63,0.1140,333.1080
2923,27280,63,0.1140,333.2220
2924,27280,63,0.1140,333.3360
2925,27280,63,0.1140,333.4500
2926,27343,63,0.1140,333.5640
2927,27343,63,0.1140,333.6780
2928,27343,63,0.1140,333.7920
2929,27343,63,0.1140,333.9060
2930,27343,63,0.1140,334.0200
2931,27343,63,0.1140,334.1340
2932,27343,63,0.1140,334.2480
2933,27406,63,0.1140,334.3620
2934,27406,63,0.1140,334.4760
2935,27406,63,0.1140,334.5900
2936,27406,63,0.1140,334.7040
2937,27406,63,0.1140,334.8180
2938,27406,63,0.1140,334.9320
2939,27469,63,0.1140,335.0460
2940,27469,63,0.1140,335.1600
2941,27469,63,0.1140,335.2740
2942,27469,63,0.1140,335.3880
2943,27469,63,0.1140,335.5020
2944,27469,63,0.1140,335.6160
2945,27469,63,0.1140,335.7300
2946,27532,63,0.1140,335.8440
2947,27532,63,0.1140,335.9580
2948,27532,63,0.1140,336.0720
2949,27532,63,0.1140,336.1860
2950,27532,63,0.1140,336.3000
2951,27532,63,0.1140,336.4140
2952,27595,63,0.1140,336.5280
2953,27595,63,0.1140,336.6420
2954,27595,63,0.1140,336.7560
2955,27595,63,0.1140,336.8700
2956,27595,63,0.1140,336.9840
2957,27595,63,0.1140,337.0980
2958,27595,63,0.1140,337.2120
2959,27658,63,0.1140,337.3260
2960,27658,63,0.1140,337.4400
2961,27658,63,0.1140,337.5540
2962,27658,63,0.1140,337.6680
2963,27658,63,0.1140,337.7820
2964,27658,63,0.1140,337.8960
2965,27658,63,0.1140,338.0100
2966,27721,63,0.1140,338.1240
2967,27721,63,0.1140,338.2380
2968,27721,63,0.1140,338.3520
2969,27721,63,0.1140,338.4660
2970,27721,63,0.1140,338.5800
2971,27721,63,0.1140,338.6940
2972,27721,63,0.1140,338.8080
2973,27784,63,0.1140,338.9220
2974,27784,63,0.1140,339.0360
2975,27784,63,0.1140,339.1500
2976,27784,63,0.1140,339.2640
2977,27784,63,0.1140,339.3780
2978,27784,63,0.1140,339.4920
2979,27847,63,0.1140,339.6060
2980,27847,63,0.1140,339.7200
2981,27847,63,0.1140,339.8340
2982,27847,63,0.1140,339.9480
2983,27847,63,0.1140,340.0620
2984,27847,63,0.1140,340.1760
2985,27847,63,0.1140,340.2900
2986,27910,63,0.1140,340.4040
2987,27910,63,0.1140,340.5180
2988,27910,63,0.1140,340.6320
2989,27910,63,0.1140,340.7460
2990,27910,63,0.1140,340.8600
2991,27910,63,0.1140,340.9740
2992,27973,63,0.1140,341.0880
2993,27973,63,0.1140,341.2020
2994,27973,63,0.1140,341.3160
2995,27973,63,0.1140,341.4300
2996,27973,63,0.1140,341.5440
2997,27973,63,0.1140,341.6580
2998,27973,63,0.1140,341.7720
2999,28036,63,0.1140,341.8860
3000,28036,63,0.1140,342.0000
3001,28036,63,0.1140,342.1140
3002,28036,63,0.1140,342.2280
3003,28036,63,0.1140,342.3420
3004,28036,63,0.1140,342.4560
3005,28036,63,0.1140,342.5700
3006,28099,63,0.1140,342.6840
3007,28099,63,0.1140,342.7980
3008,28099,63,0.1140,342.9120
3009,28099,63,0.1140,343.0260
3010,28099,63,0.1140,343.1400
3011,28099,63,0.1140,343.2540
3012,28099,63,0.1140,343.3680
3013,28162,63,0.1140,343.4820
3014,28162,63,0.1140,343.5960
3015,28162,63,0.1140,343.7100
3016,28162,63,0.1140,343.8240
3017,28162,63,0.1140,343.9380
3018,28162,63,0.1140,344.0520
3019,28225,63,0.1140,344.1660
3020,28225,63,0.1140,344.2800
3021,28225,63,0.1140,344.3940
3022,28225,63,0.1140,344.5080
3023,28225,63,0.1140,344.6220
3024,28225,63,0.1140,344.7360
3025,28225,63,0.1140,344.8500
3026,28288,63,0.1140,344.9640
3027,28288,63,0.1140,345.0780
3028,28288,63,0.1140,345.1920
3029,28288,63,0.1140,345.3060
3030,28288,63,0.1140,345.4200
3031,28288,63,0.1140,345.5340
3032,28351,63,0.1140,345.6480
3033,28351,63,0.1140,345.7620
3034,28351,63,0.1140,345.8760
3035,28351,63,0.1140,345.9900
3036,28351,63,0.1140,346.1040
3037,28351,63,0.1140,346.2180
3038,28351,63,0.1140,346.3320
3039,28414,63,0.1140,346.4460
3040,28414,63,0.1140,346.5600
3041,28414,63,0.1140,346.6740
3042,28414,63,0.1140,346.7880
3043,28414,63,0.1140,346.9020
3044,28414,63,0.1140,347.0160
3045,28414,63,0.1140,347.1300
3046,28477,63,0.1140,347.2440
3047,28477,63,0.1140,347.3580
3048,28477,63,0.1140,347.4720
3049,28477,63,0.1140,347.5860
3050,28477,63,0.1140,347.7000
3051,28477,63,0.1140,347.8140
3052,28477,63,0.1140,347.9280
3053,28540,63,0.1140,348.0420
3054,28540,63,0.1140,348.1560
3055,28540,63,0.1140,348.2700
3056,28540,63,0.1140,348.3840
3057,28540,63,0.1140,348.4980
3058,28540,63,0.1140,348.6120
3059,28603,63,0.1140,348.7260
3060,28603,63,0.1140,348.8400
3061,28603,63,0.1140,348.9540
3062,28603,63,0.1140,349.0680
3063,28603,63,0.1140,349.1820
3064,28603,63,0.1140,349.2960
3065,28603,63,0.1140,349.4100
3066,28666,63,0.1140,349.5240
3067,28666,63,0.1140,349.6380
3068,28666,63,0.1140,349.7520
3069,28666,63,0.1140,349.8660
3070,28666,63,0.1140,349.9800
3071,28666,63,0.1140,350.0940
3072,28729,63,0.1140,350.2080
3073,28729,63,0.1140,350.3220
3074,28729,63,0.1140,350.4360
3075,28729,63,0.1140,350.5500
3076,28729,63,0.1140,350.6640
3077,28729,63,0.1140,350.7780
3078,28729,63,0.1140,350.8920
3079,28792,63,0.1140,351.0060
3080,28792,63,0.1140,351.1200
3081,28792,63,0.1140,351.2340
3082,28792,63,0.1140,351.3480
3083,28792,63,0.1140,351.4620
3084,28792,63,0.1140,351.5760
3085,28792,63,0.1140,351.6900
3086,28855,63,0.1140,351.8040
3087,28855,63,0.1140,351.9180
3088,28855,63,0.1140,352.0320
3089,28855,63,0.1140,352.1460
3090,28855,63,0.1140,352.2600
3091,28855,63,0.1140,352.3740
3092,28855,63,0.1140,352.4880
3093,28918,63,0.1140,352.6020
3094,28918,63,0.1140,352.7160
3095,28918,63,0.1140,352.8300
3096,28918,63,0.1140,352.9440
3097,28918,63,0.1140,353.0580
3098,28918,63,0.1140,353.1720
3099,28981,63,0.1140,353.2860
3100,28981,63,0.1140,353.4000
3101,28981,63,0.1140,353.5140
3102,28981,63,0.1140,353.6280
3103,28981,63,0.1140,353.7420
3104,28981,63,0.1140,353.8560
3105,28981,63,0.1140,353.9700
3106,29044,63,0.1140,354.0840
3107,29044,63,0.1140,354.1980
3108,29044,63,0.1140,354.3120
3109,29044,63,0.1140,354.4260
3110,29044,63,0.1140,354.5400
3111,29044,63,0.1140,354.6540
3112,29107,63,0.1140,354.7680
3113,29107,63,0.1140,354.8820
3114,29107,63,0.1140,354.9960
3115,29107,63,0.1140,355.1100
3116,29107,63,0.1140,355.2240
3117,29107,63,0.1140,355.3380
3118,29107,63,0.1140,355.4520
3119,29170,63,0.1140,355.5660
3120,29170,63,0.1140,355.6800
3121,29170,63,0.1140,355.7940
3122,29170,63,0.1140,355.9080
3123,29170,63,0.1140,356.0220
3124,29170,63,0.1140,356.1360
3125,29170,63,0.1140,356.2500
3126,29233,63,0.1140,356.3640
3127,29233,63,0.1140,356.4780
3128,29233,63,0.1140,356.5920
3129,29233,63,0.1140,356.7060
3130,29233,63,0.1140,356.8200
3131,29233,63,0.1140,356.9340
3132,29233,63,0.1140,357.0480
3133,29296,63,0.1140,357.1620
3134,29296,63,0.1140,357.2760
3135,29296,63,0.1140,357.3900
3136,29296,63,0.1140,357.5040
3137,29296,63,0.1140,357.6180
3138,29296,63,0.1140,357.7320
3139,29359,63,0.1140,357.8460
3140,29359,63,0.1140,357.9600
3141,29359,63,0.1140,358.0740
3142,29359,63,0.1140,358.1880
3143,29359,63,0.1140,358.3020
3144,29359,63,0.1140,358.4160
3145,29359,63,0.1140,358.5300
3146,29422,63,0.1140,358.6440
3147,29422,63,0.1140,358.7580
3148,29422,63,0.1140,358.8720
3149,29422,63,0.1140,358.9860
3150,29422,63,0.1140,359.1000
3151,29422,63,0.1140,359.2140
3152,29485,63,0.1140,359.3280
3153,29485,63,0.1140,359.4420
3154,29485,63,0.1140,359.5560
3155,29485,63,0.1140,359.6700
3156,29485,63,0.1140,359.7840
3157,29485,63,0.1140,359.8980
3158,29485,63,0.1140,360.0120
3159,29548,63,0.1140,360.1260
3160,29548,63,0.1140,360.2400
3161,29548,63,0.1140,360.3540
3162,29548,63,0.1140,360.4680
3163,29548,63,0.1140,360.5820
3164,29548,63,0.1140,360.6960
3165,29548,63,0.1140,360.8100
3166,29611,63,0.1140,360.9240
3167,29611,63,0.1140,361.0380
3168,29611,63,0.1140,361.1520
3169,29611,63,0.1140,361.2660
3170,29611,63,0.1140,361.3800
3171,29611,63,0.1140,361.4940
3172,29611,63,0.1140,361.6080
3173,29674,63,0.1140,361.7220
3174,29674,63,0.1140,361.8360
3175,29674,63,0.1140,361.9500
3176,29674,63,0.1140,362.0640
3177,29674,63,0.1140,362.1780
3178,29674,63,0.1140,362.2920
3179,29737,63,0.1140,362.4060
3180,29737,63,0.1140,362.5200
3181,29737,63,0.1140,362.6340
3182,29737,63,0.1140,362.7480
3183,29737,63,0.1140,362.8620
3184,29737,63,0.1140,362.9760
3185,29737,63,0.1140,363.0900
3186,29800,63,0.1140,363.2040
3187,29800,63,0.1140,363.3180
3188,29800,63,0.1140,363.4320
3189,29800,63,0.1140,363.5460
3190,29800,63,0.1140,363.6600
3191,29800,63,0.1140,363.7740
3192,29863,63,0.1140,363.8880
3193,29863,63,0.1140,364.0020
3194,29863,63,0.1140,364.1160
3195,29863,63,0.1140,364.2300
3196,29863,63,0.1140,364.3440
3197,29863,63,0.1140,364.4580
3198,29863,63,0.1140,364.5720
3199,29926,63,0.1140,364.6860
3200,29926,63,0.1140,364.8000
3201,29926,63,0.1140,364.9140
3202,29926,63,0.1140,365.0280
3203,29926,63,0.1140,365.1420
3204,29926,63,0.1140,365.2560
3205,29926,63,0.1140,365.3700
3206,29989,63,0.1140,365.4840
3207,29989,63,0.1140,365.5980
3208,29989,63,0.1140,365.7120
3209,29989,63,0.1140,365.8260
3210,29989,63,0.1140,365.9400
3211,29989,63,0.1140,366.0540
3212,29989,63,0.1140,366.1680
3213,30052,63,0.1140,366.2820
3214,30052,63,0.1140,366.3960
3215,30052,63,0.1140,366.5100
3216,30052,63,0.1140,366.6240
3217,30052,63,0.1140,366.7380
3218,30052,63,0.1140,366.8520
3219,30115,63,0.1140,366.9660
3220,30115,63,0.1140,367.0800
3221,30115,63,0.1140,367.1940
3222,30115,63,0.1140,367.3080
3223,30115,63,0.1140,367.4220
3224,30115,63,0.1140,367.5360
3225,30115,63,0.1140,367.6500
3226,30178,63,0.1140,367.7640
3227,30178,63,0.1140,367.8780
3228,30178,63,0.1140,367.9920
3229,30178,63,0.1140,368.1060
3230,30178,63,0.1140,368.2200
3231,30178,63,0.1140,368.3340
3232,30241,63,0.1140,368.4480
3233,30241,63,0.1140,368.5620
3234,30241,63,0.1140,368.6760
3235,30241,63,0.1140,368.7900
3236,30241,63,0.1140,368.9040
3237,30241,63,0.1140,369.0180
3238,30241,63,0.1140,369.1320
3239,30304,63,0.1140,369.2460
3240,30304,63,0.1140,369.3600
3241,30304,63,0.1140,369.4740
3242,30304,63,0.1140,369.5880
3243,30304,63,0.1140,369.7020
3244,30304,63,0.1140,369.8160
3245,30304,63,0.1140,369.9300
3246,30367,63,0.1140,370.0440
3247,30367,63,0.1140,370.1580
3248,30367,63,0.1140,370.2720
3249,30367,63,0.1140,370.3860
3250,30367,63,0.1140,370.5000
3251,30367,63,0.1140,370.6140
3252,30367,63,0.1140,370.7280
3253,30430,63,0.1140,370.8420
3254,30430,63,0.1140,370.9560
3255,30430,63,0.1140,371.0700
3256,30430,63,0.1140,371.1840
3257,30430,63,0.1140,371.2980
3258,30430,63,0.1140,371.4120
3259,30493,63,0.1140,371.5260
3260,30493,63,0.1140,371.6400
3261,30493,63,0.1140,371.7540
3262,30493,63,0.1140,371.8680
3263,30493,63,0.1140,371.9820
3264,30493,63,0.1140,372.0960
3265,30493,63,0.1140,372.2100
3266,30556,63,0.1140,372.3240
3267,30556,63,0.1140,372.4380
3268,30556,63,0.1140,372.5520
3269,30556,63,0.1140,372.6660
3270,30556,63,0.1140,372.7800
3271,30556,63,0.1140,372.8940
3272,30619,63,0.1140,373.0080
3273,30619,63,0.1140,373.1220
3274,30619,63,0.1140,373.2360
3275,30619,63,0.1140,373.3500
3276,30619,63,0.1140,373.4640
3277,30619,63,0.1140,373.5780
3278,30619,63,0.1140,373.6920
3279,30682,63,0.1140,373.8060
3280,30682,63,0.1140,373.9200
3281,30682,63,0.1140,374.0340
3282,30682,63,0.1140,374.1480
3283,30682,63,0.1140,374.2620
3284,30682,63,0.1140,374.3760
3285,30682,63,0.1140,374.4900
3286,30745,63,0.1140,374.6040
3287,30745,63,0.1140,374.7180
3288,30745,63,0.1140,374.8320
3289,30745,63,0.1140,374.9460
3290,30745,63,0.1140,375.0600
3291,30745,63,0.1140,375.1740
3292,30745,63,0.1140,375.2880
3293,30808,63,0.1140,375.4020
3294,30808,63,0.1140,375.5160
3295,30808,63,0.1140,375.6300
3296,30808,63,0.1140,375.7440
3297,30808,63,0.1140,375.8580
3298,30808,63,0.1140,375.9720
3299,30871,63,0.1140,376.0860
3300,30871,63,0.1140,376.2000
3301,30871,63,0.1140,376.3140
3302,30871,63,0.1140,376.4280
3303,30871,63,0.1140,376.5420
3304,30871,63,0.1140,376.6560
3305,30871,63,0.1140,376.7700
3306,30934,63,0.1140,376.8840
3307,30934,63,0.1140,376.9980
3308,30934,63,0.1140,377.1120
3309,30934,63,0.1140,377.2260
3310,30934,63,0.1140,377.3400
3311,30934,63,0.1140,377.4540
3312,30934,63,0.1140,377.5680
3313,30997,63,0.1140,377.6820
3314,30997,63,0.1140,377.7960
3315,30997,63,0.1140,377.9100
3316,30997,63,0.1140,378.0240
3317,30997,63,0.1140,378.1380
3318,30997,63,0.1140,378.2520
3319,30997,63,0.1140,378.3660
3320,31060,63,0.1140,378.4800
3321,31060,63,0.1140,378.5940
3322,31060,63,0.1140,378.7080
3323,31060,63,0.1140,378.8220
3324,31060,63,0.1140,378.9360
3325,31060,63,0.1140,379.0500
3326,31060,63,0.1140,379.1640
3327,31123,63,0.1140,379.2780
3328,31123,63,0.1140,379.3920
3329,31123,63,0.1140,379.5060
3330,31123,63,0.1140,379.6200
3331,31123,63,0.1140,379.7340
3332,31123,63,0.1140,379.8480
3333,31186,63,0.1140,379.9620
3334,31186,63,0.1140,380.0760
3335,31186,63,0.1140,380.1900
3336,31186,63,0.1140,380.3040
3337,31186,63,0.1140,380.4180
3338,31186,63,0.1140,380.5320
3339,31186,63,0.1140,380.6460
3340,31249,63,0.1140,380.7600
3341,31249,63,0.1140,380.8740
3342,31249,63,0.1140,380.9880
3343,31249,63,0.1140,381.1020
3344,31249,63,0.1140,381.2160
3345,31249,63,0.1140,381.3300
3346,31249,63,0.1140,381.4440
3347,31312,63,0.1140,381.5580
3348,31312,63,0.1140,381.6720
3349,31312,63,0.1140,381.7860
3350,31312,63,0.1140,381.9000
3351,31312,63,0.1140,382.0140
3352,31312,63,0.1140,382.1280
3353,31312,63,0.1140,382.2420
3354,31375,63,0.1140,382.3560
3355,31375,63,0.1140,382.4700
3356,31375,63,0.1140,382.5840
3357,31375,63,0.1140,382.6980
3358,31375,63,0.1140,382.8120
3359,31375,63,0.1140,382.9260
3360,31375,63,0.1140,383.0400
3361,31438,63,0.1140,383.1540
3362,31438,63,0.1140,383.2680
3363,31438,63,0.1140,383.3820
3364,31438,63,0.1140,383.4960
3365,31438,63,0.1140,383.6100
3366,31438,63,0.1140,383.7240
3367,31501,63,0.1140,383.8380
3368,31501,63,0.1140,383.9520
3369,31501,63,0.1140,384.0660
3370,31501,63,0.1140,384.1800
3371,31501,63,0.1140,384.2940
3372,31501,63,0.1140,384.4080
3373,31501,63,0.1140,384.5220
3374,31564,63,0.1140,384.6360
3375,31564,63,0.1140,384.7500
3376,31564,63,0.1140,384.8640
3377,31564,63,0.1140,384.9780
3378,31564,63,0.1140,385.0920
3379,31564,63,0.1140,385.2060
3380,31564,63,0.1140,385.3200
3381,31627,63,0.1140,385.4340
3382,31627,63,0.1140,385.5480
3383,31627,63,0.1140,385.6620
3384,31627,63,0.1140,385.7760
3385,31627,63,0.1140,385.8900
3386,31627,63,0.1140,386.0040
3387,31627,63,0.1140,386.1180
3388,31690,63,0.1140,386.2320
3389,31690,63,0.1140,386.3460
3390,31690,63,0.1140,386.4600
3391,31690,63,0.1140,386.5740
3392,31690,63,0.1140,386.6880
3393,31690,63,0.1140,386.8020
3394,31690,63,0.1140,386.9160
3395,31753,63,0.1140,387.0300
3396,31753,63,0.1140,387.1440
3397,31753,63,0.1140,387.2580
3398,31753,63,0.1140,387.3720
3399,31753,63,0.1140,387.4860
3400,31753,63,0.1140,387.6000
3401,31816,63,0.1140,387.7140
3402,31816,63,0.1140,387.8280
3403,31816,63,0.1140,387.9420
3404,31816,63,0.1140,388.0560
3405,31816,63,0.1140,388.1700
3406,31816,63,0.1140,388.2840
3407,31816,63,0.1140,388.3980
3408,31879,63,0.1140,388.5120
3409,31879,63,0.1140,388.6260
3410,31879,63,0.1140,388.7400
3411,31879,63,0.1140,388.8540
3412,31879,63,0.1140,388.9680
3413,31879,63,0.1140,389.0820
3414,31879,63,0.1140,389.1960
3415,31942,63,0.1140,389.3100
3416,31942,63,0.1140,389.4240
3417,31942,63,0.1140,389.5380
3418,31942,63,0.1140,389.6520
3419,31942,63,0.1140,389.7660
3420,31942,63,0.1140,389.8800
3421,31942,63,0.1140,389.9940
3422,32005,63,0.1140,390.1080
3423,32005,63,0.1140,390.2220
3424,32005,63,0.1140,390.3360
3425,32005,63,0.1140,390.4500
3426,32005,63,0.1140,390.5640
3427,32005,63,0.1140,390.6780
3428,32005,63,0.1140,390.7920
3429,32068,63,0.1140,390.9060
3430,32068,63,0.1140,391.0200
3431,32068,63,0.1140,391.1340
3432,32068,63,0.1140,391.2480
3433,32068,63,0.1140,391.3620
3434,32068,63,0.1140,391.4760
3435,32131,63,0.1140,391.5900
3436,32131,63,0.1140,391.7040
3437,32131,63,0.1140,391.8180
3438,32131,63,0.1140,391.9320
3439,32131,63,0.1140,392.0460
3440,32131,63,0.1140,392.1600
3441,32131,63,0.1140,392.2740
3442,32194,63,0.1140,392.3880
3443,32194,63,0.1140,392.5020
3444,32194,63,0.1140,392.6160
3445,32194,63,0.1140,392.7300
3446,32194,63,0.1140,392.8440
3447,32194,63,0.1140,392.9580
3448,32194,63,0.1140,393.0720
3449,32257,63,0.1140,393.1860
3450,32257,63,0.1140,393.3000
3451,32257,63,0.1140,393.4140
3452,32257,63,0.1140,393.5280
3453,32257,63,0.1140,393.6420
3454,32257,63,0.1140,393.7560
3455,32257,63,0.1140,393.8700
3456,32320,63,0.1140,393.9840
3457,32320,63,0.1140,394.0980
3458,32320,63,0.1140,394.2120
3459,32320,63,0.1140,394.3260
3460,32320,63,0.1140,394.4400
3461,32320,63,0.1140,394.5540
3462,32320,63,0.1140,394.6680
3463,32383,63,0.1140,394.7820
3464,32383,63,0.1140,394.8960
3465,32383,63,0.1140,395.0100
3466,32383,63,0.1140,395.1240
3467,32383,63,0.1140,395.2380
3468,32383,63,0.1140,395.3520
3469,32446,63,0.1140,395.4660
3470,32446,63,0.1140,395.5800
3471,32446,63,0.1140,395.6940
3472,32446,63,0.1140,395.8080
3473,32446,63,0.1140,395.9220
3474,32446,63,0.1140,396.0360
3475,32446,63,0.1140,396.1500
3476,32509,63,0.1140,396.2640
3477,32509,63,0.1140,396.3780
3478,32509,63,0.1140,396.4920
3479,32509,63,0.1140,396.6060
3480,32509,63,0.1140,396.7200
3481,32509,63,0.1140,396.8340
3482,32509,63,0.1140,396.9480
3483,32572,63,0.1140,397.0620
3484,32572,63,0.1140,397.1760
3485,32572,63,0.1140,397.2900
3486,32572,63,0.1140,397.4040
3487,32572,63,0.1140,397.5180
3488,32572,63,0.1140,397.6320
3489,32572,63,0.1140,397.7460
3490,32635,63,0.1140,397.8600
3491,32635,63,0.1140,397.9740
3492,32635,63,0.1140,398.0880
3493,32635,63,0.1140,398.2020
3494,32635,63,0.1140,398.3160
3495,32635,63,0.1140,398.4300
3496,32635,63,0.1140,398.5440
3497,32698,63,0.1140,398.6580
3498,32698,63,0.1140,398.7720
3499,32698,63,0.1140,398.8860
3500,32698,63,0.1140,399.0000
3501,32698,63,0.1140,399.1140
3502,32698,63,0.1140,399.2280
3503,32761,63,0.1140,399.3420
3504,32761,63,0.1140,399.4560
3505,32761,63,0.1140,399.5700
3506,32761,63,0.1140,399.6840
3507,32761,63,0.1140,399.7980
3508,32761,63,0.1140,399.9120
3509,32761,63,0.1140,400.0260
3510,32824,63,0.1140,400.1400
3511,32824,63,0.1140,400.2540
3512,32824,63,0.1140,400.3680
3513,32824,63,0.1140,400.4820
3514,32824,63,0.1140,400.5960
3515,32824,63,0.1140,400.7100
3516,32824,63,0.1140,400.8240
3517,32887,63,0.1140,400.9380
3518,32887,63,0.1140,401.0520
3519,32887,63,0.1140,401.1660
3520,32887,63,0.1140,401.2800
3521,32887,63,0.1140,401.3940
3522,32887,63,0.1140,401.5080
3523,32887,63,0.1140,401.6220
3524,32950,63,0.1140,401.7360
3525,32950,63,0.1140,401.8500
3526,32950,63,0.1140,401.9640
3527,32950,63,0.1140,402.0780
3528,32950,63,0.1140,402.1920
3529,32950,63,0.1140,402.3060
3530,32950,63,0.1140,402.4200
3531,33013,63,0.1140,402.5340
3532,33013,63,0.1140,402.6480
3533,33013,63,0.1140,402.7620
3534,33013,63,0.1140,402.8760
3535,33013,63,0.1140,402.9900
3536,33013,63,0.1140,403.1040
3537,33076,63,0.1140,403.2180
3538,33076,63,0.1140,403.3320
3539,33076,63,0.1140,403.4460
3540,33076,63,0.1140,403.5600
3541,33076,63,0.1140,403.6740
3542,33076,63,0.1140,403.7880
3543,33076,63,0.1140,403.9020
3544,33139,63,0.1140,404.0160
3545,33139,63,0.1140,404.1300
3546,33139,63,0.1140,404.2440
3547,33139,63,0.1140,404.3580
3548,33139,63,0.1140,404.4720
3549,33139,63,0.1140,404.5860
3550,33139,63,0.1140,404.7000
3551,33202,63,0.1140,404.8140
3552,33202,63,0.1140,404.9280
3553,33202,63,0.1140,405.0420
3554,33202,63,0.1140,405.1560
3555,33202,63,0.1140,405.2700
3556,33202,63,0.1140,405.3840
3557,33202,63,0.1140,405.4980
3558,33265,63,0.1140,405.6120
3559,33265,63,0.1140,405.7260
3560,33265,63,0.1140,405.8400
3561,33265,63,0.1140,405.9540
3562,33265,63,0.1140,406.0680
3563,33265,63,0.1140,406.1820
3564,33265,63,0.1140,406.2960
3565,33328,63,0.1140,406.4100
3566,33328,63,0.1140,406.5240
3567,33328,63,0.1140,406.6380
3568,33328,63,0.1140,406.7520
3569,33328,63,0.1140,406.8660
3570,33328,63,0.1140,406.9800
3571,33391,63,0.1140,407.0940
3572,33391,63,0.1140,407.2080
3573,33391,63,0.1140,407.3220
3574,33391,63,0.1140,407.4360
3575,33391,63,0.1140,407.5500
3576,33391,63,0.1140,407.6640
3577,33391,63,0.1140,407.7780
3578,33454,63,0.1140,407.8920
3579,33454,63,0.1140,408.0060
3580,33454,63,0.1140,408.1200
3581,33454,63,0.1140,408.2340
3582,33454,63,0.1140,408.3480
3583,33454,63,0.1140,408.4620
3584,33454,63,0.1140,408.5760
3585,33517,63,0.1140,408.6900
3586,33517,63,0.1140,408.8040
3587,33517,63,0.1140,408.9180
3588,33517,63,0.1140,409.0320
3589,33517,63,0.1140,409.1460
3590,33517,63,0.1140,409.2600
3591,33517,63,0.1140,409.3740
3592,33580,63,0.1140,409.4880
3593,33580,63,0.1140,409.6020
3594,33580,63,0.1140,409.7160
3595,33580,63,0.1140,409.8300
3596,33580,63,0.1140,409.9440
3597,33580,63,0.1140,410.0580
3598,33580,63,0.1140,410.1720
3599,33643,63,0.1140,410.2860
3600,33643,63,0.1140,410.4000
3601,33643,63,0.1140,410.5140
3602,33643,63,0.1140,410.6280
3603,33643,63,0.1140,410.7420
3604,33643,63,0.1140,410.8560
3605,33706,63,0.1140,410.9700
3606,33706,63,0.1140,411.0840
3607,33706,63,0.1140,411.1980
3608,33706,63,0.1140,411.3120
3609,33706,63,0.1140,411.4260
3610,33706,63,0.1140,411.5400
3611,33706,63,0.1140,411.6540
3612,33769,63,0.1140,411.7680
3613,33769,63,0.1140,411.8820
3614,33769,63,0.1140,411.9960
3615,33769,63,0.1140,412.1100
3616,33769,63,0.1140,412.2240
3617,33769,63,0.1140,412.3380
3618,33769,63,0.1140,412.4520
3619,33832,63,0.1140,412.5660
3620,33832,63,0.1140,412.6800
3621,33832,63,0.1140,412.7940
3622,33832,63,0.1140,412.9080
3623,33832,63,0.1140,413.0220
3624,33832,63,0.1140,413.1360
3625,33832,63,0.1140,413.2500
3626,33895,63,0.1140,413.3640
3627,33895,63,0.1140,413.4780
3628,33895,63,0.1140,413.5920
3629,33895,63,0.1140,413.7060
3630,33895,63,0.1140,413.8200
3631,33895,63,0.1140,413.9340
3632,33895,63,0.1140,414.0480
3633,33958,63,0.1140,414.1620
3634,33958,63,0.1140,414.2760
3635,33958,63,0.1140,414.3900
3636,33958,63,0.1140,414.5040
3637,33958,63,0.1140,414.6180
3638,33958,63,0.1140,414.7320
3639,34021,63,0.1140,414.8460
3640,34021,63,0.1140,414.9600
3641,34021,63,0.1140,415.0740
3642,34021,63,0.1140,415.1880
3643,34021,63,0.1140,415.3020
3644,34021,63,0.1140,415.4160
3645,34021,63,0.1140,415.5300
3646,34084,63,0.1140,415.6440
3647,34084,63,0.1140,415.7580
3648,34084,63,0.1140,415.8720
3649,34084,63,0.1140,415.9860
3650,34084,63,0.1140,416.1000
3651,34084,63,0.1140,416.2140
3652,34084,63,0.1140,416.3280
3653,34147,63,0.1140,416.4420
3654,34147,63,0.1140,416.5560
3655,34147,63,0.1140,416.6700
3656,34147,63,0.1140,416.7840
3657,34147,63,0.1140,416.8980
3658,34147,63,0.1140,417.0120
3659,34147,63,0.1140,417.1260
3660,34210,63,0.1140,417.2400
3661,34210,63,0.1140,417.3540
3662,34210,63,0.1140,417.4680
3663,34210,63,0.1140,417.5820
3664,34210,63,0.1140,417.6960
3665,34210,63,0.1140,417.8100
3666,34210,63,0.1140,417.9240
3667,34273,63,0.1140,418.0380
3668,34273,63,0.1140,418.1520
3669,34273,63,0.1140,418.2660
3670,34273,63,0.1140,418.3800
3671,34273,63,0.1140,418.4940
3672,34273,63,0.1140,418.6080
3673,34336,63,0.1140,418.7220
3674,34336,63,0.1140,418.8360
3675,34336,63,0.1140,418.9500
3676,34336,63,0.1140,419.0640
3677,34336,63,0.1140,419.1780
3678,34336,63,0.1140,419.2920
3679,34336,63,0.1140,419.4060
3680,34399,63,0.1140,419.5200
3681,34399,63,0.1140,419.6340
3682,34399,63,0.1140,419.7480
3683,34399,63,0.1140,419.8620
3684,34399,63,0.1140,419.9760
3685,34399,63,0.1140,420.0900
3686,34399,63,0.1140,420.2040
3687,34462,63,0.1140,420.3180
3688,34462,63,0.1140,420.4320
3689,34462,63,0.1140,420.5460
3690,34462,63,0.1140,420.6600
3691,34462,63,0.1140,420.7740
3692,34462,63,0.1140,420.8880
3693,34462,63,0.1140,421.0020
3694,34525,63,0.1140,421.1160
3695,34525,63,0.1140,421.2300
3696,34525,63,0.1140,421.3440
3697,34525,63,0.1140,421.4580
3698,34525,63,0.1140,421.5720
3699,34525,63,0.1140,421.6860
3700,34525,63,0.1140,421.8000
3701,34588,63,0.1140,421.9140
3702,34588,63,0.1140,422.0280
3703,34588,63,0.1140,422.1420
3704,34588,63,0.1140,422.2560
3705,34588,63,0.1140,422.3700
3706,34588,63,0.1140,422.4840
3707,34651,63,0.1140,422.5980
3708,34651,63,0.1140,422.7120
3709,34651,63,0.1140,422.8260
3710,34651,63,0.1140,422.9400
3711,34651,63,0.1140,423.0540
3712,34651,63,0.1140,423.1680
3713,34651,63,0.1140,423.2820
3714,34714,63,0.1140,423.3960
3715,34714,63,0.1140,423.5100
3716,34714,63,0.1140,423.6240
3717,34714,63,0.1140,423.7380
3718,34714,63,0.1140,423.8520
3719,34714,63,0.1140,423.9660
3720,34714,63,0.1140,424.0800
3721,34777,63,0.1140,424.1940
3722,34777,63,0.1140,424.3080
3723,34777,63,0.1140,424.4220
3724,34777,63,0.1140,424.5360
3725,34777,63,0.1140,424.6500
3726,34777,63,0.1140,424.7640
3727,34777,63,0.1140,424.8780
3728,34840,63,0.1140,424.9920
3729,34840,63,0.1140,425.1060
3730,34840,63,0.1140,425.2200
3731,34840,63,0.1140,425.3340
3732,34840,63,0.1140,425.4480
3733,34840,63,0.1140,425.5620
3734,34840,63,0.1140,425.6760
3735,34903,63,0.1140,425.7900
3736,34903,63,0.1140,425.9040
3737,34903,63,0.1140,426.0180
3738,34903,63,0.1140,426.1320
3739,34903,63,0.1140,426.2460
3740,34903,63,0.1140,426.3600
3741,34966,63,0.1140,426.4740
3742,34966,63,0.1140,426.5880
3743,34966,63,0.1140,426.7020
3744,34966,63,0.1140,426.8160
3745,34966,63,0.1140,426.9300
3746,34966,63,0.1140,427.0440
3747,34966,63,0.1140,427.1580
3748,35029,63,0.1140,427.2720
3749,35029,63,0.1140,427.3860
3750,35029,63,0.1140,427.5000
3751,35029,63,0.1140,427.6140
3752,35029,63,0.1140,427.7280
3753,35029,63,0.1140,427.8420
3754,35029,63,0.1140,427.9560
3755,35092,63,0.1140,428.0700
3756,35092,63,0.1140,428.1840
3757,35092,63,0.1140,428.2980
3758,35092,63,0.1140,428.4120
3759,35092,63,0.1140,428.5260
3760,35092,63,0.1140,428.6400
3761,35092,63,0.1140,428.7540
3762,35155,63,0.1140,428.8680
3763,35155,63,0.1140,428.9820
3764,35155,63,0.1140,429.0960
3765,35155,63,0.1140,429.2100
3766,35155,63,0.1140,429.3240
3767,35155,63,0.1140,429.4380
3768,35155,63,0.1140,429.5520
3769,35218,63,0.1140,429.6660
3770,35218,63,0.1140,429.7800
3771,35218,63,0.1140,429.8940
3772,35218,63,0.1140,430.0080
3773,35218,63,0.1140,430.1220
3774,35218,63,0.1140,430.2360
3775,35281,63,0.1140,430.3500
3776,35281,63,0.1140,430.4640
3777,35281,63,0.1140,430.5780
3778,35281,63,0.1140,430.6920
3779,35281,63,0.1140,430.8060
3780,35281,63,0.1140,430.9200
3781,35281,63,0.1140,431.0340
3782,35344,63,0.1140,431.1480
3783,35344,63,0.1140,431.2620
3784,35344,63,0.1140,431.3760
3785,35344,63,0.1140,431.4900
3786,35344,63,0.1140,431.6040
3787,35344,63,0.1140,431.7180
3788,35344,63,0.1140,431.8320
3789,35407,63,0.1140,431.9460
3790,35407,63,0.1140,432.0600
3791,35407,63,0.1140,432.1740
3792,35407,63,0.1140,432.2880
3793,35407,63,0.1140,432.4020
3794,35407,63,0.1140,432.5160
3795,35407,63,0.1140,432.6300
3796,35470,63,0.1140,432.7440
3797,35470,63,0.1140,432.8580
3798,35470,63,0.1140,432.9720
3799,35470,63,0.1140,433.0860
3800,35470,63,0.1140,433.2000
3801,35470,63,0.1140,433.3140
3802,35470,63,0.1140,433.4280
3803,35533,63,0.1140,433.5420
3804,35533,63,0.1140,433.6560
3805,35533,63,0.1140,433.7700
3806,35533,63,0.1140,433.8840
3807,35533,63,0.1140,433.9980
3808,35533,63,0.1140,434.1120
3809,35596,63,0.1140,434.2260
3810,35596,63,0.1140,434.3400
3811,35596,63,0.1140,434.4540
3812,35596,63,0.1140,434.5680
3813,35596,63,0.1140,434.6820
3814,35596,63,0.1140,434.7960
3815,35596,63,0.1140,434.9100
3816,35659,63,0.1140,435.0240
3817,35659,63,0.1140,435.1380
3818,35659,63,0.1140,435.2520
3819,35659,63,0.1140,435.3660
3820,35659,63,0.1140,435.4800
3821,35659,63,0.1140,435.5940
3822,35659,63,0.1140,435.7080
3823,35722,63,0.1140,435.8220
3824,35722,63,0.1140,435.9360
3825,35722,63,0.1140,436.0500
3826,35722,63,0.1140,436.1640
3827,35722,63,0.1140,436.2780
3828,35722,63,0.1140,436.3920
3829,35722,63,0.1140,436.5060
3830,35785,63,0.1140,436.6200
3831,35785,63,0.1140,436.7340
3832,35785,63,0.1140,436.8480
3833,35785,63,0.1140,436.9620
3834,35785,63,0.1140,437.0760
3835,35785,63,0.1140,437.1900
3836,35785,63,0.1140,437.3040
3837,35848,63,0.1140,437.4180
3838,35848,63,0.1140,437.5320
3839,35848,63,0.1140,437.6460
3840,35848,63,0.1140,437.7600
3841,35848,63,0.1140,437.8740
3842,35848,63,0.1140,437.9880
3843,35911,63,0.1140,438.1020
3844,35911,63,0.1140,438.2160
3845,35911,63,0.1140,438.3300
3846,35911,63,0.1140,438.4440
3847,35911,63,0.1140,438.5580
3848,35911,63,0.1140,438.6720
3849,35911,63,0.1140,438.7860
3850,35974,63,0.1140,438.9000
3851,35974,63,0.1140,439.0140
3852,35974,63,0.1140,439.1280
3853,35974,63,0.1140,439.2420
3854,35974,63,0.1140,439.3560
3855,35974,63,0.1140,439.4700
3856,35974,63,0.1140,439.5840
3857,36037,63,0.1140,439.6980
3858,36037,63,0.1140,439.8120
3859,36037,63,0.1140,439.9260
3860,36037,63,0.1140,440.0400
3861,36037,63,0.1140,440.1540
3862,36037,63,0.1140,440.2680
3863,36037,63,0.1140,440.3820
3864,36100,63,0.1140,440.4960
3865,36100,63,0.1140,440.6100
3866,36100,63,0.1140,440.7240
3867,36100,63,0.1140,440.8380
3868,36100,63,0.1140,440.9520
3869,36100,63,0.1140,441.0660
3870,36100,63,0.1140,441.1800
3871,36163,63,0.1140,441.2940
3872,36163,63,0.1140,441.4080
3873,36163,63,0.1140,441.5220
3874,36163,63,0.1140,441.6360
3875,36163,63,0.1140,441.7500
3876,36163,63,0.1140,441.8640
3877,36226,63,0.1140,441.9780
3878,36226,63,0.1140,442.0920
3879,36226,63,0.1140,442.2060
3880,36226,63,0.1140,442.3200
3881,36226,63,0.1140,442.4340
3882,36226,63,0.1140,442.5480
3883,36226,63,0.1140,442.6620
3884,36289,63,0.1140,442.7760
3885,36289,63,0.1140,442.8900
3886,36289,63,0.1140,443.0040
3887,36289,63,0.1140,443.1180
3888,36289,63,0.1140,443.2320
3889,36289,63,0.1140,443.3460
3890,36289,63,0.1140,443.4600
3891,36352,63,0.1140,443.5740
3892,36352,63,0.1140,443.6880
3893,36352,63,0.1140,443.8020
3894,36352,63,0.1140,443.9160
3895,36352,63,0.1140,444.0300
3896,36352,63,0.1140,444.1440
3897,36352,63,0.1140,444.2580
3898,36415,63,0.1140,444.3720
3899,36415,63,0.1140,444.4860
3900,36415,63,0.1140,444.6000
3901,36415,63,0.1140,444.7140
3902,36415,63,0.1140,444.8280
3903,36415,63,0.1140,444.9420
3904,36415,63,0.1140,445.0560
3905,36478,63,0.1140,445.1700
3906,36478,63,0.1140,445.2840
3907,36478,63,0.1140,445.3980
3908,36478,63,0.1140,445.5120
3909,36478,63,0.1140,445.6260
3910,36478,63,0.1140,445.7400
3911,36541,63,0.1140,445.8540
3912,36541,63,0.1140,445.9680
3913,36541,63,0.1140,446.0820
3914,36541,63,0.1140,446.1960
3915,36541,63,0.1140,446.3100
3916,36541,63,0.1140,446.4240
3917,36541,63,0.1140,446.5380
3918,36604,63,0.1140,446.6520
3919,36604,63,0.1140,446.7660
3920,36604,63,0.1140,446.8800
3921,36604,63,0.1140,446.9940
3922,36604,63,0.1140,447.1080
3923,36604,63,0.1140,447.2220
3924,36604,63,0.1140,447.3360
3925,36667,63,0.1140,447.4500
3926,36667,63,0.1140,447.5640
3927,36667,63,0.1140,447.6780
3928,36667,63,0.1140,447.7920
3929,36667,63,0.1140,447.9060
3930,36667,63,0.1140,448.0200
3931,36667,63,0.1140,448.1340
3932,36730,63,0.1140,448.2480
3933,36730,63,0.1140,448.3620
3934,36730,63,0.1140,448.4760
3935,36730,63,0.1140,448.5900
3936,36730,63,0.1140,448.7040
3937,36730,63,0.1140,448.8180
3938,36730,63,0.1140,448.9320
3939,36793,63,0.1140,449.0460
3940,36793,63,0.1140,449.1600
3941,36793,63,0.1140,449.2740
3942,36793,63,0.1140,449.3880
3943,36793,63,0.1140,449.5020
3944,36793,63,0.1140,449.6160
3945,36856,63,0.1140,449.7300
3946,36856,63,0.1140,449.8440
3947,36856,63,0.1140,449.9580
3948,36856,63,0.1140,450.0720
3949,36856,63,0.1140,450.1860
3950,36856,63,0.1140,450.3000
3951,36856,63,0.1140,450.4140
3952,36919,63,0.1140,450.5280
3953,36919,63,0.1140,450.6420
3954,36919,63,0.1140,450.7560
3955,36919,63,0.1140,450.8700
3956,36919,63,0.1140,450.9840
3957,36919,63,0.1140,451.0980
3958,36919,63,0.1140,451.2120
3959,36982,63,0.1140,451.3260
3960,36982,63,0.1140,451.4400
3961,36982,63,0.1140,451.5540
3962,36982,63,0.1140,451.6680
3963,36982,63,0.1140,451.7820
3964,36982,63,0.1140,451.8960
3965,36982,63,0.1140,452.0100
3966,37045,63,0.1140,452.1240
3967,37045,63,0.1140,452.2380
3968,37045,63,0.1140,452.3520
3969,37045,63,0.1140,452.4660
3970,37045,63,0.1140,452.5800
3971,37045,63,0.1140,452.6940
3972,37045,63,0.1140,452.8080
3973,37108,63,0.1140,452.9220
3974,37108,63,0.1140,453.0360
3975,37108,63,0.1140,453.1500
3976,37108,63,0.1140,453.2640
3977,37108,63,0.1140,453.3780
3978,37108,63,0.1140,453.4920
3979,37171,63,0.1140,453.6060
3980,37171,63,0.1140,453.7200
3981,37171,63,0.1140,453.8340
3982,37171,63,0.1140,453.9480
3983,37171,63,0.1140,454.0620
3984,37171,63,0.1140,454.1760
3985,37171,63,0.1140,454.2900
3986,37234,63,0.1140,454.4040
3987,37234,63,0.1140,454.5180
3988,37234,63,0.1140,454.6320
3989,37234,63,0.1140,454.7460
3990,37234,63,0.1140,454.8600
3991,37234,63,0.1140,454.9740
3992,37234,63,0.1140,455.0880
3993,37297,63,0.1140,455.2020
3994,37297,63,0.1140,455.3160
3995,37297,63,0.1140,455.4300
3996,37297,63,0.1140,455.5440
3997,37297,63,0.1140,455.6580
3998,37297,63,0.1140,455.7720
3999,37297,63,0.1140,455.8860
4000,37360,63,0.1140,456.0000
4001,37360,63,0.1140,456.1140
4002,37360,63,0.1140,456.2280
4003,37360,63,0.1140,456.3420
4004,37360,63,0.1140,456.4560
4005,37360,63,0.1140,456.5700
4006,37360,63,0.1140,456.6840
4007,37423,63,0.1140,456.7980
4008,37423,63,0.1140,456.9120
4009,37423,63,0.1140,457.0260
4010,37423,63,0.1140,457.1400
4011,37423,63,0.1140,457.2540
4012,37423,63,0.1140,457.3680
4013,37486,63,0.1140,457.4820
4014,37486,63,0.1140,457.5960
4015,37486,63,0.1140,457.7100
4016,37486,63,0.1140,457.8240
4017,37486,63,0.1140,457.9380
4018,37486,63,0.1140,458.0520
4019,37486,63,0.1140,458.1660
4020,37549,63,0.1140,458.2800
4021,37549,63,0.1140,458.3940
4022,37549,63,0.1140,458.5080
4023,37549,63,0.1140,458.6220
4024,37549,63,0.1140,458.7360
4025,37549,63,0.1140,458.8500
4026,37549,63,0.1140,458.9640
4027,37612,63,0.1140,459.0780
4028,37612,63,0.1140,459.1920
4029,37612,63,0.1140,459.3060
4030,37612,63,0.1140,459.4200
4031,37612,63,0.1140,459.5340
4032,37612,63,0.1140,459.6480
4033,37612,63,0.1140,459.7620
4034,37675,63,0.1140,459.8760
4035,37675,63,0.1140,459.9900
4036,37675,63,0.1140,460.1040
4037,37675,63,0.1140,460.2180
4038,37675,63,0.1140,460.3320
4039,37675,63,0.1140,460.4460
4040,37675,63,0.1140,460.5600
4041,37738,63,0.1140,460.6740
4042,37738,63,0.1140,460.7880
4043,37738,63,0.1140,460.9020
4044,37738,63,0.1140,461.0160
4045,37738,63,0.1140,461.1300
4046,37738,63,0.1140,461.2440
4047,37801,63,0.1140,461.3580
4048,37801,63,0.1140,461.4720
4049,37801,63,0.1140,461.5860
4050,37801,63,0.1140,461.7000
4051,37801,63,0.1140,461.8140
4052,37801,63,0.1140,461.9280
4053,37801,63,0.1140,462.0420
4054,37864,63,0.1140,462.1560
4055,37864,63,0.1140,462.2700
4056,37864,63,0.1140,462.3840
4057,37864,63,0.1140,462.4980
4058,37864,63,0.1140,462.6120
4059,37864,63,0.1140,462.7260
4060,37864,63,0.1140,462.8400
4061,37927,63,0.1140,462.9540
4062,37927,63,0.1140,463.0680
4063,37927,63,0.1140,463.1820
4064,37927,63,0.1140,463.2960
4065,37927,63,0.1140,463.4100
4066,37927,63,0.1140,463.5240
4067,37927,63,0.1140,463.6380
4068,37990,63,0.1140,463.7520
4069,37990,63,0.1140,463.8660
4070,37990,63,0.1140,463.9800
4071,37990,63,0.1140,464.0940
4072,37990,63,0.1140,464.2080
4073,37990,63,0.1140,464.3220
4074,37990,63,0.1140,464.4360
4075,38053,63,0.1140,464.5500
4076,38053,63,0.1140,464.6640
4077,38053,63,0.1140,464.7780
4078,38053,63,0.1140,464.8920
4079,38053,63,0.1140,465.0060
4080,38053,63,0.1140,465.1200
4081,38116,63,0.1140,465.2340
4082,38116,63,0.1140,465.3480
4083,38116,63,0.1140,465.4620
4084,38116,63,0.1140,465.5760
4085,38116,63,0.1140,465.6900
4086,38116,63,0.1140,465.8040
4087,38116,63,0.1140,465.9180
4088,38179,63,0.1140,466.0320
4089,38179,63,0.1140,466.1460
4090,38179,63,0.1140,466.2600
4091,38179,63,0.1140,466.3740
4092,38179,63,0.1140,466.4880
4093,38179,63,0.1140,466.6020
4094,38179,63,0.1140,466.7160
4095,38242,63,0.1140,466.8300
4096,38242,63,0.1140,466.9440
4097,38242,63,0.1140,467.0580
4098,38242,63,0.1140,467.1720
4099,38242,63,0.1140,467.2860
4100,38242,63,0.1140,467.4000
4101,38242,63,0.1140,467.5140
4102,38305,63,0.1140,467.6280
4103,38305,63,0.1140,467.7420
4104,38305,63,0.1140,467.8560
4105,38305,63,0.1140,467.9700
4106,38305,63,0.1140,468.0840
4107,38305,63,0.1140,468.1980
4108,38305,63,0.1140,468.3120
4109,38368,63,0.1140,468.4260
4110,38368,63,0.1140,468.5400
4111,38368,63,0.1140,468.6540
4112,38368,63,0.1140,468.7680
4113,38368,63,0.1140,468.8820
4114,38368,63,0.1140,468.9960
4115,38431,63,0.1140,469.1100
4116,38431,63,0.1140,469.2240
4117,38431,63,0.1140,469.3380
4118,38431,63,0.1140,469.4520
4119,38431,63,0.1140,469.5660
4120,38431,63,0.1140,469.6800
4121,38431,63,0.1140,469.7940
4122,38494,63,0.1140,469.9080
4123,38494,63,0.1140,470.0220
4124,38494,63,0.1140,470.1360
4125,38494,63,0.1140,470.2500
4126,38494,63,0.1140,470.3640
4127,38494,63,0.1140,470.4780
4128,38494,63,0.1140,470.5920
4129,38557,63,0.1140,470.7060
4130,38557,63,0.1140,470.8200
4131,38557,63,0.1140,470.9340
4132,38557,63,0.1140,471.0480
4133,38557,63,0.1140,471.1620
4134,38557,63,0.1140,471.2760
4135,38557,63,0.1140,471.3900
4136,38620,63,0.1140,471.5040
4137,38620,63,0.1140,471.6180
4138,38620,63,0.1140,471.7320
4139,38620,63,0.1140,471.8460
4140,38620,63,0.1140,471.9600
4141,38620,63,0.1140,472.0740
4142,38620,63,0.1140,472.1880
4143,38683,63,0.1140,472.3020
4144,38683,63,0.1140,472.4160
4145,38683,63,0.1140,472.5300
4146,38683,63,0.1140,472.6440
4147,38683,63,0.1140,472.7580
4148,38683,63,0.1140,472.8720
4149,38746,63,0.1140,472.9860
4150,38746,63,0.1140,473.1000
4151,38746,63,0.1140,473.2140
4152,38746,63,0.1140,473.3280
4153,38746,63,0.1140,473.4420
4154,38746,63,0.1140,473.5560
4155,38746,63,0.1140,473.6700
4156,38809,63,0.1140,473.7840
4157,38809,63,0.1140,473.8980
4158,38809,63,0.1140,474.0120
4159,38809,63,0.1140,474.1260
4160,38809,63,0.1140,474.2400
4161,38809,63,0.1140,474.3540
4162,38809,63,0.1140,474.4680
4163,38872,63,0.1140,474.5820
4164,38872,63,0.1140,474.6960
4165,38872,63,0.1140,474.8100
4166,38872,63,0.1140,474.9240
4167,38872,63,0.1140,475.0380
4168,38872,63,0.1140,475.1520
4169,38872,63,0.1140,475.2660
4170,38935,63,0.1140,475.3800
4171,38935,63,0.1140,475.4940
4172,38935,63,0.1140,475.6080
4173,38935,63,0.1140,475.7220
4174,38935,63,0.1140,475.8360
4175,38935,63,0.1140,475.9500
4176,38935,63,0.1140,476.0640
4177,38998,63,0.1140,476.1780
4178,38998,63,0.1140,476.2920
4179,38998,63,0.1140,476.4060
4180,38998,63,0.1140,476.5200
4181,38998,63,0.1140,476.6340
4182,38998,63,0.1140,476.7480
4183,39061,63,0.1140,476.8620
4184,39061,63,0.1140,476.9760
4185,39061,63,0.1140,477.0900
4186,39061,63,0.1140,477.2040
4187,39061,63,0.1140,477.3180
4188,39061,63,0.1140,477.4320
4189,39061,63,0.1140,477.5460
4190,39124,63,0.1140,477.6600
4191,39124,63,0.1140,477.7740
4192,39124,63,0.1140,477.8880
4193,39124,63,0.1140,478.0020
4194,39124,63,0.1140,478.1160
4195,39124,63,0.1140,478.2300
4196,39124,63,0.1140,478.3440
4197,39187,63,0.1140,478.4580
4198,39187,63,0.1140,478.5720
4199,39187,63,0.1140,478.6860
4200,39187,63,0.1140,478.8000
4201,39187,63,0.1140,478.9140
4202,39187,63,0.1140,479.0280
4203,39187,63,0.1140,479.1420
4204,39250,63,0.1140,479.2560
4205,39250,63,0.1140,479.3700
4206,39250,63,0.1140,479.4840
4207,39250,63,0.1140,479.5980
4208,39250,63,0.1140,479.7120
4209,39250,63,0.1140,479.8260
4210,39250,63,0.1140,479.9400
4211,39313,63,0.1140,480.0540
4212,39313,63,0.1140,480.1680
4213,39313,63,0.1140,480.2820
4214,39313,63,0.1140,480.3960
4215,39313,63,0.1140,480.5100
4216,39313,63,0.1140,480.6240
4217,39376,63,0.1140,480.7380
4218,39376,63,0.1140,480.8520
4219,39376,63,0.1140,480.9660
4220,39376,63,0.1140,481.0800
4221,39376,63,0.1140,481.1940
4222,39376,63,0.1140,481.3080
4223,39376,63,0.1140,481.4220
4224,39439,63,0.1140,481.5360
4225,39439,63,0.1140,481.6500
4226,39439,63,0.1140,481.7640
4227,39439,63,0.1140,481.8780
4228,39439,63,0.1140,481.9920
4229,39439,63,0.1140,482.1060
4230,39439,63,0.1140,482.2200
4231,39502,63,0.1140,482.3340
4232,39502,63,0.1140,482.4480
4233,39502,63,0.1140,482.5620
4234,39502,63,0.1140,482.6760
4235,39502,63,0.1140,482.7900
4236,39502,63,0.1140,482.9040
4237,39502,63,0.1140,483.0180
4238,39565,63,0.1140,483.1320
4239,39565,63,0.1140,483.2460
4240,39565,63,0.1140,483.3600
4241,39565,63,0.1140,483.4740
4242,39565,63,0.1140,483.5880
4243,39565,63,0.1140,483.7020
4244,39565,63,0.1140,483.8160
4245,39628,63,0.1140,483.9300
4246,39628,63,0.1140,484.0440
4247,39628,63,0.1140,484.1580
4248,39628,63,0.1140,484.2720
4249,39628,63,0.1140,484.3860
4250,39628,63,0.1140,484.5000
4251,39691,63,0.1140,484.6140
4252,39691,63,0.1140,484.7280
4253,39691,63,0.1140,484.8420
4254,39691,63,0.1140,484.9560
4255,39691,63,0.1140,485.0700
4256,39691,63,0.1140,485.1840
4257,39691,63,0.1140,485.2980
4258,39754,63,0.1140,485.4120
4259,39754,63,0.1140,485.5260
4260,39754,63,0.1140,485.6400
4261,39754,63,0.1140,485.7540
4262,39754,63,0.1140,485.8680
4263,39754,63,0.1140,485.9820
4264,39754,63,0.1140,486.0960
4265,39817,63,0.1140,486.2100
4266,39817,63,0.1140,486.3240
4267,39817,63,0.1140,486.4380
4268,39817,63,0.1140,486.5520
4269,39817,63,0.1140,486.6660
4270,39817,63,0.1140,486.7800
4271,39817,63,0.1140,486.8940
4272,39880,63,0.1140,487.0080
4273,39880,63,0.1140,487.1220
4274,39880,63,0.1140,487.2360
4275,39880,63,0.1140,487.3500
4276,39880,63,0.1140,487.4640
4277,39880,63,0.1140,487.5780
4278,39880,63,0.1140,487.6920
4279,39943,63,0.1140,487.8060
4280,39943,63,0.1140,487.9200
4281,39943,63,0.1140,488.0340
4282,39943,63,0.1140,488.1480
4283,39943,63,0.1140,488.2620
4284,39943,63,0.1140,488.3760
4285,40006,14,0.1140,488.4900
4286,40006,14,0.1140,488.6040
4287,40006,14,0.1140,488.7180
4288,40006,14,0.1140,488.8320
4289,40006,14,0.1140,488.9460
4290,40006,14,0.1140,489.0600
4291,40006,14,0.1140,489.1740
4292,40020,0,0.1140,489.2880

summary
Total Energy Consumption (kWh),0.1359
Average Energy per Transaction (Wh/Tx),0.0034
