Tick,Node1,Node2,Node3,Node4,Node5,Node6,Node7,Node8,Node9,Node10,Node11,Node12,Node13
0,0.114000,0.114000,0.114000,0.114000,0.114000,0.114000,0.114000,0.114000,0.114000,0.114000,0.114000,0.114000,0.114000
1,0.135000,0.135000,0.135000,0.135000,0.135000,0.145000,0.135000,0.135000,0.145000,0.135000,0.114000,0.135000,0.114000
2,0.135000,0.135000,0.135000,0.135000,0.135000,0.145000,0.135000,0.135000,0.145000,0.135000,0.135000,0.135000,0.114000
3,0.135000,0.135000,0.135000,0.135000,0.135000,0.145000,0.135000,0.135000,0.145000,0.135000,0.135000,0.135000,0.114000
4,0.135000,0.135000,0.135000,0.135000,0.135000,0.145000,0.135000,0.135000,0.145000,0.135000,0.135000,0.135000,0.114000
5,0.135000,0.135000,0.135000,0.135000,0.135000,0.145000,0.135000,0.135000,0.145000,0.135000,0.135000,0.135000,0.114000
6,0.135000,0.135000,0.135000,0.135000,0.135000,0.145000,0.135000,0.135000,0.145000,0.135000,0.135000,0.135000,0.114000
7,0.135000,0.135000,0.135000,0.135000,0.135000,0.145000,0.135000,0.135000,0.145000,0.135000,0.135000,0.135000,0.114000
8,0.145000,0.135000,0.135000,0.135000,0.135000,0.145000,0.135000,0.135000,0.145000,0.135000,0.135000,0.135000,0.114000
9,0.145000,0.135000,0.135000,0.135000,0.135000,0.145000,0.135000,0.135000,0.145000,0.135000,0.135000,0.135000,0.114000
10,0.145000,0.135000,0.135000,0.135000,0.135000,0.145000,0.135000,0.135000,0.145000,0.135000,0.135000,0.135000,0.114000
11,0.145000,0.135000,0.135000,0.135000,0.135000,0.145000,0.135000,0.135000,0.145000,0.135000,0.135000,0.135000,0.114000
12,0.145000,0.135000,0.135000,0.135000,0.135000,0.145000,0.135000,0.135000,0.145000,0.135000,0.135000,0.135000,0.114000
13,0.145000,0.135000,0.135000,0.135000,0.135000,0.145000,0.135000,0.135000,0.145000,0.135000,0.135000,0.135000,0.114000
14,0.145000,0.135000,0.135000,0.135000,0.135000,0.145000,0.135000,0.135000,0.145000,0.135000,0.135000,0.135000,0.114000
15,0.145000,0.135000,0.135000,0.135000,0.135000,0.145000,0.135000,0.135000,0.145000,0.135000,0.135000,0.135000,0.114000
16,0.145000,0.135000,0.135000,0.135000,0.135000,0.145000,0.135000,0.135000,0.145000,0.135000,0.135000,0.135000,0.114000
17,0.145000,0.135000,0.135000,0.135000,0.135000,0.145000,0.135000,0.135000,0.145000,0.135000,0.135000,0.135000,0.114000
18,0.145000,0.135000,0.135000,0.135000,0.135000,0.145000,0.135000,0.135000,0.145000,0.135000,0.135000,0.135000,0.114000
19,0.145000,0.135000,0.135000,0.135000,0.135000,0.145000,0.135000,0.135000,0.145000,0.135000,0.135000,0.135000,0.114000
20,0.145000,0.135000,0.135000,0.135000,0.135000,0.145000,0.135000,0.135000,0.145000,0.135000,0.135000,0.135000,0.114000
21,0.145000,0.135000,0.135000,0.135000,0.135000,0.145000,0.135000,0.135000,0.145000,0.135000,0.135000,0.135000,0.114000
22,0.145000,0.135000,0.135000,0.135000,0.135000,0.145000,0.135000,0.135000,0.145000,0.135000,0.135000,0.135000,0.114000
23,0.145000,0.135000,0.135000,0.135000,0.135000,0.145000,0.135000,0.135000,0.145000,0.135000,0.135000,0.135000,0.114000
24,0.145000,0.135000,0.135000,0.135000,0.135000,0.145000,0.135000,0.135000,0.145000,0.135000,0.135000,0.135000,0.114000
25,0.145000,0.135000,0.135000,0.135000,0.135000,0.145000,0.135000,0.135000,0.145000,0.135000,0.135000,0.135000,0.114000
26,0.145000,0.135000,0.135000,0.135000,0.135000,0.145000,0.135000,0.135000,0.145000,0.135000,0.135000,0.135000,0.114000
27,0.145000,0.135000,0.135000,0.135000,0.135000,0.145000,0.135000,0.135000,0.145000,0.135000,0.135000,0.135000,0.114000
28,0.145000,0.135000,0.135000,0.135000,0.135000,0.145000,0.135000,0.135000,0.145000,0.135000,0.135000,0.135000,0.114000
29,0.145000,0.135000,0.135000,0.135000,0.135000,0.145000,0.135000,0.135000,0.145000,0.135000,0.135000,0.135000,0.114000
30,0.145000,0.135000,0.135000,0.135000,0.135000,0.145000,0.135000,0.135000,0.145000,0.135000,0.135000,0.135000,0.114000
31,0.145000,0.135000,0.135000,0.135000,0.135000,0.145000,0.145000,0.135000,0.145000,0.135000,0.135000,0.135000,0.114000
32,0.145000,0.135000,0.135000,0.135000,0.135000,0.145000,0.145000,0.135000,0.145000,0.135000,0.135000,0.135000,0.114000
33,0.145000,0.135000,0.135000,0.135000,0.135000,0.145000,0.145000,0.135000,0.145000,0.135000,0.135000,0.135000,0.114000
34,0.145000,0.135000,0.135000,0.135000,0.135000,0.145000,0.145000,0.135000,0.145000,0.135000,0.135000,0.135000,0.114000
35,0.145000,0.135000,0.135000,0.135000,0.135000,0.145000,0.145000,0.135000,0.145000,0.135000,0.135000,0.135000,0.114000
36,0.145000,0.135000,0.135000,0.135000,0.135000,0.145000,0.145000,0.135000,0.145000,0.135000,0.135000,0.135000,0.114000
37,0.145000,0.135000,0.135000,0.135000,0.135000,0.145000,0.145000,0.135000,0.145000,0.135000,0.135000,0.135000,0.114000
38,0.145000,0.135000,0.135000,0.135000,0.135000,0.145000,0.145000,0.135000,0.145000,0.135000,0.135000,0.135000,0.114000
39,0.145000,0.135000,0.135000,0.135000,0.135000,0.145000,0.145000,0.135000,0.145000,0.135000,0.135000,0.135000,0.114000
40,0.145000,0.135000,0.135000,0.135000,0.135000,0.145000,0.145000,0.135000,0.145000,0.135000,0.135000,0.135000,0.114000
41,0.145000,0.135000,0.135000,0.135000,0.135000,0.145000,0.145000,0.135000,0.145000,0.135000,0.135000,0.135000,0.114000
42,0.145000,0.135000,0.135000,0.135000,0.135000,0.145000,0.145000,0.135000,0.145000,0.135000,0.135000,0.135000,0.114000
43,0.145000,0.135000,0.135000,0.135000,0.135000,0.145000,0.145000,0.135000,0.145000,0.135000,0.135000,0.135000,0.114000
44,0.145000,0.135000,0.135000,0.135000,0.135000,0.145000,0.145000,0.135000,0.145000,0.135000,0.135000,0.135000,0.114000
45,0.145000,0.135000,0.135000,0.135000,0.135000,0.145000,0.145000,0.135000,0.145000,0.135000,0.135000,0.135000,0.114000
46,0.145000,0.135000,0.135000,0.135000,0.135000,0.145000,0.145000,0.135000,0.145000,0.135000,0.135000,0.135000,0.114000
47,0.145000,0.135000,0.135000,0.135000,0.135000,0.145000,0.145000,0.135000,0.145000,0.135000,0.135000,0.135000,0.114000
48,0.145000,0.135000,0.135000,0.135000,0.135000,0.145000,0.145000,0.135000,0.145000,0.135000,0.135000,0.135000,0.114000
49,0.145000,0.135000,0.135000,0.135000,0.135000,0.145000,0.145000,0.135000,0.145000,0.135000,0.135000,0.135000,0.114000
50,0.145000,0.135000,0.135000,0.135000,0.135000,0.145000,0.145000,0.135000,0.145000,0.135000,0.135000,0.135000,0.114000
51,0.145000,0.135000,0.135000,0.135000,0.135000,0.145000,0.145000,0.135000,0.145000,0.135000,0.135000,0.135000,0.114000
52,0.145000,0.135000,0.135000,0.135000,0.135000,0.145000,0.145000,0.145000,0.145000,0.135000,0.135000,0.135000,0.114000
53,0.145000,0.135000,0.135000,0.135000,0.135000,0.145000,0.145000,0.145000,0.145000,0.135000,0.135000,0.135000,0.114000
54,0.145000,0.135000,0.135000,0.135000,0.135000,0.145000,0.145000,0.145000,0.145000,0.135000,0.135000,0.135000,0.114000
55,0.145000,0.135000,0.135000,0.135000,0.135000,0.145000,0.145000,0.145000,0.145000,0.135000,0.135000,0.135000,0.114000
56,0.145000,0.135000,0.135000,0.135000,0.135000,0.145000,0.145000,0.145000,0.145000,0.135000,0.135000,0.135000,0.114000
57,0.145000,0.135000,0.135000,0.135000,0.135000,0.145000,0.145000,0.145000,0.145000,0.135000,0.135000,0.135000,0.114000
58,0.145000,0.135000,0.135000,0.135000,0.135000,0.145000,0.145000,0.145000,0.145000,0.135000,0.135000,0.135000,0.114000
59,0.145000,0.135000,0.135000,0.135000,0.135000,0.145000,0.145000,0.145000,0.145000,0.135000,0.135000,0.135000,0.114000
60,0.145000,0.135000,0.135000,0.135000,0.135000,0.145000,0.145000,0.145000,0.145000,0.135000,0.135000,0.135000,0.114000
61,0.145000,0.135000,0.135000,0.135000,0.135000,0.145000,0.145000,0.145000,0.145000,0.135000,0.135000,0.135000,0.114000
62,0.145000,0.135000,0.135000,0.135000,0.135000,0.145000,0.145000,0.145000,0.145000,0.135000,0.135000,0.135000,0.114000
63,0.145000,0.135000,0.135000,0.135000,0.135000,0.145000,0.145000,0.135000,0.145000,0.135000,0.135000,0.135000,0.114000
64,0.145000,0.135000,0.135000,0.135000,0.135000,0.145000,0.145000,0.145000,0.145000,0.135000,0.135000,0.135000,0.114000
65,0.145000,0.135000,0.135000,0.135000,0.135000,0.145000,0.145000,0.145000,0.145000,0.135000,0.135000,0.135000,0.114000
66,0.145000,0.135000,0.135000,0.135000,0.135000,0.145000,0.145000,0.145000,0.145000,0.135000,0.135000,0.135000,0.114000
67,0.145000,0.135000,0.135000,0.135000,0.135000,0.145000,0.145000,0.145000,0.145000,0.135000,0.135000,0.135000,0.114000
68,0.145000,0.135000,0.135000,0.135000,0.135000,0.145000,0.145000,0.135000,0.145000,0.135000,0.135000,0.135000,0.114000
69,0.145000,0.135000,0.135000,0.135000,0.135000,0.145000,0.145000,0.135000,0.145000,0.135000,0.135000,0.135000,0.114000
70,0.145000,0.135000,0.135000,0.135000,0.135000,0.145000,0.145000,0.145000,0.145000,0.135000,0.135000,0.135000,0.114000
71,0.145000,0.135000,0.135000,0.135000,0.135000,0.145000,0.145000,0.145000,0.145000,0.135000,0.135000,0.135000,0.114000
72,0.145000,0.135000,0.135000,0.135000,0.135000,0.145000,0.145000,0.145000,0.145000,0.135000,0.135000,0.135000,0.114000
73,0.145000,0.135000,0.135000,0.135000,0.135000,0.145000,0.145000,0.145000,0.145000,0.135000,0.135000,0.135000,0.114000
74,0.145000,0.135000,0.135000,0.135000,0.135000,0.145000,0.145000,0.145000,0.145000,0.135000,0.135000,0.135000,0.114000
75,0.145000,0.135000,0.135000,0.135000,0.135000,0.145000,0.145000,0.145000,0.145000,0.135000,0.135000,0.135000,0.114000
76,0.145000,0.135000,0.135000,0.135000,0.135000,0.145000,0.145000,0.145000,0.145000,0.135000,0.135000,0.135000,0.114000
77,0.145000,0.135000,0.135000,0.135000,0.135000,0.145000,0.145000,0.145000,0.145000,0.135000,0.135000,0.135000,0.114000
78,0.145000,0.135000,0.135000,0.135000,0.135000,0.145000,0.145000,0.135000,0.145000,0.135000,0.135000,0.135000,0.114000
79,0.145000,0.135000,0.135000,0.135000,0.135000,0.145000,0.145000,0.145000,0.145000,0.135000,0.135000,0.135000,0.114000
80,0.145000,0.135000,0.135000,0.135000,0.135000,0.145000,0.145000,0.145000,0.145000,0.135000,0.135000,0.135000,0.114000
81,0.145000,0.135000,0.135000,0.135000,0.135000,0.145000,0.145000,0.135000,0.145000,0.135000,0.135000,0.135000,0.114000
82,0.145000,0.135000,0.135000,0.135000,0.135000,0.145000,0.145000,0.145000,0.145000,0.135000,0.135000,0.135000,0.114000
83,0.145000,0.135000,0.135000,0.135000,0.135000,0.145000,0.145000,0.145000,0.145000,0.135000,0.135000,0.135000,0.114000
84,0.145000,0.135000,0.135000,0.135000,0.135000,0.145000,0.145000,0.145000,0.145000,0.135000,0.135000,0.135000,0.114000
85,0.145000,0.135000,0.135000,0.135000,0.135000,0.145000,0.145000,0.145000,0.145000,0.135000,0.135000,0.135000,0.114000
86,0.145000,0.135000,0.135000,0.135000,0.135000,0.145000,0.145000,0.145000,0.145000,0.135000,0.135000,0.135000,0.114000
87,0.145000,0.135000,0.135000,0.145000,0.135000,0.145000,0.145000,0.145000,0.145000,0.135000,0.135000,0.135000,0.114000
88,0.145000,0.135000,0.135000,0.145000,0.135000,0.145000,0.145000,0.145000,0.145000,0.135000,0.135000,0.135000,0.114000
89,0.145000,0.135000,0.135000,0.145000,0.135000,0.145000,0.145000,0.145000,0.145000,0.135000,0.135000,0.135000,0.114000
90,0.145000,0.135000,0.135000,0.145000,0.135000,0.145000,0.145000,0.145000,0.145000,0.135000,0.135000,0.135000,0.114000
91,0.145000,0.135000,0.135000,0.135000,0.135000,0.145000,0.145000,0.145000,0.145000,0.135000,0.135000,0.135000,0.114000
92,0.145000,0.135000,0.135000,0.145000,0.135000,0.145000,0.145000,0.145000,0.145000,0.135000,0.135000,0.135000,0.114000
93,0.145000,0.135000,0.135000,0.145000,0.135000,0.145000,0.145000,0.145000,0.145000,0.135000,0.135000,0.135000,0.114000
94,0.145000,0.135000,0.135000,0.145000,0.135000,0.145000,0.145000,0.145000,0.145000,0.135000,0.135000,0.135000,0.114000
95,0.145000,0.135000,0.135000,0.145000,0.135000,0.145000,0.145000,0.145000,0.145000,0.135000,0.135000,0.135000,0.114000
96,0.145000,0.135000,0.135000,0.145000,0.135000,0.145000,0.145000,0.145000,0.145000,0.135000,0.135000,0.135000,0.114000
97,0.145000,0.135000,0.135000,0.145000,0.135000,0.145000,0.145000,0.145000,0.145000,0.135000,0.135000,0.135000,0.114000
98,0.145000,0.135000,0.135000,0.145000,0.135000,0.145000,0.145000,0.145000,0.145000,0.135000,0.135000,0.135000,0.114000
99,0.145000,0.135000,0.135000,0.145000,0.135000,0.145000,0.145000,0.145000,0.145000,0.135000,0.135000,0.135000,0.114000
100,0.145000,0.135000,0.135000,0.145000,0.135000,0.145000,0.145000,0.145000,0.145000,0.135000,0.135000,0.135000,0.114000
101,0.145000,0.135000,0.135000,0.145000,0.135000,0.145000,0.145000,0.145000,0.145000,0.135000,0.135000,0.135000,0.114000
102,0.145000,0.135000,0.135000,0.145000,0.135000,0.145000,0.145000,0.145000,0.145000,0.135000,0.135000,0.135000,0.114000
103,0.145000,0.135000,0.135000,0.145000,0.135000,0.145000,0.145000,0.145000,0.145000,0.135000,0.135000,0.135000,0.114000
104,0.145000,0.135000,0.135000,0.145000,0.135000,0.145000,0.145000,0.145000,0.145000,0.135000,0.135000,0.135000,0.114000
105,0.145000,0.135000,0.135000,0.145000,0.135000,0.145000,0.145000,0.145000,0.145000,0.135000,0.135000,0.135000,0.114000
106,0.145000,0.135000,0.135000,0.145000,0.135000,0.145000,0.145000,0.145000,0.145000,0.135000,0.135000,0.135000,0.114000
107,0.145000,0.135000,0.135000,0.145000,0.135000,0.145000,0.145000,0.145000,0.145000,0.135000,0.135000,0.135000,0.114000
108,0.145000,0.135000,0.135000,0.145000,0.135000,0.145000,0.145000,0.145000,0.145000,0.135000,0.135000,0.135000,0.114000
109,0.145000,0.135000,0.135000,0.145000,0.135000,0.145000,0.145000,0.145000,0.145000,0.135000,0.135000,0.135000,0.114000
110,0.145000,0.135000,0.135000,0.145000,0.135000,0.145000,0.145000,0.145000,0.145000,0.135000,0.135000,0.135000,0.114000
111,0.145000,0.135000,0.135000,0.145000,0.135000,0.145000,0.145000,0.145000,0.145000,0.135000,0.135000,0.135000,0.114000
112,0.145000,0.135000,0.135000,0.145000,0.135000,0.145000,0.145000,0.145000,0.145000,0.135000,0.135000,0.135000,0.114000
113,0.145000,0.135000,0.135000,0.145000,0.135000,0.145000,0.145000,0.145000,0.145000,0.135000,0.135000,0.135000,0.114000
114,0.145000,0.135000,0.135000,0.145000,0.135000,0.145000,0.145000,0.145000,0.145000,0.135000,0.135000,0.135000,0.114000
115,0.145000,0.135000,0.135000,0.145000,0.135000,0.145000,0.145000,0.145000,0.145000,0.135000,0.135000,0.135000,0.114000
116,0.145000,0.135000,0.135000,0.145000,0.135000,0.145000,0.145000,0.145000,0.145000,0.135000,0.135000,0.135000,0.114000
117,0.145000,0.135000,0.135000,0.145000,0.135000,0.145000,0.145000,0.145000,0.145000,0.135000,0.135000,0.135000,0.114000
118,0.145000,0.135000,0.135000,0.145000,0.135000,0.145000,0.145000,0.145000,0.145000,0.135000,0.135000,0.135000,0.114000
119,0.145000,0.135000,0.135000,0.145000,0.135000,0.145000,0.145000,0.145000,0.145000,0.135000,0.135000,0.135000,0.114000
120,0.145000,0.135000,0.135000,0.145000,0.135000,0.145000,0.145000,0.145000,0.145000,0.135000,0.135000,0.135000,0.114000
121,0.145000,0.135000,0.135000,0.145000,0.135000,0.145000,0.145000,0.145000,0.145000,0.135000,0.135000,0.135000,0.114000
122,0.145000,0.135000,0.135000,0.145000,0.135000,0.145000,0.145000,0.145000,0.145000,0.135000,0.135000,0.135000,0.114000
123,0.145000,0.135000,0.135000,0.145000,0.135000,0.145000,0.145000,0.145000,0.145000,0.135000,0.135000,0.135000,0.114000
124,0.145000,0.135000,0.135000,0.145000,0.135000,0.145000,0.145000,0.145000,0.145000,0.135000,0.135000,0.135000,0.114000
125,0.145000,0.135000,0.135000,0.145000,0.135000,0.145000,0.145000,0.145000,0.145000,0.135000,0.135000,0.135000,0.114000
126,0.145000,0.135000,0.135000,0.145000,0.135000,0.145000,0.145000,0.145000,0.145000,0.135000,0.135000,0.135000,0.114000
127,0.145000,0.135000,0.135000,0.145000,0.135000,0.145000,0.145000,0.145000,0.145000,0.135000,0.135000,0.135000,0.114000
128,0.145000,0.135000,0.135000,0.145000,0.135000,0.145000,0.145000,0.145000,0.145000,0.135000,0.135000,0.135000,0.114000
129,0.145000,0.135000,0.135000,0.145000,0.135000,0.145000,0.145000,0.145000,0.145000,0.135000,0.135000,0.135000,0.114000
130,0.145000,0.135000,0.135000,0.145000,0.135000,0.145000,0.145000,0.145000,0.145000,0.135000,0.135000,0.135000,0.114000
131,0.145000,0.135000,0.135000,0.145000,0.135000,0.145000,0.145000,0.145000,0.145000,0.135000,0.135000,0.135000,0.114000
132,0.145000,0.135000,0.135000,0.145000,0.135000,0.145000,0.145000,0.145000,0.145000,0.135000,0.135000,0.135000,0.114000
133,0.145000,0.135000,0.135000,0.145000,0.135000,0.145000,0.145000,0.145000,0.145000,0.135000,0.135000,0.135000,0.114000
134,0.145000,0.135000,0.135000,0.145000,0.135000,0.145000,0.145000,0.145000,0.145000,0.135000,0.135000,0.135000,0.114000
135,0.145000,0.135000,0.135000,0.145000,0.135000,0.145000,0.145000,0.145000,0.145000,0.135000,0.135000,0.135000,0.114000
136,0.145000,0.135000,0.135000,0.145000,0.135000,0.145000,0.145000,0.145000,0.145000,0.135000,0.135000,0.135000,0.114000
137,0.145000,0.135000,0.135000,0.145000,0.135000,0.145000,0.145000,0.145000,0.145000,0.135000,0.135000,0.135000,0.114000
138,0.145000,0.135000,0.135000,0.145000,0.135000,0.145000,0.145000,0.145000,0.145000,0.135000,0.135000,0.135000,0.114000
139,0.145000,0.135000,0.135000,0.145000,0.135000,0.145000,0.145000,0.145000,0.145000,0.135000,0.135000,0.135000,0.114000
140,0.145000,0.135000,0.135000,0.145000,0.135000,0.145000,0.145000,0.145000,0.145000,0.135000,0.135000,0.145000,0.114000
141,0.145000,0.135000,0.135000,0.145000,0.135000,0.145000,0.145000,0.145000,0.145000,0.135000,0.135000,0.145000,0.114000
142,0.145000,0.135000,0.135000,0.145000,0.135000,0.145000,0.145000,0.145000,0.145000,0.135000,0.135000,0.145000,0.114000
143,0.145000,0.135000,0.135000,0.145000,0.135000,0.145000,0.145000,0.145000,0.145000,0.135000,0.135000,0.145000,0.114000
144,0.145000,0.135000,0.135000,0.145000,0.135000,0.145000,0.145000,0.145000,0.145000,0.135000,0.135000,0.145000,0.114000
145,0.145000,0.135000,0.135000,0.145000,0.135000,0.145000,0.145000,0.145000,0.145000,0.135000,0.135000,0.145000,0.114000
146,0.145000,0.135000,0.135000,0.145000,0.135000,0.145000,0.145000,0.145000,0.145000,0.135000,0.135000,0.135000,0.114000
147,0.145000,0.135000,0.135000,0.145000,0.135000,0.145000,0.145000,0.145000,0.145000,0.135000,0.135000,0.135000,0.114000
148,0.145000,0.135000,0.135000,0.145000,0.135000,0.145000,0.145000,0.145000,0.145000,0.135000,0.135000,0.135000,0.114000
149,0.145000,0.135000,0.135000,0.145000,0.135000,0.145000,0.145000,0.145000,0.145000,0.135000,0.135000,0.135000,0.114000
150,0.145000,0.135000,0.135000,0.145000,0.135000,0.145000,0.145000,0.145000,0.145000,0.135000,0.135000,0.135000,0.114000
151,0.145000,0.135000,0.135000,0.145000,0.135000,0.145000,0.145000,0.145000,0.145000,0.135000,0.135000,0.135000,0.114000
152,0.145000,0.135000,0.135000,0.145000,0.135000,0.145000,0.145000,0.145000,0.145000,0.135000,0.135000,0.135000,0.114000
153,0.145000,0.135000,0.135000,0.145000,0.135000,0.145000,0.145000,0.145000,0.145000,0.135000,0.135000,0.135000,0.114000
154,0.145000,0.135000,0.135000,0.145000,0.135000,0.145000,0.145000,0.145000,0.145000,0.135000,0.135000,0.135000,0.114000
155,0.145000,0.135000,0.135000,0.145000,0.135000,0.145000,0.145000,0.145000,0.145000,0.135000,0.135000,0.135000,0.114000
156,0.145000,0.135000,0.135000,0.145000,0.135000,0.145000,0.145000,0.145000,0.145000,0.135000,0.135000,0.135000,0.114000
157,0.145000,0.135000,0.135000,0.145000,0.135000,0.145000,0.145000,0.145000,0.145000,0.135000,0.135000,0.135000,0.114000
158,0.145000,0.135000,0.135000,0.145000,0.135000,0.145000,0.145000,0.145000,0.145000,0.135000,0.135000,0.135000,0.114000
159,0.145000,0.135000,0.135000,0.145000,0.135000,0.145000,0.145000,0.145000,0.145000,0.135000,0.135000,0.135000,0.114000
160,0.145000,0.135000,0.135000,0.145000,0.135000,0.145000,0.145000,0.145000,0.145000,0.135000,0.135000,0.135000,0.114000
161,0.145000,0.135000,0.135000,0.145000,0.135000,0.145000,0.145000,0.145000,0.145000,0.135000,0.135000,0.135000,0.114000
162,0.145000,0.135000,0.135000,0.145000,0.135000,0.145000,0.145000,0.145000,0.145000,0.135000,0.135000,0.135000,0.114000
163,0.145000,0.135000,0.135000,0.145000,0.135000,0.145000,0.145000,0.145000,0.145000,0.135000,0.135000,0.135000,0.114000
164,0.145000,0.135000,0.135000,0.145000,0.135000,0.145000,0.145000,0.145000,0.145000,0.135000,0.135000,0.135000,0.114000
165,0.145000,0.135000,0.135000,0.145000,0.135000,0.145000,0.145000,0.145000,0.145000,0.135000,0.135000,0.135000,0.114000
166,0.145000,0.135000,0.135000,0.145000,0.135000,0.145000,0.145000,0.145000,0.145000,0.135000,0.135000,0.135000,0.114000
167,0.145000,0.135000,0.135000,0.145000,0.135000,0.145000,0.145000,0.145000,0.145000,0.135000,0.135000,0.135000,0.114000
168,0.145000,0.135000,0.135000,0.145000,0.135000,0.145000,0.145000,0.145000,0.145000,0.135000,0.135000,0.135000,0.114000
169,0.145000,0.135000,0.135000,0.145000,0.135000,0.145000,0.145000,0.145000,0.145000,0.135000,0.135000,0.135000,0.114000
170,0.145000,0.135000,0.135000,0.145000,0.135000,0.145000,0.145000,0.145000,0.145000,0.135000,0.135000,0.135000,0.114000
171,0.145000,0.135000,0.135000,0.145000,0.135000,0.145000,0.145000,0.145000,0.145000,0.135000,0.135000,0.135000,0.114000
172,0.145000,0.135000,0.135000,0.145000,0.135000,0.145000,0.145000,0.145000,0.145000,0.135000,0.135000,0.135000,0.114000
173,0.145000,0.135000,0.135000,0.145000,0.135000,0.145000,0.145000,0.145000,0.145000,0.135000,0.135000,0.135000,0.114000
174,0.145000,0.135000,0.135000,0.145000,0.135000,0.145000,0.145000,0.145000,0.145000,0.135000,0.135000,0.135000,0.114000
175,0.145000,0.135000,0.135000,0.145000,0.135000,0.145000,0.145000,0.145000,0.145000,0.135000,0.135000,0.135000,0.114000
176,0.145000,0.135000,0.135000,0.145000,0.135000,0.145000,0.145000,0.145000,0.145000,0.135000,0.135000,0.135000,0.114000
177,0.145000,0.135000,0.135000,0.145000,0.135000,0.145000,0.145000,0.145000,0.145000,0.135000,0.135000,0.135000,0.114000
178,0.145000,0.135000,0.135000,0.145000,0.135000,0.145000,0.145000,0.145000,0.145000,0.135000,0.135000,0.135000,0.114000
179,0.145000,0.135000,0.135000,0.145000,0.135000,0.145000,0.145000,0.145000,0.145000,0.135000,0.135000,0.135000,0.114000
180,0.145000,0.135000,0.135000,0.145000,0.135000,0.145000,0.145000,0.145000,0.145000,0.135000,0.135000,0.135000,0.114000
181,0.145000,0.135000,0.135000,0.145000,0.135000,0.145000,0.145000,0.145000,0.145000,0.135000,0.135000,0.135000,0.114000
182,0.145000,0.135000,0.135000,0.145000,0.135000,0.145000,0.145000,0.145000,0.145000,0.135000,0.135000,0.135000,0.114000
183,0.145000,0.135000,0.135000,0.145000,0.135000,0.145000,0.145000,0.145000,0.145000,0.135000,0.135000,0.135000,0.114000
184,0.145000,0.135000,0.135000,0.145000,0.135000,0.145000,0.145000,0.145000,0.145000,0.135000,0.135000,0.135000,0.114000
185,0.145000,0.135000,0.135000,0.145000,0.135000,0.145000,0.145000,0.145000,0.145000,0.135000,0.135000,0.135000,0.114000
186,0.145000,0.135000,0.135000,0.145000,0.135000,0.145000,0.145000,0.145000,0.145000,0.135000,0.135000,0.135000,0.114000
187,0.145000,0.135000,0.135000,0.145000,0.135000,0.145000,0.145000,0.145000,0.145000,0.135000,0.135000,0.135000,0.114000
188,0.145000,0.135000,0.135000,0.145000,0.135000,0.145000,0.145000,0.145000,0.145000,0.135000,0.135000,0.135000,0.114000
189,0.145000,0.135000,0.135000,0.145000,0.135000,0.145000,0.145000,0.145000,0.145000,0.135000,0.135000,0.135000,0.114000
190,0.145000,0.135000,0.135000,0.145000,0.135000,0.145000,0.145000,0.145000,0.145000,0.135000,0.135000,0.135000,0.114000
191,0.145000,0.135000,0.135000,0.145000,0.135000,0.145000,0.145000,0.145000,0.145000,0.135000,0.135000,0.135000,0.114000
192,0.145000,0.135000,0.135000,0.145000,0.135000,0.145000,0.145000,0.145000,0.145000,0.135000,0.135000,0.135000,0.114000
193,0.145000,0.135000,0.135000,0.145000,0.135000,0.145000,0.145000,0.145000,0.145000,0.135000,0.135000,0.135000,0.114000
194,0.145000,0.135000,0.135000,0.145000,0.135000,0.145000,0.145000,0.145000,0.145000,0.135000,0.135000,0.135000,0.114000
195,0.145000,0.135000,0.135000,0.145000,0.135000,0.145000,0.145000,0.145000,0.145000,0.135000,0.135000,0.135000,0.114000
196,0.145000,0.135000,0.135000,0.145000,0.135000,0.145000,0.145000,0.145000,0.145000,0.135000,0.135000,0.135000,0.114000
197,0.145000,0.135000,0.135000,0.145000,0.135000,0.145000,0.145000,0.145000,0.145000,0.135000,0.135000,0.135000,0.114000
198,0.145000,0.135000,0.135000,0.145000,0.135000,0.145000,0.145000,0.145000,0.145000,0.135000,0.135000,0.135000,0.114000
199,0.145000,0.135000,0.135000,0.145000,0.135000,0.145000,0.145000,0.145000,0.145000,0.135000,0.135000,0.135000,0.114000
200,0.145000,0.135000,0.135000,0.145000,0.135000,0.145000,0.145000,0.145000,0.145000,0.135000,0.135000,0.135000,0.114000
201,0.145000,0.135000,0.135000,0.145000,0.135000,0.145000,0.145000,0.145000,0.145000,0.135000,0.135000,0.135000,0.114000
202,0.145000,0.135000,0.135000,0.145000,0.135000,0.145000,0.145000,0.145000,0.145000,0.135000,0.135000,0.135000,0.114000
203,0.145000,0.135000,0.135000,0.145000,0.135000,0.145000,0.145000,0.145000,0.145000,0.135000,0.135000,0.135000,0.114000
204,0.145000,0.135000,0.135000,0.145000,0.135000,0.145000,0.145000,0.145000,0.145000,0.135000,0.135000,0.135000,0.114000
205,0.145000,0.135000,0.135000,0.145000,0.135000,0.145000,0.145000,0.145000,0.145000,0.135000,0.135000,0.135000,0.114000
206,0.145000,0.135000,0.135000,0.145000,0.135000,0.145000,0.145000,0.145000,0.145000,0.135000,0.135000,0.135000,0.114000
207,0.145000,0.135000,0.135000,0.145000,0.135000,0.145000,0.145000,0.145000,0.145000,0.135000,0.135000,0.135000,0.114000
208,0.145000,0.135000,0.135000,0.145000,0.135000,0.145000,0.145000,0.145000,0.145000,0.135000,0.135000,0.135000,0.114000
209,0.145000,0.135000,0.135000,0.145000,0.135000,0.145000,0.145000,0.145000,0.145000,0.135000,0.135000,0.135000,0.114000
210,0.145000,0.135000,0.135000,0.145000,0.135000,0.145000,0.145000,0.145000,0.145000,0.135000,0.135000,0.135000,0.114000
211,0.145000,0.135000,0.135000,0.145000,0.135000,0.145000,0.145000,0.145000,0.145000,0.135000,0.135000,0.135000,0.114000
212,0.145000,0.135000,0.135000,0.145000,0.135000,0.145000,0.145000,0.145000,0.145000,0.135000,0.135000,0.135000,0.114000
213,0.145000,0.135000,0.135000,0.145000,0.135000,0.145000,0.145000,0.145000,0.145000,0.135000,0.135000,0.135000,0.114000
214,0.145000,0.135000,0.135000,0.145000,0.135000,0.145000,0.145000,0.145000,0.145000,0.135000,0.135000,0.135000,0.114000
215,0.145000,0.135000,0.135000,0.145000,0.135000,0.145000,0.145000,0.145000,0.145000,0.135000,0.135000,0.135000,0.114000
216,0.145000,0.135000,0.135000,0.145000,0.135000,0.145000,0.145000,0.145000,0.145000,0.135000,0.135000,0.135000,0.114000
217,0.145000,0.135000,0.135000,0.145000,0.135000,0.145000,0.145000,0.145000,0.145000,0.135000,0.135000,0.135000,0.114000
218,0.145000,0.135000,0.135000,0.145000,0.135000,0.145000,0.145000,0.145000,0.145000,0.135000,0.135000,0.135000,0.114000
219,0.145000,0.135000,0.135000,0.145000,0.135000,0.145000,0.145000,0.145000,0.145000,0.135000,0.135000,0.135000,0.114000
220,0.145000,0.135000,0.135000,0.145000,0.135000,0.145000,0.145000,0.145000,0.145000,0.135000,0.135000,0.135000,0.114000
221,0.145000,0.135000,0.135000,0.145000,0.135000,0.145000,0.145000,0.145000,0.145000,0.135000,0.135000,0.135000,0.114000
222,0.145000,0.135000,0.135000,0.145000,0.135000,0.145000,0.145000,0.145000,0.145000,0.135000,0.135000,0.135000,0.114000
223,0.145000,0.135000,0.135000,0.145000,0.135000,0.145000,0.145000,0.145000,0.145000,0.135000,0.135000,0.135000,0.114000
224,0.145000,0.135000,0.135000,0.145000,0.135000,0.145000,0.145000,0.145000,0.145000,0.135000,0.135000,0.135000,0.114000
225,0.145000,0.135000,0.135000,0.145000,0.135000,0.145000,0.145000,0.145000,0.145000,0.135000,0.135000,0.135000,0.114000
226,0.145000,0.135000,0.135000,0.145000,0.135000,0.145000,0.145000,0.145000,0.145000,0.135000,0.135000,0.135000,0.114000
227,0.145000,0.135000,0.135000,0.145000,0.135000,0.145000,0.145000,0.145000,0.145000,0.135000,0.135000,0.135000,0.114000
228,0.145000,0.135000,0.135000,0.145000,0.135000,0.145000,0.145000,0.145000,0.145000,0.135000,0.135000,0.135000,0.114000
229,0.145000,0.135000,0.135000,0.145000,0.135000,0.145000,0.145000,0.145000,0.145000,0.135000,0.135000,0.135000,0.114000
230,0.145000,0.135000,0.135000,0.145000,0.135000,0.145000,0.145000,0.145000,0.145000,0.135000,0.135000,0.135000,0.114000
231,0.145000,0.135000,0.135000,0.145000,0.135000,0.145000,0.145000,0.145000,0.145000,0.135000,0.135000,0.135000,0.114000
232,0.145000,0.135000,0.135000,0.145000,0.135000,0.145000,0.145000,0.145000,0.145000,0.135000,0.135000,0.135000,0.114000
233,0.145000,0.135000,0.135000,0.145000,0.135000,0.145000,0.145000,0.145000,0.145000,0.135000,0.135000,0.135000,0.114000
234,0.145000,0.135000,0.135000,0.145000,0.135000,0.145000,0.145000,0.145000,0.145000,0.135000,0.135000,0.135000,0.114000
235,0.145000,0.135000,0.135000,0.145000,0.135000,0.145000,0.145000,0.145000,0.145000,0.135000,0.135000,0.135000,0.114000
236,0.145000,0.135000,0.135000,0.145000,0.135000,0.145000,0.145000,0.145000,0.145000,0.135000,0.135000,0.135000,0.114000
237,0.145000,0.135000,0.135000,0.145000,0.135000,0.145000,0.145000,0.145000,0.145000,0.135000,0.135000,0.135000,0.114000
238,0.145000,0.135000,0.135000,0.145000,0.135000,0.145000,0.145000,0.145000,0.145000,0.135000,0.135000,0.135000,0.114000
239,0.145000,0.135000,0.135000,0.145000,0.135000,0.145000,0.145000,0.145000,0.145000,0.135000,0.135000,0.135000,0.114000
240,0.145000,0.135000,0.135000,0.145000,0.135000,0.145000,0.145000,0.145000,0.145000,0.135000,0.135000,0.135000,0.114000
241,0.145000,0.135000,0.135000,0.145000,0.135000,0.145000,0.145000,0.145000,0.145000,0.135000,0.135000,0.135000,0.114000
242,0.145000,0.135000,0.135000,0.145000,0.135000,0.145000,0.145000,0.145000,0.145000,0.135000,0.135000,0.135000,0.114000
243,0.145000,0.135000,0.135000,0.145000,0.135000,0.145000,0.145000,0.145000,0.145000,0.135000,0.135000,0.135000,0.114000
244,0.145000,0.135000,0.135000,0.145000,0.135000,0.145000,0.145000,0.145000,0.145000,0.135000,0.135000,0.135000,0.114000
245,0.145000,0.135000,0.135000,0.145000,0.135000,0.145000,0.145000,0.145000,0.145000,0.135000,0.135000,0.135000,0.114000
246,0.145000,0.135000,0.135000,0.145000,0.135000,0.145000,0.145000,0.145000,0.145000,0.135000,0.135000,0.135000,0.114000
247,0.145000,0.135000,0.135000,0.145000,0.135000,0.145000,0.145000,0.145000,0.145000,0.135000,0.135000,0.135000,0.114000
248,0.145000,0.135000,0.135000,0.145000,0.135000,0.145000,0.145000,0.145000,0.145000,0.135000,0.135000,0.135000,0.114000
249,0.145000,0.135000,0.135000,0.145000,0.135000,0.145000,0.145000,0.145000,0.145000,0.135000,0.135000,0.135000,0.114000
250,0.145000,0.135000,0.135000,0.145000,0.135000,0.145000,0.145000,0.145000,0.145000,0.135000,0.135000,0.135000,0.114000
251,0.145000,0.135000,0.135000,0.145000,0.135000,0.145000,0.145000,0.145000,0.145000,0.135000,0.135000,0.135000,0.114000
252,0.145000,0.135000,0.135000,0.145000,0.135000,0.145000,0.145000,0.145000,0.145000,0.135000,0.135000,0.135000,0.114000
253,0.145000,0.135000,0.135000,0.145000,0.135000,0.145000,0.145000,0.145000,0.145000,0.135000,0.135000,0.135000,0.114000
254,0.145000,0.135000,0.135000,0.145000,0.135000,0.145000,0.145000,0.145000,0.145000,0.135000,0.135000,0.135000,0.114000
255,0.145000,0.135000,0.135000,0.145000,0.135000,0.145000,0.145000,0.145000,0.145000,0.135000,0.135000,0.135000,0.114000
256,0.145000,0.135000,0.135000,0.145000,0.135000,0.145000,0.145000,0.145000,0.145000,0.135000,0.135000,0.135000,0.114000
257,0.145000,0.135000,0.135000,0.145000,0.135000,0.145000,0.145000,0.145000,0.145000,0.135000,0.135000,0.135000,0.114000
258,0.145000,0.135000,0.135000,0.145000,0.135000,0.145000,0.145000,0.145000,0.145000,0.135000,0.135000,0.135000,0.114000
259,0.145000,0.135000,0.135000,0.145000,0.135000,0.145000,0.145000,0.145000,0.145000,0.135000,0.135000,0.135000,0.114000
260,0.145000,0.135000,0.135000,0.145000,0.135000,0.145000,0.145000,0.145000,0.145000,0.135000,0.135000,0.135000,0.114000
261,0.145000,0.135000,0.135000,0.145000,0.135000,0.145000,0.145000,0.145000,0.145000,0.135000,0.135000,0.135000,0.114000
262,0.145000,0.135000,0.135000,0.145000,0.135000,0.145000,0.145000,0.145000,0.145000,0.135000,0.135000,0.135000,0.114000
263,0.145000,0.135000,0.135000,0.145000,0.135000,0.145000,0.145000,0.145000,0.145000,0.135000,0.135000,0.135000,0.114000
264,0.145000,0.135000,0.135000,0.145000,0.135000,0.145000,0.145000,0.145000,0.145000,0.135000,0.135000,0.135000,0.114000
265,0.145000,0.135000,0.135000,0.145000,0.135000,0.145000,0.145000,0.145000,0.145000,0.135000,0.135000,0.135000,0.114000
266,0.145000,0.135000,0.135000,0.145000,0.135000,0.145000,0.145000,0.145000,0.145000,0.135000,0.135000,0.135000,0.114000
267,0.145000,0.135000,0.135000,0.145000,0.135000,0.145000,0.145000,0.145000,0.145000,0.135000,0.135000,0.135000,0.114000
268,0.145000,0.135000,0.135000,0.145000,0.135000,0.145000,0.145000,0.145000,0.145000,0.135000,0.135000,0.135000,0.114000
269,0.145000,0.135000,0.135000,0.145000,0.135000,0.145000,0.145000,0.145000,0.145000,0.135000,0.135000,0.135000,0.114000
270,0.145000,0.135000,0.135000,0.145000,0.135000,0.145000,0.145000,0.145000,0.145000,0.135000,0.135000,0.135000,0.114000
271,0.145000,0.135000,0.135000,0.145000,0.135000,0.145000,0.145000,0.145000,0.145000,0.135000,0.135000,0.135000,0.114000
272,0.145000,0.135000,0.135000,0.145000,0.135000,0.145000,0.145000,0.145000,0.145000,0.135000,0.135000,0.135000,0.114000
273,0.145000,0.135000,0.135000,0.145000,0.135000,0.145000,0.145000,0.145000,0.145000,0.135000,0.135000,0.135000,0.114000
274,0.145000,0.135000,0.135000,0.145000,0.135000,0.145000,0.145000,0.145000,0.145000,0.135000,0.135000,0.135000,0.114000
275,0.145000,0.135000,0.135000,0.145000,0.135000,0.145000,0.145000,0.145000,0.145000,0.135000,0.135000,0.135000,0.114000
276,0.145000,0.135000,0.135000,0.145000,0.135000,0.145000,0.145000,0.145000,0.145000,0.135000,0.135000,0.135000,0.114000
277,0.145000,0.135000,0.135000,0.145000,0.135000,0.145000,0.145000,0.145000,0.145000,0.135000,0.135000,0.135000,0.114000
278,0.145000,0.135000,0.135000,0.145000,0.135000,0.145000,0.145000,0.145000,0.145000,0.135000,0.135000,0.135000,0.114000
279,0.145000,0.135000,0.135000,0.145000,0.135000,0.145000,0.145000,0.145000,0.145000,0.135000,0.135000,0.135000,0.114000
280,0.145000,0.135000,0.135000,0.145000,0.135000,0.145000,0.145000,0.145000,0.145000,0.135000,0.135000,0.135000,0.114000
281,0.145000,0.135000,0.135000,0.145000,0.135000,0.145000,0.145000,0.145000,0.145000,0.135000,0.135000,0.135000,0.114000
282,0.145000,0.135000,0.135000,0.145000,0.135000,0.145000,0.145000,0.145000,0.145000,0.135000,0.135000,0.135000,0.114000
283,0.145000,0.135000,0.135000,0.145000,0.135000,0.145000,0.145000,0.145000,0.145000,0.135000,0.135000,0.135000,0.114000
284,0.145000,0.135000,0.135000,0.145000,0.135000,0.145000,0.145000,0.145000,0.145000,0.135000,0.135000,0.135000,0.114000
285,0.145000,0.135000,0.135000,0.145000,0.135000,0.145000,0.145000,0.145000,0.145000,0.135000,0.135000,0.135000,0.114000
286,0.145000,0.135000,0.135000,0.145000,0.135000,0.145000,0.145000,0.145000,0.145000,0.135000,0.135000,0.135000,0.114000
287,0.145000,0.135000,0.135000,0.145000,0.135000,0.145000,0.145000,0.145000,0.145000,0.135000,0.135000,0.135000,0.114000
288,0.145000,0.135000,0.135000,0.145000,0.135000,0.145000,0.145000,0.145000,0.145000,0.135000,0.135000,0.135000,0.114000
289,0.145000,0.135000,0.135000,0.145000,0.135000,0.145000,0.145000,0.145000,0.145000,0.135000,0.135000,0.135000,0.114000
290,0.145000,0.135000,0.135000,0.145000,0.135000,0.145000,0.145000,0.145000,0.145000,0.135000,0.135000,0.135000,0.114000
291,0.145000,0.135000,0.135000,0.145000,0.135000,0.145000,0.145000,0.145000,0.145000,0.135000,0.135000,0.135000,0.114000
292,0.145000,0.135000,0.135000,0.145000,0.135000,0.145000,0.145000,0.145000,0.145000,0.135000,0.135000,0.135000,0.114000
293,0.145000,0.135000,0.135000,0.145000,0.135000,0.145000,0.145000,0.145000,0.145000,0.135000,0.135000,0.135000,0.114000
294,0.145000,0.135000,0.135000,0.145000,0.135000,0.145000,0.145000,0.145000,0.145000,0.135000,0.135000,0.135000,0.114000
295,0.145000,0.135000,0.135000,0.145000,0.135000,0.145000,0.145000,0.145000,0.145000,0.135000,0.135000,0.135000,0.114000
296,0.145000,0.135000,0.135000,0.145000,0.135000,0.145000,0.145000,0.145000,0.145000,0.135000,0.135000,0.135000,0.114000
297,0.145000,0.135000,0.135000,0.145000,0.135000,0.145000,0.145000,0.145000,0.145000,0.135000,0.135000,0.135000,0.114000
298,0.145000,0.135000,0.135000,0.145000,0.135000,0.145000,0.145000,0.145000,0.145000,0.135000,0.135000,0.135000,0.114000
299,0.145000,0.135000,0.135000,0.145000,0.135000,0.145000,0.145000,0.145000,0.145000,0.135000,0.135000,0.135000,0.114000
300,0.145000,0.135000,0.135000,0.145000,0.135000,0.145000,0.145000,0.145000,0.145000,0.135000,0.135000,0.135000,0.114000
301,0.145000,0.135000,0.135000,0.145000,0.135000,0.145000,0.145000,0.145000,0.145000,0.135000,0.135000,0.135000,0.114000
302,0.145000,0.135000,0.135000,0.145000,0.135000,0.145000,0.145000,0.145000,0.145000,0.135000,0.135000,0.135000,0.114000
303,0.145000,0.135000,0.135000,0.145000,0.135000,0.145000,0.145000,0.145000,0.145000,0.135000,0.135000,0.135000,0.114000
304,0.145000,0.135000,0.135000,0.145000,0.135000,0.145000,0.145000,0.145000,0.145000,0.135000,0.135000,0.135000,0.114000
305,0.145000,0.135000,0.135000,0.145000,0.135000,0.145000,0.145000,0.145000,0.145000,0.135000,0.135000,0.135000,0.114000
306,0.145000,0.135000,0.135000,0.145000,0.135000,0.145000,0.145000,0.145000,0.145000,0.135000,0.135000,0.135000,0.114000
307,0.145000,0.135000,0.135000,0.145000,0.135000,0.145000,0.145000,0.145000,0.145000,0.135000,0.135000,0.135000,0.114000
308,0.145000,0.135000,0.135000,0.145000,0.135000,0.145000,0.145000,0.145000,0.145000,0.135000,0.135000,0.135000,0.114000
309,0.145000,0.135000,0.135000,0.145000,0.135000,0.145000,0.145000,0.145000,0.145000,0.135000,0.135000,0.135000,0.114000
310,0.145000,0.135000,0.135000,0.145000,0.135000,0.145000,0.145000,0.145000,0.145000,0.135000,0.135000,0.135000,0.114000
311,0.145000,0.135000,0.135000,0.145000,0.135000,0.145000,0.145000,0.145000,0.145000,0.135000,0.135000,0.135000,0.114000
312,0.145000,0.135000,0.135000,0.145000,0.135000,0.145000,0.145000,0.145000,0.145000,0.135000,0.135000,0.135000,0.114000
313,0.145000,0.135000,0.135000,0.145000,0.135000,0.145000,0.145000,0.145000,0.145000,0.135000,0.135000,0.135000,0.114000
314,0.145000,0.135000,0.135000,0.145000,0.135000,0.145000,0.145000,0.145000,0.145000,0.135000,0.135000,0.135000,0.114000
315,0.145000,0.135000,0.135000,0.145000,0.135000,0.145000,0.145000,0.145000,0.145000,0.135000,0.135000,0.135000,0.114000
316,0.145000,0.135000,0.135000,0.145000,0.135000,0.145000,0.145000,0.145000,0.145000,0.135000,0.135000,0.135000,0.114000
317,0.145000,0.135000,0.135000,0.145000,0.135000,0.145000,0.145000,0.145000,0.145000,0.135000,0.135000,0.135000,0.114000
318,0.145000,0.135000,0.135000,0.145000,0.135000,0.145000,0.145000,0.145000,0.145000,0.135000,0.135000,0.135000,0.114000
319,0.145000,0.135000,0.135000,0.145000,0.135000,0.145000,0.145000,0.145000,0.145000,0.135000,0.135000,0.135000,0.114000
320,0.145000,0.135000,0.135000,0.145000,0.135000,0.145000,0.145000,0.145000,0.145000,0.135000,0.135000,0.135000,0.114000
321,0.145000,0.135000,0.135000,0.145000,0.135000,0.145000,0.145000,0.145000,0.145000,0.135000,0.135000,0.135000,0.114000
322,0.145000,0.135000,0.135000,0.145000,0.135000,0.145000,0.145000,0.145000,0.145000,0.135000,0.135000,0.135000,0.114000
323,0.145000,0.135000,0.135000,0.145000,0.135000,0.145000,0.145000,0.145000,0.145000,0.135000,0.135000,0.135000,0.114000
324,0.145000,0.135000,0.135000,0.145000,0.135000,0.145000,0.145000,0.145000,0.145000,0.135000,0.135000,0.135000,0.114000
325,0.145000,0.135000,0.135000,0.145000,0.135000,0.145000,0.145000,0.145000,0.145000,0.135000,0.135000,0.135000,0.114000
326,0.145000,0.135000,0.135000,0.145000,0.135000,0.145000,0.145000,0.145000,0.145000,0.135000,0.135000,0.135000,0.114000
327,0.145000,0.135000,0.135000,0.145000,0.135000,0.145000,0.145000,0.145000,0.145000,0.135000,0.135000,0.135000,0.114000
328,0.145000,0.135000,0.135000,0.145000,0.135000,0.145000,0.145000,0.145000,0.145000,0.135000,0.135000,0.135000,0.114000
329,0.145000,0.135000,0.135000,0.145000,0.135000,0.145000,0.145000,0.145000,0.145000,0.135000,0.135000,0.135000,0.114000
330,0.145000,0.135000,0.135000,0.145000,0.135000,0.145000,0.145000,0.145000,0.145000,0.135000,0.135000,0.135000,0.114000
331,0.145000,0.135000,0.135000,0.145000,0.135000,0.145000,0.145000,0.145000,0.145000,0.135000,0.135000,0.135000,0.114000
332,0.145000,0.135000,0.135000,0.145000,0.135000,0.145000,0.145000,0.145000,0.145000,0.135000,0.135000,0.135000,0.114000
333,0.145000,0.135000,0.135000,0.145000,0.135000,0.145000,0.145000,0.145000,0.145000,0.135000,0.135000,0.135000,0.114000
334,0.145000,0.135000,0.135000,0.145000,0.135000,0.145000,0.145000,0.145000,0.145000,0.135000,0.135000,0.135000,0.114000
335,0.145000,0.135000,0.135000,0.145000,0.135000,0.145000,0.145000,0.145000,0.145000,0.135000,0.135000,0.135000,0.114000
336,0.145000,0.135000,0.135000,0.145000,0.135000,0.145000,0.145000,0.145000,0.145000,0.135000,0.135000,0.135000,0.114000
337,0.145000,0.135000,0.135000,0.145000,0.135000,0.145000,0.145000,0.145000,0.145000,0.135000,0.135000,0.135000,0.114000
338,0.145000,0.135000,0.135000,0.145000,0.135000,0.145000,0.145000,0.145000,0.145000,0.135000,0.135000,0.135000,0.114000
339,0.145000,0.135000,0.135000,0.145000,0.135000,0.145000,0.145000,0.145000,0.145000,0.135000,0.135000,0.135000,0.114000
340,0.145000,0.135000,0.135000,0.145000,0.135000,0.145000,0.145000,0.145000,0.145000,0.135000,0.135000,0.135000,0.114000
341,0.145000,0.135000,0.135000,0.145000,0.135000,0.145000,0.145000,0.145000,0.145000,0.135000,0.135000,0.135000,0.114000
342,0.145000,0.135000,0.135000,0.145000,0.135000,0.145000,0.145000,0.145000,0.145000,0.135000,0.135000,0.135000,0.114000
343,0.145000,0.135000,0.135000,0.145000,0.135000,0.145000,0.145000,0.145000,0.145000,0.135000,0.135000,0.135000,0.114000
344,0.145000,0.135000,0.135000,0.145000,0.135000,0.145000,0.145000,0.145000,0.145000,0.135000,0.135000,0.135000,0.114000
345,0.145000,0.135000,0.135000,0.145000,0.135000,0.145000,0.145000,0.145000,0.145000,0.135000,0.135000,0.135000,0.114000
346,0.145000,0.135000,0.135000,0.145000,0.135000,0.145000,0.145000,0.145000,0.145000,0.135000,0.135000,0.135000,0.114000
347,0.145000,0.135000,0.135000,0.145000,0.135000,0.145000,0.145000,0.145000,0.145000,0.135000,0.135000,0.135000,0.114000
348,0.145000,0.135000,0.135000,0.145000,0.135000,0.145000,0.145000,0.145000,0.145000,0.135000,0.135000,0.135000,0.114000
349,0.145000,0.135000,0.135000,0.145000,0.135000,0.145000,0.145000,0.145000,0.145000,0.135000,0.135000,0.135000,0.114000
350,0.145000,0.135000,0.135000,0.145000,0.135000,0.145000,0.145000,0.145000,0.145000,0.135000,0.135000,0.135000,0.114000
351,0.145000,0.135000,0.135000,0.145000,0.135000,0.145000,0.145000,0.145000,0.145000,0.135000,0.135000,0.135000,0.114000
352,0.145000,0.135000,0.135000,0.145000,0.135000,0.145000,0.145000,0.145000,0.145000,0.135000,0.135000,0.135000,0.114000
353,0.145000,0.135000,0.135000,0.145000,0.135000,0.145000,0.145000,0.145000,0.145000,0.135000,0.135000,0.135000,0.114000
354,0.145000,0.135000,0.135000,0.145000,0.135000,0.145000,0.145000,0.145000,0.145000,0.135000,0.135000,0.135000,0.114000
355,0.145000,0.135000,0.135000,0.145000,0.135000,0.145000,0.145000,0.145000,0.145000,0.135000,0.135000,0.135000,0.114000
356,0.145000,0.135000,0.135000,0.145000,0.135000,0.145000,0.145000,0.145000,0.145000,0.135000,0.135000,0.135000,0.114000
357,0.145000,0.135000,0.135000,0.145000,0.135000,0.145000,0.145000,0.145000,0.145000,0.135000,0.135000,0.135000,0.114000
358,0.145000,0.135000,0.135000,0.145000,0.135000,0.145000,0.145000,0.145000,0.145000,0.135000,0.135000,0.135000,0.114000
359,0.145000,0.135000,0.135000,0.145000,0.135000,0.145000,0.145000,0.145000,0.145000,0.135000,0.135000,0.135000,0.114000
360,0.145000,0.135000,0.135000,0.145000,0.135000,0.145000,0.145000,0.145000,0.145000,0.135000,0.135000,0.135000,0.114000
361,0.145000,0.135000,0.135000,0.145000,0.135000,0.145000,0.145000,0.145000,0.145000,0.135000,0.135000,0.135000,0.114000
362,0.145000,0.135000,0.135000,0.145000,0.135000,0.145000,0.145000,0.145000,0.145000,0.135000,0.135000,0.135000,0.114000
363,0.145000,0.135000,0.135000,0.145000,0.135000,0.145000,0.145000,0.145000,0.145000,0.135000,0.135000,0.135000,0.114000
364,0.145000,0.135000,0.135000,0.145000,0.135000,0.145000,0.145000,0.145000,0.145000,0.135000,0.135000,0.135000,0.114000
365,0.145000,0.135000,0.135000,0.145000,0.135000,0.145000,0.145000,0.145000,0.145000,0.135000,0.135000,0.135000,0.114000
366,0.145000,0.135000,0.135000,0.145000,0.135000,0.145000,0.145000,0.145000,0.145000,0.135000,0.135000,0.135000,0.114000
367,0.145000,0.135000,0.135000,0.145000,0.135000,0.145000,0.145000,0.145000,0.145000,0.135000,0.135000,0.135000,0.114000
368,0.145000,0.135000,0.135000,0.145000,0.135000,0.145000,0.145000,0.145000,0.145000,0.135000,0.135000,0.135000,0.114000
369,0.145000,0.135000,0.135000,0.145000,0.135000,0.145000,0.145000,0.145000,0.145000,0.135000,0.135000,0.135000,0.114000
370,0.145000,0.135000,0.135000,0.145000,0.135000,0.145000,0.145000,0.145000,0.145000,0.135000,0.135000,0.135000,0.114000
371,0.145000,0.135000,0.135000,0.145000,0.135000,0.145000,0.145000,0.145000,0.145000,0.135000,0.135000,0.135000,0.114000
372,0.145000,0.135000,0.135000,0.145000,0.135000,0.145000,0.145000,0.145000,0.145000,0.135000,0.135000,0.135000,0.114000
373,0.145000,0.135000,0.135000,0.145000,0.135000,0.145000,0.145000,0.145000,0.145000,0.135000,0.135000,0.135000,0.114000
374,0.145000,0.135000,0.135000,0.145000,0.135000,0.145000,0.145000,0.145000,0.145000,0.135000,0.135000,0.135000,0.114000
375,0.145000,0.135000,0.135000,0.145000,0.135000,0.145000,0.145000,0.145000,0.145000,0.135000,0.135000,0.135000,0.114000
376,0.145000,0.135000,0.135000,0.145000,0.135000,0.145000,0.145000,0.145000,0.145000,0.135000,0.135000,0.135000,0.114000
377,0.145000,0.135000,0.135000,0.145000,0.135000,0.145000,0.145000,0.145000,0.145000,0.135000,0.135000,0.135000,0.114000
378,0.145000,0.135000,0.135000,0.145000,0.135000,0.145000,0.145000,0.145000,0.145000,0.135000,0.135000,0.135000,0.114000
379,0.145000,0.135000,0.135000,0.145000,0.135000,0.145000,0.145000,0.145000,0.145000,0.135000,0.135000,0.135000,0.114000
380,0.145000,0.135000,0.135000,0.145000,0.135000,0.145000,0.145000,0.145000,0.145000,0.135000,0.135000,0.135000,0.114000
381,0.145000,0.135000,0.135000,0.145000,0.135000,0.145000,0.145000,0.145000,0.145000,0.135000,0.135000,0.135000,0.114000
382,0.145000,0.135000,0.135000,0.145000,0.135000,0.145000,0.145000,0.145000,0.145000,0.135000,0.135000,0.135000,0.114000
383,0.145000,0.135000,0.135000,0.145000,0.135000,0.145000,0.145000,0.145000,0.145000,0.135000,0.135000,0.135000,0.114000
384,0.145000,0.135000,0.135000,0.145000,0.135000,0.145000,0.145000,0.145000,0.145000,0.135000,0.135000,0.135000,0.114000
385,0.145000,0.135000,0.135000,0.145000,0.135000,0.145000,0.145000,0.145000,0.145000,0.135000,0.135000,0.135000,0.114000
386,0.145000,0.135000,0.135000,0.145000,0.135000,0.145000,0.145000,0.145000,0.145000,0.135000,0.135000,0.135000,0.114000
387,0.145000,0.135000,0.135000,0.145000,0.135000,0.145000,0.145000,0.145000,0.145000,0.135000,0.135000,0.135000,0.114000
388,0.145000,0.135000,0.135000,0.145000,0.135000,0.145000,0.145000,0.145000,0.145000,0.135000,0.135000,0.135000,0.114000
389,0.145000,0.135000,0.135000,0.145000,0.135000,0.145000,0.145000,0.145000,0.145000,0.135000,0.135000,0.135000,0.114000
390,0.145000,0.135000,0.135000,0.145000,0.135000,0.145000,0.145000,0.145000,0.145000,0.135000,0.135000,0.135000,0.114000
391,0.145000,0.135000,0.135000,0.145000,0.135000,0.145000,0.145000,0.145000,0.145000,0.135000,0.135000,0.135000,0.114000
392,0.145000,0.135000,0.135000,0.145000,0.135000,0.145000,0.145000,0.145000,0.145000,0.135000,0.135000,0.135000,0.114000
393,0.145000,0.135000,0.135000,0.145000,0.135000,0.145000,0.145000,0.145000,0.145000,0.135000,0.135000,0.135000,0.114000
394,0.145000,0.135000,0.135000,0.145000,0.135000,0.145000,0.145000,0.145000,0.145000,0.135000,0.135000,0.135000,0.114000
395,0.145000,0.135000,0.135000,0.145000,0.135000,0.145000,0.145000,0.145000,0.145000,0.135000,0.135000,0.135000,0.114000
396,0.145000,0.135000,0.135000,0.145000,0.135000,0.145000,0.145000,0.145000,0.145000,0.135000,0.135000,0.135000,0.114000
397,0.145000,0.135000,0.135000,0.145000,0.135000,0.145000,0.145000,0.145000,0.145000,0.135000,0.135000,0.135000,0.114000
398,0.145000,0.135000,0.135000,0.145000,0.135000,0.145000,0.145000,0.145000,0.145000,0.135000,0.135000,0.135000,0.114000
399,0.145000,0.135000,0.135000,0.145000,0.135000,0.145000,0.145000,0.145000,0.145000,0.135000,0.135000,0.135000,0.114000
400,0.145000,0.135000,0.135000,0.145000,0.135000,0.145000,0.145000,0.145000,0.145000,0.135000,0.135000,0.135000,0.114000
401,0.145000,0.135000,0.135000,0.145000,0.135000,0.145000,0.145000,0.145000,0.145000,0.135000,0.135000,0.135000,0.114000
402,0.145000,0.135000,0.135000,0.145000,0.135000,0.145000,0.145000,0.145000,0.145000,0.135000,0.135000,0.135000,0.114000
403,0.145000,0.135000,0.135000,0.145000,0.135000,0.145000,0.145000,0.145000,0.145000,0.135000,0.135000,0.135000,0.114000
404,0.145000,0.135000,0.135000,0.145000,0.135000,0.145000,0.145000,0.145000,0.145000,0.135000,0.135000,0.135000,0.114000
405,0.145000,0.135000,0.135000,0.145000,0.135000,0.145000,0.145000,0.145000,0.145000,0.135000,0.135000,0.135000,0.114000
406,0.145000,0.135000,0.135000,0.145000,0.135000,0.145000,0.145000,0.145000,0.145000,0.135000,0.135000,0.135000,0.114000
407,0.145000,0.135000,0.135000,0.145000,0.135000,0.145000,0.145000,0.145000,0.145000,0.135000,0.135000,0.135000,0.114000
408,0.145000,0.135000,0.135000,0.145000,0.135000,0.145000,0.145000,0.145000,0.145000,0.135000,0.135000,0.135000,0.114000
409,0.145000,0.135000,0.135000,0.145000,0.135000,0.145000,0.145000,0.145000,0.145000,0.135000,0.135000,0.135000,0.114000
410,0.145000,0.135000,0.135000,0.145000,0.135000,0.145000,0.145000,0.145000,0.145000,0.135000,0.135000,0.135000,0.114000
411,0.145000,0.135000,0.135000,0.145000,0.135000,0.145000,0.145000,0.145000,0.145000,0.135000,0.135000,0.135000,0.114000
412,0.145000,0.135000,0.135000,0.145000,0.135000,0.145000,0.145000,0.145000,0.145000,0.135000,0.135000,0.135000,0.114000
413,0.145000,0.135000,0.135000,0.145000,0.135000,0.145000,0.145000,0.145000,0.145000,0.135000,0.135000,0.135000,0.114000
414,0.145000,0.135000,0.135000,0.145000,0.135000,0.145000,0.145000,0.145000,0.145000,0.135000,0.135000,0.135000,0.114000
415,0.145000,0.135000,0.135000,0.145000,0.135000,0.145000,0.145000,0.145000,0.145000,0.135000,0.135000,0.135000,0.114000
416,0.145000,0.135000,0.135000,0.145000,0.135000,0.145000,0.145000,0.145000,0.145000,0.135000,0.135000,0.135000,0.114000
417,0.145000,0.135000,0.135000,0.145000,0.135000,0.145000,0.145000,0.145000,0.145000,0.135000,0.135000,0.135000,0.114000
418,0.145000,0.135000,0.135000,0.145000,0.135000,0.145000,0.145000,0.145000,0.145000,0.135000,0.135000,0.135000,0.114000
419,0.145000,0.135000,0.135000,0.145000,0.135000,0.145000,0.145000,0.145000,0.145000,0.135000,0.135000,0.135000,0.114000
420,0.145000,0.135000,0.135000,0.145000,0.135000,0.145000,0.145000,0.145000,0.145000,0.135000,0.135000,0.135000,0.114000
421,0.145000,0.135000,0.135000,0.145000,0.135000,0.145000,0.145000,0.145000,0.145000,0.135000,0.135000,0.135000,0.114000
422,0.145000,0.135000,0.135000,0.145000,0.135000,0.145000,0.145000,0.145000,0.145000,0.135000,0.135000,0.135000,0.114000
423,0.145000,0.135000,0.135000,0.145000,0.135000,0.145000,0.145000,0.145000,0.145000,0.135000,0.135000,0.135000,0.114000
424,0.145000,0.135000,0.135000,0.145000,0.135000,0.145000,0.145000,0.145000,0.145000,0.135000,0.135000,0.135000,0.114000
425,0.145000,0.135000,0.135000,0.145000,0.135000,0.145000,0.145000,0.145000,0.145000,0.135000,0.135000,0.135000,0.114000
426,0.145000,0.135000,0.135000,0.145000,0.135000,0.145000,0.145000,0.145000,0.145000,0.135000,0.135000,0.135000,0.114000
427,0.145000,0.135000,0.135000,0.145000,0.135000,0.145000,0.145000,0.145000,0.145000,0.135000,0.135000,0.135000,0.114000
428,0.145000,0.135000,0.135000,0.145000,0.135000,0.145000,0.145000,0.145000,0.145000,0.135000,0.135000,0.135000,0.114000
429,0.145000,0.135000,0.135000,0.145000,0.135000,0.145000,0.145000,0.145000,0.145000,0.135000,0.135000,0.135000,0.114000
430,0.145000,0.135000,0.135000,0.145000,0.135000,0.145000,0.145000,0.145000,0.145000,0.135000,0.135000,0.135000,0.114000
431,0.145000,0.135000,0.135000,0.145000,0.135000,0.145000,0.145000,0.145000,0.145000,0.135000,0.135000,0.135000,0.114000
432,0.145000,0.135000,0.135000,0.145000,0.135000,0.145000,0.145000,0.145000,0.145000,0.135000,0.135000,0.135000,0.114000
433,0.145000,0.135000,0.135000,0.145000,0.135000,0.145000,0.145000,0.145000,0.145000,0.135000,0.135000,0.135000,0.114000
434,0.145000,0.135000,0.135000,0.145000,0.135000,0.145000,0.145000,0.145000,0.145000,0.135000,0.135000,0.135000,0.114000
435,0.145000,0.135000,0.135000,0.145000,0.135000,0.145000,0.145000,0.145000,0.145000,0.135000,0.135000,0.135000,0.114000
436,0.145000,0.135000,0.135000,0.145000,0.135000,0.145000,0.145000,0.145000,0.145000,0.135000,0.135000,0.135000,0.114000
437,0.145000,0.135000,0.135000,0.145000,0.135000,0.145000,0.145000,0.145000,0.145000,0.135000,0.135000,0.135000,0.114000
438,0.145000,0.135000,0.135000,0.145000,0.135000,0.145000,0.145000,0.145000,0.145000,0.135000,0.135000,0.135000,0.114000
439,0.145000,0.135000,0.135000,0.145000,0.135000,0.145000,0.145000,0.145000,0.145000,0.135000,0.135000,0.135000,0.114000
440,0.145000,0.135000,0.135000,0.145000,0.135000,0.145000,0.145000,0.145000,0.145000,0.135000,0.135000,0.135000,0.114000
441,0.145000,0.135000,0.135000,0.145000,0.135000,0.145000,0.145000,0.145000,0.145000,0.135000,0.135000,0.135000,0.114000
442,0.145000,0.135000,0.135000,0.145000,0.135000,0.145000,0.145000,0.145000,0.145000,0.135000,0.135000,0.135000,0.114000
443,0.145000,0.135000,0.135000,0.145000,0.135000,0.145000,0.145000,0.145000,0.145000,0.135000,0.135000,0.135000,0.114000
444,0.145000,0.135000,0.135000,0.145000,0.135000,0.145000,0.145000,0.145000,0.145000,0.135000,0.135000,0.135000,0.114000
445,0.145000,0.135000,0.135000,0.145000,0.135000,0.145000,0.145000,0.145000,0.145000,0.135000,0.135000,0.135000,0.114000
446,0.145000,0.135000,0.135000,0.145000,0.135000,0.145000,0.145000,0.145000,0.145000,0.135000,0.135000,0.135000,0.114000
447,0.145000,0.135000,0.135000,0.145000,0.135000,0.145000,0.145000,0.145000,0.145000,0.135000,0.135000,0.135000,0.114000
448,0.145000,0.135000,0.135000,0.145000,0.135000,0.145000,0.145000,0.145000,0.145000,0.135000,0.135000,0.135000,0.114000
449,0.145000,0.135000,0.135000,0.145000,0.135000,0.145000,0.145000,0.145000,0.145000,0.135000,0.135000,0.135000,0.114000
450,0.145000,0.135000,0.135000,0.145000,0.135000,0.145000,0.145000,0.145000,0.145000,0.135000,0.135000,0.135000,0.114000
451,0.145000,0.135000,0.135000,0.145000,0.135000,0.145000,0.145000,0.145000,0.145000,0.135000,0.135000,0.135000,0.114000
452,0.145000,0.135000,0.135000,0.145000,0.135000,0.145000,0.145000,0.145000,0.145000,0.135000,0.135000,0.135000,0.114000
453,0.145000,0.135000,0.135000,0.145000,0.135000,0.145000,0.145000,0.145000,0.145000,0.135000,0.135000,0.135000,0.114000
454,0.145000,0.135000,0.135000,0.145000,0.135000,0.145000,0.145000,0.145000,0.145000,0.135000,0.135000,0.135000,0.114000
455,0.145000,0.135000,0.135000,0.145000,0.135000,0.145000,0.145000,0.145000,0.145000,0.135000,0.135000,0.135000,0.114000
456,0.145000,0.135000,0.135000,0.145000,0.135000,0.145000,0.145000,0.145000,0.145000,0.135000,0.135000,0.135000,0.114000
457,0.145000,0.135000,0.135000,0.145000,0.135000,0.145000,0.145000,0.145000,0.145000,0.135000,0.135000,0.135000,0.114000
458,0.145000,0.135000,0.135000,0.145000,0.135000,0.145000,0.145000,0.145000,0.145000,0.135000,0.135000,0.135000,0.114000
459,0.145000,0.135000,0.135000,0.145000,0.135000,0.145000,0.145000,0.145000,0.145000,0.135000,0.135000,0.135000,0.114000
460,0.145000,0.135000,0.135000,0.145000,0.135000,0.145000,0.145000,0.145000,0.145000,0.135000,0.135000,0.135000,0.114000
461,0.145000,0.135000,0.135000,0.145000,0.135000,0.145000,0.145000,0.145000,0.145000,0.135000,0.135000,0.135000,0.114000
462,0.145000,0.135000,0.135000,0.145000,0.135000,0.145000,0.145000,0.145000,0.145000,0.135000,0.135000,0.135000,0.114000
463,0.145000,0.135000,0.135000,0.145000,0.135000,0.145000,0.145000,0.145000,0.145000,0.135000,0.135000,0.135000,0.114000
464,0.145000,0.135000,0.135000,0.145000,0.135000,0.145000,0.145000,0.145000,0.145000,0.135000,0.135000,0.135000,0.114000
465,0.145000,0.135000,0.135000,0.145000,0.135000,0.145000,0.145000,0.145000,0.145000,0.135000,0.135000,0.135000,0.114000
466,0.145000,0.135000,0.135000,0.145000,0.135000,0.145000,0.145000,0.145000,0.145000,0.135000,0.135000,0.135000,0.114000
467,0.145000,0.135000,0.135000,0.145000,0.135000,0.145000,0.145000,0.145000,0.145000,0.135000,0.135000,0.135000,0.114000
468,0.145000,0.135000,0.135000,0.145000,0.135000,0.145000,0.145000,0.145000,0.145000,0.135000,0.135000,0.135000,0.114000
469,0.145000,0.135000,0.135000,0.145000,0.135000,0.145000,0.145000,0.145000,0.145000,0.135000,0.135000,0.135000,0.114000
470,0.145000,0.135000,0.135000,0.145000,0.135000,0.145000,0.145000,0.145000,0.145000,0.135000,0.135000,0.135000,0.114000
471,0.145000,0.135000,0.135000,0.145000,0.135000,0.145000,0.145000,0.145000,0.145000,0.135000,0.135000,0.135000,0.114000
472,0.145000,0.135000,0.135000,0.145000,0.135000,0.145000,0.145000,0.145000,0.145000,0.135000,0.135000,0.135000,0.114000
473,0.145000,0.135000,0.135000,0.145000,0.135000,0.145000,0.145000,0.145000,0.145000,0.135000,0.135000,0.135000,0.114000
474,0.145000,0.135000,0.135000,0.145000,0.135000,0.145000,0.145000,0.145000,0.145000,0.135000,0.135000,0.135000,0.114000
475,0.145000,0.135000,0.135000,0.145000,0.135000,0.145000,0.145000,0.145000,0.145000,0.135000,0.135000,0.135000,0.114000
476,0.145000,0.135000,0.135000,0.145000,0.135000,0.145000,0.145000,0.145000,0.145000,0.135000,0.135000,0.135000,0.114000
477,0.145000,0.135000,0.135000,0.145000,0.135000,0.145000,0.145000,0.145000,0.145000,0.135000,0.135000,0.135000,0.114000
478,0.145000,0.135000,0.135000,0.145000,0.135000,0.145000,0.145000,0.145000,0.145000,0.135000,0.135000,0.135000,0.114000
479,0.145000,0.135000,0.135000,0.145000,0.135000,0.145000,0.145000,0.145000,0.145000,0.135000,0.135000,0.135000,0.114000
480,0.145000,0.135000,0.135000,0.145000,0.135000,0.145000,0.145000,0.145000,0.145000,0.135000,0.135000,0.135000,0.114000
481,0.145000,0.135000,0.135000,0.145000,0.135000,0.145000,0.145000,0.145000,0.145000,0.135000,0.135000,0.135000,0.114000
482,0.145000,0.135000,0.135000,0.145000,0.135000,0.145000,0.145000,0.145000,0.145000,0.135000,0.135000,0.135000,0.114000
483,0.145000,0.135000,0.135000,0.145000,0.135000,0.145000,0.145000,0.145000,0.145000,0.135000,0.135000,0.135000,0.114000
484,0.145000,0.135000,0.135000,0.145000,0.135000,0.145000,0.145000,0.145000,0.145000,0.135000,0.135000,0.135000,0.114000
485,0.145000,0.135000,0.135000,0.145000,0.135000,0.145000,0.145000,0.145000,0.145000,0.135000,0.135000,0.135000,0.114000
486,0.145000,0.135000,0.135000,0.145000,0.135000,0.145000,0.145000,0.145000,0.145000,0.135000,0.135000,0.135000,0.114000
487,0.145000,0.135000,0.135000,0.145000,0.135000,0.145000,0.145000,0.145000,0.145000,0.135000,0.135000,0.135000,0.114000
488,0.145000,0.135000,0.135000,0.145000,0.135000,0.145000,0.145000,0.145000,0.145000,0.135000,0.135000,0.135000,0.114000
489,0.145000,0.135000,0.135000,0.145000,0.135000,0.145000,0.145000,0.145000,0.145000,0.135000,0.135000,0.135000,0.114000
490,0.145000,0.135000,0.135000,0.145000,0.135000,0.145000,0.145000,0.145000,0.145000,0.135000,0.135000,0.135000,0.114000
491,0.145000,0.135000,0.135000,0.145000,0.135000,0.145000,0.145000,0.145000,0.145000,0.135000,0.135000,0.135000,0.114000
492,0.145000,0.135000,0.135000,0.145000,0.135000,0.145000,0.145000,0.145000,0.145000,0.135000,0.135000,0.135000,0.114000
493,0.145000,0.135000,0.135000,0.145000,0.135000,0.145000,0.145000,0.145000,0.145000,0.135000,0.135000,0.135000,0.114000
494,0.145000,0.135000,0.135000,0.145000,0.135000,0.145000,0.145000,0.145000,0.145000,0.135000,0.135000,0.135000,0.114000
495,0.145000,0.135000,0.135000,0.145000,0.135000,0.145000,0.145000,0.145000,0.145000,0.135000,0.135000,0.135000,0.114000
496,0.145000,0.135000,0.135000,0.145000,0.135000,0.145000,0.145000,0.145000,0.145000,0.135000,0.135000,0.135000,0.114000
497,0.145000,0.135000,0.135000,0.145000,0.135000,0.145000,0.145000,0.145000,0.145000,0.135000,0.135000,0.135000,0.114000
498,0.145000,0.135000,0.135000,0.145000,0.135000,0.145000,0.145000,0.145000,0.145000,0.135000,0.135000,0.135000,0.114000
499,0.145000,0.135000,0.135000,0.145000,0.135000,0.145000,0.145000,0.145000,0.145000,0.135000,0.135000,0.135000,0.114000
500,0.145000,0.135000,0.135000,0.145000,0.135000,0.145000,0.145000,0.145000,0.145000,0.135000,0.135000,0.135000,0.114000
501,0.145000,0.135000,0.135000,0.145000,0.135000,0.145000,0.145000,0.145000,0.145000,0.135000,0.135000,0.135000,0.114000
502,0.145000,0.135000,0.135000,0.145000,0.135000,0.145000,0.145000,0.145000,0.145000,0.135000,0.135000,0.135000,0.114000
503,0.145000,0.135000,0.135000,0.145000,0.135000,0.145000,0.145000,0.145000,0.145000,0.135000,0.135000,0.135000,0.114000
504,0.145000,0.135000,0.135000,0.145000,0.135000,0.145000,0.145000,0.145000,0.145000,0.135000,0.135000,0.135000,0.114000
505,0.145000,0.135000,0.135000,0.145000,0.135000,0.145000,0.145000,0.145000,0.145000,0.135000,0.135000,0.135000,0.114000
506,0.145000,0.135000,0.135000,0.145000,0.135000,0.145000,0.145000,0.145000,0.145000,0.135000,0.135000,0.135000,0.114000
507,0.145000,0.135000,0.135000,0.145000,0.135000,0.145000,0.145000,0.145000,0.145000,0.135000,0.135000,0.135000,0.114000
508,0.145000,0.135000,0.135000,0.145000,0.135000,0.145000,0.145000,0.145000,0.145000,0.135000,0.135000,0.135000,0.114000
509,0.145000,0.135000,0.135000,0.145000,0.135000,0.145000,0.145000,0.145000,0.145000,0.135000,0.135000,0.135000,0.114000
510,0.145000,0.135000,0.135000,0.145000,0.135000,0.145000,0.145000,0.145000,0.145000,0.135000,0.135000,0.135000,0.114000
511,0.145000,0.135000,0.135000,0.145000,0.135000,0.145000,0.145000,0.145000,0.145000,0.135000,0.135000,0.135000,0.114000
512,0.145000,0.135000,0.135000,0.145000,0.135000,0.145000,0.145000,0.145000,0.145000,0.135000,0.135000,0.135000,0.114000
513,0.145000,0.135000,0.135000,0.145000,0.135000,0.145000,0.145000,0.145000,0.145000,0.135000,0.135000,0.135000,0.114000
514,0.145000,0.135000,0.135000,0.145000,0.135000,0.145000,0.145000,0.145000,0.145000,0.135000,0.135000,0.135000,0.114000
515,0.145000,0.135000,0.135000,0.145000,0.135000,0.145000,0.145000,0.145000,0.145000,0.135000,0.135000,0.135000,0.114000
516,0.145000,0.135000,0.135000,0.145000,0.135000,0.145000,0.145000,0.145000,0.145000,0.135000,0.135000,0.135000,0.114000
517,0.145000,0.135000,0.135000,0.145000,0.135000,0.145000,0.145000,0.145000,0.145000,0.135000,0.135000,0.135000,0.114000
518,0.145000,0.135000,0.135000,0.145000,0.135000,0.145000,0.145000,0.145000,0.145000,0.135000,0.135000,0.135000,0.114000
519,0.145000,0.135000,0.135000,0.145000,0.135000,0.145000,0.145000,0.145000,0.145000,0.135000,0.135000,0.135000,0.114000
520,0.145000,0.135000,0.135000,0.145000,0.135000,0.145000,0.145000,0.145000,0.145000,0.135000,0.135000,0.135000,0.114000
521,0.145000,0.135000,0.135000,0.145000,0.135000,0.145000,0.145000,0.145000,0.145000,0.135000,0.135000,0.135000,0.114000
522,0.145000,0.135000,0.135000,0.145000,0.135000,0.145000,0.145000,0.145000,0.145000,0.135000,0.135000,0.135000,0.114000
523,0.145000,0.135000,0.135000,0.145000,0.135000,0.145000,0.145000,0.145000,0.145000,0.135000,0.135000,0.135000,0.114000
524,0.145000,0.135000,0.135000,0.145000,0.135000,0.145000,0.145000,0.145000,0.145000,0.135000,0.135000,0.135000,0.114000
525,0.145000,0.135000,0.135000,0.145000,0.135000,0.145000,0.145000,0.145000,0.145000,0.135000,0.135000,0.135000,0.114000
526,0.145000,0.135000,0.135000,0.145000,0.135000,0.145000,0.145000,0.145000,0.145000,0.135000,0.135000,0.135000,0.114000
527,0.145000,0.135000,0.135000,0.145000,0.135000,0.145000,0.145000,0.145000,0.145000,0.135000,0.135000,0.135000,0.114000
528,0.145000,0.135000,0.135000,0.145000,0.135000,0.145000,0.145000,0.145000,0.145000,0.135000,0.135000,0.135000,0.114000
529,0.145000,0.135000,0.135000,0.145000,0.135000,0.145000,0.145000,0.145000,0.145000,0.135000,0.135000,0.135000,0.114000
530,0.145000,0.135000,0.135000,0.145000,0.135000,0.145000,0.145000,0.145000,0.145000,0.135000,0.135000,0.135000,0.114000
531,0.145000,0.135000,0.135000,0.145000,0.135000,0.145000,0.145000,0.145000,0.145000,0.135000,0.135000,0.135000,0.114000
532,0.145000,0.135000,0.135000,0.145000,0.135000,0.145000,0.145000,0.145000,0.145000,0.135000,0.135000,0.135000,0.114000
533,0.145000,0.135000,0.135000,0.145000,0.135000,0.145000,0.145000,0.145000,0.145000,0.135000,0.135000,0.135000,0.114000
534,0.145000,0.135000,0.135000,0.145000,0.135000,0.145000,0.145000,0.145000,0.145000,0.135000,0.135000,0.135000,0.114000
535,0.145000,0.135000,0.135000,0.145000,0.135000,0.145000,0.145000,0.145000,0.145000,0.135000,0.135000,0.135000,0.114000
536,0.145000,0.135000,0.135000,0.145000,0.135000,0.145000,0.145000,0.145000,0.145000,0.135000,0.135000,0.135000,0.114000
537,0.145000,0.135000,0.135000,0.145000,0.135000,0.145000,0.145000,0.145000,0.145000,0.135000,0.135000,0.135000,0.114000
538,0.145000,0.135000,0.135000,0.145000,0.135000,0.145000,0.145000,0.145000,0.145000,0.135000,0.135000,0.135000,0.114000
539,0.145000,0.135000,0.135000,0.145000,0.135000,0.145000,0.145000,0.145000,0.145000,0.135000,0.135000,0.135000,0.114000
540,0.145000,0.135000,0.135000,0.145000,0.135000,0.145000,0.145000,0.145000,0.145000,0.135000,0.135000,0.135000,0.114000
541,0.145000,0.135000,0.135000,0.145000,0.135000,0.145000,0.145000,0.145000,0.145000,0.135000,0.135000,0.135000,0.114000
542,0.145000,0.135000,0.135000,0.145000,0.135000,0.145000,0.145000,0.145000,0.145000,0.135000,0.135000,0.135000,0.114000
543,0.145000,0.135000,0.135000,0.145000,0.135000,0.145000,0.145000,0.145000,0.145000,0.135000,0.135000,0.135000,0.114000
544,0.145000,0.135000,0.135000,0.145000,0.135000,0.145000,0.145000,0.145000,0.145000,0.135000,0.135000,0.135000,0.114000
545,0.145000,0.135000,0.135000,0.145000,0.135000,0.145000,0.145000,0.145000,0.145000,0.135000,0.135000,0.135000,0.114000
546,0.145000,0.135000,0.135000,0.145000,0.135000,0.145000,0.145000,0.145000,0.145000,0.135000,0.135000,0.135000,0.114000
547,0.145000,0.135000,0.135000,0.145000,0.135000,0.145000,0.145000,0.145000,0.145000,0.135000,0.135000,0.135000,0.114000
548,0.145000,0.135000,0.135000,0.145000,0.135000,0.145000,0.145000,0.145000,0.145000,0.135000,0.135000,0.135000,0.114000
549,0.145000,0.135000,0.135000,0.145000,0.135000,0.145000,0.145000,0.145000,0.145000,0.135000,0.135000,0.135000,0.114000
550,0.145000,0.135000,0.135000,0.145000,0.135000,0.145000,0.145000,0.145000,0.145000,0.135000,0.135000,0.135000,0.114000
551,0.145000,0.135000,0.135000,0.145000,0.135000,0.145000,0.145000,0.145000,0.145000,0.135000,0.135000,0.135000,0.114000
552,0.145000,0.135000,0.135000,0.145000,0.135000,0.145000,0.145000,0.145000,0.145000,0.135000,0.135000,0.135000,0.114000
553,0.145000,0.135000,0.135000,0.145000,0.135000,0.145000,0.145000,0.145000,0.145000,0.135000,0.135000,0.135000,0.114000
554,0.145000,0.135000,0.135000,0.145000,0.135000,0.145000,0.145000,0.145000,0.145000,0.135000,0.135000,0.135000,0.114000
555,0.145000,0.135000,0.135000,0.145000,0.135000,0.145000,0.145000,0.145000,0.145000,0.135000,0.135000,0.135000,0.114000
556,0.145000,0.135000,0.135000,0.145000,0.135000,0.145000,0.145000,0.145000,0.145000,0.135000,0.135000,0.135000,0.114000
557,0.145000,0.135000,0.135000,0.145000,0.135000,0.145000,0.145000,0.145000,0.145000,0.135000,0.135000,0.135000,0.114000
558,0.145000,0.135000,0.135000,0.145000,0.135000,0.145000,0.145000,0.145000,0.145000,0.135000,0.135000,0.135000,0.114000
559,0.145000,0.135000,0.135000,0.145000,0.135000,0.145000,0.145000,0.145000,0.145000,0.135000,0.135000,0.135000,0.114000
560,0.145000,0.135000,0.135000,0.145000,0.135000,0.145000,0.145000,0.145000,0.145000,0.135000,0.135000,0.135000,0.114000
561,0.145000,0.135000,0.135000,0.145000,0.135000,0.145000,0.145000,0.145000,0.145000,0.135000,0.135000,0.135000,0.114000
562,0.145000,0.135000,0.135000,0.145000,0.135000,0.145000,0.145000,0.145000,0.145000,0.135000,0.135000,0.135000,0.114000
563,0.145000,0.135000,0.135000,0.145000,0.135000,0.145000,0.145000,0.145000,0.145000,0.135000,0.135000,0.135000,0.114000
564,0.145000,0.135000,0.135000,0.145000,0.135000,0.145000,0.145000,0.145000,0.145000,0.135000,0.135000,0.135000,0.114000
565,0.145000,0.135000,0.135000,0.145000,0.135000,0.145000,0.145000,0.145000,0.145000,0.135000,0.135000,0.135000,0.114000
566,0.145000,0.135000,0.135000,0.145000,0.135000,0.145000,0.145000,0.145000,0.145000,0.135000,0.135000,0.135000,0.114000
567,0.145000,0.135000,0.135000,0.145000,0.135000,0.145000,0.145000,0.145000,0.145000,0.135000,0.135000,0.135000,0.114000
568,0.145000,0.135000,0.135000,0.145000,0.135000,0.145000,0.145000,0.145000,0.145000,0.135000,0.135000,0.135000,0.114000
569,0.145000,0.135000,0.135000,0.145000,0.135000,0.145000,0.145000,0.145000,0.145000,0.135000,0.135000,0.135000,0.114000
570,0.145000,0.135000,0.135000,0.145000,0.135000,0.145000,0.145000,0.145000,0.145000,0.135000,0.135000,0.135000,0.114000
571,0.145000,0.135000,0.135000,0.145000,0.135000,0.145000,0.145000,0.145000,0.145000,0.135000,0.135000,0.135000,0.114000
572,0.145000,0.135000,0.135000,0.145000,0.135000,0.145000,0.145000,0.145000,0.145000,0.135000,0.135000,0.135000,0.114000
573,0.145000,0.135000,0.135000,0.145000,0.135000,0.145000,0.145000,0.145000,0.145000,0.135000,0.135000,0.135000,0.114000
574,0.145000,0.135000,0.135000,0.145000,0.135000,0.145000,0.145000,0.145000,0.145000,0.135000,0.135000,0.135000,0.114000
575,0.145000,0.135000,0.135000,0.145000,0.135000,0.145000,0.145000,0.145000,0.145000,0.135000,0.135000,0.135000,0.114000
576,0.145000,0.135000,0.135000,0.145000,0.135000,0.145000,0.145000,0.145000,0.145000,0.135000,0.135000,0.135000,0.114000
577,0.145000,0.135000,0.135000,0.145000,0.135000,0.145000,0.145000,0.145000,0.145000,0.135000,0.135000,0.135000,0.114000
578,0.145000,0.135000,0.135000,0.145000,0.135000,0.145000,0.145000,0.145000,0.145000,0.135000,0.135000,0.135000,0.114000
579,0.145000,0.135000,0.135000,0.145000,0.135000,0.145000,0.145000,0.145000,0.145000,0.135000,0.135000,0.145000,0.114000
580,0.145000,0.135000,0.135000,0.145000,0.135000,0.145000,0.145000,0.145000,0.145000,0.135000,0.135000,0.135000,0.114000
581,0.145000,0.135000,0.135000,0.145000,0.135000,0.145000,0.145000,0.145000,0.145000,0.135000,0.135000,0.145000,0.114000
582,0.145000,0.135000,0.135000,0.145000,0.135000,0.145000,0.145000,0.145000,0.145000,0.135000,0.135000,0.145000,0.114000
583,0.145000,0.135000,0.135000,0.145000,0.135000,0.145000,0.145000,0.145000,0.145000,0.135000,0.135000,0.145000,0.114000
584,0.145000,0.135000,0.135000,0.145000,0.135000,0.145000,0.145000,0.145000,0.145000,0.135000,0.135000,0.145000,0.114000
585,0.145000,0.135000,0.135000,0.145000,0.135000,0.145000,0.145000,0.145000,0.145000,0.135000,0.135000,0.145000,0.114000
586,0.145000,0.135000,0.135000,0.145000,0.135000,0.145000,0.145000,0.145000,0.145000,0.135000,0.135000,0.145000,0.114000
587,0.145000,0.135000,0.135000,0.145000,0.135000,0.145000,0.145000,0.145000,0.145000,0.135000,0.135000,0.145000,0.114000
588,0.145000,0.135000,0.135000,0.145000,0.135000,0.145000,0.145000,0.145000,0.145000,0.135000,0.135000,0.145000,0.114000
589,0.145000,0.135000,0.135000,0.145000,0.135000,0.145000,0.145000,0.145000,0.145000,0.135000,0.135000,0.145000,0.114000
590,0.145000,0.135000,0.135000,0.145000,0.135000,0.145000,0.145000,0.145000,0.145000,0.135000,0.135000,0.145000,0.114000
591,0.145000,0.135000,0.135000,0.145000,0.135000,0.145000,0.145000,0.145000,0.145000,0.135000,0.135000,0.145000,0.114000
592,0.145000,0.135000,0.135000,0.145000,0.135000,0.145000,0.145000,0.145000,0.145000,0.135000,0.135000,0.145000,0.114000
593,0.145000,0.135000,0.135000,0.145000,0.135000,0.145000,0.145000,0.145000,0.145000,0.135000,0.135000,0.145000,0.114000
594,0.145000,0.135000,0.135000,0.145000,0.135000,0.145000,0.145000,0.145000,0.145000,0.135000,0.135000,0.145000,0.114000
595,0.145000,0.135000,0.135000,0.145000,0.135000,0.145000,0.145000,0.145000,0.145000,0.135000,0.135000,0.145000,0.114000
596,0.145000,0.135000,0.135000,0.145000,0.135000,0.145000,0.145000,0.145000,0.145000,0.135000,0.135000,0.145000,0.114000
597,0.145000,0.135000,0.135000,0.145000,0.135000,0.145000,0.145000,0.145000,0.145000,0.135000,0.135000,0.145000,0.114000
598,0.145000,0.135000,0.135000,0.145000,0.135000,0.145000,0.145000,0.145000,0.145000,0.135000,0.135000,0.145000,0.114000
599,0.145000,0.135000,0.135000,0.145000,0.135000,0.145000,0.145000,0.145000,0.145000,0.135000,0.135000,0.145000,0.114000
600,0.145000,0.135000,0.135000,0.145000,0.135000,0.145000,0.145000,0.145000,0.145000,0.135000,0.135000,0.145000,0.114000
601,0.145000,0.135000,0.135000,0.145000,0.135000,0.145000,0.145000,0.145000,0.145000,0.135000,0.135000,0.145000,0.114000
602,0.145000,0.135000,0.135000,0.145000,0.135000,0.145000,0.145000,0.145000,0.145000,0.135000,0.135000,0.145000,0.114000
603,0.145000,0.135000,0.135000,0.145000,0.135000,0.145000,0.145000,0.145000,0.145000,0.135000,0.135000,0.145000,0.114000
604,0.145000,0.135000,0.135000,0.145000,0.135000,0.145000,0.145000,0.145000,0.145000,0.135000,0.135000,0.145000,0.114000
605,0.145000,0.135000,0.135000,0.145000,0.135000,0.145000,0.145000,0.145000,0.145000,0.135000,0.135000,0.145000,0.114000
606,0.145000,0.135000,0.135000,0.145000,0.135000,0.145000,0.145000,0.145000,0.145000,0.135000,0.135000,0.145000,0.114000
607,0.145000,0.135000,0.135000,0.145000,0.135000,0.145000,0.145000,0.145000,0.145000,0.135000,0.135000,0.145000,0.114000
608,0.145000,0.135000,0.135000,0.145000,0.135000,0.145000,0.145000,0.145000,0.145000,0.135000,0.135000,0.145000,0.114000
609,0.145000,0.135000,0.135000,0.145000,0.135000,0.145000,0.145000,0.145000,0.145000,0.135000,0.135000,0.145000,0.114000
610,0.145000,0.135000,0.135000,0.145000,0.135000,0.145000,0.145000,0.145000,0.145000,0.135000,0.135000,0.145000,0.114000
611,0.145000,0.135000,0.135000,0.145000,0.135000,0.145000,0.145000,0.145000,0.145000,0.135000,0.135000,0.145000,0.114000
612,0.145000,0.135000,0.135000,0.145000,0.135000,0.145000,0.145000,0.145000,0.145000,0.135000,0.135000,0.145000,0.114000
613,0.145000,0.135000,0.135000,0.145000,0.135000,0.145000,0.145000,0.145000,0.145000,0.135000,0.135000,0.145000,0.114000
614,0.145000,0.135000,0.135000,0.145000,0.135000,0.145000,0.145000,0.145000,0.145000,0.135000,0.135000,0.145000,0.114000
615,0.145000,0.135000,0.135000,0.145000,0.135000,0.145000,0.145000,0.145000,0.145000,0.135000,0.135000,0.145000,0.114000
616,0.145000,0.135000,0.135000,0.145000,0.135000,0.145000,0.145000,0.145000,0.145000,0.135000,0.135000,0.145000,0.114000
617,0.145000,0.135000,0.135000,0.145000,0.135000,0.145000,0.145000,0.145000,0.145000,0.135000,0.135000,0.145000,0.114000
618,0.145000,0.135000,0.135000,0.145000,0.135000,0.145000,0.145000,0.145000,0.145000,0.135000,0.135000,0.145000,0.114000
619,0.145000,0.135000,0.135000,0.145000,0.135000,0.145000,0.145000,0.145000,0.145000,0.135000,0.135000,0.145000,0.114000
620,0.145000,0.135000,0.135000,0.145000,0.135000,0.145000,0.145000,0.145000,0.145000,0.135000,0.135000,0.145000,0.114000
621,0.145000,0.135000,0.135000,0.145000,0.135000,0.145000,0.145000,0.145000,0.145000,0.135000,0.135000,0.145000,0.114000
622,0.145000,0.135000,0.135000,0.145000,0.135000,0.145000,0.145000,0.145000,0.145000,0.135000,0.135000,0.145000,0.114000
623,0.145000,0.135000,0.135000,0.145000,0.135000,0.145000,0.145000,0.145000,0.145000,0.135000,0.135000,0.145000,0.114000
624,0.145000,0.135000,0.135000,0.145000,0.135000,0.145000,0.145000,0.145000,0.145000,0.135000,0.135000,0.145000,0.114000
625,0.145000,0.135000,0.135000,0.145000,0.135000,0.145000,0.145000,0.145000,0.145000,0.135000,0.135000,0.145000,0.114000
626,0.145000,0.135000,0.135000,0.145000,0.135000,0.145000,0.145000,0.145000,0.145000,0.135000,0.135000,0.145000,0.114000
627,0.145000,0.135000,0.135000,0.145000,0.135000,0.145000,0.145000,0.145000,0.145000,0.135000,0.135000,0.145000,0.114000
628,0.145000,0.135000,0.135000,0.145000,0.135000,0.145000,0.145000,0.145000,0.145000,0.135000,0.135000,0.145000,0.114000
629,0.145000,0.135000,0.135000,0.145000,0.135000,0.145000,0.145000,0.145000,0.145000,0.135000,0.135000,0.145000,0.114000
630,0.145000,0.135000,0.135000,0.145000,0.135000,0.145000,0.145000,0.145000,0.145000,0.135000,0.135000,0.145000,0.114000
631,0.145000,0.135000,0.135000,0.145000,0.135000,0.145000,0.145000,0.145000,0.145000,0.135000,0.135000,0.145000,0.114000
632,0.145000,0.135000,0.135000,0.145000,0.135000,0.145000,0.145000,0.145000,0.145000,0.135000,0.135000,0.145000,0.114000
633,0.145000,0.135000,0.135000,0.145000,0.135000,0.145000,0.145000,0.145000,0.145000,0.135000,0.135000,0.145000,0.114000
634,0.145000,0.135000,0.135000,0.145000,0.135000,0.145000,0.145000,0.145000,0.145000,0.135000,0.135000,0.145000,0.114000
635,0.145000,0.135000,0.135000,0.145000,0.135000,0.145000,0.145000,0.145000,0.145000,0.135000,0.135000,0.145000,0.114000
636,0.145000,0.135000,0.135000,0.145000,0.135000,0.145000,0.145000,0.145000,0.145000,0.135000,0.135000,0.145000,0.114000
637,0.145000,0.135000,0.135000,0.145000,0.135000,0.145000,0.145000,0.145000,0.145000,0.135000,0.135000,0.145000,0.114000
638,0.145000,0.135000,0.135000,0.145000,0.135000,0.145000,0.145000,0.145000,0.145000,0.135000,0.135000,0.145000,0.114000
639,0.145000,0.135000,0.135000,0.145000,0.135000,0.145000,0.145000,0.145000,0.145000,0.135000,0.135000,0.145000,0.114000
640,0.145000,0.135000,0.135000,0.145000,0.135000,0.145000,0.145000,0.145000,0.145000,0.135000,0.135000,0.145000,0.114000
641,0.145000,0.135000,0.135000,0.145000,0.135000,0.145000,0.145000,0.145000,0.145000,0.135000,0.135000,0.145000,0.114000
642,0.145000,0.135000,0.135000,0.145000,0.135000,0.145000,0.145000,0.145000,0.145000,0.135000,0.135000,0.145000,0.114000
643,0.145000,0.135000,0.135000,0.145000,0.135000,0.145000,0.145000,0.145000,0.145000,0.135000,0.135000,0.145000,0.114000
644,0.145000,0.135000,0.135000,0.145000,0.135000,0.145000,0.145000,0.145000,0.145000,0.135000,0.135000,0.145000,0.114000
645,0.145000,0.135000,0.135000,0.145000,0.135000,0.145000,0.145000,0.145000,0.145000,0.135000,0.135000,0.145000,0.114000
646,0.145000,0.135000,0.135000,0.145000,0.135000,0.145000,0.145000,0.145000,0.145000,0.135000,0.135000,0.145000,0.114000
647,0.145000,0.135000,0.135000,0.145000,0.135000,0.145000,0.145000,0.145000,0.145000,0.135000,0.135000,0.145000,0.114000
648,0.145000,0.135000,0.135000,0.145000,0.135000,0.145000,0.145000,0.145000,0.145000,0.135000,0.135000,0.145000,0.114000
649,0.145000,0.135000,0.135000,0.145000,0.135000,0.145000,0.145000,0.145000,0.145000,0.135000,0.135000,0.145000,0.114000
650,0.145000,0.135000,0.135000,0.145000,0.135000,0.145000,0.145000,0.145000,0.145000,0.135000,0.135000,0.145000,0.114000
651,0.145000,0.135000,0.135000,0.145000,0.135000,0.145000,0.145000,0.145000,0.145000,0.135000,0.135000,0.145000,0.114000
652,0.145000,0.135000,0.135000,0.145000,0.135000,0.145000,0.145000,0.145000,0.145000,0.135000,0.135000,0.145000,0.114000
653,0.145000,0.135000,0.135000,0.145000,0.135000,0.145000,0.145000,0.145000,0.145000,0.135000,0.135000,0.145000,0.114000
654,0.145000,0.135000,0.135000,0.145000,0.135000,0.145000,0.145000,0.145000,0.145000,0.135000,0.135000,0.145000,0.114000
655,0.145000,0.135000,0.135000,0.145000,0.135000,0.145000,0.145000,0.145000,0.145000,0.135000,0.135000,0.145000,0.114000
656,0.145000,0.135000,0.135000,0.145000,0.135000,0.145000,0.145000,0.145000,0.145000,0.135000,0.135000,0.145000,0.114000
657,0.145000,0.135000,0.135000,0.145000,0.135000,0.145000,0.145000,0.145000,0.145000,0.135000,0.135000,0.145000,0.114000
658,0.145000,0.135000,0.135000,0.145000,0.135000,0.145000,0.145000,0.145000,0.145000,0.135000,0.135000,0.145000,0.114000
659,0.145000,0.135000,0.135000,0.145000,0.135000,0.145000,0.145000,0.145000,0.145000,0.135000,0.135000,0.145000,0.114000
660,0.145000,0.135000,0.135000,0.145000,0.135000,0.145000,0.145000,0.145000,0.145000,0.135000,0.135000,0.145000,0.114000
661,0.145000,0.135000,0.135000,0.145000,0.135000,0.145000,0.145000,0.145000,0.145000,0.135000,0.135000,0.145000,0.114000
662,0.145000,0.135000,0.135000,0.145000,0.135000,0.145000,0.145000,0.145000,0.145000,0.135000,0.135000,0.145000,0.114000
663,0.145000,0.135000,0.135000,0.145000,0.135000,0.145000,0.145000,0.145000,0.145000,0.135000,0.135000,0.145000,0.114000
664,0.145000,0.135000,0.135000,0.145000,0.135000,0.145000,0.145000,0.145000,0.145000,0.135000,0.135000,0.145000,0.114000
665,0.145000,0.135000,0.135000,0.145000,0.135000,0.145000,0.145000,0.145000,0.145000,0.135000,0.135000,0.145000,0.114000
666,0.145000,0.135000,0.135000,0.145000,0.135000,0.145000,0.145000,0.145000,0.145000,0.135000,0.135000,0.145000,0.114000
667,0.145000,0.135000,0.135000,0.145000,0.135000,0.145000,0.145000,0.145000,0.145000,0.135000,0.135000,0.145000,0.114000
668,0.145000,0.135000,0.135000,0.145000,0.135000,0.145000,0.145000,0.145000,0.145000,0.135000,0.135000,0.145000,0.114000
669,0.145000,0.135000,0.135000,0.145000,0.135000,0.145000,0.145000,0.145000,0.145000,0.135000,0.135000,0.145000,0.114000
670,0.145000,0.135000,0.135000,0.145000,0.135000,0.145000,0.145000,0.145000,0.145000,0.135000,0.135000,0.145000,0.114000
671,0.145000,0.135000,0.135000,0.145000,0.135000,0.145000,0.145000,0.145000,0.145000,0.135000,0.135000,0.145000,0.114000
672,0.145000,0.135000,0.135000,0.145000,0.135000,0.145000,0.145000,0.145000,0.145000,0.135000,0.135000,0.145000,0.114000
673,0.145000,0.135000,0.135000,0.145000,0.135000,0.145000,0.145000,0.145000,0.145000,0.135000,0.135000,0.145000,0.114000
674,0.145000,0.135000,0.135000,0.145000,0.135000,0.145000,0.145000,0.145000,0.145000,0.135000,0.135000,0.145000,0.114000
675,0.145000,0.135000,0.135000,0.145000,0.135000,0.145000,0.145000,0.145000,0.145000,0.135000,0.135000,0.145000,0.114000
676,0.145000,0.135000,0.135000,0.145000,0.135000,0.145000,0.145000,0.145000,0.145000,0.135000,0.135000,0.145000,0.114000
677,0.145000,0.135000,0.135000,0.145000,0.135000,0.145000,0.145000,0.145000,0.145000,0.135000,0.135000,0.145000,0.114000
678,0.145000,0.135000,0.135000,0.145000,0.135000,0.145000,0.145000,0.145000,0.145000,0.135000,0.135000,0.145000,0.114000
679,0.145000,0.135000,0.135000,0.145000,0.135000,0.145000,0.145000,0.145000,0.145000,0.135000,0.135000,0.145000,0.114000
680,0.145000,0.135000,0.135000,0.145000,0.135000,0.145000,0.145000,0.145000,0.145000,0.135000,0.135000,0.145000,0.114000
681,0.145000,0.135000,0.135000,0.145000,0.135000,0.145000,0.145000,0.145000,0.145000,0.135000,0.135000,0.145000,0.114000
682,0.145000,0.135000,0.135000,0.145000,0.135000,0.145000,0.145000,0.145000,0.145000,0.135000,0.135000,0.145000,0.114000
683,0.145000,0.135000,0.135000,0.145000,0.135000,0.145000,0.145000,0.145000,0.145000,0.135000,0.135000,0.145000,0.114000
684,0.145000,0.135000,0.135000,0.145000,0.135000,0.145000,0.145000,0.145000,0.145000,0.135000,0.135000,0.145000,0.114000
685,0.145000,0.135000,0.135000,0.145000,0.135000,0.145000,0.145000,0.145000,0.145000,0.135000,0.135000,0.145000,0.114000
686,0.145000,0.135000,0.135000,0.145000,0.135000,0.145000,0.145000,0.145000,0.145000,0.135000,0.135000,0.145000,0.114000
687,0.145000,0.135000,0.135000,0.145000,0.135000,0.145000,0.145000,0.145000,0.145000,0.135000,0.135000,0.145000,0.114000
688,0.145000,0.135000,0.135000,0.145000,0.135000,0.145000,0.145000,0.145000,0.145000,0.135000,0.135000,0.145000,0.114000
689,0.145000,0.135000,0.135000,0.145000,0.135000,0.145000,0.145000,0.145000,0.145000,0.135000,0.135000,0.145000,0.114000
690,0.145000,0.135000,0.135000,0.145000,0.135000,0.145000,0.145000,0.145000,0.145000,0.135000,0.135000,0.145000,0.114000
691,0.145000,0.135000,0.135000,0.145000,0.135000,0.145000,0.145000,0.145000,0.145000,0.135000,0.135000,0.145000,0.114000
692,0.145000,0.135000,0.135000,0.145000,0.135000,0.145000,0.145000,0.145000,0.145000,0.135000,0.135000,0.145000,0.114000
693,0.145000,0.135000,0.135000,0.145000,0.135000,0.145000,0.145000,0.145000,0.145000,0.135000,0.135000,0.145000,0.114000
694,0.145000,0.135000,0.135000,0.145000,0.135000,0.145000,0.145000,0.145000,0.145000,0.135000,0.135000,0.145000,0.114000
695,0.145000,0.135000,0.135000,0.145000,0.135000,0.145000,0.145000,0.145000,0.145000,0.135000,0.135000,0.145000,0.114000
696,0.145000,0.135000,0.135000,0.145000,0.135000,0.145000,0.145000,0.145000,0.145000,0.135000,0.135000,0.145000,0.114000
697,0.145000,0.135000,0.135000,0.145000,0.135000,0.145000,0.145000,0.145000,0.145000,0.135000,0.135000,0.145000,0.114000
698,0.145000,0.135000,0.135000,0.145000,0.135000,0.145000,0.145000,0.145000,0.145000,0.135000,0.135000,0.145000,0.114000
699,0.145000,0.135000,0.135000,0.145000,0.135000,0.145000,0.145000,0.145000,0.145000,0.135000,0.135000,0.145000,0.114000
700,0.145000,0.135000,0.135000,0.145000,0.135000,0.145000,0.145000,0.145000,0.145000,0.135000,0.135000,0.145000,0.114000
701,0.145000,0.135000,0.135000,0.145000,0.135000,0.145000,0.145000,0.145000,0.145000,0.135000,0.135000,0.145000,0.114000
702,0.145000,0.135000,0.135000,0.145000,0.135000,0.145000,0.145000,0.145000,0.145000,0.135000,0.135000,0.145000,0.114000
703,0.145000,0.135000,0.135000,0.145000,0.135000,0.145000,0.145000,0.145000,0.145000,0.135000,0.135000,0.145000,0.114000
704,0.145000,0.135000,0.135000,0.145000,0.135000,0.145000,0.145000,0.145000,0.145000,0.135000,0.135000,0.145000,0.114000
705,0.145000,0.135000,0.135000,0.145000,0.135000,0.145000,0.145000,0.145000,0.145000,0.135000,0.135000,0.145000,0.114000
706,0.145000,0.135000,0.135000,0.145000,0.135000,0.145000,0.145000,0.145000,0.145000,0.135000,0.135000,0.145000,0.114000
707,0.145000,0.135000,0.135000,0.145000,0.135000,0.145000,0.145000,0.145000,0.145000,0.135000,0.135000,0.145000,0.114000
708,0.145000,0.135000,0.135000,0.145000,0.135000,0.145000,0.145000,0.145000,0.145000,0.135000,0.135000,0.145000,0.114000
709,0.145000,0.135000,0.135000,0.145000,0.135000,0.145000,0.145000,0.145000,0.145000,0.135000,0.135000,0.145000,0.114000
710,0.145000,0.135000,0.135000,0.145000,0.135000,0.145000,0.145000,0.145000,0.145000,0.135000,0.135000,0.145000,0.114000
711,0.145000,0.135000,0.135000,0.145000,0.135000,0.145000,0.145000,0.145000,0.145000,0.135000,0.135000,0.145000,0.114000
712,0.145000,0.135000,0.135000,0.145000,0.135000,0.145000,0.145000,0.145000,0.145000,0.135000,0.135000,0.145000,0.114000
713,0.145000,0.135000,0.135000,0.145000,0.135000,0.145000,0.145000,0.145000,0.145000,0.135000,0.135000,0.145000,0.114000
714,0.145000,0.135000,0.135000,0.145000,0.135000,0.145000,0.145000,0.145000,0.145000,0.135000,0.135000,0.145000,0.114000
715,0.145000,0.135000,0.135000,0.145000,0.135000,0.145000,0.145000,0.145000,0.145000,0.135000,0.135000,0.145000,0.114000
716,0.145000,0.135000,0.135000,0.145000,0.135000,0.145000,0.145000,0.145000,0.145000,0.135000,0.135000,0.145000,0.114000
717,0.145000,0.135000,0.135000,0.145000,0.135000,0.145000,0.145000,0.145000,0.145000,0.135000,0.135000,0.145000,0.114000
718,0.145000,0.135000,0.135000,0.145000,0.135000,0.145000,0.145000,0.145000,0.145000,0.135000,0.135000,0.145000,0.114000
719,0.145000,0.135000,0.135000,0.145000,0.135000,0.145000,0.145000,0.145000,0.145000,0.135000,0.135000,0.145000,0.114000
720,0.145000,0.135000,0.135000,0.145000,0.135000,0.145000,0.145000,0.145000,0.145000,0.135000,0.135000,0.145000,0.114000
721,0.145000,0.135000,0.135000,0.145000,0.135000,0.145000,0.145000,0.145000,0.145000,0.135000,0.135000,0.145000,0.114000
722,0.145000,0.135000,0.135000,0.145000,0.135000,0.145000,0.145000,0.145000,0.145000,0.135000,0.135000,0.145000,0.114000
723,0.145000,0.135000,0.135000,0.145000,0.135000,0.145000,0.145000,0.145000,0.145000,0.135000,0.135000,0.145000,0.114000
724,0.145000,0.135000,0.135000,0.145000,0.135000,0.145000,0.145000,0.145000,0.145000,0.135000,0.135000,0.145000,0.114000
725,0.145000,0.135000,0.135000,0.145000,0.135000,0.145000,0.145000,0.145000,0.145000,0.135000,0.135000,0.145000,0.114000
726,0.145000,0.135000,0.135000,0.145000,0.135000,0.145000,0.145000,0.145000,0.145000,0.135000,0.135000,0.145000,0.114000
727,0.145000,0.135000,0.135000,0.145000,0.135000,0.145000,0.145000,0.145000,0.145000,0.135000,0.135000,0.145000,0.114000
728,0.145000,0.135000,0.135000,0.145000,0.135000,0.145000,0.145000,0.145000,0.145000,0.135000,0.135000,0.145000,0.114000
729,0.145000,0.135000,0.135000,0.145000,0.135000,0.145000,0.145000,0.145000,0.145000,0.135000,0.135000,0.145000,0.114000
730,0.145000,0.135000,0.135000,0.145000,0.135000,0.145000,0.145000,0.145000,0.145000,0.135000,0.135000,0.145000,0.114000
731,0.145000,0.135000,0.135000,0.145000,0.135000,0.145000,0.145000,0.145000,0.145000,0.135000,0.135000,0.145000,0.114000
732,0.145000,0.135000,0.135000,0.145000,0.135000,0.145000,0.145000,0.145000,0.145000,0.135000,0.135000,0.145000,0.114000
733,0.145000,0.135000,0.135000,0.145000,0.135000,0.145000,0.145000,0.145000,0.145000,0.135000,0.135000,0.145000,0.114000
734,0.145000,0.135000,0.135000,0.145000,0.135000,0.145000,0.145000,0.145000,0.145000,0.135000,0.135000,0.145000,0.114000
735,0.145000,0.135000,0.135000,0.145000,0.135000,0.145000,0.145000,0.145000,0.145000,0.135000,0.135000,0.145000,0.114000
736,0.145000,0.135000,0.135000,0.145000,0.135000,0.145000,0.145000,0.145000,0.145000,0.135000,0.135000,0.145000,0.114000
737,0.145000,0.135000,0.135000,0.145000,0.135000,0.145000,0.145000,0.145000,0.145000,0.135000,0.135000,0.145000,0.114000
738,0.145000,0.135000,0.135000,0.145000,0.135000,0.145000,0.145000,0.145000,0.145000,0.135000,0.135000,0.145000,0.114000
739,0.145000,0.135000,0.135000,0.145000,0.135000,0.145000,0.145000,0.145000,0.145000,0.135000,0.135000,0.145000,0.114000
740,0.145000,0.135000,0.135000,0.145000,0.135000,0.145000,0.145000,0.145000,0.145000,0.135000,0.135000,0.145000,0.114000
741,0.145000,0.135000,0.135000,0.145000,0.135000,0.145000,0.145000,0.145000,0.145000,0.135000,0.135000,0.145000,0.114000
742,0.145000,0.135000,0.135000,0.145000,0.135000,0.145000,0.145000,0.145000,0.145000,0.135000,0.135000,0.145000,0.114000
743,0.145000,0.135000,0.135000,0.145000,0.135000,0.145000,0.145000,0.145000,0.145000,0.135000,0.135000,0.145000,0.114000
744,0.145000,0.135000,0.135000,0.145000,0.135000,0.145000,0.145000,0.145000,0.145000,0.135000,0.135000,0.145000,0.114000
745,0.145000,0.135000,0.135000,0.145000,0.135000,0.145000,0.145000,0.145000,0.145000,0.135000,0.135000,0.145000,0.114000
746,0.145000,0.135000,0.135000,0.145000,0.135000,0.145000,0.145000,0.145000,0.145000,0.135000,0.135000,0.145000,0.114000
747,0.145000,0.135000,0.135000,0.145000,0.135000,0.145000,0.145000,0.145000,0.145000,0.135000,0.135000,0.145000,0.114000
748,0.145000,0.135000,0.135000,0.145000,0.135000,0.145000,0.145000,0.145000,0.145000,0.135000,0.135000,0.145000,0.114000
749,0.145000,0.135000,0.135000,0.145000,0.135000,0.145000,0.145000,0.145000,0.145000,0.135000,0.135000,0.145000,0.114000
750,0.145000,0.135000,0.135000,0.145000,0.135000,0.145000,0.145000,0.145000,0.145000,0.135000,0.135000,0.145000,0.114000
751,0.145000,0.135000,0.135000,0.145000,0.135000,0.145000,0.145000,0.145000,0.145000,0.135000,0.135000,0.145000,0.114000
752,0.145000,0.135000,0.135000,0.145000,0.135000,0.145000,0.145000,0.145000,0.145000,0.135000,0.135000,0.145000,0.114000
753,0.145000,0.135000,0.135000,0.145000,0.135000,0.145000,0.145000,0.145000,0.145000,0.135000,0.135000,0.145000,0.114000
754,0.145000,0.135000,0.135000,0.145000,0.135000,0.145000,0.145000,0.145000,0.145000,0.135000,0.135000,0.145000,0.114000
755,0.145000,0.135000,0.135000,0.145000,0.135000,0.145000,0.145000,0.145000,0.145000,0.135000,0.135000,0.145000,0.114000
756,0.145000,0.135000,0.135000,0.145000,0.135000,0.145000,0.145000,0.145000,0.145000,0.135000,0.135000,0.145000,0.114000
757,0.145000,0.135000,0.135000,0.145000,0.135000,0.145000,0.145000,0.145000,0.145000,0.135000,0.135000,0.145000,0.114000
758,0.145000,0.135000,0.135000,0.145000,0.135000,0.145000,0.145000,0.145000,0.145000,0.135000,0.135000,0.145000,0.114000
759,0.145000,0.135000,0.135000,0.145000,0.135000,0.145000,0.145000,0.145000,0.145000,0.135000,0.135000,0.145000,0.114000
760,0.145000,0.135000,0.135000,0.145000,0.135000,0.145000,0.145000,0.145000,0.145000,0.135000,0.135000,0.145000,0.114000
761,0.145000,0.135000,0.135000,0.145000,0.135000,0.145000,0.145000,0.145000,0.145000,0.135000,0.135000,0.145000,0.114000
762,0.145000,0.135000,0.135000,0.145000,0.135000,0.145000,0.145000,0.145000,0.145000,0.135000,0.135000,0.145000,0.114000
763,0.145000,0.135000,0.135000,0.145000,0.135000,0.145000,0.145000,0.145000,0.145000,0.135000,0.135000,0.145000,0.114000
764,0.145000,0.135000,0.135000,0.145000,0.135000,0.145000,0.145000,0.145000,0.145000,0.135000,0.135000,0.145000,0.114000
765,0.145000,0.135000,0.135000,0.145000,0.135000,0.145000,0.145000,0.145000,0.145000,0.135000,0.135000,0.145000,0.114000
766,0.145000,0.135000,0.135000,0.145000,0.135000,0.145000,0.145000,0.145000,0.145000,0.135000,0.135000,0.145000,0.114000
767,0.145000,0.135000,0.135000,0.145000,0.135000,0.145000,0.145000,0.145000,0.145000,0.135000,0.135000,0.145000,0.114000
768,0.145000,0.135000,0.135000,0.145000,0.135000,0.145000,0.145000,0.145000,0.145000,0.135000,0.135000,0.145000,0.114000
769,0.145000,0.135000,0.135000,0.145000,0.135000,0.145000,0.145000,0.145000,0.145000,0.135000,0.135000,0.145000,0.114000
770,0.145000,0.135000,0.135000,0.145000,0.135000,0.145000,0.145000,0.145000,0.145000,0.135000,0.135000,0.145000,0.114000
771,0.145000,0.135000,0.135000,0.145000,0.135000,0.145000,0.145000,0.145000,0.145000,0.135000,0.135000,0.145000,0.114000
772,0.145000,0.135000,0.135000,0.145000,0.135000,0.145000,0.145000,0.145000,0.145000,0.135000,0.135000,0.145000,0.114000
773,0.145000,0.135000,0.135000,0.145000,0.135000,0.145000,0.145000,0.145000,0.145000,0.135000,0.135000,0.145000,0.114000
774,0.145000,0.135000,0.135000,0.145000,0.135000,0.145000,0.145000,0.145000,0.145000,0.135000,0.135000,0.145000,0.114000
775,0.145000,0.135000,0.135000,0.145000,0.135000,0.145000,0.145000,0.145000,0.145000,0.135000,0.135000,0.145000,0.114000
776,0.145000,0.135000,0.135000,0.145000,0.135000,0.145000,0.145000,0.145000,0.145000,0.135000,0.135000,0.145000,0.114000
777,0.145000,0.135000,0.135000,0.145000,0.135000,0.145000,0.145000,0.145000,0.145000,0.135000,0.135000,0.145000,0.114000
778,0.145000,0.135000,0.135000,0.145000,0.135000,0.145000,0.145000,0.145000,0.145000,0.135000,0.135000,0.145000,0.114000
779,0.145000,0.135000,0.135000,0.145000,0.135000,0.145000,0.145000,0.145000,0.145000,0.135000,0.135000,0.145000,0.114000
780,0.145000,0.135000,0.135000,0.145000,0.135000,0.145000,0.145000,0.145000,0.145000,0.135000,0.135000,0.145000,0.114000
781,0.145000,0.135000,0.135000,0.145000,0.135000,0.145000,0.145000,0.145000,0.145000,0.135000,0.135000,0.145000,0.114000
782,0.145000,0.135000,0.135000,0.145000,0.135000,0.145000,0.145000,0.145000,0.145000,0.135000,0.135000,0.145000,0.114000
783,0.145000,0.135000,0.135000,0.145000,0.135000,0.145000,0.145000,0.145000,0.145000,0.135000,0.135000,0.145000,0.114000
784,0.145000,0.135000,0.135000,0.145000,0.135000,0.145000,0.145000,0.145000,0.145000,0.135000,0.135000,0.145000,0.114000
785,0.145000,0.135000,0.135000,0.145000,0.135000,0.145000,0.145000,0.145000,0.145000,0.135000,0.135000,0.145000,0.114000
786,0.145000,0.135000,0.135000,0.145000,0.135000,0.145000,0.145000,0.145000,0.145000,0.135000,0.135000,0.145000,0.114000
787,0.145000,0.135000,0.135000,0.145000,0.135000,0.145000,0.145000,0.145000,0.145000,0.135000,0.135000,0.145000,0.114000
788,0.145000,0.135000,0.135000,0.145000,0.135000,0.145000,0.145000,0.145000,0.145000,0.135000,0.135000,0.145000,0.114000
789,0.145000,0.135000,0.135000,0.145000,0.135000,0.145000,0.145000,0.145000,0.145000,0.135000,0.135000,0.145000,0.114000
790,0.145000,0.135000,0.135000,0.145000,0.135000,0.145000,0.145000,0.145000,0.145000,0.135000,0.135000,0.145000,0.114000
791,0.145000,0.135000,0.135000,0.145000,0.135000,0.145000,0.145000,0.145000,0.145000,0.135000,0.135000,0.145000,0.114000
792,0.145000,0.135000,0.135000,0.145000,0.135000,0.145000,0.145000,0.145000,0.145000,0.135000,0.135000,0.145000,0.114000
793,0.145000,0.135000,0.135000,0.145000,0.135000,0.145000,0.145000,0.145000,0.145000,0.135000,0.135000,0.145000,0.114000
794,0.145000,0.135000,0.135000,0.145000,0.135000,0.145000,0.145000,0.145000,0.145000,0.135000,0.135000,0.145000,0.114000
795,0.145000,0.135000,0.135000,0.145000,0.135000,0.145000,0.145000,0.145000,0.145000,0.135000,0.135000,0.145000,0.114000
796,0.145000,0.135000,0.135000,0.145000,0.135000,0.145000,0.145000,0.145000,0.145000,0.135000,0.135000,0.145000,0.114000
797,0.145000,0.135000,0.135000,0.145000,0.135000,0.145000,0.145000,0.145000,0.145000,0.135000,0.135000,0.145000,0.114000
798,0.145000,0.135000,0.135000,0.145000,0.135000,0.145000,0.145000,0.145000,0.145000,0.135000,0.135000,0.145000,0.114000
799,0.145000,0.135000,0.135000,0.145000,0.135000,0.145000,0.145000,0.145000,0.145000,0.135000,0.135000,0.145000,0.114000
800,0.145000,0.135000,0.135000,0.145000,0.135000,0.145000,0.145000,0.145000,0.145000,0.135000,0.135000,0.145000,0.114000
801,0.145000,0.135000,0.135000,0.145000,0.135000,0.145000,0.145000,0.145000,0.145000,0.135000,0.135000,0.145000,0.114000
802,0.145000,0.135000,0.135000,0.145000,0.135000,0.145000,0.145000,0.145000,0.145000,0.135000,0.135000,0.145000,0.114000
803,0.145000,0.135000,0.135000,0.145000,0.135000,0.145000,0.145000,0.145000,0.145000,0.135000,0.135000,0.145000,0.114000
804,0.145000,0.135000,0.135000,0.145000,0.135000,0.145000,0.145000,0.145000,0.145000,0.135000,0.135000,0.145000,0.114000
805,0.145000,0.135000,0.135000,0.145000,0.135000,0.145000,0.145000,0.145000,0.145000,0.135000,0.135000,0.145000,0.114000
806,0.145000,0.135000,0.135000,0.145000,0.135000,0.145000,0.145000,0.145000,0.145000,0.135000,0.135000,0.145000,0.114000
807,0.145000,0.135000,0.135000,0.145000,0.135000,0.145000,0.145000,0.145000,0.145000,0.135000,0.135000,0.145000,0.114000
808,0.145000,0.135000,0.135000,0.145000,0.135000,0.145000,0.145000,0.145000,0.145000,0.135000,0.135000,0.145000,0.114000
809,0.145000,0.135000,0.135000,0.145000,0.135000,0.145000,0.145000,0.145000,0.145000,0.135000,0.135000,0.145000,0.114000
810,0.145000,0.135000,0.135000,0.145000,0.135000,0.145000,0.145000,0.145000,0.145000,0.135000,0.135000,0.145000,0.114000
811,0.145000,0.135000,0.135000,0.145000,0.135000,0.145000,0.145000,0.145000,0.145000,0.135000,0.135000,0.145000,0.114000
812,0.145000,0.135000,0.135000,0.145000,0.135000,0.145000,0.145000,0.145000,0.145000,0.135000,0.135000,0.145000,0.114000
813,0.145000,0.135000,0.135000,0.145000,0.135000,0.145000,0.145000,0.145000,0.145000,0.135000,0.135000,0.145000,0.114000
814,0.145000,0.135000,0.135000,0.145000,0.135000,0.145000,0.145000,0.145000,0.145000,0.135000,0.135000,0.145000,0.114000
815,0.145000,0.135000,0.135000,0.145000,0.135000,0.145000,0.145000,0.145000,0.145000,0.135000,0.135000,0.145000,0.114000
816,0.145000,0.135000,0.135000,0.145000,0.135000,0.145000,0.145000,0.145000,0.145000,0.135000,0.135000,0.145000,0.114000
817,0.145000,0.135000,0.135000,0.145000,0.135000,0.145000,0.145000,0.145000,0.145000,0.135000,0.135000,0.145000,0.114000
818,0.145000,0.135000,0.135000,0.145000,0.135000,0.145000,0.145000,0.145000,0.145000,0.135000,0.135000,0.145000,0.114000
819,0.145000,0.135000,0.135000,0.145000,0.135000,0.145000,0.145000,0.145000,0.145000,0.135000,0.135000,0.145000,0.114000
820,0.145000,0.135000,0.135000,0.145000,0.135000,0.145000,0.145000,0.145000,0.145000,0.135000,0.135000,0.145000,0.114000
821,0.145000,0.135000,0.135000,0.145000,0.135000,0.145000,0.145000,0.145000,0.145000,0.135000,0.135000,0.135000,0.114000
822,0.145000,0.135000,0.135000,0.145000,0.135000,0.145000,0.145000,0.145000,0.145000,0.135000,0.135000,0.135000,0.114000
823,0.145000,0.135000,0.135000,0.145000,0.135000,0.145000,0.145000,0.145000,0.145000,0.135000,0.135000,0.145000,0.114000
824,0.145000,0.135000,0.135000,0.145000,0.135000,0.145000,0.145000,0.145000,0.145000,0.135000,0.135000,0.145000,0.114000
825,0.145000,0.135000,0.135000,0.145000,0.135000,0.145000,0.145000,0.145000,0.145000,0.135000,0.135000,0.135000,0.114000
826,0.145000,0.135000,0.135000,0.145000,0.135000,0.145000,0.145000,0.145000,0.145000,0.135000,0.135000,0.135000,0.114000
827,0.145000,0.135000,0.135000,0.145000,0.135000,0.145000,0.145000,0.145000,0.145000,0.135000,0.135000,0.135000,0.114000
828,0.145000,0.135000,0.135000,0.145000,0.135000,0.145000,0.145000,0.145000,0.145000,0.135000,0.135000,0.135000,0.114000
829,0.145000,0.135000,0.135000,0.145000,0.135000,0.145000,0.145000,0.145000,0.145000,0.135000,0.135000,0.135000,0.114000
830,0.145000,0.135000,0.135000,0.145000,0.135000,0.145000,0.145000,0.145000,0.145000,0.135000,0.135000,0.135000,0.114000
831,0.145000,0.135000,0.135000,0.145000,0.135000,0.145000,0.145000,0.145000,0.145000,0.135000,0.135000,0.135000,0.114000
832,0.145000,0.135000,0.135000,0.145000,0.135000,0.145000,0.145000,0.145000,0.145000,0.135000,0.135000,0.135000,0.114000
833,0.145000,0.135000,0.135000,0.145000,0.135000,0.145000,0.145000,0.145000,0.145000,0.135000,0.135000,0.135000,0.114000
834,0.145000,0.135000,0.135000,0.145000,0.135000,0.145000,0.145000,0.145000,0.145000,0.135000,0.135000,0.135000,0.114000
835,0.145000,0.135000,0.135000,0.145000,0.135000,0.145000,0.145000,0.145000,0.145000,0.135000,0.135000,0.135000,0.114000
836,0.145000,0.135000,0.135000,0.145000,0.135000,0.145000,0.145000,0.145000,0.145000,0.135000,0.135000,0.135000,0.114000
837,0.145000,0.135000,0.135000,0.145000,0.135000,0.145000,0.145000,0.145000,0.145000,0.135000,0.135000,0.135000,0.114000
838,0.145000,0.135000,0.135000,0.145000,0.135000,0.145000,0.145000,0.145000,0.145000,0.135000,0.135000,0.135000,0.114000
839,0.145000,0.135000,0.135000,0.145000,0.135000,0.145000,0.145000,0.145000,0.145000,0.135000,0.135000,0.135000,0.114000
840,0.145000,0.135000,0.135000,0.145000,0.135000,0.145000,0.145000,0.145000,0.145000,0.135000,0.135000,0.135000,0.114000
841,0.145000,0.135000,0.135000,0.145000,0.135000,0.145000,0.145000,0.145000,0.145000,0.135000,0.135000,0.135000,0.114000
842,0.145000,0.135000,0.135000,0.145000,0.135000,0.145000,0.145000,0.145000,0.145000,0.135000,0.135000,0.135000,0.114000
843,0.145000,0.135000,0.135000,0.145000,0.135000,0.145000,0.145000,0.145000,0.145000,0.135000,0.135000,0.135000,0.114000
844,0.145000,0.135000,0.135000,0.145000,0.135000,0.145000,0.145000,0.145000,0.145000,0.135000,0.135000,0.135000,0.114000
845,0.145000,0.135000,0.135000,0.145000,0.135000,0.145000,0.145000,0.145000,0.145000,0.135000,0.135000,0.135000,0.114000
846,0.145000,0.135000,0.135000,0.145000,0.135000,0.145000,0.145000,0.145000,0.145000,0.135000,0.135000,0.135000,0.114000
847,0.145000,0.135000,0.135000,0.145000,0.135000,0.145000,0.145000,0.145000,0.145000,0.135000,0.135000,0.135000,0.114000
848,0.145000,0.135000,0.135000,0.145000,0.135000,0.145000,0.145000,0.145000,0.145000,0.135000,0.135000,0.135000,0.114000
849,0.145000,0.135000,0.135000,0.145000,0.135000,0.145000,0.145000,0.145000,0.145000,0.135000,0.135000,0.135000,0.114000
850,0.145000,0.135000,0.135000,0.145000,0.135000,0.145000,0.145000,0.145000,0.145000,0.135000,0.135000,0.135000,0.114000
851,0.145000,0.135000,0.135000,0.145000,0.135000,0.145000,0.145000,0.145000,0.145000,0.135000,0.135000,0.135000,0.114000
852,0.145000,0.135000,0.135000,0.145000,0.135000,0.145000,0.145000,0.145000,0.145000,0.135000,0.135000,0.135000,0.114000
853,0.145000,0.135000,0.135000,0.145000,0.135000,0.145000,0.145000,0.145000,0.145000,0.135000,0.135000,0.135000,0.114000
854,0.145000,0.135000,0.135000,0.145000,0.135000,0.145000,0.145000,0.145000,0.145000,0.135000,0.135000,0.135000,0.114000
855,0.145000,0.135000,0.135000,0.145000,0.135000,0.145000,0.145000,0.145000,0.145000,0.135000,0.135000,0.135000,0.114000
856,0.145000,0.135000,0.135000,0.145000,0.135000,0.145000,0.145000,0.145000,0.145000,0.135000,0.135000,0.135000,0.114000
857,0.145000,0.135000,0.135000,0.145000,0.135000,0.145000,0.145000,0.145000,0.145000,0.135000,0.135000,0.135000,0.114000
858,0.145000,0.135000,0.135000,0.145000,0.135000,0.145000,0.145000,0.145000,0.145000,0.135000,0.135000,0.135000,0.114000
859,0.145000,0.135000,0.135000,0.145000,0.135000,0.145000,0.145000,0.145000,0.145000,0.135000,0.135000,0.135000,0.114000
860,0.145000,0.135000,0.135000,0.145000,0.135000,0.145000,0.145000,0.145000,0.145000,0.135000,0.135000,0.135000,0.114000
861,0.145000,0.135000,0.135000,0.145000,0.135000,0.145000,0.145000,0.145000,0.145000,0.135000,0.135000,0.135000,0.114000
862,0.145000,0.135000,0.135000,0.145000,0.135000,0.145000,0.145000,0.145000,0.145000,0.135000,0.135000,0.135000,0.114000
863,0.145000,0.135000,0.135000,0.145000,0.135000,0.145000,0.145000,0.145000,0.145000,0.135000,0.135000,0.135000,0.114000
864,0.145000,0.135000,0.135000,0.145000,0.135000,0.145000,0.145000,0.145000,0.145000,0.135000,0.135000,0.135000,0.114000
865,0.145000,0.135000,0.135000,0.145000,0.135000,0.145000,0.145000,0.145000,0.145000,0.135000,0.135000,0.135000,0.114000
866,0.145000,0.135000,0.135000,0.145000,0.135000,0.145000,0.145000,0.145000,0.145000,0.135000,0.135000,0.135000,0.114000
867,0.145000,0.135000,0.135000,0.145000,0.135000,0.145000,0.145000,0.145000,0.145000,0.135000,0.135000,0.135000,0.114000
868,0.145000,0.135000,0.135000,0.145000,0.135000,0.145000,0.145000,0.145000,0.145000,0.135000,0.135000,0.135000,0.114000
869,0.145000,0.135000,0.135000,0.145000,0.135000,0.145000,0.145000,0.145000,0.145000,0.135000,0.135000,0.135000,0.114000
870,0.145000,0.135000,0.135000,0.145000,0.135000,0.145000,0.145000,0.145000,0.145000,0.135000,0.135000,0.135000,0.114000
871,0.145000,0.135000,0.135000,0.145000,0.135000,0.145000,0.145000,0.145000,0.145000,0.135000,0.135000,0.135000,0.114000
872,0.145000,0.135000,0.135000,0.145000,0.135000,0.145000,0.145000,0.145000,0.145000,0.135000,0.135000,0.135000,0.114000
873,0.145000,0.135000,0.135000,0.145000,0.135000,0.145000,0.145000,0.145000,0.145000,0.135000,0.135000,0.135000,0.114000
874,0.145000,0.135000,0.135000,0.145000,0.135000,0.145000,0.145000,0.145000,0.145000,0.135000,0.135000,0.135000,0.114000
875,0.145000,0.135000,0.135000,0.145000,0.135000,0.145000,0.145000,0.145000,0.145000,0.135000,0.135000,0.135000,0.114000
876,0.145000,0.135000,0.135000,0.145000,0.135000,0.145000,0.145000,0.145000,0.145000,0.135000,0.135000,0.135000,0.114000
877,0.145000,0.135000,0.135000,0.145000,0.135000,0.145000,0.145000,0.145000,0.145000,0.135000,0.135000,0.135000,0.114000
878,0.145000,0.135000,0.135000,0.145000,0.135000,0.145000,0.145000,0.145000,0.145000,0.135000,0.135000,0.135000,0.114000
879,0.145000,0.135000,0.135000,0.145000,0.135000,0.145000,0.145000,0.145000,0.145000,0.135000,0.135000,0.135000,0.114000
880,0.145000,0.135000,0.135000,0.145000,0.135000,0.145000,0.145000,0.145000,0.145000,0.135000,0.135000,0.135000,0.114000
881,0.145000,0.135000,0.135000,0.145000,0.135000,0.145000,0.145000,0.145000,0.145000,0.135000,0.135000,0.135000,0.114000
882,0.145000,0.135000,0.135000,0.145000,0.135000,0.145000,0.145000,0.145000,0.145000,0.135000,0.135000,0.135000,0.114000
883,0.145000,0.135000,0.135000,0.145000,0.135000,0.145000,0.145000,0.145000,0.145000,0.135000,0.135000,0.135000,0.114000
884,0.145000,0.135000,0.135000,0.145000,0.135000,0.145000,0.145000,0.145000,0.145000,0.135000,0.135000,0.135000,0.114000
885,0.145000,0.135000,0.135000,0.145000,0.135000,0.145000,0.145000,0.145000,0.145000,0.135000,0.135000,0.135000,0.114000
886,0.145000,0.135000,0.135000,0.145000,0.135000,0.145000,0.145000,0.145000,0.145000,0.135000,0.135000,0.135000,0.114000
887,0.145000,0.135000,0.135000,0.145000,0.135000,0.145000,0.145000,0.145000,0.145000,0.135000,0.135000,0.135000,0.114000
888,0.145000,0.135000,0.135000,0.145000,0.135000,0.145000,0.145000,0.145000,0.145000,0.135000,0.135000,0.135000,0.114000
889,0.145000,0.135000,0.135000,0.145000,0.135000,0.145000,0.145000,0.145000,0.145000,0.135000,0.135000,0.135000,0.114000
890,0.145000,0.135000,0.135000,0.145000,0.135000,0.145000,0.145000,0.145000,0.145000,0.135000,0.135000,0.135000,0.114000
891,0.145000,0.135000,0.135000,0.145000,0.135000,0.145000,0.145000,0.145000,0.145000,0.135000,0.135000,0.135000,0.114000
892,0.145000,0.135000,0.135000,0.145000,0.135000,0.145000,0.145000,0.145000,0.145000,0.135000,0.135000,0.135000,0.114000
893,0.145000,0.135000,0.135000,0.145000,0.135000,0.145000,0.145000,0.145000,0.145000,0.135000,0.135000,0.135000,0.114000
894,0.145000,0.135000,0.135000,0.145000,0.135000,0.145000,0.145000,0.145000,0.145000,0.135000,0.135000,0.135000,0.114000
895,0.145000,0.135000,0.135000,0.145000,0.135000,0.145000,0.145000,0.145000,0.145000,0.135000,0.135000,0.135000,0.114000
896,0.145000,0.135000,0.135000,0.145000,0.135000,0.145000,0.145000,0.145000,0.145000,0.135000,0.135000,0.135000,0.114000
897,0.145000,0.135000,0.135000,0.145000,0.135000,0.145000,0.145000,0.145000,0.145000,0.135000,0.135000,0.135000,0.114000
898,0.145000,0.135000,0.135000,0.145000,0.135000,0.145000,0.145000,0.145000,0.145000,0.135000,0.135000,0.135000,0.114000
899,0.145000,0.135000,0.135000,0.145000,0.135000,0.145000,0.145000,0.145000,0.145000,0.135000,0.135000,0.135000,0.114000
900,0.145000,0.135000,0.135000,0.145000,0.135000,0.145000,0.145000,0.145000,0.145000,0.135000,0.135000,0.135000,0.114000
901,0.145000,0.135000,0.135000,0.145000,0.135000,0.145000,0.145000,0.145000,0.145000,0.135000,0.135000,0.135000,0.114000
902,0.145000,0.135000,0.135000,0.145000,0.135000,0.145000,0.145000,0.145000,0.145000,0.135000,0.135000,0.135000,0.114000
903,0.145000,0.135000,0.135000,0.145000,0.135000,0.145000,0.145000,0.145000,0.145000,0.135000,0.135000,0.135000,0.114000
904,0.145000,0.135000,0.135000,0.145000,0.135000,0.145000,0.145000,0.145000,0.145000,0.135000,0.135000,0.135000,0.114000
905,0.145000,0.135000,0.135000,0.145000,0.135000,0.145000,0.145000,0.145000,0.145000,0.135000,0.135000,0.135000,0.114000
906,0.145000,0.135000,0.135000,0.145000,0.135000,0.145000,0.145000,0.145000,0.145000,0.135000,0.135000,0.135000,0.114000
907,0.145000,0.135000,0.135000,0.145000,0.135000,0.145000,0.145000,0.145000,0.145000,0.135000,0.135000,0.135000,0.114000
908,0.145000,0.135000,0.135000,0.145000,0.135000,0.145000,0.145000,0.145000,0.145000,0.135000,0.135000,0.135000,0.114000
909,0.145000,0.135000,0.135000,0.145000,0.135000,0.145000,0.145000,0.145000,0.145000,0.135000,0.135000,0.135000,0.114000
910,0.145000,0.135000,0.135000,0.145000,0.135000,0.145000,0.145000,0.145000,0.145000,0.135000,0.135000,0.135000,0.114000
911,0.145000,0.135000,0.135000,0.145000,0.135000,0.145000,0.145000,0.145000,0.145000,0.135000,0.135000,0.135000,0.114000
912,0.145000,0.135000,0.135000,0.145000,0.135000,0.145000,0.145000,0.145000,0.145000,0.135000,0.135000,0.135000,0.114000
913,0.145000,0.135000,0.135000,0.145000,0.135000,0.145000,0.145000,0.145000,0.145000,0.135000,0.135000,0.135000,0.114000
914,0.145000,0.135000,0.135000,0.145000,0.135000,0.145000,0.145000,0.145000,0.145000,0.135000,0.135000,0.135000,0.114000
915,0.145000,0.135000,0.135000,0.145000,0.135000,0.145000,0.145000,0.145000,0.145000,0.135000,0.135000,0.135000,0.114000
916,0.145000,0.135000,0.135000,0.145000,0.135000,0.145000,0.145000,0.145000,0.145000,0.135000,0.135000,0.135000,0.114000
917,0.145000,0.135000,0.135000,0.145000,0.135000,0.145000,0.145000,0.145000,0.145000,0.135000,0.135000,0.135000,0.114000
918,0.145000,0.135000,0.135000,0.145000,0.135000,0.145000,0.145000,0.145000,0.145000,0.135000,0.135000,0.135000,0.114000
919,0.145000,0.135000,0.135000,0.145000,0.135000,0.145000,0.145000,0.145000,0.145000,0.135000,0.135000,0.135000,0.114000
920,0.145000,0.135000,0.135000,0.145000,0.135000,0.145000,0.145000,0.145000,0.145000,0.135000,0.135000,0.135000,0.114000
921,0.145000,0.135000,0.135000,0.145000,0.135000,0.145000,0.145000,0.145000,0.145000,0.135000,0.135000,0.135000,0.114000
922,0.145000,0.135000,0.135000,0.145000,0.135000,0.145000,0.145000,0.145000,0.145000,0.135000,0.135000,0.135000,0.114000
923,0.145000,0.135000,0.135000,0.145000,0.135000,0.145000,0.145000,0.145000,0.145000,0.135000,0.135000,0.135000,0.114000
924,0.145000,0.135000,0.135000,0.145000,0.135000,0.145000,0.145000,0.145000,0.145000,0.135000,0.135000,0.135000,0.114000
925,0.145000,0.135000,0.135000,0.145000,0.135000,0.145000,0.145000,0.145000,0.145000,0.135000,0.135000,0.135000,0.114000
926,0.145000,0.135000,0.135000,0.145000,0.135000,0.145000,0.145000,0.145000,0.145000,0.135000,0.135000,0.135000,0.114000
927,0.145000,0.135000,0.135000,0.145000,0.135000,0.145000,0.145000,0.145000,0.145000,0.135000,0.135000,0.135000,0.114000
928,0.145000,0.135000,0.135000,0.145000,0.135000,0.145000,0.145000,0.145000,0.145000,0.135000,0.135000,0.135000,0.114000
929,0.145000,0.135000,0.135000,0.145000,0.135000,0.145000,0.145000,0.145000,0.145000,0.135000,0.135000,0.135000,0.114000
930,0.145000,0.135000,0.135000,0.145000,0.135000,0.145000,0.145000,0.145000,0.145000,0.135000,0.135000,0.135000,0.114000
931,0.145000,0.135000,0.135000,0.145000,0.135000,0.145000,0.145000,0.145000,0.145000,0.135000,0.135000,0.135000,0.114000
932,0.145000,0.135000,0.135000,0.145000,0.135000,0.145000,0.145000,0.145000,0.145000,0.135000,0.135000,0.135000,0.114000
933,0.145000,0.135000,0.135000,0.145000,0.135000,0.145000,0.145000,0.145000,0.145000,0.135000,0.135000,0.135000,0.114000
934,0.145000,0.135000,0.135000,0.145000,0.135000,0.145000,0.145000,0.145000,0.145000,0.135000,0.135000,0.135000,0.114000
935,0.145000,0.135000,0.135000,0.145000,0.135000,0.145000,0.145000,0.145000,0.145000,0.135000,0.135000,0.135000,0.114000
936,0.145000,0.135000,0.135000,0.145000,0.135000,0.145000,0.145000,0.145000,0.145000,0.135000,0.135000,0.135000,0.114000
937,0.145000,0.135000,0.135000,0.145000,0.135000,0.145000,0.145000,0.145000,0.145000,0.135000,0.135000,0.135000,0.114000
938,0.145000,0.135000,0.135000,0.145000,0.135000,0.145000,0.145000,0.145000,0.145000,0.135000,0.135000,0.135000,0.114000
939,0.145000,0.135000,0.135000,0.145000,0.135000,0.145000,0.145000,0.145000,0.145000,0.135000,0.135000,0.135000,0.114000
940,0.145000,0.135000,0.135000,0.145000,0.135000,0.145000,0.145000,0.145000,0.145000,0.135000,0.135000,0.135000,0.114000
941,0.145000,0.135000,0.135000,0.145000,0.135000,0.145000,0.145000,0.145000,0.145000,0.135000,0.135000,0.135000,0.114000
942,0.145000,0.135000,0.135000,0.145000,0.135000,0.145000,0.145000,0.145000,0.145000,0.135000,0.135000,0.135000,0.114000
943,0.145000,0.135000,0.135000,0.145000,0.135000,0.145000,0.145000,0.145000,0.145000,0.135000,0.135000,0.135000,0.114000
944,0.145000,0.135000,0.135000,0.145000,0.135000,0.145000,0.145000,0.145000,0.145000,0.135000,0.135000,0.135000,0.114000
945,0.145000,0.135000,0.135000,0.145000,0.135000,0.145000,0.145000,0.145000,0.145000,0.135000,0.135000,0.135000,0.114000
946,0.145000,0.135000,0.135000,0.145000,0.135000,0.145000,0.145000,0.145000,0.145000,0.135000,0.135000,0.135000,0.114000
947,0.145000,0.135000,0.135000,0.145000,0.135000,0.145000,0.145000,0.145000,0.145000,0.135000,0.135000,0.135000,0.114000
948,0.145000,0.135000,0.135000,0.145000,0.135000,0.145000,0.145000,0.145000,0.145000,0.135000,0.135000,0.135000,0.114000
949,0.145000,0.135000,0.135000,0.145000,0.135000,0.145000,0.145000,0.145000,0.145000,0.135000,0.135000,0.135000,0.114000
950,0.145000,0.135000,0.135000,0.145000,0.135000,0.145000,0.145000,0.145000,0.145000,0.135000,0.135000,0.135000,0.114000
951,0.145000,0.135000,0.135000,0.145000,0.135000,0.145000,0.145000,0.145000,0.145000,0.135000,0.135000,0.135000,0.114000
952,0.145000,0.135000,0.135000,0.145000,0.135000,0.145000,0.145000,0.145000,0.145000,0.135000,0.135000,0.135000,0.114000
953,0.145000,0.135000,0.135000,0.145000,0.135000,0.145000,0.145000,0.145000,0.145000,0.135000,0.135000,0.135000,0.114000
954,0.145000,0.135000,0.135000,0.145000,0.135000,0.145000,0.145000,0.145000,0.145000,0.135000,0.135000,0.135000,0.114000
955,0.145000,0.135000,0.135000,0.145000,0.135000,0.145000,0.145000,0.145000,0.145000,0.135000,0.135000,0.135000,0.114000
956,0.145000,0.135000,0.135000,0.145000,0.135000,0.145000,0.145000,0.145000,0.145000,0.135000,0.135000,0.135000,0.114000
957,0.145000,0.135000,0.135000,0.145000,0.135000,0.145000,0.145000,0.145000,0.145000,0.135000,0.135000,0.135000,0.114000
958,0.145000,0.135000,0.135000,0.145000,0.135000,0.145000,0.145000,0.145000,0.145000,0.135000,0.135000,0.135000,0.114000
959,0.145000,0.135000,0.135000,0.145000,0.135000,0.145000,0.145000,0.145000,0.145000,0.135000,0.135000,0.135000,0.114000
960,0.145000,0.135000,0.135000,0.145000,0.135000,0.145000,0.145000,0.145000,0.145000,0.135000,0.135000,0.135000,0.114000
961,0.145000,0.135000,0.135000,0.145000,0.135000,0.145000,0.145000,0.145000,0.145000,0.135000,0.135000,0.135000,0.114000
962,0.145000,0.135000,0.135000,0.145000,0.135000,0.145000,0.145000,0.145000,0.145000,0.135000,0.135000,0.135000,0.114000
963,0.145000,0.135000,0.135000,0.145000,0.135000,0.145000,0.145000,0.145000,0.145000,0.135000,0.135000,0.135000,0.114000
964,0.145000,0.135000,0.135000,0.145000,0.135000,0.145000,0.145000,0.145000,0.145000,0.135000,0.135000,0.135000,0.114000
965,0.145000,0.135000,0.135000,0.145000,0.135000,0.145000,0.145000,0.145000,0.145000,0.135000,0.135000,0.135000,0.114000
966,0.145000,0.135000,0.135000,0.145000,0.135000,0.145000,0.145000,0.145000,0.145000,0.135000,0.135000,0.135000,0.114000
967,0.145000,0.135000,0.135000,0.145000,0.135000,0.145000,0.145000,0.145000,0.145000,0.135000,0.135000,0.135000,0.114000
968,0.145000,0.135000,0.135000,0.145000,0.135000,0.145000,0.145000,0.145000,0.145000,0.135000,0.135000,0.135000,0.114000
969,0.145000,0.135000,0.135000,0.145000,0.135000,0.145000,0.145000,0.145000,0.145000,0.135000,0.135000,0.135000,0.114000
970,0.145000,0.135000,0.135000,0.145000,0.135000,0.145000,0.145000,0.145000,0.145000,0.135000,0.135000,0.135000,0.114000
971,0.145000,0.135000,0.135000,0.145000,0.135000,0.145000,0.145000,0.145000,0.145000,0.135000,0.135000,0.135000,0.114000
972,0.145000,0.135000,0.135000,0.145000,0.135000,0.145000,0.145000,0.145000,0.145000,0.135000,0.135000,0.135000,0.114000
973,0.145000,0.135000,0.135000,0.145000,0.135000,0.145000,0.145000,0.145000,0.145000,0.135000,0.135000,0.135000,0.114000
974,0.145000,0.135000,0.135000,0.145000,0.135000,0.145000,0.145000,0.145000,0.145000,0.135000,0.135000,0.135000,0.114000
975,0.145000,0.135000,0.135000,0.145000,0.135000,0.145000,0.145000,0.145000,0.145000,0.135000,0.135000,0.135000,0.114000
976,0.145000,0.135000,0.135000,0.145000,0.135000,0.145000,0.145000,0.145000,0.145000,0.135000,0.135000,0.135000,0.114000
977,0.145000,0.135000,0.135000,0.145000,0.135000,0.145000,0.145000,0.145000,0.145000,0.135000,0.135000,0.135000,0.114000
978,0.145000,0.135000,0.135000,0.145000,0.135000,0.145000,0.145000,0.145000,0.145000,0.135000,0.135000,0.135000,0.114000
979,0.145000,0.135000,0.135000,0.145000,0.135000,0.145000,0.145000,0.145000,0.145000,0.135000,0.135000,0.135000,0.114000
980,0.145000,0.135000,0.135000,0.145000,0.135000,0.145000,0.145000,0.145000,0.145000,0.135000,0.135000,0.135000,0.114000
981,0.145000,0.135000,0.135000,0.145000,0.135000,0.145000,0.145000,0.145000,0.145000,0.135000,0.135000,0.135000,0.114000
982,0.145000,0.135000,0.135000,0.145000,0.135000,0.145000,0.145000,0.145000,0.145000,0.135000,0.135000,0.135000,0.114000
983,0.145000,0.135000,0.135000,0.145000,0.135000,0.145000,0.145000,0.145000,0.145000,0.135000,0.135000,0.135000,0.114000
984,0.145000,0.135000,0.135000,0.145000,0.135000,0.145000,0.145000,0.145000,0.145000,0.135000,0.135000,0.135000,0.114000
985,0.145000,0.135000,0.135000,0.145000,0.135000,0.145000,0.145000,0.145000,0.145000,0.135000,0.135000,0.135000,0.114000
986,0.145000,0.135000,0.135000,0.145000,0.135000,0.145000,0.145000,0.145000,0.145000,0.135000,0.135000,0.135000,0.114000
987,0.145000,0.135000,0.135000,0.145000,0.135000,0.145000,0.145000,0.145000,0.145000,0.135000,0.135000,0.135000,0.114000
988,0.145000,0.135000,0.135000,0.145000,0.135000,0.145000,0.145000,0.145000,0.145000,0.135000,0.135000,0.135000,0.114000
989,0.145000,0.135000,0.135000,0.145000,0.135000,0.145000,0.145000,0.145000,0.145000,0.135000,0.135000,0.135000,0.114000
990,0.145000,0.135000,0.135000,0.145000,0.135000,0.145000,0.145000,0.145000,0.145000,0.135000,0.135000,0.135000,0.114000
991,0.145000,0.135000,0.135000,0.145000,0.135000,0.145000,0.145000,0.145000,0.145000,0.135000,0.135000,0.135000,0.114000
992,0.145000,0.135000,0.135000,0.145000,0.135000,0.145000,0.145000,0.145000,0.145000,0.135000,0.135000,0.135000,0.114000
993,0.145000,0.135000,0.135000,0.145000,0.135000,0.145000,0.145000,0.145000,0.145000,0.135000,0.135000,0.135000,0.114000
994,0.145000,0.135000,0.135000,0.145000,0.135000,0.145000,0.145000,0.145000,0.145000,0.135000,0.135000,0.135000,0.114000
995,0.145000,0.135000,0.135000,0.145000,0.135000,0.145000,0.145000,0.145000,0.145000,0.135000,0.135000,0.135000,0.114000
996,0.145000,0.135000,0.135000,0.145000,0.135000,0.145000,0.145000,0.145000,0.145000,0.135000,0.135000,0.135000,0.114000
997,0.145000,0.135000,0.135000,0.145000,0.135000,0.145000,0.145000,0.145000,0.145000,0.135000,0.135000,0.135000,0.114000
998,0.145000,0.135000,0.135000,0.145000,0.135000,0.145000,0.145000,0.145000,0.145000,0.135000,0.135000,0.135000,0.114000
999,0.145000,0.135000,0.135000,0.145000,0.135000,0.145000,0.145000,0.145000,0.145000,0.135000,0.135000,0.135000,0.114000
1000,0.145000,0.135000,0.135000,0.145000,0.135000,0.145000,0.145000,0.145000,0.145000,0.135000,0.135000,0.135000,0.114000
1001,0.145000,0.135000,0.135000,0.145000,0.135000,0.145000,0.145000,0.145000,0.145000,0.135000,0.135000,0.135000,0.114000
1002,0.145000,0.135000,0.135000,0.145000,0.135000,0.145000,0.145000,0.145000,0.145000,0.135000,0.135000,0.135000,0.114000
1003,0.145000,0.135000,0.135000,0.145000,0.135000,0.145000,0.145000,0.145000,0.145000,0.135000,0.135000,0.135000,0.114000
1004,0.145000,0.135000,0.135000,0.145000,0.135000,0.145000,0.145000,0.145000,0.145000,0.135000,0.135000,0.135000,0.114000
1005,0.145000,0.135000,0.135000,0.145000,0.135000,0.145000,0.145000,0.145000,0.145000,0.135000,0.135000,0.135000,0.114000
1006,0.145000,0.135000,0.135000,0.145000,0.135000,0.145000,0.145000,0.145000,0.145000,0.135000,0.135000,0.135000,0.114000
1007,0.145000,0.135000,0.135000,0.145000,0.135000,0.145000,0.145000,0.145000,0.145000,0.135000,0.135000,0.135000,0.114000
1008,0.145000,0.135000,0.135000,0.145000,0.135000,0.145000,0.145000,0.145000,0.145000,0.135000,0.135000,0.135000,0.114000
1009,0.145000,0.135000,0.135000,0.145000,0.135000,0.145000,0.145000,0.145000,0.145000,0.135000,0.135000,0.135000,0.114000
1010,0.145000,0.135000,0.135000,0.145000,0.135000,0.145000,0.145000,0.145000,0.145000,0.135000,0.135000,0.135000,0.114000
1011,0.145000,0.135000,0.135000,0.145000,0.135000,0.145000,0.145000,0.145000,0.145000,0.135000,0.135000,0.135000,0.114000
1012,0.145000,0.135000,0.135000,0.145000,0.135000,0.145000,0.145000,0.145000,0.145000,0.135000,0.135000,0.135000,0.114000
1013,0.145000,0.135000,0.135000,0.145000,0.135000,0.145000,0.145000,0.145000,0.145000,0.135000,0.135000,0.135000,0.114000
1014,0.145000,0.135000,0.135000,0.145000,0.135000,0.145000,0.145000,0.145000,0.145000,0.135000,0.135000,0.135000,0.114000
1015,0.145000,0.135000,0.135000,0.145000,0.135000,0.145000,0.145000,0.145000,0.145000,0.135000,0.135000,0.135000,0.114000
1016,0.145000,0.135000,0.135000,0.145000,0.135000,0.145000,0.145000,0.145000,0.145000,0.135000,0.135000,0.135000,0.114000
1017,0.145000,0.135000,0.135000,0.145000,0.135000,0.145000,0.145000,0.145000,0.145000,0.135000,0.135000,0.135000,0.114000
1018,0.145000,0.135000,0.135000,0.145000,0.135000,0.145000,0.145000,0.145000,0.145000,0.135000,0.135000,0.135000,0.114000
1019,0.145000,0.135000,0.135000,0.145000,0.135000,0.145000,0.145000,0.145000,0.145000,0.135000,0.135000,0.135000,0.114000
1020,0.145000,0.135000,0.135000,0.145000,0.135000,0.145000,0.145000,0.145000,0.145000,0.135000,0.135000,0.135000,0.114000
1021,0.145000,0.135000,0.135000,0.145000,0.135000,0.145000,0.145000,0.145000,0.145000,0.135000,0.135000,0.135000,0.114000
1022,0.145000,0.135000,0.135000,0.145000,0.135000,0.145000,0.145000,0.145000,0.145000,0.135000,0.135000,0.135000,0.114000
1023,0.145000,0.135000,0.135000,0.145000,0.135000,0.145000,0.145000,0.145000,0.145000,0.135000,0.135000,0.135000,0.114000
1024,0.145000,0.135000,0.135000,0.145000,0.135000,0.145000,0.145000,0.145000,0.145000,0.135000,0.135000,0.135000,0.114000
1025,0.145000,0.135000,0.135000,0.145000,0.135000,0.145000,0.145000,0.145000,0.145000,0.135000,0.135000,0.135000,0.114000
1026,0.145000,0.135000,0.135000,0.145000,0.135000,0.145000,0.145000,0.145000,0.145000,0.135000,0.135000,0.135000,0.114000
1027,0.145000,0.135000,0.135000,0.145000,0.135000,0.145000,0.145000,0.145000,0.145000,0.135000,0.135000,0.135000,0.114000
1028,0.145000,0.135000,0.135000,0.145000,0.135000,0.145000,0.145000,0.145000,0.145000,0.135000,0.135000,0.135000,0.114000
1029,0.145000,0.135000,0.135000,0.145000,0.135000,0.145000,0.145000,0.145000,0.145000,0.135000,0.135000,0.135000,0.114000
1030,0.145000,0.135000,0.135000,0.145000,0.135000,0.145000,0.145000,0.145000,0.145000,0.135000,0.135000,0.135000,0.114000
1031,0.145000,0.135000,0.135000,0.145000,0.135000,0.145000,0.145000,0.145000,0.145000,0.135000,0.135000,0.135000,0.114000
1032,0.145000,0.135000,0.135000,0.145000,0.135000,0.145000,0.145000,0.145000,0.145000,0.135000,0.135000,0.135000,0.114000
1033,0.145000,0.135000,0.135000,0.145000,0.135000,0.145000,0.145000,0.145000,0.145000,0.135000,0.135000,0.135000,0.114000
1034,0.145000,0.135000,0.135000,0.145000,0.135000,0.145000,0.145000,0.145000,0.145000,0.135000,0.135000,0.135000,0.114000
1035,0.145000,0.135000,0.135000,0.145000,0.135000,0.145000,0.145000,0.145000,0.145000,0.135000,0.135000,0.135000,0.114000
1036,0.145000,0.135000,0.135000,0.145000,0.135000,0.145000,0.145000,0.145000,0.145000,0.135000,0.135000,0.135000,0.114000
1037,0.145000,0.135000,0.135000,0.145000,0.135000,0.145000,0.145000,0.145000,0.145000,0.135000,0.135000,0.135000,0.114000
1038,0.145000,0.135000,0.135000,0.145000,0.135000,0.145000,0.145000,0.145000,0.145000,0.135000,0.135000,0.135000,0.114000
1039,0.145000,0.135000,0.135000,0.145000,0.135000,0.145000,0.145000,0.145000,0.145000,0.135000,0.135000,0.135000,0.114000
1040,0.145000,0.135000,0.135000,0.145000,0.135000,0.145000,0.145000,0.145000,0.145000,0.135000,0.135000,0.135000,0.114000
1041,0.145000,0.135000,0.135000,0.145000,0.135000,0.145000,0.145000,0.145000,0.145000,0.135000,0.135000,0.135000,0.114000
1042,0.145000,0.135000,0.135000,0.145000,0.135000,0.145000,0.145000,0.145000,0.145000,0.135000,0.135000,0.135000,0.114000
1043,0.145000,0.135000,0.135000,0.145000,0.135000,0.145000,0.145000,0.145000,0.145000,0.135000,0.135000,0.135000,0.114000
1044,0.145000,0.135000,0.135000,0.145000,0.135000,0.145000,0.145000,0.145000,0.145000,0.135000,0.135000,0.135000,0.114000
1045,0.145000,0.135000,0.135000,0.145000,0.135000,0.145000,0.145000,0.145000,0.145000,0.135000,0.135000,0.135000,0.114000
1046,0.145000,0.135000,0.135000,0.145000,0.135000,0.145000,0.145000,0.145000,0.145000,0.135000,0.135000,0.135000,0.114000
1047,0.145000,0.135000,0.135000,0.145000,0.135000,0.145000,0.145000,0.145000,0.145000,0.135000,0.135000,0.135000,0.114000
1048,0.145000,0.135000,0.135000,0.145000,0.135000,0.145000,0.145000,0.145000,0.145000,0.135000,0.135000,0.135000,0.114000
1049,0.145000,0.135000,0.135000,0.145000,0.135000,0.145000,0.145000,0.145000,0.145000,0.135000,0.135000,0.135000,0.114000
1050,0.145000,0.135000,0.135000,0.145000,0.135000,0.145000,0.145000,0.145000,0.145000,0.135000,0.135000,0.135000,0.114000
1051,0.145000,0.135000,0.135000,0.145000,0.135000,0.145000,0.145000,0.145000,0.145000,0.135000,0.135000,0.135000,0.114000
1052,0.145000,0.135000,0.135000,0.145000,0.135000,0.145000,0.145000,0.145000,0.145000,0.135000,0.135000,0.135000,0.114000
1053,0.145000,0.135000,0.135000,0.145000,0.135000,0.145000,0.145000,0.145000,0.145000,0.135000,0.135000,0.135000,0.114000
1054,0.145000,0.135000,0.135000,0.145000,0.135000,0.145000,0.145000,0.145000,0.145000,0.135000,0.135000,0.135000,0.114000
1055,0.145000,0.135000,0.135000,0.145000,0.135000,0.145000,0.145000,0.145000,0.145000,0.135000,0.135000,0.135000,0.114000
1056,0.145000,0.135000,0.135000,0.145000,0.135000,0.145000,0.145000,0.145000,0.145000,0.135000,0.135000,0.135000,0.114000
1057,0.145000,0.135000,0.135000,0.145000,0.135000,0.145000,0.145000,0.145000,0.145000,0.135000,0.135000,0.135000,0.114000
1058,0.145000,0.135000,0.135000,0.145000,0.135000,0.145000,0.145000,0.145000,0.145000,0.135000,0.135000,0.135000,0.114000
1059,0.145000,0.135000,0.135000,0.145000,0.135000,0.145000,0.145000,0.145000,0.145000,0.135000,0.135000,0.135000,0.114000
1060,0.145000,0.135000,0.135000,0.145000,0.135000,0.145000,0.145000,0.145000,0.145000,0.135000,0.135000,0.135000,0.114000
1061,0.145000,0.135000,0.135000,0.145000,0.135000,0.145000,0.145000,0.145000,0.145000,0.135000,0.135000,0.135000,0.114000
1062,0.145000,0.135000,0.135000,0.145000,0.135000,0.145000,0.145000,0.145000,0.145000,0.135000,0.135000,0.135000,0.114000
1063,0.145000,0.135000,0.135000,0.145000,0.135000,0.145000,0.145000,0.145000,0.145000,0.135000,0.135000,0.135000,0.114000
1064,0.145000,0.135000,0.135000,0.145000,0.135000,0.145000,0.145000,0.145000,0.145000,0.135000,0.135000,0.135000,0.114000
1065,0.145000,0.135000,0.135000,0.145000,0.135000,0.145000,0.145000,0.145000,0.145000,0.135000,0.135000,0.135000,0.114000
1066,0.145000,0.135000,0.135000,0.145000,0.135000,0.145000,0.145000,0.145000,0.145000,0.135000,0.135000,0.135000,0.114000
1067,0.145000,0.135000,0.135000,0.145000,0.135000,0.145000,0.145000,0.145000,0.145000,0.135000,0.135000,0.135000,0.114000
1068,0.145000,0.135000,0.135000,0.145000,0.135000,0.145000,0.145000,0.145000,0.145000,0.135000,0.135000,0.135000,0.114000
1069,0.145000,0.135000,0.135000,0.145000,0.135000,0.145000,0.145000,0.145000,0.145000,0.135000,0.135000,0.135000,0.114000
1070,0.145000,0.135000,0.135000,0.145000,0.135000,0.145000,0.145000,0.145000,0.145000,0.135000,0.135000,0.135000,0.114000
1071,0.145000,0.135000,0.135000,0.145000,0.135000,0.145000,0.145000,0.145000,0.145000,0.135000,0.135000,0.135000,0.114000
1072,0.145000,0.135000,0.135000,0.145000,0.135000,0.145000,0.145000,0.145000,0.145000,0.135000,0.135000,0.135000,0.114000
1073,0.145000,0.135000,0.135000,0.145000,0.135000,0.145000,0.145000,0.145000,0.145000,0.135000,0.135000,0.135000,0.114000
1074,0.145000,0.135000,0.135000,0.145000,0.135000,0.145000,0.145000,0.145000,0.145000,0.135000,0.135000,0.135000,0.114000
1075,0.145000,0.135000,0.135000,0.145000,0.135000,0.145000,0.145000,0.145000,0.145000,0.135000,0.135000,0.135000,0.114000
1076,0.145000,0.135000,0.135000,0.145000,0.135000,0.145000,0.145000,0.145000,0.145000,0.135000,0.135000,0.135000,0.114000
1077,0.145000,0.135000,0.135000,0.145000,0.135000,0.145000,0.145000,0.145000,0.145000,0.135000,0.135000,0.135000,0.114000
1078,0.145000,0.135000,0.135000,0.145000,0.135000,0.145000,0.145000,0.145000,0.145000,0.135000,0.135000,0.135000,0.114000
1079,0.145000,0.135000,0.135000,0.145000,0.135000,0.145000,0.145000,0.145000,0.145000,0.135000,0.135000,0.135000,0.114000
1080,0.145000,0.135000,0.135000,0.145000,0.135000,0.145000,0.145000,0.145000,0.145000,0.135000,0.135000,0.135000,0.114000
1081,0.145000,0.135000,0.135000,0.145000,0.135000,0.145000,0.145000,0.145000,0.145000,0.135000,0.135000,0.135000,0.114000
1082,0.145000,0.135000,0.135000,0.145000,0.135000,0.145000,0.145000,0.135000,0.145000,0.135000,0.135000,0.135000,0.114000
1083,0.145000,0.135000,0.135000,0.145000,0.135000,0.145000,0.145000,0.135000,0.145000,0.135000,0.135000,0.135000,0.114000
1084,0.145000,0.135000,0.135000,0.145000,0.135000,0.145000,0.145000,0.135000,0.145000,0.135000,0.135000,0.135000,0.114000
1085,0.145000,0.135000,0.135000,0.145000,0.135000,0.145000,0.145000,0.135000,0.145000,0.135000,0.135000,0.135000,0.114000
1086,0.145000,0.135000,0.135000,0.145000,0.135000,0.145000,0.145000,0.135000,0.145000,0.135000,0.135000,0.135000,0.114000
1087,0.145000,0.135000,0.135000,0.145000,0.135000,0.145000,0.145000,0.135000,0.145000,0.135000,0.135000,0.135000,0.114000
1088,0.145000,0.135000,0.135000,0.145000,0.135000,0.145000,0.145000,0.135000,0.145000,0.135000,0.135000,0.135000,0.114000
1089,0.145000,0.135000,0.135000,0.145000,0.135000,0.145000,0.145000,0.135000,0.145000,0.135000,0.135000,0.135000,0.114000
1090,0.145000,0.135000,0.135000,0.145000,0.135000,0.145000,0.145000,0.135000,0.145000,0.135000,0.135000,0.135000,0.114000
1091,0.145000,0.135000,0.135000,0.145000,0.135000,0.145000,0.145000,0.135000,0.145000,0.135000,0.135000,0.135000,0.114000
1092,0.145000,0.135000,0.135000,0.145000,0.135000,0.145000,0.145000,0.135000,0.145000,0.135000,0.135000,0.135000,0.114000
1093,0.145000,0.135000,0.135000,0.145000,0.135000,0.145000,0.145000,0.135000,0.145000,0.135000,0.135000,0.135000,0.114000
1094,0.145000,0.135000,0.135000,0.145000,0.135000,0.145000,0.145000,0.135000,0.145000,0.135000,0.135000,0.135000,0.114000
1095,0.145000,0.135000,0.135000,0.145000,0.135000,0.145000,0.145000,0.135000,0.145000,0.135000,0.135000,0.135000,0.114000
1096,0.145000,0.135000,0.135000,0.145000,0.135000,0.145000,0.145000,0.135000,0.145000,0.135000,0.135000,0.135000,0.114000
1097,0.145000,0.135000,0.135000,0.145000,0.135000,0.145000,0.145000,0.135000,0.145000,0.135000,0.135000,0.135000,0.114000
1098,0.145000,0.135000,0.135000,0.145000,0.135000,0.145000,0.145000,0.135000,0.145000,0.135000,0.135000,0.135000,0.114000
1099,0.145000,0.135000,0.135000,0.145000,0.135000,0.145000,0.145000,0.135000,0.145000,0.135000,0.135000,0.135000,0.114000
1100,0.145000,0.135000,0.135000,0.145000,0.135000,0.145000,0.145000,0.135000,0.145000,0.135000,0.135000,0.135000,0.114000
1101,0.145000,0.135000,0.135000,0.145000,0.135000,0.145000,0.145000,0.135000,0.145000,0.135000,0.135000,0.135000,0.114000
1102,0.145000,0.135000,0.135000,0.145000,0.135000,0.145000,0.145000,0.135000,0.145000,0.135000,0.135000,0.135000,0.114000
1103,0.145000,0.135000,0.135000,0.145000,0.135000,0.145000,0.145000,0.135000,0.145000,0.135000,0.135000,0.135000,0.114000
1104,0.145000,0.135000,0.135000,0.145000,0.135000,0.145000,0.145000,0.135000,0.145000,0.135000,0.135000,0.135000,0.114000
1105,0.145000,0.135000,0.135000,0.145000,0.135000,0.145000,0.145000,0.135000,0.145000,0.135000,0.135000,0.135000,0.114000
1106,0.145000,0.135000,0.135000,0.145000,0.135000,0.145000,0.145000,0.135000,0.145000,0.135000,0.135000,0.135000,0.114000
1107,0.145000,0.135000,0.135000,0.145000,0.135000,0.145000,0.145000,0.135000,0.145000,0.135000,0.135000,0.135000,0.114000
1108,0.145000,0.135000,0.135000,0.145000,0.135000,0.145000,0.145000,0.135000,0.145000,0.135000,0.135000,0.135000,0.114000
1109,0.145000,0.135000,0.135000,0.145000,0.135000,0.145000,0.145000,0.135000,0.145000,0.135000,0.135000,0.135000,0.114000
1110,0.145000,0.135000,0.135000,0.145000,0.135000,0.145000,0.145000,0.135000,0.145000,0.135000,0.135000,0.135000,0.114000
1111,0.145000,0.135000,0.135000,0.145000,0.135000,0.145000,0.145000,0.135000,0.145000,0.135000,0.135000,0.135000,0.114000
1112,0.145000,0.135000,0.135000,0.145000,0.135000,0.145000,0.145000,0.135000,0.145000,0.135000,0.135000,0.135000,0.114000
1113,0.145000,0.135000,0.135000,0.145000,0.135000,0.145000,0.145000,0.135000,0.145000,0.135000,0.135000,0.135000,0.114000
1114,0.145000,0.135000,0.135000,0.145000,0.135000,0.145000,0.145000,0.135000,0.145000,0.135000,0.135000,0.135000,0.114000
1115,0.145000,0.135000,0.135000,0.145000,0.135000,0.145000,0.145000,0.135000,0.145000,0.135000,0.135000,0.135000,0.114000
1116,0.145000,0.135000,0.135000,0.145000,0.135000,0.145000,0.145000,0.135000,0.145000,0.135000,0.135000,0.135000,0.114000
1117,0.145000,0.135000,0.135000,0.145000,0.135000,0.145000,0.145000,0.135000,0.145000,0.135000,0.135000,0.135000,0.114000
1118,0.145000,0.135000,0.135000,0.145000,0.135000,0.145000,0.145000,0.135000,0.145000,0.135000,0.135000,0.135000,0.114000
1119,0.145000,0.135000,0.135000,0.145000,0.135000,0.145000,0.145000,0.135000,0.145000,0.135000,0.135000,0.135000,0.114000
1120,0.145000,0.135000,0.135000,0.145000,0.135000,0.145000,0.145000,0.135000,0.145000,0.135000,0.135000,0.135000,0.114000
1121,0.145000,0.135000,0.135000,0.145000,0.135000,0.145000,0.145000,0.135000,0.145000,0.135000,0.135000,0.135000,0.114000
1122,0.145000,0.135000,0.135000,0.145000,0.135000,0.145000,0.145000,0.135000,0.145000,0.135000,0.135000,0.135000,0.114000
1123,0.145000,0.135000,0.135000,0.145000,0.135000,0.145000,0.145000,0.135000,0.145000,0.135000,0.135000,0.135000,0.114000
1124,0.145000,0.135000,0.135000,0.145000,0.135000,0.145000,0.145000,0.135000,0.145000,0.135000,0.135000,0.135000,0.114000
1125,0.145000,0.135000,0.135000,0.145000,0.135000,0.145000,0.145000,0.135000,0.145000,0.135000,0.135000,0.135000,0.114000
1126,0.145000,0.135000,0.135000,0.145000,0.135000,0.145000,0.145000,0.135000,0.145000,0.135000,0.135000,0.135000,0.114000
1127,0.145000,0.135000,0.135000,0.145000,0.135000,0.145000,0.145000,0.135000,0.145000,0.135000,0.135000,0.135000,0.114000
1128,0.145000,0.135000,0.135000,0.145000,0.135000,0.145000,0.145000,0.135000,0.145000,0.135000,0.135000,0.135000,0.114000
1129,0.145000,0.135000,0.135000,0.145000,0.135000,0.145000,0.145000,0.135000,0.145000,0.135000,0.135000,0.135000,0.114000
1130,0.145000,0.135000,0.135000,0.145000,0.135000,0.145000,0.145000,0.135000,0.145000,0.135000,0.135000,0.135000,0.114000
1131,0.145000,0.135000,0.135000,0.145000,0.135000,0.145000,0.145000,0.135000,0.145000,0.135000,0.135000,0.135000,0.114000
1132,0.145000,0.135000,0.135000,0.145000,0.135000,0.145000,0.145000,0.135000,0.145000,0.135000,0.135000,0.135000,0.114000
1133,0.145000,0.135000,0.135000,0.145000,0.135000,0.145000,0.145000,0.135000,0.145000,0.135000,0.135000,0.135000,0.114000
1134,0.145000,0.135000,0.135000,0.145000,0.135000,0.145000,0.145000,0.135000,0.145000,0.135000,0.135000,0.135000,0.114000
1135,0.145000,0.135000,0.135000,0.145000,0.135000,0.145000,0.145000,0.135000,0.145000,0.135000,0.135000,0.135000,0.114000
1136,0.145000,0.135000,0.135000,0.145000,0.135000,0.145000,0.145000,0.135000,0.145000,0.135000,0.135000,0.135000,0.114000
1137,0.145000,0.135000,0.135000,0.145000,0.135000,0.145000,0.145000,0.135000,0.145000,0.135000,0.135000,0.135000,0.114000
1138,0.145000,0.135000,0.135000,0.145000,0.135000,0.145000,0.145000,0.135000,0.145000,0.135000,0.135000,0.135000,0.114000
1139,0.145000,0.135000,0.135000,0.145000,0.135000,0.145000,0.145000,0.135000,0.145000,0.135000,0.135000,0.135000,0.114000
1140,0.145000,0.135000,0.135000,0.145000,0.135000,0.145000,0.145000,0.135000,0.145000,0.135000,0.135000,0.135000,0.114000
1141,0.145000,0.135000,0.135000,0.145000,0.135000,0.145000,0.145000,0.135000,0.145000,0.135000,0.135000,0.135000,0.114000
1142,0.145000,0.135000,0.135000,0.145000,0.135000,0.145000,0.145000,0.135000,0.145000,0.135000,0.135000,0.135000,0.114000
1143,0.145000,0.135000,0.135000,0.145000,0.135000,0.145000,0.145000,0.135000,0.145000,0.135000,0.135000,0.135000,0.114000
1144,0.145000,0.135000,0.135000,0.145000,0.135000,0.145000,0.145000,0.135000,0.145000,0.135000,0.135000,0.135000,0.114000
1145,0.145000,0.135000,0.135000,0.145000,0.135000,0.145000,0.145000,0.135000,0.145000,0.135000,0.135000,0.135000,0.114000
1146,0.145000,0.135000,0.135000,0.145000,0.135000,0.145000,0.145000,0.135000,0.145000,0.135000,0.135000,0.135000,0.114000
1147,0.145000,0.135000,0.135000,0.145000,0.135000,0.145000,0.145000,0.135000,0.145000,0.135000,0.135000,0.135000,0.114000
1148,0.145000,0.135000,0.135000,0.145000,0.135000,0.145000,0.145000,0.135000,0.145000,0.135000,0.135000,0.135000,0.114000
1149,0.145000,0.135000,0.135000,0.145000,0.135000,0.145000,0.145000,0.135000,0.145000,0.135000,0.135000,0.135000,0.114000
1150,0.145000,0.135000,0.135000,0.145000,0.135000,0.145000,0.145000,0.135000,0.145000,0.135000,0.135000,0.135000,0.114000
1151,0.145000,0.135000,0.135000,0.145000,0.135000,0.145000,0.145000,0.135000,0.145000,0.135000,0.135000,0.135000,0.114000
1152,0.145000,0.135000,0.135000,0.145000,0.135000,0.145000,0.145000,0.135000,0.145000,0.135000,0.135000,0.135000,0.114000
1153,0.145000,0.135000,0.135000,0.145000,0.135000,0.145000,0.145000,0.135000,0.145000,0.135000,0.135000,0.135000,0.114000
1154,0.145000,0.135000,0.135000,0.145000,0.135000,0.145000,0.145000,0.135000,0.145000,0.135000,0.135000,0.135000,0.114000
1155,0.145000,0.135000,0.135000,0.145000,0.135000,0.145000,0.145000,0.135000,0.145000,0.135000,0.135000,0.135000,0.114000
1156,0.145000,0.135000,0.135000,0.145000,0.135000,0.145000,0.145000,0.135000,0.145000,0.135000,0.135000,0.135000,0.114000
1157,0.145000,0.135000,0.135000,0.145000,0.135000,0.145000,0.145000,0.135000,0.145000,0.135000,0.135000,0.135000,0.114000
1158,0.145000,0.135000,0.135000,0.145000,0.135000,0.145000,0.145000,0.135000,0.145000,0.135000,0.135000,0.135000,0.114000
1159,0.145000,0.135000,0.135000,0.145000,0.135000,0.145000,0.145000,0.135000,0.145000,0.135000,0.135000,0.135000,0.114000
1160,0.145000,0.135000,0.135000,0.145000,0.135000,0.145000,0.145000,0.135000,0.145000,0.135000,0.135000,0.135000,0.114000
1161,0.145000,0.135000,0.135000,0.145000,0.135000,0.145000,0.145000,0.135000,0.145000,0.135000,0.135000,0.135000,0.114000
1162,0.145000,0.135000,0.135000,0.145000,0.135000,0.145000,0.145000,0.135000,0.145000,0.135000,0.135000,0.135000,0.114000
1163,0.145000,0.135000,0.135000,0.145000,0.135000,0.145000,0.145000,0.135000,0.145000,0.135000,0.135000,0.135000,0.114000
1164,0.145000,0.135000,0.135000,0.145000,0.135000,0.145000,0.145000,0.135000,0.145000,0.135000,0.135000,0.135000,0.114000
1165,0.145000,0.135000,0.135000,0.145000,0.135000,0.145000,0.145000,0.135000,0.145000,0.135000,0.135000,0.135000,0.114000
1166,0.145000,0.135000,0.135000,0.145000,0.135000,0.145000,0.145000,0.135000,0.145000,0.135000,0.135000,0.135000,0.114000
1167,0.145000,0.135000,0.135000,0.145000,0.135000,0.145000,0.145000,0.135000,0.145000,0.135000,0.135000,0.135000,0.114000
1168,0.145000,0.135000,0.135000,0.135000,0.135000,0.145000,0.145000,0.135000,0.145000,0.135000,0.135000,0.135000,0.114000
1169,0.145000,0.135000,0.135000,0.135000,0.135000,0.145000,0.145000,0.135000,0.145000,0.135000,0.135000,0.135000,0.114000
1170,0.145000,0.135000,0.135000,0.135000,0.135000,0.145000,0.145000,0.135000,0.145000,0.135000,0.135000,0.135000,0.114000
1171,0.145000,0.135000,0.135000,0.135000,0.135000,0.145000,0.145000,0.135000,0.145000,0.135000,0.135000,0.135000,0.114000
1172,0.145000,0.135000,0.135000,0.135000,0.135000,0.145000,0.145000,0.135000,0.145000,0.135000,0.135000,0.135000,0.114000
1173,0.145000,0.135000,0.135000,0.135000,0.135000,0.145000,0.145000,0.135000,0.145000,0.135000,0.135000,0.135000,0.114000
1174,0.145000,0.135000,0.135000,0.135000,0.135000,0.145000,0.145000,0.135000,0.145000,0.135000,0.135000,0.135000,0.114000
1175,0.145000,0.135000,0.135000,0.135000,0.135000,0.145000,0.145000,0.135000,0.145000,0.135000,0.135000,0.135000,0.114000
1176,0.145000,0.135000,0.135000,0.135000,0.135000,0.145000,0.145000,0.135000,0.145000,0.135000,0.135000,0.135000,0.114000
1177,0.145000,0.135000,0.135000,0.135000,0.135000,0.145000,0.145000,0.135000,0.145000,0.135000,0.135000,0.135000,0.114000
1178,0.145000,0.135000,0.135000,0.135000,0.135000,0.145000,0.145000,0.135000,0.145000,0.135000,0.135000,0.135000,0.114000
1179,0.145000,0.135000,0.135000,0.135000,0.135000,0.145000,0.145000,0.135000,0.145000,0.135000,0.135000,0.135000,0.114000
1180,0.145000,0.135000,0.135000,0.135000,0.135000,0.145000,0.145000,0.135000,0.145000,0.135000,0.135000,0.135000,0.114000
1181,0.145000,0.135000,0.135000,0.135000,0.135000,0.145000,0.145000,0.135000,0.145000,0.135000,0.135000,0.135000,0.114000
1182,0.145000,0.135000,0.135000,0.135000,0.135000,0.145000,0.145000,0.135000,0.145000,0.135000,0.135000,0.135000,0.114000
1183,0.145000,0.135000,0.135000,0.135000,0.135000,0.145000,0.145000,0.135000,0.145000,0.135000,0.135000,0.135000,0.114000
1184,0.145000,0.135000,0.135000,0.135000,0.135000,0.145000,0.145000,0.135000,0.145000,0.135000,0.135000,0.135000,0.114000
1185,0.145000,0.135000,0.135000,0.135000,0.135000,0.145000,0.145000,0.135000,0.145000,0.135000,0.135000,0.135000,0.114000
1186,0.145000,0.135000,0.135000,0.135000,0.135000,0.145000,0.145000,0.135000,0.145000,0.135000,0.135000,0.135000,0.114000
1187,0.145000,0.135000,0.135000,0.135000,0.135000,0.145000,0.145000,0.135000,0.145000,0.135000,0.135000,0.135000,0.114000
1188,0.145000,0.135000,0.135000,0.135000,0.135000,0.145000,0.145000,0.135000,0.145000,0.135000,0.135000,0.135000,0.114000
1189,0.145000,0.135000,0.135000,0.135000,0.135000,0.145000,0.145000,0.135000,0.145000,0.135000,0.135000,0.135000,0.114000
1190,0.145000,0.135000,0.135000,0.135000,0.135000,0.145000,0.145000,0.135000,0.145000,0.135000,0.135000,0.135000,0.114000
1191,0.145000,0.135000,0.135000,0.135000,0.135000,0.145000,0.145000,0.135000,0.145000,0.135000,0.135000,0.135000,0.114000
1192,0.145000,0.135000,0.135000,0.135000,0.135000,0.145000,0.145000,0.135000,0.145000,0.135000,0.135000,0.135000,0.114000
1193,0.145000,0.135000,0.135000,0.135000,0.135000,0.145000,0.145000,0.135000,0.145000,0.135000,0.135000,0.135000,0.114000
1194,0.145000,0.135000,0.135000,0.135000,0.135000,0.145000,0.145000,0.135000,0.145000,0.135000,0.135000,0.135000,0.114000
1195,0.145000,0.135000,0.135000,0.135000,0.135000,0.145000,0.145000,0.135000,0.145000,0.135000,0.135000,0.135000,0.114000
1196,0.145000,0.135000,0.135000,0.135000,0.135000,0.145000,0.145000,0.135000,0.145000,0.135000,0.135000,0.135000,0.114000
1197,0.145000,0.135000,0.135000,0.135000,0.135000,0.145000,0.145000,0.135000,0.145000,0.135000,0.135000,0.135000,0.114000
1198,0.145000,0.135000,0.135000,0.135000,0.135000,0.145000,0.145000,0.135000,0.145000,0.135000,0.135000,0.135000,0.114000
1199,0.145000,0.135000,0.135000,0.135000,0.135000,0.145000,0.145000,0.135000,0.145000,0.135000,0.135000,0.135000,0.114000
1200,0.145000,0.135000,0.135000,0.135000,0.135000,0.145000,0.145000,0.135000,0.145000,0.135000,0.135000,0.135000,0.114000
1201,0.145000,0.135000,0.135000,0.135000,0.135000,0.145000,0.145000,0.135000,0.145000,0.135000,0.135000,0.135000,0.114000
1202,0.145000,0.135000,0.135000,0.135000,0.135000,0.145000,0.145000,0.135000,0.145000,0.135000,0.135000,0.135000,0.114000
1203,0.145000,0.135000,0.135000,0.135000,0.135000,0.145000,0.145000,0.135000,0.145000,0.135000,0.135000,0.135000,0.114000
1204,0.145000,0.135000,0.135000,0.135000,0.135000,0.145000,0.145000,0.135000,0.145000,0.135000,0.135000,0.135000,0.114000
1205,0.145000,0.135000,0.135000,0.135000,0.135000,0.145000,0.145000,0.135000,0.145000,0.135000,0.135000,0.135000,0.114000
1206,0.145000,0.135000,0.135000,0.135000,0.135000,0.145000,0.145000,0.135000,0.145000,0.135000,0.135000,0.135000,0.114000
1207,0.145000,0.135000,0.135000,0.135000,0.135000,0.145000,0.145000,0.135000,0.145000,0.135000,0.135000,0.135000,0.114000
1208,0.145000,0.135000,0.135000,0.135000,0.135000,0.145000,0.145000,0.135000,0.145000,0.135000,0.135000,0.135000,0.114000
1209,0.145000,0.135000,0.135000,0.135000,0.135000,0.145000,0.145000,0.135000,0.145000,0.135000,0.135000,0.135000,0.114000
1210,0.145000,0.135000,0.135000,0.135000,0.135000,0.145000,0.145000,0.135000,0.145000,0.135000,0.135000,0.135000,0.114000
1211,0.145000,0.135000,0.135000,0.135000,0.135000,0.145000,0.145000,0.135000,0.145000,0.135000,0.135000,0.135000,0.114000
1212,0.145000,0.135000,0.135000,0.135000,0.135000,0.145000,0.145000,0.135000,0.145000,0.135000,0.135000,0.135000,0.114000
1213,0.145000,0.135000,0.135000,0.135000,0.135000,0.145000,0.145000,0.135000,0.145000,0.135000,0.135000,0.135000,0.114000
1214,0.145000,0.135000,0.135000,0.135000,0.135000,0.145000,0.145000,0.135000,0.145000,0.135000,0.135000,0.135000,0.114000
1215,0.145000,0.135000,0.135000,0.135000,0.135000,0.145000,0.145000,0.135000,0.145000,0.135000,0.135000,0.135000,0.114000
1216,0.145000,0.135000,0.135000,0.135000,0.135000,0.145000,0.145000,0.135000,0.145000,0.135000,0.135000,0.135000,0.114000
1217,0.145000,0.135000,0.135000,0.135000,0.135000,0.145000,0.145000,0.135000,0.145000,0.135000,0.135000,0.135000,0.114000
1218,0.145000,0.135000,0.135000,0.135000,0.135000,0.145000,0.145000,0.135000,0.145000,0.135000,0.135000,0.135000,0.114000
1219,0.145000,0.135000,0.135000,0.135000,0.135000,0.145000,0.145000,0.135000,0.145000,0.135000,0.135000,0.135000,0.114000
1220,0.145000,0.135000,0.135000,0.135000,0.135000,0.145000,0.145000,0.135000,0.145000,0.135000,0.135000,0.135000,0.114000
1221,0.145000,0.135000,0.135000,0.135000,0.135000,0.145000,0.145000,0.135000,0.145000,0.135000,0.135000,0.135000,0.114000
1222,0.145000,0.135000,0.135000,0.135000,0.135000,0.145000,0.145000,0.135000,0.145000,0.135000,0.135000,0.135000,0.114000
1223,0.145000,0.135000,0.135000,0.135000,0.135000,0.145000,0.145000,0.135000,0.145000,0.135000,0.135000,0.135000,0.114000
1224,0.145000,0.135000,0.135000,0.135000,0.135000,0.145000,0.145000,0.135000,0.145000,0.135000,0.135000,0.135000,0.114000
1225,0.145000,0.135000,0.135000,0.135000,0.135000,0.145000,0.145000,0.135000,0.145000,0.135000,0.135000,0.135000,0.114000
1226,0.145000,0.135000,0.135000,0.135000,0.135000,0.145000,0.145000,0.135000,0.145000,0.135000,0.135000,0.135000,0.114000
1227,0.145000,0.135000,0.135000,0.135000,0.135000,0.145000,0.145000,0.135000,0.145000,0.135000,0.135000,0.135000,0.114000
1228,0.145000,0.135000,0.135000,0.135000,0.135000,0.145000,0.145000,0.135000,0.145000,0.135000,0.135000,0.135000,0.114000
1229,0.145000,0.135000,0.135000,0.135000,0.135000,0.145000,0.145000,0.135000,0.145000,0.135000,0.135000,0.135000,0.114000
1230,0.145000,0.135000,0.135000,0.135000,0.135000,0.145000,0.145000,0.135000,0.145000,0.135000,0.135000,0.135000,0.114000
1231,0.145000,0.135000,0.135000,0.135000,0.135000,0.145000,0.145000,0.135000,0.145000,0.135000,0.135000,0.135000,0.114000
1232,0.145000,0.135000,0.135000,0.135000,0.135000,0.145000,0.145000,0.135000,0.145000,0.135000,0.135000,0.135000,0.114000
1233,0.145000,0.135000,0.135000,0.135000,0.135000,0.145000,0.145000,0.135000,0.145000,0.135000,0.135000,0.135000,0.114000
1234,0.145000,0.135000,0.135000,0.135000,0.135000,0.145000,0.145000,0.135000,0.145000,0.135000,0.135000,0.135000,0.114000
1235,0.145000,0.135000,0.135000,0.135000,0.135000,0.145000,0.145000,0.135000,0.145000,0.135000,0.135000,0.135000,0.114000
1236,0.145000,0.135000,0.135000,0.135000,0.135000,0.145000,0.145000,0.135000,0.145000,0.135000,0.135000,0.135000,0.114000
1237,0.145000,0.135000,0.135000,0.135000,0.135000,0.145000,0.145000,0.135000,0.145000,0.135000,0.135000,0.135000,0.114000
1238,0.145000,0.135000,0.135000,0.135000,0.135000,0.145000,0.145000,0.135000,0.145000,0.135000,0.135000,0.135000,0.114000
1239,0.145000,0.135000,0.135000,0.135000,0.135000,0.145000,0.145000,0.135000,0.145000,0.135000,0.135000,0.135000,0.114000
1240,0.145000,0.135000,0.135000,0.135000,0.135000,0.145000,0.145000,0.135000,0.145000,0.135000,0.135000,0.135000,0.114000
1241,0.145000,0.135000,0.135000,0.135000,0.135000,0.145000,0.145000,0.135000,0.145000,0.135000,0.135000,0.135000,0.114000
1242,0.145000,0.135000,0.135000,0.135000,0.135000,0.145000,0.145000,0.135000,0.145000,0.135000,0.135000,0.135000,0.114000
1243,0.145000,0.135000,0.135000,0.135000,0.135000,0.145000,0.145000,0.135000,0.145000,0.135000,0.135000,0.135000,0.114000
1244,0.145000,0.135000,0.135000,0.135000,0.135000,0.145000,0.145000,0.135000,0.145000,0.135000,0.135000,0.135000,0.114000
1245,0.145000,0.135000,0.135000,0.135000,0.135000,0.145000,0.145000,0.135000,0.145000,0.135000,0.135000,0.135000,0.114000
1246,0.145000,0.135000,0.135000,0.135000,0.135000,0.145000,0.145000,0.135000,0.145000,0.135000,0.135000,0.135000,0.114000
1247,0.145000,0.135000,0.135000,0.135000,0.135000,0.145000,0.145000,0.135000,0.145000,0.135000,0.135000,0.135000,0.114000
1248,0.145000,0.135000,0.135000,0.135000,0.135000,0.145000,0.145000,0.135000,0.145000,0.135000,0.135000,0.135000,0.114000
1249,0.145000,0.135000,0.135000,0.135000,0.135000,0.145000,0.145000,0.135000,0.145000,0.135000,0.135000,0.135000,0.114000
1250,0.145000,0.135000,0.135000,0.135000,0.135000,0.145000,0.145000,0.135000,0.145000,0.135000,0.135000,0.135000,0.114000
1251,0.145000,0.135000,0.135000,0.135000,0.135000,0.145000,0.145000,0.135000,0.145000,0.135000,0.135000,0.135000,0.114000
1252,0.145000,0.135000,0.135000,0.135000,0.135000,0.145000,0.145000,0.135000,0.145000,0.135000,0.135000,0.135000,0.114000
1253,0.145000,0.135000,0.135000,0.135000,0.135000,0.145000,0.145000,0.135000,0.145000,0.135000,0.135000,0.135000,0.114000
1254,0.145000,0.135000,0.135000,0.135000,0.135000,0.145000,0.145000,0.135000,0.145000,0.135000,0.135000,0.135000,0.114000
1255,0.145000,0.135000,0.135000,0.135000,0.135000,0.145000,0.145000,0.135000,0.145000,0.135000,0.135000,0.135000,0.114000
1256,0.145000,0.135000,0.135000,0.135000,0.135000,0.145000,0.145000,0.135000,0.145000,0.135000,0.135000,0.135000,0.114000
1257,0.145000,0.135000,0.135000,0.135000,0.135000,0.145000,0.145000,0.135000,0.145000,0.135000,0.135000,0.135000,0.114000
1258,0.145000,0.135000,0.135000,0.135000,0.135000,0.145000,0.145000,0.135000,0.145000,0.135000,0.135000,0.135000,0.114000
1259,0.145000,0.135000,0.135000,0.135000,0.135000,0.145000,0.145000,0.135000,0.145000,0.135000,0.135000,0.135000,0.114000
1260,0.145000,0.135000,0.135000,0.135000,0.135000,0.145000,0.145000,0.135000,0.145000,0.135000,0.135000,0.135000,0.114000
1261,0.145000,0.135000,0.135000,0.135000,0.135000,0.145000,0.145000,0.135000,0.145000,0.135000,0.135000,0.135000,0.114000
1262,0.145000,0.135000,0.135000,0.135000,0.135000,0.145000,0.145000,0.135000,0.145000,0.135000,0.135000,0.135000,0.114000
1263,0.145000,0.135000,0.135000,0.135000,0.135000,0.145000,0.145000,0.135000,0.145000,0.135000,0.135000,0.135000,0.114000
1264,0.145000,0.135000,0.135000,0.135000,0.135000,0.145000,0.145000,0.135000,0.145000,0.135000,0.135000,0.135000,0.114000
1265,0.145000,0.135000,0.135000,0.135000,0.135000,0.145000,0.145000,0.135000,0.145000,0.135000,0.135000,0.135000,0.114000
1266,0.145000,0.135000,0.135000,0.135000,0.135000,0.145000,0.145000,0.135000,0.145000,0.135000,0.135000,0.135000,0.114000
1267,0.145000,0.135000,0.135000,0.135000,0.135000,0.145000,0.145000,0.135000,0.145000,0.135000,0.135000,0.135000,0.114000
1268,0.145000,0.135000,0.135000,0.135000,0.135000,0.145000,0.145000,0.135000,0.145000,0.135000,0.135000,0.135000,0.114000
1269,0.145000,0.135000,0.135000,0.135000,0.135000,0.145000,0.145000,0.135000,0.145000,0.135000,0.135000,0.135000,0.114000
1270,0.145000,0.135000,0.135000,0.135000,0.135000,0.145000,0.145000,0.135000,0.145000,0.135000,0.135000,0.135000,0.114000
1271,0.145000,0.135000,0.135000,0.135000,0.135000,0.145000,0.145000,0.135000,0.145000,0.135000,0.135000,0.135000,0.114000
1272,0.145000,0.135000,0.135000,0.135000,0.135000,0.145000,0.145000,0.135000,0.145000,0.135000,0.135000,0.135000,0.114000
1273,0.145000,0.135000,0.135000,0.135000,0.135000,0.145000,0.145000,0.135000,0.145000,0.135000,0.135000,0.135000,0.114000
1274,0.145000,0.135000,0.135000,0.135000,0.135000,0.145000,0.145000,0.135000,0.145000,0.135000,0.135000,0.135000,0.114000
1275,0.145000,0.135000,0.135000,0.135000,0.135000,0.145000,0.145000,0.135000,0.145000,0.135000,0.135000,0.135000,0.114000
1276,0.145000,0.135000,0.135000,0.135000,0.135000,0.145000,0.145000,0.135000,0.145000,0.135000,0.135000,0.135000,0.114000
1277,0.145000,0.135000,0.135000,0.135000,0.135000,0.145000,0.145000,0.135000,0.145000,0.135000,0.135000,0.135000,0.114000
1278,0.145000,0.135000,0.135000,0.135000,0.135000,0.145000,0.145000,0.135000,0.145000,0.135000,0.135000,0.135000,0.114000
1279,0.145000,0.135000,0.135000,0.135000,0.135000,0.145000,0.145000,0.135000,0.145000,0.135000,0.135000,0.135000,0.114000
1280,0.145000,0.135000,0.135000,0.135000,0.135000,0.145000,0.145000,0.135000,0.145000,0.135000,0.135000,0.135000,0.114000
1281,0.145000,0.135000,0.135000,0.135000,0.135000,0.145000,0.145000,0.135000,0.145000,0.135000,0.135000,0.135000,0.114000
1282,0.145000,0.135000,0.135000,0.135000,0.135000,0.145000,0.145000,0.135000,0.145000,0.135000,0.135000,0.135000,0.114000
1283,0.145000,0.135000,0.135000,0.135000,0.135000,0.145000,0.145000,0.135000,0.145000,0.135000,0.135000,0.135000,0.114000
1284,0.145000,0.135000,0.135000,0.135000,0.135000,0.145000,0.145000,0.135000,0.145000,0.135000,0.135000,0.135000,0.114000
1285,0.145000,0.135000,0.135000,0.135000,0.135000,0.145000,0.145000,0.135000,0.145000,0.135000,0.135000,0.135000,0.114000
1286,0.145000,0.135000,0.135000,0.135000,0.135000,0.145000,0.145000,0.135000,0.145000,0.135000,0.135000,0.135000,0.114000
1287,0.145000,0.135000,0.135000,0.135000,0.135000,0.145000,0.145000,0.135000,0.145000,0.135000,0.135000,0.135000,0.114000
1288,0.145000,0.135000,0.135000,0.135000,0.135000,0.145000,0.145000,0.135000,0.145000,0.135000,0.135000,0.135000,0.114000
1289,0.145000,0.135000,0.135000,0.135000,0.135000,0.145000,0.145000,0.135000,0.145000,0.135000,0.135000,0.135000,0.114000
1290,0.145000,0.135000,0.135000,0.135000,0.135000,0.145000,0.145000,0.135000,0.145000,0.135000,0.135000,0.135000,0.114000
1291,0.145000,0.135000,0.135000,0.135000,0.135000,0.145000,0.145000,0.135000,0.145000,0.135000,0.135000,0.135000,0.114000
1292,0.145000,0.135000,0.135000,0.135000,0.135000,0.145000,0.145000,0.135000,0.145000,0.135000,0.135000,0.135000,0.114000
1293,0.145000,0.135000,0.135000,0.135000,0.135000,0.145000,0.145000,0.135000,0.145000,0.135000,0.135000,0.135000,0.114000
1294,0.145000,0.135000,0.135000,0.135000,0.135000,0.145000,0.145000,0.135000,0.145000,0.135000,0.135000,0.135000,0.114000
1295,0.145000,0.135000,0.135000,0.135000,0.135000,0.145000,0.145000,0.135000,0.145000,0.135000,0.135000,0.135000,0.114000
1296,0.145000,0.135000,0.135000,0.135000,0.135000,0.145000,0.145000,0.135000,0.145000,0.135000,0.135000,0.135000,0.114000
1297,0.145000,0.135000,0.135000,0.135000,0.135000,0.145000,0.145000,0.135000,0.145000,0.135000,0.135000,0.135000,0.114000
1298,0.145000,0.135000,0.135000,0.135000,0.135000,0.145000,0.145000,0.135000,0.145000,0.135000,0.135000,0.135000,0.114000
1299,0.145000,0.135000,0.135000,0.135000,0.135000,0.145000,0.145000,0.135000,0.145000,0.135000,0.135000,0.135000,0.114000
1300,0.145000,0.135000,0.135000,0.135000,0.135000,0.145000,0.145000,0.135000,0.145000,0.135000,0.135000,0.135000,0.114000
1301,0.145000,0.135000,0.135000,0.135000,0.135000,0.145000,0.145000,0.135000,0.145000,0.135000,0.135000,0.135000,0.114000
1302,0.145000,0.135000,0.135000,0.135000,0.135000,0.145000,0.145000,0.135000,0.145000,0.135000,0.135000,0.135000,0.114000
1303,0.145000,0.135000,0.135000,0.135000,0.135000,0.145000,0.145000,0.135000,0.145000,0.135000,0.135000,0.135000,0.114000
1304,0.145000,0.135000,0.135000,0.135000,0.135000,0.145000,0.145000,0.135000,0.145000,0.135000,0.135000,0.135000,0.114000
1305,0.145000,0.135000,0.135000,0.135000,0.135000,0.145000,0.145000,0.135000,0.145000,0.135000,0.135000,0.135000,0.114000
1306,0.145000,0.135000,0.135000,0.135000,0.135000,0.145000,0.145000,0.135000,0.145000,0.135000,0.135000,0.135000,0.114000
1307,0.145000,0.135000,0.135000,0.135000,0.135000,0.145000,0.145000,0.135000,0.145000,0.135000,0.135000,0.135000,0.114000
1308,0.145000,0.135000,0.135000,0.135000,0.135000,0.145000,0.145000,0.135000,0.145000,0.135000,0.135000,0.135000,0.114000
1309,0.145000,0.135000,0.135000,0.135000,0.135000,0.145000,0.145000,0.135000,0.145000,0.135000,0.135000,0.135000,0.114000
1310,0.145000,0.135000,0.135000,0.135000,0.135000,0.145000,0.145000,0.135000,0.145000,0.135000,0.135000,0.135000,0.114000
1311,0.145000,0.135000,0.135000,0.135000,0.135000,0.145000,0.145000,0.135000,0.145000,0.135000,0.135000,0.135000,0.114000
1312,0.145000,0.135000,0.135000,0.135000,0.135000,0.145000,0.145000,0.135000,0.145000,0.135000,0.135000,0.135000,0.114000
1313,0.145000,0.135000,0.135000,0.135000,0.135000,0.145000,0.145000,0.135000,0.145000,0.135000,0.135000,0.135000,0.114000
1314,0.145000,0.135000,0.135000,0.135000,0.135000,0.145000,0.145000,0.135000,0.145000,0.135000,0.135000,0.135000,0.114000
1315,0.145000,0.135000,0.135000,0.135000,0.135000,0.145000,0.145000,0.135000,0.145000,0.135000,0.135000,0.135000,0.114000
1316,0.145000,0.135000,0.135000,0.135000,0.135000,0.145000,0.145000,0.135000,0.145000,0.135000,0.135000,0.135000,0.114000
1317,0.145000,0.135000,0.135000,0.135000,0.135000,0.145000,0.145000,0.135000,0.145000,0.135000,0.135000,0.135000,0.114000
1318,0.145000,0.135000,0.135000,0.135000,0.135000,0.145000,0.135000,0.135000,0.145000,0.135000,0.135000,0.135000,0.114000
1319,0.145000,0.135000,0.135000,0.135000,0.135000,0.145000,0.135000,0.135000,0.145000,0.135000,0.135000,0.135000,0.114000
1320,0.145000,0.135000,0.135000,0.135000,0.135000,0.145000,0.135000,0.135000,0.145000,0.135000,0.135000,0.135000,0.114000
1321,0.145000,0.135000,0.135000,0.135000,0.135000,0.145000,0.135000,0.135000,0.145000,0.135000,0.135000,0.135000,0.114000
1322,0.145000,0.135000,0.135000,0.135000,0.135000,0.145000,0.135000,0.135000,0.145000,0.135000,0.135000,0.135000,0.114000
1323,0.145000,0.135000,0.135000,0.135000,0.135000,0.145000,0.135000,0.135000,0.145000,0.135000,0.135000,0.135000,0.114000
1324,0.145000,0.135000,0.135000,0.135000,0.135000,0.145000,0.135000,0.135000,0.145000,0.135000,0.135000,0.135000,0.114000
1325,0.145000,0.135000,0.135000,0.135000,0.135000,0.145000,0.135000,0.135000,0.145000,0.135000,0.135000,0.135000,0.114000
1326,0.145000,0.135000,0.135000,0.135000,0.135000,0.145000,0.135000,0.135000,0.145000,0.135000,0.135000,0.135000,0.114000
1327,0.145000,0.135000,0.135000,0.135000,0.135000,0.145000,0.135000,0.135000,0.145000,0.135000,0.135000,0.135000,0.114000
1328,0.145000,0.135000,0.135000,0.135000,0.135000,0.145000,0.135000,0.135000,0.145000,0.135000,0.135000,0.135000,0.114000
1329,0.145000,0.135000,0.135000,0.135000,0.135000,0.145000,0.135000,0.135000,0.145000,0.135000,0.135000,0.135000,0.114000
1330,0.145000,0.135000,0.135000,0.135000,0.135000,0.145000,0.135000,0.135000,0.145000,0.135000,0.135000,0.135000,0.114000
1331,0.145000,0.135000,0.135000,0.135000,0.135000,0.145000,0.135000,0.135000,0.145000,0.135000,0.135000,0.135000,0.114000
1332,0.145000,0.135000,0.135000,0.135000,0.135000,0.145000,0.135000,0.135000,0.145000,0.135000,0.135000,0.135000,0.114000
1333,0.145000,0.135000,0.135000,0.135000,0.135000,0.145000,0.135000,0.135000,0.145000,0.135000,0.135000,0.135000,0.114000
1334,0.145000,0.135000,0.135000,0.135000,0.135000,0.145000,0.135000,0.135000,0.145000,0.135000,0.135000,0.135000,0.114000
1335,0.145000,0.135000,0.135000,0.135000,0.135000,0.145000,0.135000,0.135000,0.145000,0.135000,0.135000,0.135000,0.114000
1336,0.145000,0.135000,0.135000,0.135000,0.135000,0.145000,0.135000,0.135000,0.145000,0.135000,0.135000,0.135000,0.114000
1337,0.145000,0.135000,0.135000,0.135000,0.135000,0.145000,0.135000,0.135000,0.145000,0.135000,0.135000,0.135000,0.114000
1338,0.145000,0.135000,0.135000,0.135000,0.135000,0.145000,0.135000,0.135000,0.145000,0.135000,0.135000,0.135000,0.114000
1339,0.145000,0.135000,0.135000,0.135000,0.135000,0.145000,0.135000,0.135000,0.145000,0.135000,0.135000,0.135000,0.114000
1340,0.145000,0.135000,0.135000,0.135000,0.135000,0.145000,0.135000,0.135000,0.145000,0.135000,0.135000,0.135000,0.114000
1341,0.145000,0.135000,0.135000,0.135000,0.135000,0.145000,0.135000,0.135000,0.145000,0.135000,0.135000,0.135000,0.114000
1342,0.145000,0.135000,0.135000,0.135000,0.135000,0.145000,0.135000,0.135000,0.145000,0.135000,0.135000,0.135000,0.114000
1343,0.145000,0.135000,0.135000,0.135000,0.135000,0.145000,0.135000,0.135000,0.145000,0.135000,0.135000,0.135000,0.114000
1344,0.145000,0.135000,0.135000,0.135000,0.135000,0.145000,0.135000,0.135000,0.145000,0.135000,0.135000,0.135000,0.114000
1345,0.145000,0.135000,0.135000,0.135000,0.135000,0.145000,0.135000,0.135000,0.145000,0.135000,0.135000,0.135000,0.114000
1346,0.145000,0.135000,0.135000,0.135000,0.135000,0.145000,0.135000,0.135000,0.145000,0.135000,0.135000,0.135000,0.114000
1347,0.145000,0.135000,0.135000,0.135000,0.135000,0.145000,0.135000,0.135000,0.145000,0.135000,0.135000,0.135000,0.114000
1348,0.145000,0.135000,0.135000,0.135000,0.135000,0.145000,0.135000,0.135000,0.145000,0.135000,0.135000,0.135000,0.114000
1349,0.145000,0.135000,0.135000,0.135000,0.135000,0.145000,0.135000,0.135000,0.145000,0.135000,0.135000,0.135000,0.114000
1350,0.145000,0.135000,0.135000,0.135000,0.135000,0.145000,0.135000,0.135000,0.145000,0.135000,0.135000,0.135000,0.114000
1351,0.145000,0.135000,0.135000,0.135000,0.135000,0.145000,0.135000,0.135000,0.145000,0.135000,0.135000,0.135000,0.114000
1352,0.145000,0.135000,0.135000,0.135000,0.135000,0.145000,0.135000,0.135000,0.145000,0.135000,0.135000,0.135000,0.114000
1353,0.145000,0.135000,0.135000,0.135000,0.135000,0.145000,0.135000,0.135000,0.145000,0.135000,0.135000,0.135000,0.114000
1354,0.145000,0.135000,0.135000,0.135000,0.135000,0.145000,0.135000,0.135000,0.145000,0.135000,0.135000,0.135000,0.114000
1355,0.145000,0.135000,0.135000,0.135000,0.135000,0.145000,0.135000,0.135000,0.145000,0.135000,0.135000,0.135000,0.114000
1356,0.145000,0.135000,0.135000,0.135000,0.135000,0.145000,0.135000,0.135000,0.145000,0.135000,0.135000,0.135000,0.114000
1357,0.145000,0.135000,0.135000,0.135000,0.135000,0.145000,0.135000,0.135000,0.145000,0.135000,0.135000,0.135000,0.114000
1358,0.145000,0.135000,0.135000,0.135000,0.135000,0.145000,0.135000,0.135000,0.145000,0.135000,0.135000,0.135000,0.114000
1359,0.145000,0.135000,0.135000,0.135000,0.135000,0.145000,0.135000,0.135000,0.145000,0.135000,0.135000,0.135000,0.114000
1360,0.145000,0.135000,0.135000,0.135000,0.135000,0.145000,0.135000,0.135000,0.145000,0.135000,0.135000,0.135000,0.114000
1361,0.145000,0.135000,0.135000,0.135000,0.135000,0.145000,0.135000,0.135000,0.145000,0.135000,0.135000,0.135000,0.114000
1362,0.145000,0.135000,0.135000,0.135000,0.135000,0.145000,0.135000,0.135000,0.145000,0.135000,0.135000,0.135000,0.114000
1363,0.145000,0.135000,0.135000,0.135000,0.135000,0.145000,0.135000,0.135000,0.145000,0.135000,0.135000,0.135000,0.114000
1364,0.145000,0.135000,0.135000,0.135000,0.135000,0.145000,0.135000,0.135000,0.145000,0.135000,0.135000,0.135000,0.114000
1365,0.145000,0.135000,0.135000,0.135000,0.135000,0.145000,0.135000,0.135000,0.145000,0.135000,0.135000,0.135000,0.114000
1366,0.145000,0.135000,0.135000,0.135000,0.135000,0.145000,0.135000,0.135000,0.145000,0.135000,0.135000,0.135000,0.114000
1367,0.145000,0.135000,0.135000,0.135000,0.135000,0.145000,0.135000,0.135000,0.145000,0.135000,0.135000,0.135000,0.114000
1368,0.145000,0.135000,0.135000,0.135000,0.135000,0.145000,0.135000,0.135000,0.145000,0.135000,0.135000,0.135000,0.114000
1369,0.145000,0.135000,0.135000,0.135000,0.135000,0.145000,0.135000,0.135000,0.145000,0.135000,0.135000,0.135000,0.114000
1370,0.145000,0.135000,0.135000,0.135000,0.135000,0.145000,0.135000,0.135000,0.145000,0.135000,0.135000,0.135000,0.114000
1371,0.145000,0.135000,0.135000,0.135000,0.135000,0.145000,0.135000,0.135000,0.145000,0.135000,0.135000,0.135000,0.114000
1372,0.145000,0.135000,0.135000,0.135000,0.135000,0.145000,0.135000,0.135000,0.145000,0.135000,0.135000,0.135000,0.114000
1373,0.145000,0.135000,0.135000,0.135000,0.135000,0.145000,0.135000,0.135000,0.145000,0.135000,0.135000,0.135000,0.114000
1374,0.145000,0.135000,0.135000,0.135000,0.135000,0.145000,0.135000,0.135000,0.145000,0.135000,0.135000,0.135000,0.114000
1375,0.145000,0.135000,0.135000,0.135000,0.135000,0.145000,0.135000,0.135000,0.145000,0.135000,0.135000,0.135000,0.114000
1376,0.145000,0.135000,0.135000,0.135000,0.135000,0.145000,0.135000,0.135000,0.145000,0.135000,0.135000,0.135000,0.114000
1377,0.145000,0.135000,0.135000,0.135000,0.135000,0.145000,0.135000,0.135000,0.145000,0.135000,0.135000,0.135000,0.114000
1378,0.145000,0.135000,0.135000,0.135000,0.135000,0.145000,0.135000,0.135000,0.145000,0.135000,0.135000,0.135000,0.114000
1379,0.145000,0.135000,0.135000,0.135000,0.135000,0.145000,0.135000,0.135000,0.145000,0.135000,0.135000,0.135000,0.114000
1380,0.145000,0.135000,0.135000,0.135000,0.135000,0.145000,0.135000,0.135000,0.145000,0.135000,0.135000,0.135000,0.114000
1381,0.145000,0.135000,0.135000,0.135000,0.135000,0.145000,0.135000,0.135000,0.145000,0.135000,0.135000,0.135000,0.114000
1382,0.145000,0.135000,0.135000,0.135000,0.135000,0.145000,0.135000,0.135000,0.145000,0.135000,0.135000,0.135000,0.114000
1383,0.145000,0.135000,0.135000,0.135000,0.135000,0.145000,0.135000,0.135000,0.145000,0.135000,0.135000,0.135000,0.114000
1384,0.145000,0.135000,0.135000,0.135000,0.135000,0.145000,0.135000,0.135000,0.145000,0.135000,0.135000,0.135000,0.114000
1385,0.145000,0.135000,0.135000,0.135000,0.135000,0.145000,0.135000,0.135000,0.145000,0.135000,0.135000,0.135000,0.114000
1386,0.145000,0.135000,0.135000,0.135000,0.135000,0.145000,0.135000,0.135000,0.145000,0.135000,0.135000,0.135000,0.114000
1387,0.145000,0.135000,0.135000,0.135000,0.135000,0.145000,0.135000,0.135000,0.145000,0.135000,0.135000,0.135000,0.114000
1388,0.145000,0.135000,0.135000,0.135000,0.135000,0.145000,0.135000,0.135000,0.145000,0.135000,0.135000,0.135000,0.114000
1389,0.145000,0.135000,0.135000,0.135000,0.135000,0.145000,0.135000,0.135000,0.145000,0.135000,0.135000,0.135000,0.114000
1390,0.145000,0.135000,0.135000,0.135000,0.135000,0.145000,0.135000,0.135000,0.145000,0.135000,0.135000,0.135000,0.114000
1391,0.145000,0.135000,0.135000,0.135000,0.135000,0.145000,0.135000,0.135000,0.145000,0.135000,0.135000,0.135000,0.114000
1392,0.145000,0.135000,0.135000,0.135000,0.135000,0.145000,0.135000,0.135000,0.145000,0.135000,0.135000,0.135000,0.114000
1393,0.145000,0.135000,0.135000,0.135000,0.135000,0.145000,0.135000,0.135000,0.145000,0.135000,0.135000,0.135000,0.114000
1394,0.145000,0.135000,0.135000,0.135000,0.135000,0.145000,0.135000,0.135000,0.145000,0.135000,0.135000,0.135000,0.114000
1395,0.145000,0.135000,0.135000,0.135000,0.135000,0.145000,0.135000,0.135000,0.145000,0.135000,0.135000,0.135000,0.114000
1396,0.145000,0.135000,0.135000,0.135000,0.135000,0.145000,0.135000,0.135000,0.145000,0.135000,0.135000,0.135000,0.114000
1397,0.145000,0.135000,0.135000,0.135000,0.135000,0.145000,0.135000,0.135000,0.145000,0.135000,0.135000,0.135000,0.114000
1398,0.145000,0.135000,0.135000,0.135000,0.135000,0.145000,0.135000,0.135000,0.145000,0.135000,0.135000,0.135000,0.114000
1399,0.145000,0.135000,0.135000,0.135000,0.135000,0.145000,0.135000,0.135000,0.145000,0.135000,0.135000,0.135000,0.114000
1400,0.145000,0.135000,0.135000,0.135000,0.135000,0.145000,0.135000,0.135000,0.145000,0.135000,0.135000,0.135000,0.114000
1401,0.145000,0.135000,0.135000,0.135000,0.135000,0.145000,0.135000,0.135000,0.145000,0.135000,0.135000,0.135000,0.114000
1402,0.145000,0.135000,0.135000,0.135000,0.135000,0.145000,0.135000,0.135000,0.145000,0.135000,0.135000,0.135000,0.114000
1403,0.145000,0.135000,0.135000,0.135000,0.135000,0.145000,0.135000,0.135000,0.145000,0.135000,0.135000,0.135000,0.114000
1404,0.145000,0.135000,0.135000,0.135000,0.135000,0.145000,0.135000,0.135000,0.145000,0.135000,0.135000,0.135000,0.114000
1405,0.145000,0.135000,0.135000,0.135000,0.135000,0.145000,0.135000,0.135000,0.145000,0.135000,0.135000,0.135000,0.114000
1406,0.145000,0.135000,0.135000,0.135000,0.135000,0.145000,0.135000,0.135000,0.145000,0.135000,0.135000,0.135000,0.114000
1407,0.145000,0.135000,0.135000,0.135000,0.135000,0.145000,0.135000,0.135000,0.145000,0.135000,0.135000,0.135000,0.114000
1408,0.145000,0.135000,0.135000,0.135000,0.135000,0.145000,0.135000,0.135000,0.145000,0.135000,0.135000,0.135000,0.114000
1409,0.145000,0.135000,0.135000,0.135000,0.135000,0.145000,0.135000,0.135000,0.145000,0.135000,0.135000,0.135000,0.114000
1410,0.145000,0.135000,0.135000,0.135000,0.135000,0.145000,0.135000,0.135000,0.145000,0.135000,0.135000,0.135000,0.114000
1411,0.145000,0.135000,0.135000,0.135000,0.135000,0.145000,0.135000,0.135000,0.145000,0.135000,0.135000,0.135000,0.114000
1412,0.145000,0.135000,0.135000,0.135000,0.135000,0.145000,0.135000,0.135000,0.145000,0.135000,0.135000,0.135000,0.114000
1413,0.145000,0.135000,0.135000,0.135000,0.135000,0.145000,0.135000,0.135000,0.145000,0.135000,0.135000,0.135000,0.114000
1414,0.145000,0.135000,0.135000,0.135000,0.135000,0.145000,0.135000,0.135000,0.145000,0.135000,0.135000,0.135000,0.114000
1415,0.145000,0.135000,0.135000,0.135000,0.135000,0.145000,0.135000,0.135000,0.145000,0.135000,0.135000,0.135000,0.114000
1416,0.145000,0.135000,0.135000,0.135000,0.135000,0.145000,0.135000,0.135000,0.145000,0.135000,0.135000,0.135000,0.114000
1417,0.145000,0.135000,0.135000,0.135000,0.135000,0.145000,0.135000,0.135000,0.145000,0.135000,0.135000,0.135000,0.114000
1418,0.145000,0.135000,0.135000,0.135000,0.135000,0.145000,0.135000,0.135000,0.145000,0.135000,0.135000,0.135000,0.114000
1419,0.145000,0.135000,0.135000,0.135000,0.135000,0.145000,0.135000,0.135000,0.145000,0.135000,0.135000,0.135000,0.114000
1420,0.145000,0.135000,0.135000,0.135000,0.135000,0.145000,0.135000,0.135000,0.145000,0.135000,0.135000,0.135000,0.114000
1421,0.145000,0.135000,0.135000,0.135000,0.135000,0.145000,0.135000,0.135000,0.145000,0.135000,0.135000,0.135000,0.114000
1422,0.145000,0.135000,0.135000,0.135000,0.135000,0.145000,0.135000,0.135000,0.145000,0.135000,0.135000,0.135000,0.114000
1423,0.145000,0.135000,0.135000,0.135000,0.135000,0.145000,0.135000,0.135000,0.145000,0.135000,0.135000,0.135000,0.114000
1424,0.145000,0.135000,0.135000,0.135000,0.135000,0.145000,0.135000,0.135000,0.145000,0.135000,0.135000,0.135000,0.114000
1425,0.145000,0.135000,0.135000,0.135000,0.135000,0.145000,0.135000,0.135000,0.145000,0.135000,0.135000,0.135000,0.114000
1426,0.145000,0.135000,0.135000,0.135000,0.135000,0.145000,0.135000,0.135000,0.145000,0.135000,0.135000,0.135000,0.114000
1427,0.145000,0.135000,0.135000,0.135000,0.135000,0.145000,0.135000,0.135000,0.145000,0.135000,0.135000,0.135000,0.114000
1428,0.145000,0.135000,0.135000,0.135000,0.135000,0.145000,0.135000,0.135000,0.145000,0.135000,0.135000,0.135000,0.114000
1429,0.145000,0.135000,0.135000,0.135000,0.135000,0.145000,0.135000,0.135000,0.145000,0.135000,0.135000,0.135000,0.114000
1430,0.145000,0.135000,0.135000,0.135000,0.135000,0.145000,0.135000,0.135000,0.145000,0.135000,0.135000,0.135000,0.114000
1431,0.145000,0.135000,0.135000,0.135000,0.135000,0.145000,0.135000,0.135000,0.145000,0.135000,0.135000,0.135000,0.114000
1432,0.145000,0.135000,0.135000,0.135000,0.135000,0.145000,0.135000,0.135000,0.145000,0.135000,0.135000,0.135000,0.114000
1433,0.145000,0.135000,0.135000,0.135000,0.135000,0.145000,0.135000,0.135000,0.145000,0.135000,0.135000,0.135000,0.114000
1434,0.145000,0.135000,0.135000,0.135000,0.135000,0.145000,0.135000,0.135000,0.145000,0.135000,0.135000,0.135000,0.114000
1435,0.145000,0.135000,0.135000,0.135000,0.135000,0.145000,0.135000,0.135000,0.145000,0.135000,0.135000,0.135000,0.114000
1436,0.145000,0.135000,0.135000,0.135000,0.135000,0.145000,0.135000,0.135000,0.145000,0.135000,0.135000,0.135000,0.114000
1437,0.145000,0.135000,0.135000,0.135000,0.135000,0.145000,0.135000,0.135000,0.145000,0.135000,0.135000,0.135000,0.114000
1438,0.145000,0.135000,0.135000,0.135000,0.135000,0.145000,0.135000,0.135000,0.145000,0.135000,0.135000,0.135000,0.114000
1439,0.145000,0.135000,0.135000,0.135000,0.135000,0.145000,0.135000,0.135000,0.145000,0.135000,0.135000,0.135000,0.114000
1440,0.145000,0.135000,0.135000,0.135000,0.135000,0.145000,0.135000,0.135000,0.145000,0.135000,0.135000,0.135000,0.114000
1441,0.145000,0.135000,0.135000,0.135000,0.135000,0.145000,0.135000,0.135000,0.145000,0.135000,0.135000,0.135000,0.114000
1442,0.145000,0.135000,0.135000,0.135000,0.135000,0.145000,0.135000,0.135000,0.145000,0.135000,0.135000,0.135000,0.114000
1443,0.145000,0.135000,0.135000,0.135000,0.135000,0.145000,0.135000,0.135000,0.145000,0.135000,0.135000,0.135000,0.114000
1444,0.145000,0.135000,0.135000,0.135000,0.135000,0.145000,0.135000,0.135000,0.145000,0.135000,0.135000,0.135000,0.114000
1445,0.145000,0.135000,0.135000,0.135000,0.135000,0.145000,0.135000,0.135000,0.145000,0.135000,0.135000,0.135000,0.114000
1446,0.145000,0.135000,0.135000,0.135000,0.135000,0.145000,0.135000,0.135000,0.145000,0.135000,0.135000,0.135000,0.114000
1447,0.145000,0.135000,0.135000,0.135000,0.135000,0.145000,0.135000,0.135000,0.145000,0.135000,0.135000,0.135000,0.114000
1448,0.145000,0.135000,0.135000,0.135000,0.135000,0.145000,0.135000,0.135000,0.145000,0.135000,0.135000,0.135000,0.114000
1449,0.145000,0.135000,0.135000,0.135000,0.135000,0.145000,0.135000,0.135000,0.145000,0.135000,0.135000,0.135000,0.114000
1450,0.145000,0.135000,0.135000,0.135000,0.135000,0.145000,0.135000,0.135000,0.145000,0.135000,0.135000,0.135000,0.114000
1451,0.145000,0.135000,0.135000,0.135000,0.135000,0.145000,0.135000,0.135000,0.145000,0.135000,0.135000,0.135000,0.114000
1452,0.145000,0.135000,0.135000,0.135000,0.135000,0.145000,0.135000,0.135000,0.145000,0.135000,0.135000,0.135000,0.114000
1453,0.145000,0.135000,0.135000,0.135000,0.135000,0.145000,0.135000,0.135000,0.145000,0.135000,0.135000,0.135000,0.114000
1454,0.145000,0.135000,0.135000,0.135000,0.135000,0.145000,0.135000,0.135000,0.145000,0.135000,0.135000,0.135000,0.114000
1455,0.145000,0.135000,0.135000,0.135000,0.135000,0.145000,0.135000,0.135000,0.145000,0.135000,0.135000,0.135000,0.114000
1456,0.145000,0.135000,0.135000,0.135000,0.135000,0.145000,0.135000,0.135000,0.145000,0.135000,0.135000,0.135000,0.114000
1457,0.145000,0.135000,0.135000,0.135000,0.135000,0.145000,0.135000,0.135000,0.145000,0.135000,0.135000,0.135000,0.114000
1458,0.145000,0.135000,0.135000,0.135000,0.135000,0.145000,0.135000,0.135000,0.145000,0.135000,0.135000,0.135000,0.114000
1459,0.145000,0.135000,0.135000,0.135000,0.135000,0.145000,0.135000,0.135000,0.145000,0.135000,0.135000,0.135000,0.114000
1460,0.145000,0.135000,0.135000,0.135000,0.135000,0.145000,0.135000,0.135000,0.145000,0.135000,0.135000,0.135000,0.114000
1461,0.145000,0.135000,0.135000,0.135000,0.135000,0.145000,0.135000,0.135000,0.145000,0.135000,0.135000,0.135000,0.114000
1462,0.145000,0.135000,0.135000,0.135000,0.135000,0.145000,0.135000,0.135000,0.145000,0.135000,0.135000,0.135000,0.114000
1463,0.145000,0.135000,0.135000,0.135000,0.135000,0.145000,0.135000,0.135000,0.145000,0.135000,0.135000,0.135000,0.114000
1464,0.145000,0.135000,0.135000,0.135000,0.135000,0.145000,0.135000,0.135000,0.145000,0.135000,0.135000,0.135000,0.114000
1465,0.145000,0.135000,0.135000,0.135000,0.135000,0.145000,0.135000,0.135000,0.145000,0.135000,0.135000,0.135000,0.114000
1466,0.145000,0.135000,0.135000,0.135000,0.135000,0.145000,0.135000,0.135000,0.145000,0.135000,0.135000,0.135000,0.114000
1467,0.145000,0.135000,0.135000,0.135000,0.135000,0.145000,0.135000,0.135000,0.145000,0.135000,0.135000,0.135000,0.114000
1468,0.145000,0.135000,0.135000,0.135000,0.135000,0.145000,0.135000,0.135000,0.145000,0.135000,0.135000,0.135000,0.114000
1469,0.145000,0.135000,0.135000,0.135000,0.135000,0.145000,0.135000,0.135000,0.145000,0.135000,0.135000,0.135000,0.114000
1470,0.145000,0.135000,0.135000,0.135000,0.135000,0.145000,0.135000,0.135000,0.145000,0.135000,0.135000,0.135000,0.114000
1471,0.145000,0.135000,0.135000,0.135000,0.135000,0.145000,0.135000,0.135000,0.145000,0.135000,0.135000,0.135000,0.114000
1472,0.145000,0.135000,0.135000,0.135000,0.135000,0.145000,0.135000,0.135000,0.145000,0.135000,0.135000,0.135000,0.114000
1473,0.145000,0.135000,0.135000,0.135000,0.135000,0.145000,0.135000,0.135000,0.145000,0.135000,0.135000,0.135000,0.114000
1474,0.145000,0.135000,0.135000,0.135000,0.135000,0.145000,0.135000,0.135000,0.145000,0.135000,0.135000,0.135000,0.114000
1475,0.145000,0.135000,0.135000,0.135000,0.135000,0.145000,0.135000,0.135000,0.145000,0.135000,0.135000,0.135000,0.114000
1476,0.145000,0.135000,0.135000,0.135000,0.135000,0.145000,0.135000,0.135000,0.145000,0.135000,0.135000,0.135000,0.114000
1477,0.145000,0.135000,0.135000,0.135000,0.135000,0.145000,0.135000,0.135000,0.145000,0.135000,0.135000,0.135000,0.114000
1478,0.145000,0.135000,0.135000,0.135000,0.135000,0.145000,0.135000,0.135000,0.145000,0.135000,0.135000,0.135000,0.114000
1479,0.145000,0.135000,0.135000,0.135000,0.135000,0.145000,0.135000,0.135000,0.145000,0.135000,0.135000,0.135000,0.114000
1480,0.145000,0.135000,0.135000,0.135000,0.135000,0.145000,0.135000,0.135000,0.145000,0.135000,0.135000,0.135000,0.114000
1481,0.145000,0.135000,0.135000,0.135000,0.135000,0.145000,0.135000,0.135000,0.145000,0.135000,0.135000,0.135000,0.114000
1482,0.145000,0.135000,0.135000,0.135000,0.135000,0.145000,0.135000,0.135000,0.145000,0.135000,0.135000,0.135000,0.114000
1483,0.145000,0.135000,0.135000,0.135000,0.135000,0.145000,0.135000,0.135000,0.145000,0.135000,0.135000,0.135000,0.114000
1484,0.145000,0.135000,0.135000,0.135000,0.135000,0.145000,0.135000,0.135000,0.145000,0.135000,0.135000,0.135000,0.114000
1485,0.145000,0.135000,0.135000,0.135000,0.135000,0.145000,0.135000,0.135000,0.145000,0.135000,0.135000,0.135000,0.114000
1486,0.145000,0.135000,0.135000,0.135000,0.135000,0.145000,0.135000,0.135000,0.145000,0.135000,0.135000,0.135000,0.114000
1487,0.145000,0.135000,0.135000,0.135000,0.135000,0.145000,0.135000,0.135000,0.145000,0.135000,0.135000,0.135000,0.114000
1488,0.145000,0.135000,0.135000,0.135000,0.135000,0.145000,0.135000,0.135000,0.145000,0.135000,0.135000,0.135000,0.114000
1489,0.145000,0.135000,0.135000,0.135000,0.135000,0.145000,0.135000,0.135000,0.145000,0.135000,0.135000,0.135000,0.114000
1490,0.145000,0.135000,0.135000,0.135000,0.135000,0.145000,0.135000,0.135000,0.145000,0.135000,0.135000,0.135000,0.114000
1491,0.145000,0.135000,0.135000,0.135000,0.135000,0.145000,0.135000,0.135000,0.145000,0.135000,0.135000,0.135000,0.114000
1492,0.145000,0.135000,0.135000,0.135000,0.135000,0.145000,0.135000,0.135000,0.145000,0.135000,0.135000,0.135000,0.114000
1493,0.145000,0.135000,0.135000,0.135000,0.135000,0.145000,0.135000,0.135000,0.145000,0.135000,0.135000,0.135000,0.114000
1494,0.145000,0.135000,0.135000,0.135000,0.135000,0.145000,0.135000,0.135000,0.145000,0.135000,0.135000,0.135000,0.114000
1495,0.145000,0.135000,0.135000,0.135000,0.135000,0.145000,0.135000,0.135000,0.145000,0.135000,0.135000,0.135000,0.114000
1496,0.145000,0.135000,0.135000,0.135000,0.135000,0.145000,0.135000,0.135000,0.145000,0.135000,0.135000,0.135000,0.114000
1497,0.145000,0.135000,0.135000,0.135000,0.135000,0.145000,0.135000,0.135000,0.145000,0.135000,0.135000,0.135000,0.114000
1498,0.145000,0.135000,0.135000,0.135000,0.135000,0.145000,0.135000,0.135000,0.145000,0.135000,0.135000,0.135000,0.114000
1499,0.145000,0.135000,0.135000,0.135000,0.135000,0.145000,0.135000,0.135000,0.145000,0.135000,0.135000,0.135000,0.114000
1500,0.145000,0.135000,0.135000,0.135000,0.135000,0.145000,0.135000,0.135000,0.145000,0.135000,0.135000,0.135000,0.114000
1501,0.145000,0.135000,0.135000,0.135000,0.135000,0.145000,0.135000,0.135000,0.145000,0.135000,0.135000,0.135000,0.114000
1502,0.145000,0.135000,0.135000,0.135000,0.135000,0.145000,0.135000,0.135000,0.145000,0.135000,0.135000,0.135000,0.114000
1503,0.145000,0.135000,0.135000,0.135000,0.135000,0.145000,0.135000,0.135000,0.145000,0.135000,0.135000,0.135000,0.114000
1504,0.145000,0.135000,0.135000,0.135000,0.135000,0.145000,0.135000,0.135000,0.145000,0.135000,0.135000,0.135000,0.114000
1505,0.145000,0.135000,0.135000,0.135000,0.135000,0.145000,0.135000,0.135000,0.145000,0.135000,0.135000,0.135000,0.114000
1506,0.145000,0.135000,0.135000,0.135000,0.135000,0.145000,0.135000,0.135000,0.145000,0.135000,0.135000,0.135000,0.114000
1507,0.145000,0.135000,0.135000,0.135000,0.135000,0.145000,0.135000,0.135000,0.145000,0.135000,0.135000,0.135000,0.114000
1508,0.145000,0.135000,0.135000,0.135000,0.135000,0.145000,0.135000,0.135000,0.145000,0.135000,0.135000,0.135000,0.114000
1509,0.145000,0.135000,0.135000,0.135000,0.135000,0.145000,0.135000,0.135000,0.145000,0.135000,0.135000,0.135000,0.114000
1510,0.145000,0.135000,0.135000,0.135000,0.135000,0.145000,0.135000,0.135000,0.145000,0.135000,0.135000,0.135000,0.114000
1511,0.145000,0.135000,0.135000,0.135000,0.135000,0.145000,0.135000,0.135000,0.145000,0.135000,0.135000,0.135000,0.114000
1512,0.145000,0.135000,0.135000,0.135000,0.135000,0.145000,0.135000,0.135000,0.145000,0.135000,0.135000,0.135000,0.114000
1513,0.145000,0.135000,0.135000,0.135000,0.135000,0.145000,0.135000,0.135000,0.145000,0.135000,0.135000,0.135000,0.114000
1514,0.145000,0.135000,0.135000,0.135000,0.135000,0.145000,0.135000,0.135000,0.145000,0.135000,0.135000,0.135000,0.114000
1515,0.145000,0.135000,0.135000,0.135000,0.135000,0.145000,0.135000,0.135000,0.145000,0.135000,0.135000,0.135000,0.114000
1516,0.145000,0.135000,0.135000,0.135000,0.135000,0.145000,0.135000,0.135000,0.145000,0.135000,0.135000,0.135000,0.114000
1517,0.145000,0.135000,0.135000,0.135000,0.135000,0.145000,0.135000,0.135000,0.145000,0.135000,0.135000,0.135000,0.114000
1518,0.145000,0.135000,0.135000,0.135000,0.135000,0.145000,0.135000,0.135000,0.145000,0.135000,0.135000,0.135000,0.114000
1519,0.145000,0.135000,0.135000,0.135000,0.135000,0.145000,0.135000,0.135000,0.145000,0.135000,0.135000,0.135000,0.114000
1520,0.145000,0.135000,0.135000,0.135000,0.135000,0.145000,0.135000,0.135000,0.145000,0.135000,0.135000,0.135000,0.114000
1521,0.145000,0.135000,0.135000,0.135000,0.135000,0.145000,0.135000,0.135000,0.145000,0.135000,0.135000,0.135000,0.114000
1522,0.145000,0.135000,0.135000,0.135000,0.135000,0.145000,0.135000,0.135000,0.145000,0.135000,0.135000,0.135000,0.114000
1523,0.145000,0.135000,0.135000,0.135000,0.135000,0.145000,0.135000,0.135000,0.145000,0.135000,0.135000,0.135000,0.114000
1524,0.145000,0.135000,0.135000,0.135000,0.135000,0.145000,0.135000,0.135000,0.145000,0.135000,0.135000,0.135000,0.114000
1525,0.145000,0.135000,0.135000,0.135000,0.135000,0.145000,0.135000,0.135000,0.145000,0.135000,0.135000,0.135000,0.114000
1526,0.145000,0.135000,0.135000,0.135000,0.135000,0.145000,0.135000,0.135000,0.145000,0.135000,0.135000,0.135000,0.114000
1527,0.145000,0.135000,0.135000,0.135000,0.135000,0.145000,0.135000,0.135000,0.145000,0.135000,0.135000,0.135000,0.114000
1528,0.145000,0.135000,0.135000,0.135000,0.135000,0.145000,0.135000,0.135000,0.145000,0.135000,0.135000,0.135000,0.114000
1529,0.145000,0.135000,0.135000,0.135000,0.135000,0.145000,0.135000,0.135000,0.145000,0.135000,0.135000,0.135000,0.114000
1530,0.145000,0.135000,0.135000,0.135000,0.135000,0.145000,0.135000,0.135000,0.145000,0.135000,0.135000,0.135000,0.114000
1531,0.145000,0.135000,0.135000,0.135000,0.135000,0.145000,0.135000,0.135000,0.145000,0.135000,0.135000,0.135000,0.114000
1532,0.145000,0.135000,0.135000,0.135000,0.135000,0.145000,0.135000,0.135000,0.145000,0.135000,0.135000,0.135000,0.114000
1533,0.145000,0.135000,0.135000,0.135000,0.135000,0.145000,0.135000,0.135000,0.145000,0.135000,0.135000,0.135000,0.114000
1534,0.145000,0.135000,0.135000,0.135000,0.135000,0.145000,0.135000,0.135000,0.145000,0.135000,0.135000,0.135000,0.114000
1535,0.145000,0.135000,0.135000,0.135000,0.135000,0.145000,0.135000,0.135000,0.145000,0.135000,0.135000,0.135000,0.114000
1536,0.145000,0.135000,0.135000,0.135000,0.135000,0.145000,0.135000,0.135000,0.145000,0.135000,0.135000,0.135000,0.114000
1537,0.145000,0.135000,0.135000,0.135000,0.135000,0.145000,0.135000,0.135000,0.145000,0.135000,0.135000,0.135000,0.114000
1538,0.145000,0.135000,0.135000,0.135000,0.135000,0.145000,0.135000,0.135000,0.145000,0.135000,0.135000,0.135000,0.114000
1539,0.145000,0.135000,0.135000,0.135000,0.135000,0.145000,0.135000,0.135000,0.145000,0.135000,0.135000,0.135000,0.114000
1540,0.145000,0.135000,0.135000,0.135000,0.135000,0.145000,0.135000,0.135000,0.145000,0.135000,0.135000,0.135000,0.114000
1541,0.145000,0.135000,0.135000,0.135000,0.135000,0.145000,0.135000,0.135000,0.145000,0.135000,0.135000,0.135000,0.114000
1542,0.145000,0.135000,0.135000,0.135000,0.135000,0.145000,0.135000,0.135000,0.145000,0.135000,0.135000,0.135000,0.114000
1543,0.145000,0.135000,0.135000,0.135000,0.135000,0.145000,0.135000,0.135000,0.145000,0.135000,0.135000,0.135000,0.114000
1544,0.145000,0.135000,0.135000,0.135000,0.135000,0.145000,0.135000,0.135000,0.145000,0.135000,0.135000,0.135000,0.114000
1545,0.145000,0.135000,0.135000,0.135000,0.135000,0.145000,0.135000,0.135000,0.145000,0.135000,0.135000,0.135000,0.114000
1546,0.145000,0.135000,0.135000,0.135000,0.135000,0.145000,0.135000,0.135000,0.145000,0.135000,0.135000,0.135000,0.114000
1547,0.145000,0.135000,0.135000,0.135000,0.135000,0.145000,0.135000,0.135000,0.145000,0.135000,0.135000,0.135000,0.114000
1548,0.145000,0.135000,0.135000,0.135000,0.135000,0.145000,0.135000,0.135000,0.145000,0.135000,0.135000,0.135000,0.114000
1549,0.145000,0.135000,0.135000,0.135000,0.135000,0.145000,0.135000,0.135000,0.145000,0.135000,0.135000,0.135000,0.114000
1550,0.145000,0.135000,0.135000,0.135000,0.135000,0.145000,0.135000,0.135000,0.145000,0.135000,0.135000,0.135000,0.114000
1551,0.145000,0.135000,0.135000,0.135000,0.135000,0.145000,0.135000,0.135000,0.145000,0.135000,0.135000,0.135000,0.114000
1552,0.145000,0.135000,0.135000,0.135000,0.135000,0.145000,0.135000,0.135000,0.145000,0.135000,0.135000,0.135000,0.114000
1553,0.145000,0.135000,0.135000,0.135000,0.135000,0.145000,0.135000,0.135000,0.145000,0.135000,0.135000,0.135000,0.114000
1554,0.145000,0.135000,0.135000,0.135000,0.135000,0.145000,0.135000,0.135000,0.145000,0.135000,0.135000,0.135000,0.114000
1555,0.145000,0.135000,0.135000,0.135000,0.135000,0.145000,0.135000,0.135000,0.145000,0.135000,0.135000,0.135000,0.114000
1556,0.145000,0.135000,0.135000,0.135000,0.135000,0.145000,0.135000,0.135000,0.145000,0.135000,0.135000,0.135000,0.114000
1557,0.145000,0.135000,0.135000,0.135000,0.135000,0.145000,0.135000,0.135000,0.145000,0.135000,0.135000,0.135000,0.114000
1558,0.145000,0.135000,0.135000,0.135000,0.135000,0.145000,0.135000,0.135000,0.145000,0.135000,0.135000,0.135000,0.114000
1559,0.145000,0.135000,0.135000,0.135000,0.135000,0.145000,0.135000,0.135000,0.145000,0.135000,0.135000,0.135000,0.114000
1560,0.145000,0.135000,0.135000,0.135000,0.135000,0.145000,0.135000,0.135000,0.145000,0.135000,0.135000,0.135000,0.114000
1561,0.145000,0.135000,0.135000,0.135000,0.135000,0.145000,0.135000,0.135000,0.145000,0.135000,0.135000,0.135000,0.114000
1562,0.145000,0.135000,0.135000,0.135000,0.135000,0.145000,0.135000,0.135000,0.145000,0.135000,0.135000,0.135000,0.114000
1563,0.145000,0.135000,0.135000,0.135000,0.135000,0.145000,0.135000,0.135000,0.145000,0.135000,0.135000,0.135000,0.114000
1564,0.145000,0.135000,0.135000,0.135000,0.135000,0.145000,0.135000,0.135000,0.145000,0.135000,0.135000,0.135000,0.114000
1565,0.145000,0.135000,0.135000,0.135000,0.135000,0.145000,0.135000,0.135000,0.145000,0.135000,0.135000,0.135000,0.114000
1566,0.145000,0.135000,0.135000,0.135000,0.135000,0.145000,0.135000,0.135000,0.145000,0.135000,0.135000,0.135000,0.114000
1567,0.145000,0.135000,0.135000,0.135000,0.135000,0.145000,0.135000,0.135000,0.145000,0.135000,0.135000,0.135000,0.114000
1568,0.145000,0.135000,0.135000,0.135000,0.135000,0.145000,0.135000,0.135000,0.145000,0.135000,0.135000,0.135000,0.114000
1569,0.145000,0.135000,0.135000,0.135000,0.135000,0.145000,0.135000,0.135000,0.145000,0.135000,0.135000,0.135000,0.114000
1570,0.145000,0.135000,0.135000,0.135000,0.135000,0.145000,0.135000,0.135000,0.145000,0.135000,0.135000,0.135000,0.114000
1571,0.145000,0.135000,0.135000,0.135000,0.135000,0.145000,0.135000,0.135000,0.145000,0.135000,0.135000,0.135000,0.114000
1572,0.145000,0.135000,0.135000,0.135000,0.135000,0.145000,0.135000,0.135000,0.145000,0.135000,0.135000,0.135000,0.114000
1573,0.145000,0.135000,0.135000,0.135000,0.135000,0.145000,0.135000,0.135000,0.145000,0.135000,0.135000,0.135000,0.114000
1574,0.145000,0.135000,0.135000,0.135000,0.135000,0.145000,0.135000,0.135000,0.145000,0.135000,0.135000,0.135000,0.114000
1575,0.145000,0.135000,0.135000,0.135000,0.135000,0.145000,0.135000,0.135000,0.145000,0.135000,0.135000,0.135000,0.114000
1576,0.145000,0.135000,0.135000,0.135000,0.135000,0.145000,0.135000,0.135000,0.145000,0.135000,0.135000,0.135000,0.114000
1577,0.145000,0.135000,0.135000,0.135000,0.135000,0.145000,0.135000,0.135000,0.145000,0.135000,0.135000,0.135000,0.114000
1578,0.145000,0.135000,0.135000,0.135000,0.135000,0.145000,0.135000,0.135000,0.145000,0.135000,0.135000,0.135000,0.114000
1579,0.145000,0.135000,0.135000,0.135000,0.135000,0.145000,0.135000,0.135000,0.145000,0.135000,0.135000,0.135000,0.114000
1580,0.145000,0.135000,0.135000,0.135000,0.135000,0.145000,0.135000,0.135000,0.145000,0.135000,0.135000,0.135000,0.114000
1581,0.145000,0.135000,0.135000,0.135000,0.135000,0.145000,0.135000,0.135000,0.145000,0.135000,0.135000,0.135000,0.114000
1582,0.145000,0.135000,0.135000,0.135000,0.135000,0.145000,0.135000,0.135000,0.145000,0.135000,0.135000,0.135000,0.114000
1583,0.145000,0.135000,0.135000,0.135000,0.135000,0.145000,0.135000,0.135000,0.145000,0.135000,0.135000,0.135000,0.114000
1584,0.145000,0.135000,0.135000,0.135000,0.135000,0.145000,0.135000,0.135000,0.145000,0.135000,0.135000,0.135000,0.114000
1585,0.145000,0.135000,0.135000,0.135000,0.135000,0.145000,0.135000,0.135000,0.145000,0.135000,0.135000,0.135000,0.114000
1586,0.145000,0.135000,0.135000,0.135000,0.135000,0.145000,0.135000,0.135000,0.145000,0.135000,0.135000,0.135000,0.114000
1587,0.145000,0.135000,0.135000,0.135000,0.135000,0.145000,0.135000,0.135000,0.145000,0.135000,0.135000,0.135000,0.114000
1588,0.145000,0.135000,0.135000,0.135000,0.135000,0.145000,0.135000,0.135000,0.145000,0.135000,0.135000,0.135000,0.114000
1589,0.145000,0.135000,0.135000,0.135000,0.135000,0.145000,0.135000,0.135000,0.145000,0.135000,0.135000,0.135000,0.114000
1590,0.145000,0.135000,0.135000,0.135000,0.135000,0.145000,0.135000,0.135000,0.145000,0.135000,0.135000,0.135000,0.114000
1591,0.145000,0.135000,0.135000,0.135000,0.135000,0.145000,0.135000,0.135000,0.145000,0.135000,0.135000,0.135000,0.114000
1592,0.145000,0.135000,0.135000,0.135000,0.135000,0.145000,0.135000,0.135000,0.145000,0.135000,0.135000,0.135000,0.114000
1593,0.145000,0.135000,0.135000,0.135000,0.135000,0.145000,0.135000,0.135000,0.145000,0.135000,0.135000,0.135000,0.114000
1594,0.145000,0.135000,0.135000,0.135000,0.135000,0.145000,0.135000,0.135000,0.145000,0.135000,0.135000,0.135000,0.114000
1595,0.145000,0.135000,0.135000,0.135000,0.135000,0.145000,0.135000,0.135000,0.145000,0.135000,0.135000,0.135000,0.114000
1596,0.145000,0.135000,0.135000,0.135000,0.135000,0.145000,0.135000,0.135000,0.145000,0.135000,0.135000,0.135000,0.114000
1597,0.145000,0.135000,0.135000,0.135000,0.135000,0.145000,0.135000,0.135000,0.145000,0.135000,0.135000,0.135000,0.114000
1598,0.145000,0.135000,0.135000,0.135000,0.135000,0.145000,0.135000,0.135000,0.145000,0.135000,0.135000,0.135000,0.114000
1599,0.145000,0.135000,0.135000,0.135000,0.135000,0.145000,0.135000,0.135000,0.145000,0.135000,0.135000,0.135000,0.114000
1600,0.145000,0.135000,0.135000,0.135000,0.135000,0.145000,0.135000,0.135000,0.145000,0.135000,0.135000,0.135000,0.114000
1601,0.145000,0.135000,0.135000,0.135000,0.135000,0.145000,0.135000,0.135000,0.145000,0.135000,0.135000,0.135000,0.114000
1602,0.145000,0.135000,0.135000,0.135000,0.135000,0.145000,0.135000,0.135000,0.145000,0.135000,0.135000,0.135000,0.114000
1603,0.145000,0.135000,0.135000,0.135000,0.135000,0.145000,0.135000,0.135000,0.145000,0.135000,0.135000,0.135000,0.114000
1604,0.145000,0.135000,0.135000,0.135000,0.135000,0.145000,0.135000,0.135000,0.145000,0.135000,0.135000,0.135000,0.114000
1605,0.145000,0.135000,0.135000,0.135000,0.135000,0.145000,0.135000,0.135000,0.145000,0.135000,0.135000,0.135000,0.114000
1606,0.145000,0.135000,0.135000,0.135000,0.135000,0.145000,0.135000,0.135000,0.145000,0.135000,0.135000,0.135000,0.114000
1607,0.145000,0.135000,0.135000,0.135000,0.135000,0.145000,0.135000,0.135000,0.145000,0.135000,0.135000,0.135000,0.114000
1608,0.145000,0.135000,0.135000,0.135000,0.135000,0.145000,0.135000,0.135000,0.145000,0.135000,0.135000,0.135000,0.114000
1609,0.145000,0.135000,0.135000,0.135000,0.135000,0.145000,0.135000,0.135000,0.145000,0.135000,0.135000,0.135000,0.114000
1610,0.145000,0.135000,0.135000,0.135000,0.135000,0.145000,0.135000,0.135000,0.145000,0.135000,0.135000,0.135000,0.114000
1611,0.145000,0.135000,0.135000,0.135000,0.135000,0.145000,0.135000,0.135000,0.145000,0.135000,0.135000,0.135000,0.114000
1612,0.145000,0.135000,0.135000,0.135000,0.135000,0.145000,0.135000,0.135000,0.145000,0.135000,0.135000,0.135000,0.114000
1613,0.145000,0.135000,0.135000,0.135000,0.135000,0.145000,0.135000,0.135000,0.145000,0.135000,0.135000,0.135000,0.114000
1614,0.145000,0.135000,0.135000,0.135000,0.135000,0.145000,0.135000,0.135000,0.145000,0.135000,0.135000,0.135000,0.114000
1615,0.145000,0.135000,0.135000,0.135000,0.135000,0.145000,0.135000,0.135000,0.145000,0.135000,0.135000,0.135000,0.114000
1616,0.145000,0.135000,0.135000,0.135000,0.135000,0.145000,0.135000,0.135000,0.145000,0.135000,0.135000,0.135000,0.114000
1617,0.145000,0.135000,0.135000,0.135000,0.135000,0.145000,0.135000,0.135000,0.145000,0.135000,0.135000,0.135000,0.114000
1618,0.145000,0.135000,0.135000,0.135000,0.135000,0.145000,0.135000,0.135000,0.145000,0.135000,0.135000,0.135000,0.114000
1619,0.145000,0.135000,0.135000,0.135000,0.135000,0.145000,0.135000,0.135000,0.145000,0.135000,0.135000,0.135000,0.114000
1620,0.145000,0.135000,0.135000,0.135000,0.135000,0.145000,0.135000,0.135000,0.145000,0.135000,0.135000,0.135000,0.114000
1621,0.145000,0.135000,0.135000,0.135000,0.135000,0.145000,0.135000,0.135000,0.145000,0.135000,0.135000,0.135000,0.114000
1622,0.145000,0.135000,0.135000,0.135000,0.135000,0.145000,0.135000,0.135000,0.145000,0.135000,0.135000,0.135000,0.114000
1623,0.145000,0.135000,0.135000,0.135000,0.135000,0.145000,0.135000,0.135000,0.145000,0.135000,0.135000,0.135000,0.114000
1624,0.145000,0.135000,0.135000,0.135000,0.135000,0.145000,0.135000,0.135000,0.145000,0.135000,0.135000,0.135000,0.114000
1625,0.145000,0.135000,0.135000,0.135000,0.135000,0.145000,0.135000,0.135000,0.145000,0.135000,0.135000,0.135000,0.114000
1626,0.145000,0.135000,0.135000,0.135000,0.135000,0.145000,0.135000,0.135000,0.145000,0.135000,0.135000,0.135000,0.114000
1627,0.145000,0.135000,0.135000,0.135000,0.135000,0.145000,0.135000,0.135000,0.145000,0.135000,0.135000,0.135000,0.114000
1628,0.145000,0.135000,0.135000,0.135000,0.135000,0.145000,0.135000,0.135000,0.145000,0.135000,0.135000,0.135000,0.114000
1629,0.145000,0.135000,0.135000,0.135000,0.135000,0.145000,0.135000,0.135000,0.145000,0.135000,0.135000,0.135000,0.114000
1630,0.145000,0.135000,0.135000,0.135000,0.135000,0.145000,0.135000,0.135000,0.145000,0.135000,0.135000,0.135000,0.114000
1631,0.145000,0.135000,0.135000,0.135000,0.135000,0.145000,0.135000,0.135000,0.145000,0.135000,0.135000,0.135000,0.114000
1632,0.145000,0.135000,0.135000,0.135000,0.135000,0.145000,0.135000,0.135000,0.145000,0.135000,0.135000,0.135000,0.114000
1633,0.145000,0.135000,0.135000,0.135000,0.135000,0.145000,0.135000,0.135000,0.145000,0.135000,0.135000,0.135000,0.114000
1634,0.145000,0.135000,0.135000,0.135000,0.135000,0.145000,0.135000,0.135000,0.145000,0.135000,0.135000,0.135000,0.114000
1635,0.145000,0.135000,0.135000,0.135000,0.135000,0.145000,0.135000,0.135000,0.145000,0.135000,0.135000,0.135000,0.114000
1636,0.145000,0.135000,0.135000,0.135000,0.135000,0.145000,0.135000,0.135000,0.145000,0.135000,0.135000,0.135000,0.114000
1637,0.145000,0.135000,0.135000,0.135000,0.135000,0.145000,0.135000,0.135000,0.145000,0.135000,0.135000,0.135000,0.114000
1638,0.145000,0.135000,0.135000,0.135000,0.135000,0.145000,0.135000,0.135000,0.145000,0.135000,0.135000,0.135000,0.114000
1639,0.145000,0.135000,0.135000,0.135000,0.135000,0.145000,0.135000,0.135000,0.145000,0.135000,0.135000,0.135000,0.114000
1640,0.145000,0.135000,0.135000,0.135000,0.135000,0.145000,0.135000,0.135000,0.145000,0.135000,0.135000,0.135000,0.114000
1641,0.145000,0.135000,0.135000,0.135000,0.135000,0.145000,0.135000,0.135000,0.145000,0.135000,0.135000,0.135000,0.114000
1642,0.145000,0.135000,0.135000,0.135000,0.135000,0.145000,0.135000,0.135000,0.145000,0.135000,0.135000,0.135000,0.114000
1643,0.145000,0.135000,0.135000,0.135000,0.135000,0.145000,0.135000,0.135000,0.145000,0.135000,0.135000,0.135000,0.114000
1644,0.145000,0.135000,0.135000,0.135000,0.135000,0.145000,0.135000,0.135000,0.145000,0.135000,0.135000,0.135000,0.114000
1645,0.145000,0.135000,0.135000,0.135000,0.135000,0.145000,0.135000,0.135000,0.145000,0.135000,0.135000,0.135000,0.114000
1646,0.145000,0.135000,0.135000,0.135000,0.135000,0.145000,0.135000,0.135000,0.145000,0.135000,0.135000,0.135000,0.114000
1647,0.145000,0.135000,0.135000,0.135000,0.135000,0.145000,0.135000,0.135000,0.145000,0.135000,0.135000,0.135000,0.114000
1648,0.145000,0.135000,0.135000,0.135000,0.135000,0.145000,0.135000,0.135000,0.145000,0.135000,0.135000,0.135000,0.114000
1649,0.145000,0.135000,0.135000,0.135000,0.135000,0.145000,0.135000,0.135000,0.145000,0.135000,0.135000,0.135000,0.114000
1650,0.145000,0.135000,0.135000,0.135000,0.135000,0.145000,0.135000,0.135000,0.145000,0.135000,0.135000,0.135000,0.114000
1651,0.145000,0.135000,0.135000,0.135000,0.135000,0.145000,0.135000,0.135000,0.145000,0.135000,0.135000,0.135000,0.114000
1652,0.145000,0.135000,0.135000,0.135000,0.135000,0.145000,0.135000,0.135000,0.145000,0.135000,0.135000,0.135000,0.114000
1653,0.145000,0.135000,0.135000,0.135000,0.135000,0.145000,0.135000,0.135000,0.145000,0.135000,0.135000,0.135000,0.114000
1654,0.145000,0.135000,0.135000,0.135000,0.135000,0.145000,0.135000,0.135000,0.145000,0.135000,0.135000,0.135000,0.114000
1655,0.145000,0.135000,0.135000,0.135000,0.135000,0.145000,0.135000,0.135000,0.145000,0.135000,0.135000,0.135000,0.114000
1656,0.145000,0.135000,0.135000,0.135000,0.135000,0.145000,0.135000,0.135000,0.145000,0.135000,0.135000,0.135000,0.114000
1657,0.145000,0.135000,0.135000,0.135000,0.135000,0.145000,0.135000,0.135000,0.145000,0.135000,0.135000,0.135000,0.114000
1658,0.145000,0.135000,0.135000,0.135000,0.135000,0.145000,0.135000,0.135000,0.145000,0.135000,0.135000,0.135000,0.114000
1659,0.145000,0.135000,0.135000,0.135000,0.135000,0.145000,0.135000,0.135000,0.145000,0.135000,0.135000,0.135000,0.114000
1660,0.145000,0.135000,0.135000,0.135000,0.135000,0.145000,0.135000,0.135000,0.145000,0.135000,0.135000,0.135000,0.114000
1661,0.145000,0.135000,0.135000,0.135000,0.135000,0.145000,0.135000,0.135000,0.145000,0.135000,0.135000,0.135000,0.114000
1662,0.145000,0.135000,0.135000,0.135000,0.135000,0.145000,0.135000,0.135000,0.145000,0.135000,0.135000,0.135000,0.114000
1663,0.145000,0.135000,0.135000,0.135000,0.135000,0.145000,0.135000,0.135000,0.145000,0.135000,0.135000,0.135000,0.114000
1664,0.145000,0.135000,0.135000,0.135000,0.135000,0.145000,0.135000,0.135000,0.145000,0.135000,0.135000,0.135000,0.114000
1665,0.145000,0.135000,0.135000,0.135000,0.135000,0.145000,0.135000,0.135000,0.145000,0.135000,0.135000,0.135000,0.114000
1666,0.145000,0.135000,0.135000,0.135000,0.135000,0.145000,0.135000,0.135000,0.145000,0.135000,0.135000,0.135000,0.114000
1667,0.145000,0.135000,0.135000,0.135000,0.135000,0.145000,0.135000,0.135000,0.145000,0.135000,0.135000,0.135000,0.114000
1668,0.145000,0.135000,0.135000,0.135000,0.135000,0.145000,0.135000,0.135000,0.145000,0.135000,0.135000,0.135000,0.114000
1669,0.145000,0.135000,0.135000,0.135000,0.135000,0.145000,0.135000,0.135000,0.145000,0.135000,0.135000,0.135000,0.114000
1670,0.145000,0.135000,0.135000,0.135000,0.135000,0.145000,0.135000,0.135000,0.145000,0.135000,0.135000,0.135000,0.114000
1671,0.145000,0.135000,0.135000,0.135000,0.135000,0.145000,0.135000,0.135000,0.145000,0.135000,0.135000,0.135000,0.114000
1672,0.145000,0.135000,0.135000,0.135000,0.135000,0.145000,0.135000,0.135000,0.145000,0.135000,0.135000,0.135000,0.114000
1673,0.145000,0.135000,0.135000,0.135000,0.135000,0.145000,0.135000,0.135000,0.145000,0.135000,0.135000,0.135000,0.114000
1674,0.145000,0.135000,0.135000,0.135000,0.135000,0.145000,0.135000,0.135000,0.145000,0.135000,0.135000,0.135000,0.114000
1675,0.145000,0.135000,0.135000,0.135000,0.135000,0.145000,0.135000,0.135000,0.145000,0.135000,0.135000,0.135000,0.114000
1676,0.145000,0.135000,0.135000,0.135000,0.135000,0.145000,0.135000,0.135000,0.145000,0.135000,0.135000,0.135000,0.114000
1677,0.145000,0.135000,0.135000,0.135000,0.135000,0.145000,0.135000,0.135000,0.145000,0.135000,0.135000,0.135000,0.114000
1678,0.145000,0.135000,0.135000,0.135000,0.135000,0.145000,0.135000,0.135000,0.145000,0.135000,0.135000,0.135000,0.114000
1679,0.145000,0.135000,0.135000,0.135000,0.135000,0.145000,0.135000,0.135000,0.145000,0.135000,0.135000,0.135000,0.114000
1680,0.145000,0.135000,0.135000,0.135000,0.135000,0.145000,0.135000,0.135000,0.145000,0.135000,0.135000,0.135000,0.114000
1681,0.145000,0.135000,0.135000,0.135000,0.135000,0.145000,0.135000,0.135000,0.145000,0.135000,0.135000,0.135000,0.114000
1682,0.145000,0.135000,0.135000,0.135000,0.135000,0.145000,0.135000,0.135000,0.145000,0.135000,0.135000,0.135000,0.114000
1683,0.145000,0.135000,0.135000,0.135000,0.135000,0.145000,0.135000,0.135000,0.145000,0.135000,0.135000,0.135000,0.114000
1684,0.145000,0.135000,0.135000,0.135000,0.135000,0.145000,0.135000,0.135000,0.145000,0.135000,0.135000,0.135000,0.114000
1685,0.145000,0.135000,0.135000,0.135000,0.135000,0.145000,0.135000,0.135000,0.145000,0.135000,0.135000,0.135000,0.114000
1686,0.145000,0.135000,0.135000,0.135000,0.135000,0.145000,0.135000,0.135000,0.145000,0.135000,0.135000,0.135000,0.114000
1687,0.145000,0.135000,0.135000,0.135000,0.135000,0.145000,0.135000,0.135000,0.145000,0.135000,0.135000,0.135000,0.114000
1688,0.145000,0.135000,0.135000,0.135000,0.135000,0.145000,0.135000,0.135000,0.145000,0.135000,0.135000,0.135000,0.114000
1689,0.145000,0.135000,0.135000,0.135000,0.135000,0.145000,0.135000,0.135000,0.145000,0.135000,0.135000,0.135000,0.114000
1690,0.145000,0.135000,0.135000,0.135000,0.135000,0.145000,0.135000,0.135000,0.145000,0.135000,0.135000,0.135000,0.114000
1691,0.145000,0.135000,0.135000,0.135000,0.135000,0.145000,0.135000,0.135000,0.145000,0.135000,0.135000,0.135000,0.114000
1692,0.145000,0.135000,0.135000,0.135000,0.135000,0.145000,0.135000,0.135000,0.145000,0.135000,0.135000,0.135000,0.114000
1693,0.145000,0.135000,0.135000,0.135000,0.135000,0.145000,0.135000,0.135000,0.145000,0.135000,0.135000,0.135000,0.114000
1694,0.145000,0.135000,0.135000,0.135000,0.135000,0.145000,0.135000,0.135000,0.145000,0.135000,0.135000,0.135000,0.114000
1695,0.145000,0.135000,0.135000,0.135000,0.135000,0.145000,0.135000,0.135000,0.145000,0.135000,0.135000,0.135000,0.114000
1696,0.145000,0.135000,0.135000,0.135000,0.135000,0.145000,0.135000,0.135000,0.145000,0.135000,0.135000,0.135000,0.114000
1697,0.145000,0.135000,0.135000,0.135000,0.135000,0.145000,0.135000,0.135000,0.145000,0.135000,0.135000,0.135000,0.114000
1698,0.145000,0.135000,0.135000,0.135000,0.135000,0.145000,0.135000,0.135000,0.145000,0.135000,0.135000,0.135000,0.114000
1699,0.145000,0.135000,0.135000,0.135000,0.135000,0.145000,0.135000,0.135000,0.145000,0.135000,0.135000,0.135000,0.114000
1700,0.145000,0.135000,0.135000,0.135000,0.135000,0.145000,0.135000,0.135000,0.145000,0.135000,0.135000,0.135000,0.114000
1701,0.145000,0.135000,0.135000,0.135000,0.135000,0.145000,0.135000,0.135000,0.145000,0.135000,0.135000,0.135000,0.114000
1702,0.145000,0.135000,0.135000,0.135000,0.135000,0.145000,0.135000,0.135000,0.145000,0.135000,0.135000,0.135000,0.114000
1703,0.145000,0.135000,0.135000,0.135000,0.135000,0.145000,0.135000,0.135000,0.145000,0.135000,0.135000,0.135000,0.114000
1704,0.145000,0.135000,0.135000,0.135000,0.135000,0.145000,0.135000,0.135000,0.145000,0.135000,0.135000,0.135000,0.114000
1705,0.145000,0.135000,0.135000,0.135000,0.135000,0.145000,0.135000,0.135000,0.145000,0.135000,0.135000,0.135000,0.114000
1706,0.145000,0.135000,0.135000,0.135000,0.135000,0.145000,0.135000,0.135000,0.145000,0.135000,0.135000,0.135000,0.114000
1707,0.145000,0.135000,0.135000,0.135000,0.135000,0.145000,0.135000,0.135000,0.145000,0.135000,0.135000,0.135000,0.114000
1708,0.145000,0.135000,0.135000,0.135000,0.135000,0.145000,0.135000,0.135000,0.145000,0.135000,0.135000,0.135000,0.114000
1709,0.145000,0.135000,0.135000,0.135000,0.135000,0.145000,0.135000,0.135000,0.145000,0.135000,0.135000,0.135000,0.114000
1710,0.145000,0.135000,0.135000,0.135000,0.135000,0.145000,0.135000,0.135000,0.145000,0.135000,0.135000,0.135000,0.114000
1711,0.145000,0.135000,0.135000,0.135000,0.135000,0.145000,0.135000,0.135000,0.145000,0.135000,0.135000,0.135000,0.114000
1712,0.145000,0.135000,0.135000,0.135000,0.135000,0.145000,0.135000,0.135000,0.145000,0.135000,0.135000,0.135000,0.114000
1713,0.145000,0.135000,0.135000,0.135000,0.135000,0.145000,0.135000,0.135000,0.145000,0.135000,0.135000,0.135000,0.114000
1714,0.145000,0.135000,0.135000,0.135000,0.135000,0.145000,0.135000,0.135000,0.145000,0.135000,0.135000,0.135000,0.114000
1715,0.145000,0.135000,0.135000,0.135000,0.135000,0.145000,0.135000,0.135000,0.145000,0.135000,0.135000,0.135000,0.114000
1716,0.145000,0.135000,0.135000,0.135000,0.135000,0.145000,0.135000,0.135000,0.145000,0.135000,0.135000,0.135000,0.114000
1717,0.145000,0.135000,0.135000,0.135000,0.135000,0.145000,0.135000,0.135000,0.145000,0.135000,0.135000,0.135000,0.114000
1718,0.145000,0.135000,0.135000,0.135000,0.135000,0.145000,0.135000,0.135000,0.145000,0.135000,0.135000,0.135000,0.114000
1719,0.145000,0.135000,0.135000,0.135000,0.135000,0.145000,0.135000,0.135000,0.145000,0.135000,0.135000,0.135000,0.114000
1720,0.145000,0.135000,0.135000,0.135000,0.135000,0.145000,0.135000,0.135000,0.145000,0.135000,0.135000,0.135000,0.114000
1721,0.145000,0.135000,0.135000,0.135000,0.135000,0.145000,0.135000,0.135000,0.145000,0.135000,0.135000,0.135000,0.114000
1722,0.145000,0.135000,0.135000,0.135000,0.135000,0.145000,0.135000,0.135000,0.145000,0.135000,0.135000,0.135000,0.114000
1723,0.145000,0.135000,0.135000,0.135000,0.135000,0.145000,0.135000,0.135000,0.145000,0.135000,0.135000,0.135000,0.114000
1724,0.145000,0.135000,0.135000,0.135000,0.135000,0.145000,0.135000,0.135000,0.145000,0.135000,0.135000,0.135000,0.114000
1725,0.145000,0.135000,0.135000,0.135000,0.135000,0.145000,0.135000,0.135000,0.145000,0.135000,0.135000,0.135000,0.114000
1726,0.145000,0.135000,0.135000,0.135000,0.135000,0.145000,0.135000,0.135000,0.145000,0.135000,0.135000,0.135000,0.114000
1727,0.145000,0.135000,0.135000,0.135000,0.135000,0.145000,0.135000,0.135000,0.145000,0.135000,0.135000,0.135000,0.114000
1728,0.145000,0.135000,0.135000,0.135000,0.135000,0.145000,0.135000,0.135000,0.145000,0.135000,0.135000,0.135000,0.114000
1729,0.145000,0.135000,0.135000,0.135000,0.135000,0.145000,0.135000,0.135000,0.145000,0.135000,0.135000,0.135000,0.114000
1730,0.145000,0.135000,0.135000,0.135000,0.135000,0.145000,0.135000,0.135000,0.145000,0.135000,0.135000,0.135000,0.114000
1731,0.145000,0.135000,0.135000,0.135000,0.135000,0.145000,0.135000,0.135000,0.145000,0.135000,0.135000,0.135000,0.114000
1732,0.145000,0.135000,0.135000,0.135000,0.135000,0.145000,0.135000,0.135000,0.145000,0.135000,0.135000,0.135000,0.114000
1733,0.145000,0.135000,0.135000,0.135000,0.135000,0.145000,0.135000,0.135000,0.145000,0.135000,0.135000,0.135000,0.114000
1734,0.145000,0.135000,0.135000,0.135000,0.135000,0.145000,0.135000,0.135000,0.145000,0.135000,0.135000,0.135000,0.114000
1735,0.145000,0.135000,0.135000,0.135000,0.135000,0.145000,0.135000,0.135000,0.145000,0.135000,0.135000,0.135000,0.114000
1736,0.145000,0.135000,0.135000,0.135000,0.135000,0.145000,0.135000,0.135000,0.145000,0.135000,0.135000,0.135000,0.114000
1737,0.145000,0.135000,0.135000,0.135000,0.135000,0.145000,0.135000,0.135000,0.145000,0.135000,0.135000,0.135000,0.114000
1738,0.145000,0.135000,0.135000,0.135000,0.135000,0.145000,0.135000,0.135000,0.145000,0.135000,0.135000,0.135000,0.114000
1739,0.145000,0.135000,0.135000,0.135000,0.135000,0.145000,0.135000,0.135000,0.145000,0.135000,0.135000,0.135000,0.114000
1740,0.145000,0.135000,0.135000,0.135000,0.135000,0.145000,0.135000,0.135000,0.145000,0.135000,0.135000,0.135000,0.114000
1741,0.145000,0.135000,0.135000,0.135000,0.135000,0.145000,0.135000,0.135000,0.145000,0.135000,0.135000,0.135000,0.114000
1742,0.145000,0.135000,0.135000,0.135000,0.135000,0.145000,0.135000,0.135000,0.145000,0.135000,0.135000,0.135000,0.114000
1743,0.145000,0.135000,0.135000,0.135000,0.135000,0.145000,0.135000,0.135000,0.145000,0.135000,0.135000,0.135000,0.114000
1744,0.145000,0.135000,0.135000,0.135000,0.135000,0.145000,0.135000,0.135000,0.145000,0.135000,0.135000,0.135000,0.114000
1745,0.145000,0.135000,0.135000,0.135000,0.135000,0.145000,0.135000,0.135000,0.145000,0.135000,0.135000,0.135000,0.114000
1746,0.145000,0.135000,0.135000,0.135000,0.135000,0.145000,0.135000,0.135000,0.145000,0.135000,0.135000,0.135000,0.114000
1747,0.145000,0.135000,0.135000,0.135000,0.135000,0.145000,0.135000,0.135000,0.145000,0.135000,0.135000,0.135000,0.114000
1748,0.145000,0.135000,0.135000,0.135000,0.135000,0.145000,0.135000,0.135000,0.145000,0.135000,0.135000,0.135000,0.114000
1749,0.145000,0.135000,0.135000,0.135000,0.135000,0.145000,0.135000,0.135000,0.145000,0.135000,0.135000,0.135000,0.114000
1750,0.145000,0.135000,0.135000,0.135000,0.135000,0.145000,0.135000,0.135000,0.145000,0.135000,0.135000,0.135000,0.114000
1751,0.145000,0.135000,0.135000,0.135000,0.135000,0.145000,0.135000,0.135000,0.145000,0.135000,0.135000,0.135000,0.114000
1752,0.145000,0.135000,0.135000,0.135000,0.135000,0.145000,0.135000,0.135000,0.145000,0.135000,0.135000,0.135000,0.114000
1753,0.145000,0.135000,0.135000,0.135000,0.135000,0.145000,0.135000,0.135000,0.145000,0.135000,0.135000,0.135000,0.114000
1754,0.145000,0.135000,0.135000,0.135000,0.135000,0.145000,0.135000,0.135000,0.145000,0.135000,0.135000,0.135000,0.114000
1755,0.145000,0.135000,0.135000,0.135000,0.135000,0.145000,0.135000,0.135000,0.145000,0.135000,0.135000,0.135000,0.114000
1756,0.145000,0.135000,0.135000,0.135000,0.135000,0.145000,0.135000,0.135000,0.145000,0.135000,0.135000,0.135000,0.114000
1757,0.145000,0.135000,0.135000,0.135000,0.135000,0.145000,0.135000,0.135000,0.145000,0.135000,0.135000,0.135000,0.114000
1758,0.145000,0.135000,0.135000,0.135000,0.135000,0.145000,0.135000,0.135000,0.145000,0.135000,0.135000,0.135000,0.114000
1759,0.145000,0.135000,0.135000,0.135000,0.135000,0.145000,0.135000,0.135000,0.145000,0.135000,0.135000,0.135000,0.114000
1760,0.145000,0.135000,0.135000,0.135000,0.135000,0.145000,0.135000,0.135000,0.145000,0.135000,0.135000,0.135000,0.114000
1761,0.145000,0.135000,0.135000,0.135000,0.135000,0.145000,0.135000,0.135000,0.145000,0.135000,0.135000,0.135000,0.114000
1762,0.145000,0.135000,0.135000,0.135000,0.135000,0.145000,0.135000,0.135000,0.145000,0.135000,0.135000,0.135000,0.114000
1763,0.145000,0.135000,0.135000,0.135000,0.135000,0.145000,0.135000,0.135000,0.145000,0.135000,0.135000,0.135000,0.114000
1764,0.145000,0.135000,0.135000,0.135000,0.135000,0.145000,0.135000,0.135000,0.145000,0.135000,0.135000,0.135000,0.114000
1765,0.145000,0.135000,0.135000,0.135000,0.135000,0.145000,0.135000,0.135000,0.145000,0.135000,0.135000,0.135000,0.114000
1766,0.145000,0.135000,0.135000,0.135000,0.135000,0.145000,0.135000,0.135000,0.145000,0.135000,0.135000,0.135000,0.114000
1767,0.145000,0.135000,0.135000,0.135000,0.135000,0.145000,0.135000,0.135000,0.145000,0.135000,0.135000,0.135000,0.114000
1768,0.145000,0.135000,0.135000,0.135000,0.135000,0.145000,0.135000,0.135000,0.145000,0.135000,0.135000,0.135000,0.114000
1769,0.145000,0.135000,0.135000,0.135000,0.135000,0.145000,0.135000,0.135000,0.145000,0.135000,0.135000,0.135000,0.114000
1770,0.145000,0.135000,0.135000,0.135000,0.135000,0.145000,0.135000,0.135000,0.145000,0.135000,0.135000,0.135000,0.114000
1771,0.145000,0.135000,0.135000,0.135000,0.135000,0.145000,0.135000,0.135000,0.145000,0.135000,0.135000,0.135000,0.114000
1772,0.145000,0.135000,0.135000,0.135000,0.135000,0.145000,0.135000,0.135000,0.145000,0.135000,0.135000,0.135000,0.114000
1773,0.145000,0.135000,0.135000,0.135000,0.135000,0.145000,0.135000,0.135000,0.145000,0.135000,0.135000,0.135000,0.114000
1774,0.145000,0.135000,0.135000,0.135000,0.135000,0.145000,0.135000,0.135000,0.145000,0.135000,0.135000,0.135000,0.114000
1775,0.145000,0.135000,0.135000,0.135000,0.135000,0.145000,0.135000,0.135000,0.145000,0.135000,0.135000,0.135000,0.114000
1776,0.145000,0.135000,0.135000,0.135000,0.135000,0.145000,0.135000,0.135000,0.145000,0.135000,0.135000,0.135000,0.114000
1777,0.145000,0.135000,0.135000,0.135000,0.135000,0.145000,0.135000,0.135000,0.145000,0.135000,0.135000,0.135000,0.114000
1778,0.145000,0.135000,0.135000,0.135000,0.135000,0.145000,0.135000,0.135000,0.145000,0.135000,0.135000,0.135000,0.114000
1779,0.145000,0.135000,0.135000,0.135000,0.135000,0.145000,0.135000,0.135000,0.145000,0.135000,0.135000,0.135000,0.114000
1780,0.145000,0.135000,0.135000,0.135000,0.135000,0.145000,0.135000,0.135000,0.145000,0.135000,0.135000,0.135000,0.114000
1781,0.145000,0.135000,0.135000,0.135000,0.135000,0.145000,0.135000,0.135000,0.145000,0.135000,0.135000,0.135000,0.114000
1782,0.145000,0.135000,0.135000,0.135000,0.135000,0.145000,0.135000,0.135000,0.145000,0.135000,0.135000,0.135000,0.114000
1783,0.145000,0.135000,0.135000,0.135000,0.135000,0.145000,0.135000,0.135000,0.145000,0.135000,0.135000,0.135000,0.114000
1784,0.145000,0.135000,0.135000,0.135000,0.135000,0.145000,0.135000,0.135000,0.145000,0.135000,0.135000,0.135000,0.114000
1785,0.145000,0.135000,0.135000,0.135000,0.135000,0.145000,0.135000,0.135000,0.145000,0.135000,0.135000,0.135000,0.114000
1786,0.145000,0.135000,0.135000,0.135000,0.135000,0.145000,0.135000,0.135000,0.145000,0.135000,0.135000,0.135000,0.114000
1787,0.145000,0.135000,0.135000,0.135000,0.135000,0.145000,0.135000,0.135000,0.145000,0.135000,0.135000,0.135000,0.114000
1788,0.145000,0.135000,0.135000,0.135000,0.135000,0.145000,0.135000,0.135000,0.145000,0.135000,0.135000,0.135000,0.114000
1789,0.145000,0.135000,0.135000,0.135000,0.135000,0.145000,0.135000,0.135000,0.145000,0.135000,0.135000,0.135000,0.114000
1790,0.145000,0.135000,0.135000,0.135000,0.135000,0.145000,0.135000,0.135000,0.145000,0.135000,0.135000,0.135000,0.114000
1791,0.145000,0.135000,0.135000,0.135000,0.135000,0.145000,0.135000,0.135000,0.145000,0.135000,0.135000,0.135000,0.114000
1792,0.145000,0.135000,0.135000,0.135000,0.135000,0.145000,0.135000,0.135000,0.145000,0.135000,0.135000,0.135000,0.114000
1793,0.145000,0.135000,0.135000,0.135000,0.135000,0.145000,0.135000,0.135000,0.145000,0.135000,0.135000,0.135000,0.114000
1794,0.145000,0.135000,0.135000,0.135000,0.135000,0.145000,0.135000,0.135000,0.145000,0.135000,0.135000,0.135000,0.114000
1795,0.145000,0.135000,0.135000,0.135000,0.135000,0.145000,0.135000,0.135000,0.145000,0.135000,0.135000,0.135000,0.114000
1796,0.145000,0.135000,0.135000,0.135000,0.135000,0.145000,0.135000,0.135000,0.145000,0.135000,0.135000,0.135000,0.114000
1797,0.145000,0.135000,0.135000,0.135000,0.135000,0.145000,0.135000,0.135000,0.145000,0.135000,0.135000,0.135000,0.114000
1798,0.145000,0.135000,0.135000,0.135000,0.135000,0.145000,0.135000,0.135000,0.145000,0.135000,0.135000,0.135000,0.114000
1799,0.145000,0.135000,0.135000,0.135000,0.135000,0.145000,0.135000,0.135000,0.145000,0.135000,0.135000,0.135000,0.114000
1800,0.145000,0.135000,0.135000,0.135000,0.135000,0.145000,0.135000,0.135000,0.145000,0.135000,0.135000,0.135000,0.114000
1801,0.145000,0.135000,0.135000,0.135000,0.135000,0.145000,0.135000,0.135000,0.145000,0.135000,0.135000,0.135000,0.114000
1802,0.145000,0.135000,0.135000,0.135000,0.135000,0.145000,0.135000,0.135000,0.145000,0.135000,0.135000,0.135000,0.114000
1803,0.145000,0.135000,0.135000,0.135000,0.135000,0.145000,0.135000,0.135000,0.145000,0.135000,0.135000,0.135000,0.114000
1804,0.145000,0.135000,0.135000,0.135000,0.135000,0.145000,0.135000,0.135000,0.145000,0.135000,0.135000,0.135000,0.114000
1805,0.145000,0.135000,0.135000,0.135000,0.135000,0.145000,0.135000,0.135000,0.145000,0.135000,0.135000,0.135000,0.114000
1806,0.145000,0.135000,0.135000,0.135000,0.135000,0.145000,0.135000,0.135000,0.145000,0.135000,0.135000,0.135000,0.114000
1807,0.145000,0.135000,0.135000,0.135000,0.135000,0.145000,0.135000,0.135000,0.145000,0.135000,0.135000,0.135000,0.114000
1808,0.145000,0.135000,0.135000,0.135000,0.135000,0.145000,0.135000,0.135000,0.145000,0.135000,0.135000,0.135000,0.114000
1809,0.000000,0.135000,0.135000,0.135000,0.135000,0.145000,0.135000,0.135000,0.145000,0.135000,0.135000,0.135000,0.114000
1810,0.000000,0.135000,0.135000,0.135000,0.135000,0.145000,0.135000,0.135000,0.145000,0.135000,0.135000,0.135000,0.114000
1811,0.000000,0.135000,0.135000,0.135000,0.135000,0.145000,0.135000,0.135000,0.145000,0.135000,0.135000,0.135000,0.114000
1812,0.000000,0.135000,0.135000,0.135000,0.135000,0.145000,0.135000,0.135000,0.145000,0.135000,0.135000,0.135000,0.114000
1813,0.000000,0.135000,0.135000,0.135000,0.135000,0.145000,0.135000,0.135000,0.145000,0.135000,0.135000,0.000000,0.114000
1814,0.000000,0.135000,0.135000,0.135000,0.135000,0.145000,0.135000,0.135000,0.145000,0.135000,0.135000,0.000000,0.114000
1815,0.000000,0.135000,0.135000,0.135000,0.135000,0.145000,0.135000,0.135000,0.145000,0.135000,0.135000,0.000000,0.114000
1816,0.000000,0.135000,0.135000,0.135000,0.135000,0.145000,0.135000,0.135000,0.145000,0.135000,0.135000,0.000000,0.114000
1817,0.000000,0.135000,0.135000,0.135000,0.135000,0.145000,0.135000,0.135000,0.145000,0.135000,0.135000,0.000000,0.114000
1818,0.000000,0.135000,0.135000,0.135000,0.135000,0.145000,0.135000,0.135000,0.145000,0.135000,0.135000,0.000000,0.114000
1819,0.000000,0.135000,0.135000,0.135000,0.135000,0.145000,0.135000,0.135000,0.145000,0.135000,0.135000,0.000000,0.114000
1820,0.000000,0.135000,0.135000,0.135000,0.135000,0.145000,0.135000,0.135000,0.145000,0.135000,0.135000,0.000000,0.114000
1821,0.000000,0.135000,0.135000,0.135000,0.135000,0.145000,0.135000,0.135000,0.145000,0.135000,0.135000,0.000000,0.114000
1822,0.000000,0.135000,0.135000,0.135000,0.135000,0.145000,0.135000,0.135000,0.145000,0.135000,0.135000,0.000000,0.114000
1823,0.000000,0.135000,0.135000,0.135000,0.135000,0.145000,0.135000,0.135000,0.145000,0.135000,0.135000,0.000000,0.114000
1824,0.000000,0.135000,0.135000,0.135000,0.135000,0.145000,0.135000,0.135000,0.145000,0.135000,0.135000,0.000000,0.114000
1825,0.000000,0.135000,0.135000,0.135000,0.135000,0.145000,0.135000,0.135000,0.145000,0.135000,0.135000,0.000000,0.114000
1826,0.000000,0.135000,0.135000,0.135000,0.135000,0.145000,0.135000,0.135000,0.145000,0.135000,0.135000,0.000000,0.114000
1827,0.000000,0.135000,0.135000,0.135000,0.135000,0.145000,0.135000,0.135000,0.145000,0.135000,0.135000,0.000000,0.114000
1828,0.000000,0.135000,0.135000,0.135000,0.135000,0.145000,0.135000,0.135000,0.145000,0.135000,0.135000,0.000000,0.114000
1829,0.000000,0.135000,0.135000,0.135000,0.135000,0.145000,0.135000,0.135000,0.145000,0.135000,0.135000,0.000000,0.114000
1830,0.000000,0.135000,0.135000,0.135000,0.135000,0.145000,0.135000,0.135000,0.145000,0.135000,0.135000,0.000000,0.114000
1831,0.000000,0.135000,0.135000,0.135000,0.135000,0.145000,0.135000,0.135000,0.145000,0.135000,0.135000,0.000000,0.114000
1832,0.000000,0.135000,0.135000,0.135000,0.135000,0.145000,0.000000,0.135000,0.145000,0.135000,0.135000,0.000000,0.114000
1833,0.000000,0.000000,0.135000,0.135000,0.135000,0.145000,0.000000,0.135000,0.145000,0.135000,0.135000,0.000000,0.114000
1834,0.000000,0.000000,0.135000,0.000000,0.135000,0.145000,0.000000,0.135000,0.145000,0.135000,0.135000,0.000000,0.114000
1835,0.000000,0.000000,0.135000,0.000000,0.135000,0.145000,0.000000,0.135000,0.145000,0.135000,0.135000,0.000000,0.114000
1836,0.000000,0.000000,0.135000,0.000000,0.135000,0.145000,0.000000,0.135000,0.145000,0.135000,0.135000,0.000000,0.114000
1837,0.000000,0.000000,0.135000,0.000000,0.135000,0.145000,0.000000,0.000000,0.145000,0.135000,0.135000,0.000000,0.000000
1838,0.000000,0.000000,0.135000,0.000000,0.135000,0.145000,0.000000,0.000000,0.145000,0.135000,0.135000,0.000000,0.000000
1839,0.000000,0.000000,0.135000,0.000000,0.135000,0.145000,0.000000,0.000000,0.145000,0.135000,0.135000,0.000000,0.000000
1840,0.000000,0.000000,0.135000,0.000000,0.135000,0.145000,0.000000,0.000000,0.145000,0.135000,0.135000,0.000000,0.000000
1841,0.000000,0.000000,0.135000,0.000000,0.135000,0.145000,0.000000,0.000000,0.145000,0.135000,0.135000,0.000000,0.000000
1842,0.000000,0.000000,0.135000,0.000000,0.135000,0.145000,0.000000,0.000000,0.145000,0.135000,0.135000,0.000000,0.000000
1843,0.000000,0.000000,0.135000,0.000000,0.135000,0.145000,0.000000,0.000000,0.145000,0.135000,0.135000,0.000000,0.000000
1844,0.000000,0.000000,0.135000,0.000000,0.135000,0.145000,0.000000,0.000000,0.145000,0.135000,0.135000,0.000000,0.000000
1845,0.000000,0.000000,0.135000,0.000000,0.135000,0.145000,0.000000,0.000000,0.145000,0.135000,0.135000,0.000000,0.000000
1846,0.000000,0.000000,0.135000,0.000000,0.135000,0.145000,0.000000,0.000000,0.145000,0.135000,0.135000,0.000000,0.000000
1847,0.000000,0.000000,0.135000,0.000000,0.135000,0.145000,0.000000,0.000000,0.145000,0.000000,0.135000,0.000000,0.000000
1848,0.000000,0.000000,0.135000,0.000000,0.135000,0.145000,0.000000,0.000000,0.145000,0.000000,0.135000,0.000000,0.000000
1849,0.000000,0.000000,0.135000,0.000000,0.135000,0.145000,0.000000,0.000000,0.145000,0.000000,0.135000,0.000000,0.000000
1850,0.000000,0.000000,0.135000,0.000000,0.000000,0.145000,0.000000,0.000000,0.145000,0.000000,0.135000,0.000000,0.000000
1851,0.000000,0.000000,0.135000,0.000000,0.000000,0.145000,0.000000,0.000000,0.145000,0.000000,0.135000,0.000000,0.000000
1852,0.000000,0.000000,0.135000,0.000000,0.000000,0.145000,0.000000,0.000000,0.145000,0.000000,0.135000,0.000000,0.000000
1853,0.000000,0.000000,0.135000,0.000000,0.000000,0.145000,0.000000,0.000000,0.145000,0.000000,0.135000,0.000000,0.000000
1854,0.000000,0.000000,0.135000,0.000000,0.000000,0.145000,0.000000,0.000000,0.145000,0.000000,0.135000,0.000000,0.000000
1855,0.000000,0.000000,0.135000,0.000000,0.000000,0.145000,0.000000,0.000000,0.145000,0.000000,0.135000,0.000000,0.000000
1856,0.000000,0.000000,0.135000,0.000000,0.000000,0.145000,0.000000,0.000000,0.145000,0.000000,0.135000,0.000000,0.000000
1857,0.000000,0.000000,0.135000,0.000000,0.000000,0.145000,0.000000,0.000000,0.145000,0.000000,0.135000,0.000000,0.000000
1858,0.000000,0.000000,0.135000,0.000000,0.000000,0.145000,0.000000,0.000000,0.145000,0.000000,0.135000,0.000000,0.000000
1859,0.000000,0.000000,0.135000,0.000000,0.000000,0.145000,0.000000,0.000000,0.145000,0.000000,0.135000,0.000000,0.000000
1860,0.000000,0.000000,0.135000,0.000000,0.000000,0.145000,0.000000,0.000000,0.145000,0.000000,0.135000,0.000000,0.000000
1861,0.000000,0.000000,0.135000,0.000000,0.000000,0.145000,0.000000,0.000000,0.145000,0.000000,0.135000,0.000000,0.000000
1862,0.000000,0.000000,0.135000,0.000000,0.000000,0.145000,0.000000,0.000000,0.145000,0.000000,0.135000,0.000000,0.000000
1863,0.000000,0.000000,0.135000,0.000000,0.000000,0.145000,0.000000,0.000000,0.145000,0.000000,0.135000,0.000000,0.000000
1864,0.000000,0.000000,0.135000,0.000000,0.000000,0.145000,0.000000,0.000000,0.145000,0.000000,0.000000,0.000000,0.000000
1865,0.000000,0.000000,0.000000,0.000000,0.000000,0.145000,0.000000,0.000000,0.145000,0.000000,0.000000,0.000000,0.000000
1866,0.000000,0.000000,0.000000,0.000000,0.000000,0.145000,0.000000,0.000000,0.145000,0.000000,0.000000,0.000000,0.000000
1867,0.000000,0.000000,0.000000,0.000000,0.000000,0.145000,0.000000,0.000000,0.145000,0.000000,0.000000,0.000000,0.000000
1868,0.000000,0.000000,0.000000,0.000000,0.000000,0.145000,0.000000,0.000000,0.145000,0.000000,0.000000,0.000000,0.000000
1869,0.000000,0.000000,0.000000,0.000000,0.000000,0.145000,0.000000,0.000000,0.145000,0.000000,0.000000,0.000000,0.000000
1870,0.000000,0.000000,0.000000,0.000000,0.000000,0.145000,0.000000,0.000000,0.145000,0.000000,0.000000,0.000000,0.000000
1871,0.000000,0.000000,0.000000,0.000000,0.000000,0.145000,0.000000,0.000000,0.145000,0.000000,0.000000,0.000000,0.000000
1872,0.000000,0.000000,0.000000,0.000000,0.000000,0.145000,0.000000,0.000000,0.000000,0.000000,0.000000,0.000000,0.000000
1873,0.000000,0.000000,0.000000,0.000000,0.000000,0.145000,0.000000,0.000000,0.000000,0.000000,0.000000,0.000000,0.000000
1874,0.000000,0.000000,0.000000,0.000000,0.000000,0.145000,0.000000,0.000000,0.000000,0.000000,0.000000,0.000000,0.000000
1875,0.000000,0.000000,0.000000,0.000000,0.000000,0.145000,0.000000,0.000000,0.000000,0.000000,0.000000,0.000000,0.000000
1876,0.000000,0.000000,0.000000,0.000000,0.000000,0.145000,0.000000,0.000000,0.000000,0.000000,0.000000,0.000000,0.000000
1877,0.000000,0.000000,0.000000,0.000000,0.000000,0.145000,0.000000,0.000000,0.000000,0.000000,0.000000,0.000000,0.000000
1878,0.000000,0.000000,0.000000,0.000000,0.000000,0.145000,0.000000,0.000000,0.000000,0.000000,0.000000,0.000000,0.000000
1879,0.000000,0.000000,0.000000,0.000000,0.000000,0.145000,0.000000,0.000000,0.000000,0.000000,0.000000,0.000000,0.000000
1880,0.000000,0.000000,0.000000,0.000000,0.000000,0.145000,0.000000,0.000000,0.000000,0.000000,0.000000,0.000000,0.000000
1881,0.000000,0.000000,0.000000,0.000000,0.000000,0.145000,0.000000,0.000000,0.000000,0.000000,0.000000,0.000000,0.000000
1882,0.000000,0.000000,0.000000,0.000000,0.000000,0.145000,0.000000,0.000000,0.000000,0.000000,0.000000,0.000000,0.000000
1883,0.000000,0.000000,0.000000,0.000000,0.000000,0.145000,0.000000,0.000000,0.000000,0.000000,0.000000,0.000000,0.000000
1884,0.000000,0.000000,0.000000,0.000000,0.000000,0.145000,0.000000,0.000000,0.000000,0.000000,0.000000,0.000000,0.000000
1885,0.000000,0.000000,0.000000,0.000000,0.000000,0.145000,0.000000,0.000000,0.000000,0.000000,0.000000,0.000000,0.000000
1886,0.000000,0.000000,0.000000,0.000000,0.000000,0.145000,0.000000,0.000000,0.000000,0.000000,0.000000,0.000000,0.000000
1887,0.000000,0.000000,0.000000,0.000000,0.000000,0.145000,0.000000,0.000000,0.000000,0.000000,0.000000,0.000000,0.000000
1888,0.000000,0.000000,0.000000,0.000000,0.000000,0.145000,0.000000,0.000000,0.000000,0.000000,0.000000,0.000000,0.000000
1889,0.000000,0.000000,0.000000,0.000000,0.000000,0.145000,0.000000,0.000000,0.000000,0.000000,0.000000,0.000000,0.000000
1890,0.000000,0.000000,0.000000,0.000000,0.000000,0.145000,0.000000,0.000000,0.000000,0.000000,0.000000,0.000000,0.000000
1891,0.000000,0.000000,0.000000,0.000000,0.000000,0.145000,0.000000,0.000000,0.000000,0.000000,0.000000,0.000000,0.000000
1892,0.000000,0.000000,0.000000,0.000000,0.000000,0.145000,0.000000,0.000000,0.000000,0.000000,0.000000,0.000000,0.000000
1893,0.000000,0.000000,0.000000,0.000000,0.000000,0.145000,0.000000,0.000000,0.000000,0.000000,0.000000,0.000000,0.000000
1894,0.000000,0.000000,0.000000,0.000000,0.000000,0.145000,0.000000,0.000000,0.000000,0.000000,0.000000,0.000000,0.000000
1895,0.000000,0.000000,0.000000,0.000000,0.000000,0.145000,0.000000,0.000000,0.000000,0.000000,0.000000,0.000000,0.000000
1896,0.000000,0.000000,0.000000,0.000000,0.000000,0.145000,0.000000,0.000000,0.000000,0.000000,0.000000,0.000000,0.000000
1897,0.000000,0.000000,0.000000,0.000000,0.000000,0.145000,0.000000,0.000000,0.000000,0.000000,0.000000,0.000000,0.000000
1898,0.000000,0.000000,0.000000,0.000000,0.000000,0.145000,0.000000,0.000000,0.000000,0.000000,0.000000,0.000000,0.000000
1899,0.000000,0.000000,0.000000,0.000000,0.000000,0.145000,0.000000,0.000000,0.000000,0.000000,0.000000,0.000000,0.000000
1900,0.000000,0.000000,0.000000,0.000000,0.000000,0.145000,0.000000,0.000000,0.000000,0.000000,0.000000,0.000000,0.000000
1901,0.000000,0.000000,0.000000,0.000000,0.000000,0.145000,0.000000,0.000000,0.000000,0.000000,0.000000,0.000000,0.000000
1902,0.000000,0.000000,0.000000,0.000000,0.000000,0.145000,0.000000,0.000000,0.000000,0.000000,0.000000,0.000000,0.000000
1903,0.000000,0.000000,0.000000,0.000000,0.000000,0.145000,0.000000,0.000000,0.000000,0.000000,0.000000,0.000000,0.000000
1904,0.000000,0.000000,0.000000,0.000000,0.000000,0.145000,0.000000,0.000000,0.000000,0.000000,0.000000,0.000000,0.000000
1905,0.000000,0.000000,0.000000,0.000000,0.000000,0.145000,0.000000,0.000000,0.000000,0.000000,0.000000,0.000000,0.000000
1906,0.000000,0.000000,0.000000,0.000000,0.000000,0.145000,0.000000,0.000000,0.000000,0.000000,0.000000,0.000000,0.000000
1907,0.000000,0.000000,0.000000,0.000000,0.000000,0.145000,0.000000,0.000000,0.000000,0.000000,0.000000,0.000000,0.000000
1908,0.000000,0.000000,0.000000,0.000000,0.000000,0.145000,0.000000,0.000000,0.000000,0.000000,0.000000,0.000000,0.000000
1909,0.000000,0.000000,0.000000,0.000000,0.000000,0.145000,0.000000,0.000000,0.000000,0.000000,0.000000,0.000000,0.000000
1910,0.000000,0.000000,0.000000,0.000000,0.000000,0.145000,0.000000,0.000000,0.000000,0.000000,0.000000,0.000000,0.000000
1911,0.000000,0.000000,0.000000,0.000000,0.000000,0.145000,0.000000,0.000000,0.000000,0.000000,0.000000,0.000000,0.000000
1912,0.000000,0.000000,0.000000,0.000000,0.000000,0.145000,0.000000,0.000000,0.000000,0.000000,0.000000,0.000000,0.000000
1913,0.000000,0.000000,0.000000,0.000000,0.000000,0.145000,0.000000,0.000000,0.000000,0.000000,0.000000,0.000000,0.000000
1914,0.000000,0.000000,0.000000,0.000000,0.000000,0.145000,0.000000,0.000000,0.000000,0.000000,0.000000,0.000000,0.000000
1915,0.000000,0.000000,0.000000,0.000000,0.000000,0.145000,0.000000,0.000000,0.000000,0.000000,0.000000,0.000000,0.000000
1916,0.000000,0.000000,0.000000,0.000000,0.000000,0.145000,0.000000,0.000000,0.000000,0.000000,0.000000,0.000000,0.000000
1917,0.000000,0.000000,0.000000,0.000000,0.000000,0.145000,0.000000,0.000000,0.000000,0.000000,0.000000,0.000000,0.000000
1918,0.000000,0.000000,0.000000,0.000000,0.000000,0.145000,0.000000,0.000000,0.000000,0.000000,0.000000,0.000000,0.000000
1919,0.000000,0.000000,0.000000,0.000000,0.000000,0.145000,0.000000,0.000000,0.000000,0.000000,0.000000,0.000000,0.000000
1920,0.000000,0.000000,0.000000,0.000000,0.000000,0.145000,0.000000,0.000000,0.000000,0.000000,0.000000,0.000000,0.000000
1921,0.000000,0.000000,0.000000,0.000000,0.000000,0.145000,0.000000,0.000000,0.000000,0.000000,0.000000,0.000000,0.000000
1922,0.000000,0.000000,0.000000,0.000000,0.000000,0.145000,0.000000,0.000000,0.000000,0.000000,0.000000,0.000000,0.000000
1923,0.000000,0.000000,0.000000,0.000000,0.000000,0.145000,0.000000,0.000000,0.000000,0.000000,0.000000,0.000000,0.000000
1924,0.000000,0.000000,0.000000,0.000000,0.000000,0.145000,0.000000,0.000000,0.000000,0.000000,0.000000,0.000000,0.000000
1925,0.000000,0.000000,0.000000,0.000000,0.000000,0.145000,0.000000,0.000000,0.000000,0.000000,0.000000,0.000000,0.000000
1926,0.000000,0.000000,0.000000,0.000000,0.000000,0.145000,0.000000,0.000000,0.000000,0.000000,0.000000,0.000000,0.000000
1927,0.000000,0.000000,0.000000,0.000000,0.000000,0.145000,0.000000,0.000000,0.000000,0.000000,0.000000,0.000000,0.000000
1928,0.000000,0.000000,0.000000,0.000000,0.000000,0.145000,0.000000,0.000000,0.000000,0.000000,0.000000,0.000000,0.000000
1929,0.000000,0.000000,0.000000,0.000000,0.000000,0.145000,0.000000,0.000000,0.000000,0.000000,0.000000,0.000000,0.000000
1930,0.000000,0.000000,0.000000,0.000000,0.000000,0.145000,0.000000,0.000000,0.000000,0.000000,0.000000,0.000000,0.000000
1931,0.000000,0.000000,0.000000,0.000000,0.000000,0.145000,0.000000,0.000000,0.000000,0.000000,0.000000,0.000000,0.000000
1932,0.000000,0.000000,0.000000,0.000000,0.000000,0.145000,0.000000,0.000000,0.000000,0.000000,0.000000,0.000000,0.000000
1933,0.000000,0.000000,0.000000,0.000000,0.000000,0.145000,0.000000,0.000000,0.000000,0.000000,0.000000,0.000000,0.000000
1934,0.000000,0.000000,0.000000,0.000000,0.000000,0.145000,0.000000,0.000000,0.000000,0.000000,0.000000,0.000000,0.000000
1935,0.000000,0.000000,0.000000,0.000000,0.000000,0.145000,0.000000,0.000000,0.000000,0.000000,0.000000,0.000000,0.000000
1936,0.000000,0.000000,0.000000,0.000000,0.000000,0.145000,0.000000,0.000000,0.000000,0.000000,0.000000,0.000000,0.000000
1937,0.000000,0.000000,0.000000,0.000000,0.000000,0.145000,0.000000,0.000000,0.000000,0.000000,0.000000,0.000000,0.000000
1938,0.000000,0.000000,0.000000,0.000000,0.000000,0.145000,0.000000,0.000000,0.000000,0.000000,0.000000,0.000000,0.000000
1939,0.000000,0.000000,0.000000,0.000000,0.000000,0.145000,0.000000,0.000000,0.000000,0.000000,0.000000,0.000000,0.000000
1940,0.000000,0.000000,0.000000,0.000000,0.000000,0.145000,0.000000,0.000000,0.000000,0.000000,0.000000,0.000000,0.000000
1941,0.000000,0.000000,0.000000,0.000000,0.000000,0.145000,0.000000,0.000000,0.000000,0.000000,0.000000,0.000000,0.000000
1942,0.000000,0.000000,0.000000,0.000000,0.000000,0.145000,0.000000,0.000000,0.000000,0.000000,0.000000,0.000000,0.000000
1943,0.000000,0.000000,0.000000,0.000000,0.000000,0.145000,0.000000,0.000000,0.000000,0.000000,0.000000,0.000000,0.000000
1944,0.000000,0.000000,0.000000,0.000000,0.000000,0.145000,0.000000,0.000000,0.000000,0.000000,0.000000,0.000000,0.000000
1945,0.000000,0.000000,0.000000,0.000000,0.000000,0.145000,0.000000,0.000000,0.000000,0.000000,0.000000,0.000000,0.000000
1946,0.000000,0.000000,0.000000,0.000000,0.000000,0.145000,0.000000,0.000000,0.000000,0.000000,0.000000,0.000000,0.000000
1947,0.000000,0.000000,0.000000,0.000000,0.000000,0.145000,0.000000,0.000000,0.000000,0.000000,0.000000,0.000000,0.000000
1948,0.000000,0.000000,0.000000,0.000000,0.000000,0.145000,0.000000,0.000000,0.000000,0.000000,0.000000,0.000000,0.000000
1949,0.000000,0.000000,0.000000,0.000000,0.000000,0.145000,0.000000,0.000000,0.000000,0.000000,0.000000,0.000000,0.000000
1950,0.000000,0.000000,0.000000,0.000000,0.000000,0.145000,0.000000,0.000000,0.000000,0.000000,0.000000,0.000000,0.000000
1951,0.000000,0.000000,0.000000,0.000000,0.000000,0.145000,0.000000,0.000000,0.000000,0.000000,0.000000,0.000000,0.000000
1952,0.000000,0.000000,0.000000,0.000000,0.000000,0.145000,0.000000,0.000000,0.000000,0.000000,0.000000,0.000000,0.000000
1953,0.000000,0.000000,0.000000,0.000000,0.000000,0.145000,0.000000,0.000000,0.000000,0.000000,0.000000,0.000000,0.000000
1954,0.000000,0.000000,0.000000,0.000000,0.000000,0.145000,0.000000,0.000000,0.000000,0.000000,0.000000,0.000000,0.000000
1955,0.000000,0.000000,0.000000,0.000000,0.000000,0.145000,0.000000,0.000000,0.000000,0.000000,0.000000,0.000000,0.000000
1956,0.000000,0.000000,0.000000,0.000000,0.000000,0.145000,0.000000,0.000000,0.000000,0.000000,0.000000,0.000000,0.000000
1957,0.000000,0.000000,0.000000,0.000000,0.000000,0.145000,0.000000,0.000000,0.000000,0.000000,0.000000,0.000000,0.000000
1958,0.000000,0.000000,0.000000,0.000000,0.000000,0.145000,0.000000,0.000000,0.000000,0.000000,0.000000,0.000000,0.000000
1959,0.000000,0.000000,0.000000,0.000000,0.000000,0.145000,0.000000,0.000000,0.000000,0.000000,0.000000,0.000000,0.000000
1960,0.000000,0.000000,0.000000,0.000000,0.000000,0.145000,0.000000,0.000000,0.000000,0.000000,0.000000,0.000000,0.000000
1961,0.000000,0.000000,0.000000,0.000000,0.000000,0.145000,0.000000,0.000000,0.000000,0.000000,0.000000,0.000000,0.000000
1962,0.000000,0.000000,0.000000,0.000000,0.000000,0.145000,0.000000,0.000000,0.000000,0.000000,0.000000,0.000000,0.000000
1963,0.000000,0.000000,0.000000,0.000000,0.000000,0.145000,0.000000,0.000000,0.000000,0.000000,0.000000,0.000000,0.000000
1964,0.000000,0.000000,0.000000,0.000000,0.000000,0.145000,0.000000,0.000000,0.000000,0.000000,0.000000,0.000000,0.000000
1965,0.000000,0.000000,0.000000,0.000000,0.000000,0.145000,0.000000,0.000000,0.000000,0.000000,0.000000,0.000000,0.000000
1966,0.000000,0.000000,0.000000,0.000000,0.000000,0.145000,0.000000,0.000000,0.000000,0.000000,0.000000,0.000000,0.000000
1967,0.000000,0.000000,0.000000,0.000000,0.000000,0.145000,0.000000,0.000000,0.000000,0.000000,0.000000,0.000000,0.000000
1968,0.000000,0.000000,0.000000,0.000000,0.000000,0.145000,0.000000,0.000000,0.000000,0.000000,0.000000,0.000000,0.000000
